repeat,fold,arm,population,accuracy,macro_f1,balanced_accuracy,log_loss,brier,macro_auc,top_ece,classwise_ece
0,0,supervised,fitting,0.5535041446872645,0.4616506294546735,0.4668872362302448,1.1819251459174682,0.5978156429508522,0.8404682052943301,0.1053680371148226,0.06745826630402228
0,0,supervised,outer,0.42620481927710846,0.28085209136384676,0.32887557663473094,1.4110291069689385,0.6944732437705947,0.6582824817963546,0.04122682238374846,0.028025432928756745
0,0,dae_labeled,fitting,0.5659382064807837,0.4772316431378438,0.4791391531889377,1.148855955873391,0.5820431481102314,0.8649018687886867,0.11831505063275351,0.08050878760202397
0,0,dae_labeled,outer,0.4292168674698795,0.29004776880454775,0.3341186906829682,1.4131106453552216,0.6964566509580649,0.6583770062782384,0.03756163568822925,0.030307031831859545
0,0,dae_pooled,fitting,0.5715900527505652,0.48843575878416134,0.4873980599672996,1.1484671569239004,0.5812406087756306,0.8637263261561307,0.12274093017913697,0.07985830615350022
0,0,dae_pooled,outer,0.4307228915662651,0.28185836668600295,0.33125212927397685,1.4050125856025013,0.6932951914463551,0.6630538089367006,0.03518407733914007,0.03261614305038947
0,0,scarf_labeled,fitting,0.5663149962321025,0.4799764843860513,0.4810630641353633,1.1690421503664452,0.5915085304697851,0.849861796007346,0.11729595918866169,0.0724441152797859
0,0,scarf_labeled,outer,0.42319277108433734,0.2803246695402513,0.3270222347985537,1.4144324197785985,0.6986613556597222,0.6562446841762896,0.029937950683133225,0.026158258978663085
0,0,scarf_pooled,fitting,0.5659382064807837,0.4854363849392419,0.48362775800690033,1.163547085644687,0.5885362343101355,0.8510599387455076,0.11578023616469617,0.07234644426505527
0,0,scarf_pooled,outer,0.4171686746987952,0.28382226130145266,0.3251065321517455,1.4106342639771692,0.6973957248670521,0.6563044003958625,0.051922812894188965,0.030014735939384245
0,0,soft_labeled,fitting,0.5730972117558403,0.49277608570724957,0.4915369448592239,1.1511593343679114,0.5831272952763186,0.8518064876076442,0.11660316067935744,0.06938394135217221
0,0,soft_labeled,outer,0.4186746987951807,0.2776172473327726,0.32291361900090204,1.4156276577151925,0.6960393903574711,0.6553440258201828,0.04650468403216844,0.03486752857844041
0,0,soft_pooled,fitting,0.5584024114544084,0.4690664898349799,0.4724639922827608,1.1776691881524866,0.5950374884647464,0.841677556694848,0.10844944744435268,0.06684070808285608
0,0,soft_pooled,outer,0.4352409638554217,0.28418571178359275,0.3345787399707859,1.408292289010347,0.6944317411274761,0.659196001324431,0.028664176913211117,0.02876842237942175
0,1,supervised,fitting,0.5395629238884703,0.43755270768269455,0.44931396298353443,1.1780623528460172,0.595518581881687,0.8436223733926917,0.09348308627856107,0.06818347657545595
0,1,supervised,outer,0.45331325301204817,0.30231621885532767,0.3511446332478355,1.4057074081728613,0.6967956956688937,0.6650348177451506,0.03008625148331177,0.02666960346336076
0,1,dae_labeled,fitting,0.5704596834966089,0.48283912077566116,0.484329952721568,1.1454869568725816,0.5794890809536327,0.865344665439469,0.12207850207003505,0.07919113885373177
0,1,dae_labeled,outer,0.43373493975903615,0.28987062937753705,0.33545239231555807,1.4109202208472307,0.699479813325554,0.6613104919056282,0.024901065128267064,0.026207174783546783
0,1,dae_pooled,fitting,0.5712132629992465,0.48695955459618767,0.486874241153329,1.1422930590469087,0.5777930286314056,0.8662894634729905,0.12223703135472787,0.07837017419056642
0,1,dae_pooled,outer,0.4427710843373494,0.2922442034438401,0.34173627622375136,1.4081350425153967,0.6985410019327859,0.6626173749435197,0.04683529419071921,0.030945095921735062
0,1,scarf_labeled,fitting,0.5663149962321025,0.4805720865768091,0.48160528098131605,1.1593745978016283,0.5858500719285302,0.8521400185832908,0.11812882974334822,0.07295806627981573
0,1,scarf_labeled,outer,0.4352409638554217,0.2933602857519907,0.33772645769641957,1.4150585084544272,0.701745162373615,0.6620968736275964,0.03284736485569438,0.037498087556156065
0,1,scarf_pooled,fitting,0.560663149962321,0.46544066430005077,0.47149627911572994,1.1629272718386876,0.5880795128814514,0.8531038514846181,0.11248760343177432,0.07336331257343838
0,1,scarf_pooled,outer,0.4352409638554217,0.27920636205987004,0.3327880503737394,1.4181768276522302,0.702107192636227,0.6569448998178682,0.033051755197597274,0.024186811223908315
0,1,soft_labeled,fitting,0.5599095704596835,0.47158601644944076,0.47491327002216527,1.148150472119559,0.5811908335629166,0.8538157850301797,0.10652018212688888,0.07029548945157846
0,1,soft_labeled,outer,0.44728915662650603,0.30134593181665603,0.34747162322123437,1.415009795856223,0.7006429512968045,0.661088487147923,0.02684115711595887,0.029316718178391515
0,1,soft_pooled,fitting,0.546345139412208,0.4505735863406202,0.45826817751262416,1.1759883103172515,0.5942627060828012,0.8431617071307247,0.09863147744979531,0.06773421586075942
0,1,soft_pooled,outer,0.44879518072289154,0.29959398053950215,0.34791961184172737,1.4105361286242815,0.6990103147702333,0.663237101127301,0.021531721707543375,0.028924196112128035
0,2,supervised,fitting,0.5566854990583804,0.461935818651419,0.46834940236432987,1.1830527577626913,0.5972479665433482,0.8384332435229555,0.10916904674102731,0.0695743859983385
0,2,supervised,outer,0.4343891402714932,0.2952762482535844,0.3378695599389694,1.4071516408767837,0.7008845844760639,0.6650426388828897,0.02784188099626852,0.02181419876398136
0,2,dae_labeled,fitting,0.5792843691148776,0.4955943323145844,0.4937675347906447,1.1497221954768782,0.581388747253686,0.8653858261203389,0.1310719574529573,0.08365038119930271
0,2,dae_labeled,outer,0.4479638009049774,0.320272560365768,0.35495201082499267,1.4183463689880318,0.7045220554445515,0.6524725421082685,0.025492938787013742,0.025714912564390114
0,2,dae_pooled,fitting,0.575894538606403,0.4909083737687993,0.4912114378525379,1.1471566896903302,0.5810485987126608,0.8630662510167865,0.12642690006290688,0.07466325285139408
0,2,dae_pooled,outer,0.44042232277526394,0.3188079041588214,0.3506904934480968,1.4145843221422765,0.7024711081054666,0.6610710012478076,0.054800180212901436,0.02482443320715836
0,2,scarf_labeled,fitting,0.5619585687382298,0.47140629774224296,0.47538556791498954,1.1659177170428066,0.5892106401559354,0.8480040628529961,0.11052230140807007,0.07017591863570491
0,2,scarf_labeled,outer,0.43891402714932126,0.3180270292321109,0.34936916705247983,1.404870710207216,0.6987562720936619,0.6657610408482104,0.02557581582341261,0.02730123225871946
0,2,scarf_pooled,fitting,0.5623352165725047,0.469971824779097,0.47472870409024875,1.162529148778749,0.5873141709933701,0.851272660675219,0.11331920456294227,0.07325028880353572
0,2,scarf_pooled,outer,0.42835595776772245,0.29107913032930394,0.33265981981210213,1.4072771171046987,0.7011353426212341,0.6656267719638761,0.030041684833335774,0.02455994273731911
0,2,soft_labeled,fitting,0.5751412429378531,0.49018642692076175,0.4905650219419503,1.1523642504961664,0.5830297002292985,0.8504059820228547,0.1196347149793777,0.06911967452348042
0,2,soft_labeled,outer,0.42835595776772245,0.2932624772401228,0.3336323300706715,1.4092250338502819,0.7013795987245198,0.664038554767041,0.042263605365090336,0.028261781562808418
0,2,soft_pooled,fitting,0.559322033898305,0.46693812456051126,0.4718246855991916,1.1804057409580537,0.5962696284716295,0.8383324095791324,0.10967573633564587,0.06810672939296879
0,2,soft_pooled,outer,0.43288084464555054,0.2900662064879403,0.3350910371690289,1.4067249002986648,0.7004990257122542,0.6659196675954305,0.021749884689364618,0.024696742993489184
0,3,supervised,fitting,0.5510357815442561,0.46088029566433397,0.4656056352408662,1.1870843288014197,0.5994002746481661,0.8388957163973221,0.10782143982928524,0.06568234636420453
0,3,supervised,outer,0.4555052790346908,0.2901626352537492,0.346837994377373,1.3796660332257513,0.6833235011850479,0.6713466274412854,0.03262722235119188,0.029492784770580822
0,3,dae_labeled,fitting,0.5751412429378531,0.5005958304816638,0.4957453590329767,1.1516311929358205,0.5818874482503945,0.864549515497435,0.12979433011957694,0.08024723619543803
0,3,dae_labeled,outer,0.46907993966817496,0.31512959645111216,0.3635878245719528,1.3750061111322638,0.6820291019616938,0.6735346193178443,0.02036003663413234,0.03290609043533428
0,3,dae_pooled,fitting,0.5698681732580038,0.49081570255225876,0.48880225784418013,1.1534677088519691,0.5834188046736759,0.8590822025551066,0.12327841530700734,0.07658653318879935
0,3,dae_pooled,outer,0.45852187028657615,0.3099479942105242,0.35658289327502446,1.3771642937537039,0.6836115580136755,0.6779570331926953,0.019918113852106498,0.024423721494012875
0,3,scarf_labeled,fitting,0.5619585687382298,0.48141653428391135,0.48066856853224016,1.1695109039775293,0.5910943002570925,0.8487949573284655,0.11467102253484367,0.06924115951887606
0,3,scarf_labeled,outer,0.4358974358974359,0.280876418283547,0.3324007647990842,1.3782329780098141,0.6837283074666405,0.6736890878464953,0.048942142005926656,0.026166026050866886
0,3,scarf_pooled,fitting,0.5653483992467043,0.48095438470239804,0.48208374018691613,1.1697461419630046,0.5909326404830519,0.8497082058414328,0.12006035142128309,0.06869828958428488
0,3,scarf_pooled,outer,0.444947209653092,0.2890919004623033,0.34026860626396116,1.3732298281575939,0.6804825796712152,0.6807458204545239,0.043628278301026786,0.025700149898087554
0,3,soft_labeled,fitting,0.5736346516007533,0.4960219189140509,0.4935762480408565,1.1575297456368066,0.5854311226372424,0.8499077506891455,0.1214581601573976,0.0677093580964696
0,3,soft_labeled,outer,0.45701357466063347,0.30510944009300833,0.35314708386648896,1.3809397363111722,0.6838561656051922,0.6713921257633075,0.03981578674151374,0.032603858101490954
0,3,soft_pooled,fitting,0.5529190207156309,0.4659870986086359,0.46919736814747265,1.1845933243153333,0.5983858244561547,0.8382501243089976,0.1079634876297785,0.06626258069803471
0,3,soft_pooled,outer,0.45701357466063347,0.29597247988000397,0.34954392845300253,1.3752591074489575,0.6810055146186341,0.6753652475955214,0.043592730191841164,0.027845855885417416
0,4,supervised,fitting,0.554257724189902,0.4531821109316179,0.46280121050210543,1.177561879449414,0.5944516684892158,0.8432750579478437,0.10570210843186437,0.0709866965866626
0,4,supervised,outer,0.4186746987951807,0.27719319605500176,0.3235922831077324,1.4287210624773048,0.7101976613155097,0.6557618157862798,0.04168452352189899,0.021444953082556523
0,4,dae_labeled,fitting,0.5727204220045214,0.4838710589734232,0.48503199514058226,1.1479725154547085,0.5803903552884563,0.8646700791606323,0.12461967811566164,0.08135305591144062
0,4,dae_labeled,outer,0.41566265060240964,0.26944037969109325,0.31889784088746753,1.4411084132426353,0.7150960948941295,0.6425318193235248,0.028974228827649145,0.03310109919444276
0,4,dae_pooled,fitting,0.5757347400150716,0.48998780000580044,0.48909794222776026,1.143704634068415,0.5779428880716763,0.8621715519420787,0.12387129780735398,0.0762742620354403
0,4,dae_pooled,outer,0.4186746987951807,0.28149118400349726,0.3253059300598766,1.4342148081036086,0.7110367147417894,0.6517917436260688,0.05179264426281717,0.026975490720378352
0,4,scarf_labeled,fitting,0.5617935192162773,0.4703547197109593,0.47408627506887163,1.161745905915759,0.5870534298159839,0.8534512745786518,0.11075746244800337,0.07254754262208049
0,4,scarf_labeled,outer,0.40512048192771083,0.260886456387375,0.3105121892378562,1.418854739343014,0.7052904216835915,0.6640776485049084,0.05175869126105776,0.022494395771501027
0,4,scarf_pooled,fitting,0.5704596834966089,0.479704181334621,0.4826424180614765,1.1599079927926261,0.5861561348835246,0.8527093861377967,0.11901886592265729,0.07498023863197092
0,4,scarf_pooled,outer,0.40963855421686746,0.2666818577483149,0.31510097731742875,1.4301551107329982,0.7105701731106266,0.65258288557002,0.03692436602339204,0.024752059918278682
0,4,soft_labeled,fitting,0.5749811605124341,0.48726808401115224,0.4888799852517745,1.1472254537535125,0.579857148162589,0.8534099835257406,0.1187174779676199,0.07282199832471851
0,4,soft_labeled,outer,0.41566265060240964,0.2757749591588859,0.3208682082519564,1.4332580966072819,0.7124859925780427,0.6513558408680973,0.03795935085833791,0.026440835263041185
0,4,soft_pooled,fitting,0.5523737754333082,0.45182760877569866,0.4613752850971836,1.1738337742056548,0.5926054234181279,0.843754872603563,0.10051867957002497,0.06796846249529596
0,4,soft_pooled,outer,0.4186746987951807,0.28852703635312327,0.3275779514451682,1.428469735051164,0.7098150919436992,0.6553891142770085,0.025844446819888362,0.02472011549601084
1,0,supervised,fitting,0.5535041446872645,0.4578815847053573,0.4648656043874516,1.1815740756158801,0.5971106563607513,0.8433714133110195,0.10792531947852724,0.07212286009978419
1,0,supervised,outer,0.44879518072289154,0.30217446665938497,0.3486115125336281,1.3872055657683222,0.689112402578864,0.6771604542147774,0.029389342257096124,0.019469346327200612
1,0,dae_labeled,fitting,0.5689525244913338,0.4829569483083949,0.4837113228039892,1.1554651991512506,0.583884193885658,0.8642121104558482,0.12271258462030783,0.08134598238856254
1,0,dae_labeled,outer,0.4397590361445783,0.3045400466530102,0.3446445302369778,1.3939992873559603,0.6939783241753147,0.6776647272412804,0.016782804568419626,0.017184640140103413
1,0,dae_pooled,fitting,0.5704596834966089,0.4812309947907979,0.48323123190702866,1.154713506964191,0.5845680534704931,0.8641873496588259,0.12495537569912292,0.08398019896790335
1,0,dae_pooled,outer,0.4457831325301205,0.29600833495562745,0.3447143848500926,1.3973138055939884,0.6934203214838627,0.6710657107721059,0.02088764092605101,0.021249874547790825
1,0,scarf_labeled,fitting,0.5636774679728711,0.47523209486198875,0.477856986715439,1.1653150720033594,0.5900864139768809,0.8548500785228474,0.11491247601989897,0.07217437996522627
1,0,scarf_labeled,outer,0.4457831325301205,0.29314660260692954,0.3435452918449217,1.3970438652585286,0.6925591404907727,0.6678592083430092,0.01230847332814208,0.02431301850164411
1,0,scarf_pooled,fitting,0.5648078372268275,0.476454788310435,0.47847932244241065,1.1664057270195722,0.5901586113697589,0.853104456569038,0.11574763228745735,0.07385084152235599
1,0,scarf_pooled,outer,0.4442771084337349,0.2987534145820967,0.34475722108077417,1.3997115413594392,0.6933271200557382,0.670779588900397,0.019166895303500193,0.024491089443871617
1,0,soft_labeled,fitting,0.5655614167294649,0.4775684568789564,0.48005238630263136,1.152854114475141,0.5836747015420096,0.8533827325998891,0.11065701680054467,0.07279881903014249
1,0,soft_labeled,outer,0.44879518072289154,0.3053056447149396,0.34993911258192756,1.3850647840267076,0.6874300148703352,0.6780521693527138,0.02506096044168266,0.026376991928693083
1,0,soft_pooled,fitting,0.5519969856819894,0.4578758092731146,0.46411809644412994,1.1808230826411017,0.5968387083224446,0.8423920126665413,0.10381830047312426,0.06814196328799119
1,0,soft_pooled,outer,0.4457831325301205,0.29015851409925586,0.3425423577437738,1.3828020596025117,0.6876788114241789,0.6798381221416437,0.024501070445124215,0.021964894007845938
1,1,supervised,fitting,0.5565184626978146,0.4668730061527585,0.47032334804262427,1.183827985807068,0.5981463672884971,0.838725931493979,0.11140013975869824,0.06707882408055085
1,1,supervised,outer,0.45933734939759036,0.3173413322120481,0.35979096753382006,1.3935687460085981,0.6889425312117463,0.6669873507883353,0.03399168433458059,0.03279704480056309
1,1,dae_labeled,fitting,0.5708364732479276,0.49075720719441096,0.4883701278084522,1.1524463419355995,0.583714796083916,0.8623394786657412,0.12483166160811127,0.07812232448381509
1,1,dae_labeled,outer,0.4608433734939759,0.3212992302741344,0.3617876938908961,1.3901655134040922,0.6875771473884208,0.6720452199405702,0.027365369844140352,0.029751286609244632
1,1,dae_pooled,fitting,0.5791258477769404,0.4992847858493765,0.4959510181261928,1.1507609687607963,0.581687313859341,0.8626230590729387,0.13419898511206732,0.08067192556079555
1,1,dae_pooled,outer,0.45331325301204817,0.30711789861009164,0.3521688517477822,1.390020178871355,0.68815729224552,0.6670267824117758,0.052239742980957,0.03489431213358392
1,1,scarf_labeled,fitting,0.5636774679728711,0.47825664554667124,0.47849064556066667,1.168582099697357,0.5913836409467852,0.8485640813183659,0.11523599946157558,0.07053797492732793
1,1,scarf_labeled,outer,0.45331325301204817,0.3136569797813632,0.3552598979112952,1.3983139078168871,0.691205822665626,0.6623774914358918,0.0353665766153522,0.03222769104320744
1,1,scarf_pooled,fitting,0.5595327807083648,0.47188553467256733,0.4741153740293349,1.1691438030599524,0.591086428378611,0.849074385724957,0.11138279030229728,0.07009679877904718
1,1,scarf_pooled,outer,0.4713855421686747,0.33094404090718677,0.371217335313779,1.3882617022153652,0.686370447452209,0.6704534598318281,0.036208592133154846,0.0255423932957621
1,1,soft_labeled,fitting,0.5757347400150716,0.49940287097383107,0.49512474282501556,1.1545466414240588,0.5846090313997189,0.8507016522524624,0.1230600490725451,0.06897544012297886
1,1,soft_labeled,outer,0.463855421686747,0.3219637387766928,0.3635967095120665,1.3974291874928824,0.6902096156242534,0.6647319895836037,0.028849814862387732,0.03208527871240247
1,1,soft_pooled,fitting,0.5523737754333082,0.4621584510740263,0.4662994624378869,1.1818827480900922,0.5974777555532996,0.838559098259007,0.10516522521494615,0.06688236711176397
1,1,soft_pooled,outer,0.4683734939759036,0.32904776861611396,0.3687513359374111,1.3948816334188288,0.6898551856501434,0.6659462648080728,0.037080085172241706,0.03104834284707043
1,2,supervised,fitting,0.5538809344385832,0.46550767966162276,0.46861142673002093,1.181057651394593,0.5953128705183637,0.8401944955052117,0.10600756280120582,0.06737322874386678
1,2,supervised,outer,0.44126506024096385,0.2920836090251787,0.34212852250649395,1.395929906136591,0.693688991003818,0.6692317002947507,0.03651437189932543,0.02185861307236824
1,2,dae_labeled,fitting,0.5651846269781462,0.47963650082738474,0.4804956777485855,1.1503494983483842,0.5809488815136669,0.8627501255311769,0.11613868151167113,0.07961891553857076
1,2,dae_labeled,outer,0.43373493975903615,0.2947332499271059,0.33825937871713296,1.4056138527666935,0.6998717419523233,0.660809104779027,0.02299252719300601,0.02189399309115166
1,2,dae_pooled,fitting,0.5712132629992465,0.49160361225894755,0.48905534135412737,1.1489537256985058,0.5807085004343748,0.8623453790620091,0.121259740566748,0.0787615586773199
1,2,dae_pooled,outer,0.43373493975903615,0.28322425249503635,0.3333599008335534,1.3911043321439427,0.6927644534273886,0.6766150735709786,0.05772422973054569,0.025748203091690125
1,2,scarf_labeled,fitting,0.5712132629992465,0.4940368523391724,0.490642491967861,1.1631829411190946,0.5872078714425337,0.8484136783858981,0.11882853160471576,0.06943457663773332
1,2,scarf_labeled,outer,0.4427710843373494,0.2964760032099934,0.34467487980577166,1.4044716840129718,0.6984059880453958,0.6650790883888448,0.033747949410238294,0.02440958657738382
1,2,scarf_pooled,fitting,0.5640542577241899,0.4815443664864064,0.48056919535245923,1.162260231355718,0.5865894664748017,0.8527845561965673,0.11405867232546275,0.07614370561474641
1,2,scarf_pooled,outer,0.4442771084337349,0.2904114762482498,0.3429413266630406,1.4014476932900122,0.6965081239991464,0.6645057950428332,0.038315686774792176,0.023712555851520087
1,2,soft_labeled,fitting,0.5730972117558403,0.49781131114563204,0.49367302082615916,1.151311142817666,0.5813208002830659,0.8505380625494258,0.11618956383829389,0.06842937000034141
1,2,soft_labeled,outer,0.4352409638554217,0.2902129807862872,0.3373742943412641,1.3970538490217836,0.6940312456137027,0.668290053380418,0.04508950099124889,0.023381728074592278
1,2,soft_pooled,fitting,0.5535041446872645,0.46373415579012905,0.4678351870059161,1.1776774559781464,0.5936574012511722,0.8414391694383123,0.10347117502397091,0.06890060667773959
1,2,soft_pooled,outer,0.4367469879518072,0.289842985784525,0.3379835528188214,1.3954887029057528,0.6942932572192305,0.6689179945394201,0.016052055327130322,0.017114961374126235
1,3,supervised,fitting,0.5532956685499059,0.45621678562741097,0.4643327042044977,1.179480708134845,0.5958323029052701,0.8388956214805787,0.10619873339646962,0.0668152411191541
1,3,supervised,outer,0.42835595776772245,0.2920441546970964,0.33401919877004355,1.406678223287282,0.6993045147517164,0.6651201252810383,0.035449430577335475,0.025214162773578363
1,3,dae_labeled,fitting,0.5732580037664784,0.48582270572037717,0.48634213320849573,1.1499405813430637,0.582023570667319,0.864424587952926,0.12631847079409741,0.08079031566697356
1,3,dae_labeled,outer,0.43288084464555054,0.2941996691467342,0.3370094499499638,1.41389519297731,0.7023642391316967,0.6600333593825909,0.034913559228683694,0.0330389700553831
1,3,dae_pooled,fitting,0.5819209039548022,0.49795727551994295,0.496796653309118,1.1422140215272358,0.577923763579331,0.8636457640626457,0.13207118073400742,0.08115927449148305
1,3,dae_pooled,outer,0.416289592760181,0.28000401005833114,0.32214757564486685,1.4207177020039712,0.7053855161723169,0.6549525599814329,0.04580612088833921,0.03450029356800658
1,3,scarf_labeled,fitting,0.5661016949152542,0.4776719614908965,0.4802078258655613,1.163872251084849,0.5886325631926733,0.8492918782350692,0.1159189289000802,0.0718854085184357
1,3,scarf_labeled,outer,0.4434389140271493,0.30781389553517385,0.3478278089408272,1.4037909283557253,0.6967573908199906,0.6664280695170494,0.03109125610081151,0.026466024213027527
1,3,scarf_pooled,fitting,0.5585687382297552,0.4619056758549928,0.4694650858160852,1.1658768954298682,0.5901550107961201,0.8489875467992217,0.10945300384256847,0.07126165109113894
1,3,scarf_pooled,outer,0.44042232277526394,0.3078323711019552,0.34622600789580354,1.4063322260219584,0.6970712539490248,0.6641033000008933,0.02872760275464696,0.024472910721647513
1,3,soft_labeled,fitting,0.567984934086629,0.48305609465720056,0.4842809162073777,1.1496410277880307,0.581695444432538,0.8496686138837888,0.11265451545863074,0.06737007346301975
1,3,soft_labeled,outer,0.42684766214177977,0.30149263363477463,0.3364152086160347,1.414956602868421,0.7029460886817192,0.6611637993446059,0.02916878683717507,0.027098102533857554
1,3,soft_pooled,fitting,0.5540489642184557,0.45984829958230566,0.4664438808432971,1.1761993797582535,0.5942642814153821,0.8391064407210445,0.10413590297465133,0.06631340398225882
1,3,soft_pooled,outer,0.4253393665158371,0.28504391609830854,0.32938882414825127,1.4045439660850423,0.698898283786353,0.665638593129241,0.03775309332638766,0.023010769819475915
1,4,supervised,fitting,0.552165725047081,0.45346954400624273,0.4621999942009287,1.1835395746603259,0.5978843079243225,0.8386907946650318,0.10624251303987298,0.06874262578635135
1,4,supervised,outer,0.42684766214177977,0.28237914926541824,0.32994109332136423,1.398693491458831,0.6940823254036022,0.6810852774671565,0.03948365371957881,0.022079780615192446
1,4,dae_labeled,fitting,0.5702448210922787,0.4813213833886641,0.4832682224766559,1.1495366950024029,0.5816794104530273,0.864947066808808,0.12498777363914972,0.08365663331741582
1,4,dae_labeled,outer,0.4374057315233786,0.2908592005165215,0.33860368004889574,1.4044077595302946,0.6960240504190162,0.6736791701639976,0.017086960315749862,0.021235276829923353
1,4,dae_pooled,fitting,0.5725047080979284,0.48224717766493963,0.48432403925098877,1.1466206626771087,0.581107173300569,0.8644365571318364,0.12413362963474704,0.07906887728132633
1,4,dae_pooled,outer,0.4434389140271493,0.30446938406164936,0.3469896794543502,1.3947283749908999,0.6915991608231203,0.6840177497094908,0.04741352890609104,0.01933079583696809
1,4,scarf_labeled,fitting,0.5627118644067797,0.4672307416713827,0.47318753545569125,1.1676217234095956,0.5904488873820077,0.8479974316407899,0.11309575660238746,0.0724906547167759
1,4,scarf_labeled,outer,0.4193061840120664,0.2765254781252264,0.323353429510544,1.4012943931483826,0.6938290926524505,0.6798971553679397,0.05455140106035479,0.02297958096366978
1,4,scarf_pooled,fitting,0.560075329566855,0.4675756390723963,0.47223846158209665,1.1684139705047818,0.5911385090004343,0.847760736531327,0.11113729700387048,0.07244580931993974
1,4,scarf_pooled,outer,0.4177978883861237,0.2771357907311516,0.3227743394315843,1.401210980370513,0.694989325207561,0.6805681381455746,0.05122035811829346,0.023617337165842404
1,4,soft_labeled,fitting,0.5717514124293785,0.4866945324260593,0.48732087763225557,1.1534819484143526,0.5836716543358526,0.8497613139805967,0.11797532745574713,0.07170396098899318
1,4,soft_labeled,outer,0.4193061840120664,0.2709760770568003,0.32135334669623444,1.4000868058733407,0.695329675273676,0.6805618582179365,0.04888538712577141,0.02040775539471432
1,4,soft_pooled,fitting,0.5536723163841808,0.45517450838885026,0.4636517044194191,1.1806012459556312,0.5967033716499837,0.8394665045084435,0.1060638851591542,0.06838669367332176
1,4,soft_pooled,outer,0.4298642533936652,0.28887509517218835,0.3339780265079267,1.4005428767097199,0.6948338464743467,0.6791121427162382,0.0337335401727112,0.02153321264863803
2,0,supervised,fitting,0.5546345139412208,0.4597996753933934,0.4667504156245708,1.179507999899521,0.5953330264225634,0.8431216672844404,0.11169993543495409,0.0733316465284426
2,0,supervised,outer,0.4442771084337349,0.28620241713512495,0.3404208187290309,1.4023332338836543,0.6942230675888523,0.6620534067438727,0.032860783640606295,0.02480916063284859
2,0,dae_labeled,fitting,0.5779954785229842,0.49468949012632224,0.49363221846987343,1.145348283284777,0.5787297366290223,0.8694731648274743,0.1331573581033486,0.08233069152756653
2,0,dae_labeled,outer,0.4382530120481928,0.29136989022686205,0.33891218394785416,1.40850219708855,0.6960729071543582,0.6572707411559949,0.05219661388563005,0.030756717817176094
2,0,dae_pooled,fitting,0.56706857573474,0.4797359029470741,0.48116258076456403,1.1469910913962886,0.580446799103037,0.865965014609686,0.12289220617385087,0.08289047980975943
2,0,dae_pooled,outer,0.45481927710843373,0.31176245593300855,0.35552809508986083,1.3954866772591925,0.6908702734561972,0.6698948174646596,0.03132918557861108,0.02766945948336592
2,0,scarf_labeled,fitting,0.5655614167294649,0.4794626343946636,0.4805089365702255,1.1651310551501364,0.5888659815317829,0.8525297862187584,0.12008204017306705,0.07378388741752454
2,0,scarf_labeled,outer,0.4503012048192771,0.30451277026883267,0.3501037815016252,1.3876681375040936,0.6864250669034687,0.6743345913657435,0.04770493330534893,0.026589848054463527
2,0,scarf_pooled,fitting,0.5648078372268275,0.47808887193422206,0.4796051079124813,1.1653467502365116,0.5883598576833553,0.8531009939757105,0.11973852682488435,0.0763510894395515
2,0,scarf_pooled,outer,0.44728915662650603,0.295416880378812,0.3452173522548462,1.3941479496079885,0.6914065392723858,0.6688038696450079,0.047933965777868875,0.030205650899476983
2,0,soft_labeled,fitting,0.5772418990203466,0.4967376901887698,0.4950466912541134,1.148286274875241,0.5802445558018079,0.8545441091052914,0.12554250683296347,0.07431885128417999
2,0,soft_labeled,outer,0.4397590361445783,0.2916817901292804,0.33961622719333384,1.401612617132929,0.6932612167326394,0.6625032012179743,0.028824084183168775,0.027830135175302872
2,0,soft_pooled,fitting,0.5546345139412208,0.46039234522457645,0.4672678954087016,1.1776077972562726,0.5943878495480754,0.8423536290793805,0.10865711020815229,0.07113091031636215
2,0,soft_pooled,outer,0.44126506024096385,0.2962681279332495,0.34212506280038324,1.3980163212659196,0.692116590414138,0.6667841193328174,0.030698311757630898,0.0264255451528969
2,1,supervised,fitting,0.551243406179352,0.45629451645286634,0.4632726807471884,1.178773668894095,0.5951476055393272,0.8391635848577333,0.10163426252725911,0.06882636025942498
2,1,supervised,outer,0.4186746987951807,0.26466897850491977,0.3191361450935507,1.4110211043744452,0.7020169504733085,0.6645826192498445,0.030477754959856454,0.021115033139765836
2,1,dae_labeled,fitting,0.5746043707611153,0.4926163137556466,0.49070791704371725,1.149940872986448,0.5811478559418518,0.8621033666270828,0.12399145536406743,0.08005220562725797
2,1,dae_labeled,outer,0.411144578313253,0.26359772455262154,0.3144296422059611,1.428584510898998,0.7113333102044799,0.6546344666419353,0.04397462026626562,0.02981440773946369
2,1,dae_pooled,fitting,0.5757347400150716,0.4926862734347699,0.4911826774340386,1.1501813951199873,0.5811506705572097,0.8601276340408874,0.12563935215535424,0.07853668672728217
2,1,dae_pooled,outer,0.42319277108433734,0.2657074063769562,0.3220704882648403,1.4240964525394766,0.7083970184776979,0.6554787492174002,0.032965352675863334,0.025015214674618296
2,1,scarf_labeled,fitting,0.5689525244913338,0.4813126319850049,0.4831369128529417,1.1611313453224357,0.5863190714628082,0.8473569884341705,0.11446067890086623,0.06720591946624695
2,1,scarf_labeled,outer,0.4322289156626506,0.2934997845143017,0.3369303705707624,1.4102151395741482,0.7016276200441095,0.6652434310043946,0.02517104720009603,0.02636280777982858
2,1,scarf_pooled,fitting,0.5625470987189148,0.47052245702264733,0.4745360215470836,1.1614605304994836,0.5871412641126739,0.8491694833740107,0.10891942256585974,0.06929151165970669
2,1,scarf_pooled,outer,0.42319277108433734,0.2739285617083404,0.3249122779286333,1.4172387031846634,0.7052263671268152,0.6619668361596264,0.03358962472460048,0.020151340906654058
2,1,soft_labeled,fitting,0.5708364732479276,0.4863699088778155,0.48706519690476807,1.1491119808882673,0.5810004148296043,0.8505239488912707,0.11313272430772998,0.07195897177551047
2,1,soft_labeled,outer,0.42018072289156627,0.2772712551938773,0.3242267858066771,1.4123240581001586,0.7024120319961178,0.663133161327812,0.034566178357588795,0.025431557491300945
2,1,soft_pooled,fitting,0.5587792012057272,0.4660004990736801,0.4711432216704893,1.1769227426772242,0.5938778356391986,0.8391651922713596,0.10710684753929214,0.0673582551513197
2,1,soft_pooled,outer,0.4171686746987952,0.2674149428929697,0.31868201773763716,1.4118697152906825,0.7021353092485694,0.6628559926420368,0.06045687622095784,0.024366306370501897
2,2,supervised,fitting,0.5450094161958569,0.4498047136072092,0.45740224860068057,1.184212625249936,0.5984593972799107,0.8393104404361589,0.09828962303338465,0.06636394457733504
2,2,supervised,outer,0.44042232277526394,0.2851655451767426,0.33739047288958784,1.4007766276262865,0.6953939247574743,0.6715325701316537,0.032786813765532996,0.02889016421705103
2,2,dae_labeled,fitting,0.5608286252354049,0.47333134293136825,0.4748853362541647,1.1600815093850914,0.5873520681315026,0.8602585900004855,0.1146375492135544,0.07719690749571696
2,2,dae_labeled,outer,0.4374057315233786,0.28690332902655574,0.33602631026328933,1.3997707787105973,0.696145529424483,0.6718545340611944,0.016384645938589702,0.030113185929399856
2,2,dae_pooled,fitting,0.567608286252354,0.4852324268391424,0.48400310078356557,1.153325153161913,0.5837261204609916,0.8613275666987164,0.12016247004133056,0.0793328257829006
2,2,dae_pooled,outer,0.444947209653092,0.298783478131903,0.3448267934155399,1.4016096720189481,0.6952204656091704,0.6741369833065528,0.03694466773656418,0.026299865879119
2,2,scarf_labeled,fitting,0.560075329566855,0.4700823433836767,0.4739244094534696,1.1672627888232177,0.5905229888882987,0.8485971324985782,0.1091466779298709,0.06683612034345218
2,2,scarf_labeled,outer,0.4434389140271493,0.29822634284204114,0.3434521338769582,1.402285630374284,0.6958000270385271,0.669026572951571,0.04433023115234672,0.03572426426847276
2,2,scarf_pooled,fitting,0.5566854990583804,0.46900736357977435,0.4719601033734266,1.1703634111100776,0.5922801834655207,0.845239149345591,0.10493549745814028,0.06842478941164394
2,2,scarf_pooled,outer,0.4298642533936652,0.2856130931581634,0.331315584116099,1.4021218119526377,0.6960754068653909,0.672516231574165,0.04157963909948214,0.03505914364156201
2,2,soft_labeled,fitting,0.5619585687382298,0.47903917260716045,0.47919205497266704,1.1549814694512128,0.5850296963041032,0.8511446262129649,0.10772816163596007,0.06876235781995085
2,2,soft_labeled,outer,0.4434389140271493,0.29772396282029645,0.3436319253188856,1.3998277325566602,0.6944526864132171,0.6733319607548548,0.038512577129294547,0.029126666550903867
2,2,soft_pooled,fitting,0.5423728813559322,0.4477878291838026,0.4550822917554959,1.182906107367829,0.5978524499970345,0.8381699887396754,0.09288431830707736,0.0652599656233377
2,2,soft_pooled,outer,0.4464555052790347,0.2912761791292947,0.34292160842072333,1.3986819437663522,0.6946157232626432,0.6744679840378289,0.019901034532794258,0.02902895744917334
2,3,supervised,fitting,0.5470987189148455,0.44930368388957775,0.4580643129798115,1.1844443491274366,0.5986329462043252,0.8399978377224702,0.10056480741385126,0.06747525204667526
2,3,supervised,outer,0.4578313253012048,0.3245992914268853,0.36213941537161115,1.3883627365147748,0.6912448086560609,0.6790526403306697,0.054959611960171434,0.029434610132348365
2,3,dae_labeled,fitting,0.5651846269781462,0.4759230068774228,0.47879143006818686,1.1570235626444025,0.5862161665222901,0.8618020050858425,0.1188023279345538,0.07807584448252584
2,3,dae_labeled,outer,0.45481927710843373,0.3130636229619583,0.3561616993180536,1.3971383664856598,0.6946757537462268,0.6681001919866122,0.04658155971113067,0.029798333258542392
2,3,dae_pooled,fitting,0.5655614167294649,0.4763152660988572,0.47906253370071744,1.1550836137688707,0.5847173195138313,0.8592873690160129,0.11862170308933764,0.07812092409935989
2,3,dae_pooled,outer,0.4457831325301205,0.30977411222502743,0.34972650884234435,1.3946269624233159,0.6935005314729267,0.671798477366295,0.015229571405186201,0.026457132783561644
2,3,scarf_labeled,fitting,0.5685757347400151,0.4857891791357175,0.48524258376726853,1.167581115393533,0.5901133223525276,0.8474226996225145,0.11868746489103636,0.06847863858826897
2,3,scarf_labeled,outer,0.4442771084337349,0.31031251478132615,0.34934941583544976,1.3956932011521874,0.6944826337770906,0.674104265146515,0.028828814639924902,0.024519919935977887
2,3,scarf_pooled,fitting,0.5602863602110023,0.46889121737408185,0.4731196697547243,1.1694565533127295,0.5918133677815696,0.8480759812193334,0.11170056244766259,0.06957502878480998
2,3,scarf_pooled,outer,0.4503012048192771,0.3216461769500733,0.35697612734157513,1.385853784302567,0.6905127064607903,0.6822025288735005,0.018126792276708298,0.024505421802833462
2,3,soft_labeled,fitting,0.5629238884702336,0.47597550879208195,0.47823508016907307,1.1542277171748165,0.5846875396566839,0.8519170873732509,0.10863086056119602,0.07091694722493866
2,3,soft_labeled,outer,0.4563253012048193,0.32977497286597673,0.363364977145368,1.386849521758197,0.689834842570419,0.6796202027643381,0.03659464390948449,0.028626050555642223
2,3,soft_pooled,fitting,0.5406932931424265,0.44028825495625,0.45103058338627733,1.181582202532364,0.5974528827358039,0.8407466144159705,0.09211728275311767,0.06468586746032098
2,3,soft_pooled,outer,0.4503012048192771,0.3160665536962949,0.35452290745089765,1.3871084148478718,0.6907408341500928,0.6799375978879069,0.04622707641341357,0.02335320696547713
2,4,supervised,fitting,0.5551789077212806,0.46244053044896694,0.4677328452358115,1.1819801669170176,0.5972046777511404,0.8404353099509823,0.10851799137676488,0.06784457352237157
2,4,supervised,outer,0.4343891402714932,0.29378911433117816,0.3370885848532491,1.4011227162892361,0.6912867495592503,0.6641204187203118,0.045682643611535345,0.025371264945181583
2,4,dae_labeled,fitting,0.5664783427495292,0.4804523219085988,0.4811396057413632,1.1526443623627325,0.584104417731599,0.8633461185723569,0.11962398089274884,0.07884557271612491
2,4,dae_labeled,outer,0.43288084464555054,0.28321253643190475,0.332449068386237,1.4074819964135628,0.6959383747925036,0.6602033037346368,0.04751638519140891,0.029775554983132724
2,4,dae_pooled,fitting,0.5672316384180791,0.4837511648117657,0.4829870407142024,1.1480550482084886,0.5811871390491629,0.8645703793723891,0.11876155466326173,0.08147728101487735
2,4,dae_pooled,outer,0.4374057315233786,0.3024293611554758,0.34206490982099175,1.404900815083327,0.6933526886042123,0.6587477316063066,0.033531399261729815,0.02894471048137513
2,4,scarf_labeled,fitting,0.5668549905838042,0.48142042101403204,0.4820151700690534,1.1661619301524504,0.5901755974173923,0.8519323585993377,0.11676019904169659,0.07037350236669834
2,4,scarf_labeled,outer,0.4479638009049774,0.30682213024238125,0.3490698411179201,1.3923722710439772,0.6876213189112055,0.6675935187229359,0.025943244191198263,0.02151618825839794
2,4,scarf_pooled,fitting,0.5612052730696798,0.4705439525506945,0.47437089500325474,1.1681882675018034,0.5910176938093252,0.8499541647586962,0.112186949065167,0.0724432619594452
2,4,scarf_pooled,outer,0.4434389140271493,0.30097779515961626,0.3448072715573584,1.3940216408637465,0.688814138085326,0.669272066508228,0.03585234130192123,0.02122319795563713
2,4,soft_labeled,fitting,0.5736346516007533,0.4939854813767968,0.491923547979814,1.151439300752715,0.5828485227387665,0.8520699626692441,0.11833514210985877,0.06997571706193884
2,4,soft_labeled,outer,0.4374057315233786,0.3060507277095599,0.34333722820163326,1.3995112439055022,0.6908814698031958,0.667452481827087,0.03828702756160367,0.02630413477328703
2,4,soft_pooled,fitting,0.5491525423728814,0.45554898905732066,0.46215839865295616,1.1803863344658982,0.5967673632053725,0.8403430340085825,0.10019923565344953,0.067158333458484
2,4,soft_pooled,outer,0.43891402714932126,0.3022344582336492,0.3425851842523982,1.393704572609538,0.6887762857752746,0.669696203762512,0.03299824339557013,0.020755690703140556
3,0,supervised,fitting,0.5440844009042954,0.4430424139790146,0.4536814328566103,1.1879801609384861,0.6002337925561089,0.841217787587435,0.10182883645332924,0.06844177785494246
3,0,supervised,outer,0.4367469879518072,0.2837119996890374,0.33542699193413184,1.3751407604511932,0.6805484740815576,0.6845642265268568,0.060661937723003566,0.026865230828212138
3,0,dae_labeled,fitting,0.5730972117558403,0.49293053183178487,0.4899817651945826,1.1513674515556183,0.5831134446071463,0.8680916195791433,0.12877711628990124,0.08162793827901937
3,0,dae_labeled,outer,0.4292168674698795,0.28120878865296356,0.3304440792471269,1.3837205324794368,0.6859205200807961,0.6745662481857623,0.0490622044604739,0.02708902943176575
3,0,dae_pooled,fitting,0.5599095704596835,0.472931789063166,0.4745829066342268,1.1583934827974895,0.5855318341636485,0.8621897256439055,0.11645823411188486,0.08150639618059254
3,0,dae_pooled,outer,0.45331325301204817,0.29816893637219544,0.34949412656816536,1.3818863463337963,0.6822289656249764,0.6723893751010988,0.03323123501574229,0.029999545771314817
3,0,scarf_labeled,fitting,0.5546345139412208,0.45928351802223855,0.4659103017096692,1.1726374956090821,0.5931002083077906,0.8506665894448553,0.10949484813439822,0.07488250131004859
3,0,scarf_labeled,outer,0.4457831325301205,0.3042349604278474,0.34791682743381597,1.3692636530239402,0.6767762108953309,0.688029205200784,0.04758296122780651,0.022019597883002444
3,0,scarf_pooled,fitting,0.5550113036925396,0.4589955233089311,0.46553728796621224,1.1698691953758131,0.5923886333613458,0.8545442630306479,0.10952223755974194,0.07312256127484637
3,0,scarf_pooled,outer,0.44879518072289154,0.306575129478671,0.35021666790616085,1.373349379391811,0.6782964336765844,0.6841380386861733,0.042090539210851596,0.029443305775994154
3,0,soft_labeled,fitting,0.5595327807083648,0.47137395367259777,0.474265059932547,1.1574676329053246,0.5856917809466418,0.8534292395120445,0.1091572649598492,0.07194738266222801
3,0,soft_labeled,outer,0.4442771084337349,0.3018897542415638,0.3463408014802757,1.380693417825555,0.6829743586324715,0.6807768664408282,0.03558149614318599,0.026860485233046728
3,0,soft_pooled,fitting,0.5429540316503391,0.44449564730776203,0.4539580112650318,1.1843689886051523,0.5988976748977459,0.8424443320250244,0.09804735334151114,0.06807099418708559
3,0,soft_pooled,outer,0.4382530120481928,0.2933029616979194,0.33991302292079595,1.377688104079209,0.6822212748721779,0.6827440148685284,0.05795608300168019,0.02738653747619647
3,1,supervised,fitting,0.5584024114544084,0.4687156113389195,0.4723123943662485,1.1820238855524792,0.5968739829454048,0.839647518587415,0.11335540678869331,0.06714569302242304
3,1,supervised,outer,0.44879518072289154,0.29977588386585696,0.34769693943399427,1.388579927225664,0.6871528229119601,0.6690536969910725,0.039253037278938085,0.02693898996751252
3,1,dae_labeled,fitting,0.5708364732479276,0.4952969977479844,0.49116402472308307,1.1537048998154236,0.5838646385129971,0.85841578333849,0.12375878409372558,0.07675685884019064
3,1,dae_labeled,outer,0.45933734939759036,0.31930704019076306,0.36068456271724075,1.3951906989933982,0.6900410871832381,0.6614468260808636,0.0370703457057595,0.03256852405562365
3,1,dae_pooled,fitting,0.5681989449886963,0.4831817876795581,0.4834887846348419,1.1529473279188884,0.5829008530898482,0.8618905064443719,0.1228850888418314,0.07802338120260036
3,1,dae_pooled,outer,0.4442771084337349,0.29350436256384016,0.34286984714833846,1.390023874344925,0.6898386347784625,0.6673040057591241,0.023825888792998243,0.028883143737370172
3,1,scarf_labeled,fitting,0.5663149962321025,0.4826350169758368,0.4826093687221945,1.1681538894675678,0.5901101496264148,0.847713571892297,0.11926117898870674,0.07073153387854925
3,1,scarf_labeled,outer,0.4457831325301205,0.30269286233770953,0.3473033987276657,1.3913656041894589,0.6884762246727715,0.6632470191234592,0.022508603432176894,0.022714178125072166
3,1,scarf_pooled,fitting,0.5704596834966089,0.48865432781361184,0.4869387449736868,1.1661186917021107,0.5890335612173944,0.8505676633938014,0.12359720571102668,0.07248228244209609
3,1,scarf_pooled,outer,0.45180722891566266,0.30635360128686046,0.3518254614222328,1.3908488122370803,0.688197252560248,0.6648755756120868,0.019222357728418533,0.027735475315797332
3,1,soft_labeled,fitting,0.5749811605124341,0.4946218805652768,0.4927845801857059,1.15221063064892,0.5824860911279546,0.8504128591189541,0.12192336776609146,0.06822343530302402
3,1,soft_labeled,outer,0.44126506024096385,0.2936994344914777,0.3411746164024557,1.3900866080109286,0.6878184708874232,0.6694841630175887,0.0452582479802738,0.02773192379099897
3,1,soft_pooled,fitting,0.5614167294649586,0.47565058670570826,0.47705160826448545,1.1806842374583162,0.5960427687482567,0.8383697603430773,0.11435237809019314,0.0641127812454385
3,1,soft_pooled,outer,0.4578313253012048,0.309107540349682,0.3561548713029278,1.3851229884523997,0.6858127536473426,0.6714463162921114,0.016692815897307305,0.029004407611813093
3,2,supervised,fitting,0.5504898266767144,0.4465988982816542,0.4589789196860738,1.1807701932121808,0.5964447844618079,0.845214612764383,0.10350440617567691,0.06703474107941972
3,2,supervised,outer,0.4307228915662651,0.2811612065319027,0.33154761277112826,1.4091366736524287,0.6993134656207052,0.6636318517459106,0.02828520856043244,0.019918035380466426
3,2,dae_labeled,fitting,0.5700828937452901,0.4830101054593364,0.4845910576909664,1.1461290959387895,0.5799137850777564,0.8647561780891648,0.1218785214334935,0.0767574118814101
3,2,dae_labeled,outer,0.42620481927710846,0.29472223799107816,0.33369684475461436,1.4160706145295265,0.7027626923226669,0.6643583024096691,0.03784879037795258,0.02229931734866915
3,2,dae_pooled,fitting,0.5685757347400151,0.47598792272405044,0.4800666454505569,1.1490428249085431,0.5809224123454222,0.8640566664552262,0.12046547764718284,0.08217106000348692
3,2,dae_pooled,outer,0.42018072289156627,0.28033899076964924,0.325251586309356,1.4174705122791096,0.7039330037117704,0.6643204487612887,0.032539518358151165,0.027011917103105597
3,2,scarf_labeled,fitting,0.5617935192162773,0.46870737007228325,0.47416558857347396,1.1640092397142197,0.588236161691706,0.85385489937575,0.11268917564970636,0.07476989501599543
3,2,scarf_labeled,outer,0.4427710843373494,0.3028608932387987,0.3457403607674487,1.415236008412438,0.7016955418800993,0.6590755398555391,0.014872399967398421,0.020861926522973147
3,2,scarf_pooled,fitting,0.5621703089675961,0.4651157381355272,0.4724063369144497,1.1638049649271027,0.589275650022728,0.8548614389904567,0.11373245641761597,0.07406228627274383
3,2,scarf_pooled,outer,0.4427710843373494,0.3002288619399205,0.34490358557032375,1.4121965728967807,0.7010355026584703,0.6643166750407415,0.04105694800087336,0.02604347237965421
3,2,soft_labeled,fitting,0.5651846269781462,0.4738054122753582,0.47892436804975247,1.1493909249077787,0.5819512491096841,0.8578307565530958,0.11054649516477497,0.07240415153862083
3,2,soft_labeled,outer,0.43373493975903615,0.2997805083164362,0.33985740598946623,1.4048798216851364,0.697381843954298,0.6701689328777647,0.02682834737816814,0.021800502301480257
3,2,soft_pooled,fitting,0.5440844009042954,0.437460889180178,0.45169017884311036,1.179814308005745,0.5960200335168983,0.8438417048330991,0.09494633977359598,0.06845052173789525
3,2,soft_pooled,outer,0.43373493975903615,0.29297357747696784,0.33709102577310485,1.4036153491174401,0.6975599456842146,0.6703700881119085,0.03476712196639446,0.021965948391357775
3,3,supervised,fitting,0.5472693032015066,0.4493808983222703,0.45820098171834134,1.1805256108080098,0.5961098786603839,0.8402001046678438,0.09930723146175727,0.0665908041995322
3,3,supervised,outer,0.4464555052790347,0.30766917732724186,0.34847300062005687,1.4069584397287265,0.6981913628831504,0.6695322984799634,0.025434976010511395,0.01879159685253841
3,3,dae_labeled,fitting,0.5702448210922787,0.48555823676816284,0.4865811600850817,1.1469295095839656,0.5806731747637991,0.8630653536903198,0.1206936105597954,0.0784315286904946
3,3,dae_labeled,outer,0.44042232277526394,0.30805267730765235,0.3457266615115443,1.429160357742124,0.708545516962418,0.6490541300015183,0.029237286649833473,0.02414844608512562
3,3,dae_pooled,fitting,0.5694915254237288,0.4895794391168312,0.4875660107879855,1.1459344740682376,0.5804289291293289,0.8620790058774827,0.11954268947894173,0.07743074616862697
3,3,dae_pooled,outer,0.444947209653092,0.3033196914329742,0.34609570986372484,1.4122990622837368,0.6997052270488452,0.6641255973024799,0.020881168126895073,0.023686603232244693
3,3,scarf_labeled,fitting,0.5627118644067797,0.4746273295034748,0.4770150028529077,1.15995672119989,0.5866041884426691,0.8520657385245143,0.11070174850226001,0.07161675053475025
3,3,scarf_labeled,outer,0.4343891402714932,0.30482654132084736,0.34116159462016016,1.4200073225464007,0.7050106452395848,0.6589986622677697,0.03535031280945101,0.02211691738881117
3,3,scarf_pooled,fitting,0.5551789077212806,0.46626086247656656,0.4698191700045933,1.163650449626608,0.5878136288687517,0.8493767978336051,0.10362224561640174,0.07144065556837606
3,3,scarf_pooled,outer,0.4298642533936652,0.30019016550883304,0.3368264363652876,1.4117801391987017,0.7018206230095058,0.6680092870353436,0.045411036611838033,0.019002363403432934
3,3,soft_labeled,fitting,0.5608286252354049,0.4753082473981098,0.47739220440529023,1.150690679344216,0.5823830121755027,0.852382738473749,0.10489921134244036,0.0713773396577804
3,3,soft_labeled,outer,0.45098039215686275,0.3218285344853897,0.35633872559410495,1.4093255433373046,0.6987057825129671,0.6673410404031055,0.02837417480217085,0.01854662225684213
3,3,soft_pooled,fitting,0.5514124293785311,0.45825350902896,0.4642745082131964,1.179295692512424,0.5958179092266881,0.8390719240123257,0.10134827163534499,0.06598744052888679
3,3,soft_pooled,outer,0.444947209653092,0.3067404026704896,0.34729543955005543,1.408440311330904,0.698624949368147,0.6678271087469797,0.041598612921146375,0.022062505947609633
3,4,supervised,fitting,0.5510357815442561,0.45032716675788187,0.4603067483814338,1.179927205034227,0.5955746105655947,0.8409014176161318,0.10395972121041318,0.06944348107945432
3,4,supervised,outer,0.42835595776772245,0.2838135335286856,0.330934561176475,1.4203485475172273,0.7092275139819622,0.6623834665288822,0.022979562532079077,0.019153433395787203
3,4,dae_labeled,fitting,0.5751412429378531,0.4904072636109233,0.4894579542806037,1.1486196413935892,0.5809198080695227,0.8630996158233089,0.12720763791373466,0.08099703577913356
3,4,dae_labeled,outer,0.42684766214177977,0.2848247011807186,0.33098640433511434,1.433632546111975,0.7141146302280454,0.6526107010928613,0.036121689310825496,0.019537435078982413
3,4,dae_pooled,fitting,0.5740112994350283,0.49043547328542497,0.4890583452380005,1.145319391044145,0.5790537195295353,0.8645302687341141,0.12395108100693404,0.07835320344513674
3,4,dae_pooled,outer,0.42232277526395173,0.2723720877239785,0.3238627421199968,1.43100537536149,0.7143506260855874,0.6534902991667678,0.02428948073256656,0.02692311162694221
3,4,scarf_labeled,fitting,0.5664783427495292,0.47555662881987326,0.4789887261905833,1.163620537423469,0.5879298452081564,0.8485057819424681,0.11463907419994857,0.07314887904965792
3,4,scarf_labeled,outer,0.4434389140271493,0.2937228955777343,0.3429341557260884,1.415983552192554,0.7061431215152915,0.6672869535713603,0.034652559591020045,0.02411183894679262
3,4,scarf_pooled,fitting,0.5585687382297552,0.46705715006950055,0.4712460397520701,1.1608543368996804,0.5868568406074964,0.852440471106162,0.1067081067237683,0.07145903696071917
3,4,scarf_pooled,outer,0.43137254901960786,0.2812793204911637,0.3318903008700788,1.41817399962198,0.7078562013729974,0.6654730095863004,0.03311557930109082,0.025293175252205414
3,4,soft_labeled,fitting,0.5672316384180791,0.47645549967326317,0.48002498953861455,1.1494797835482127,0.5814039870643123,0.8518751618191945,0.11211205292382082,0.06942851117481967
3,4,soft_labeled,outer,0.4238310708898944,0.2836172807332658,0.3282032328140787,1.4228890910458099,0.7097938257692668,0.6606317558913796,0.027920437669040246,0.017322995821750432
3,4,soft_pooled,fitting,0.5491525423728814,0.44529317391951545,0.457156884503649,1.1780483185229589,0.5946483411990346,0.8392124598803509,0.0992969613231516,0.06703411434237438
3,4,soft_pooled,outer,0.4298642533936652,0.2768156711398584,0.3292915695420657,1.4224015424249565,0.709731985748219,0.6624102596003004,0.051665377616731144,0.024215318267651158
4,0,supervised,fitting,0.5508666164280331,0.4530018200653584,0.4611173096205058,1.1848920353872046,0.598096711204736,0.8358322173747531,0.10359916852820175,0.06668381968857322
4,0,supervised,outer,0.4367469879518072,0.27530391022948514,0.33196341773019344,1.402128471024638,0.6963632503849712,0.6698260930619852,0.034061815622409564,0.024924635561951576
4,0,dae_labeled,fitting,0.5708364732479276,0.4848451004065265,0.48523502450810235,1.1549121691540323,0.5838507287600365,0.8583779912331135,0.12283815269870754,0.0765816002886687
4,0,dae_labeled,outer,0.4352409638554217,0.28324670041649136,0.33370108875392357,1.4149018162426994,0.7012884490946943,0.6604766242157886,0.023079122846647458,0.023422865391680307
4,0,dae_pooled,fitting,0.5681989449886963,0.4870981652398331,0.48611067650359985,1.144681743577644,0.5795914610765015,0.861784285763876,0.11722146386415279,0.07819569404652724
4,0,dae_pooled,outer,0.43373493975903615,0.28972480590394284,0.33612300860866007,1.4005682643843476,0.6955871141965884,0.6722548976370589,0.025912285990466032,0.026342080646165812
4,0,scarf_labeled,fitting,0.5557648831951771,0.4643002170782749,0.4689054610863509,1.1692946521362104,0.5911193586779057,0.8451018843830347,0.10454625265563576,0.0697822877063746
4,0,scarf_labeled,outer,0.44728915662650603,0.3052980395332307,0.34864071622640525,1.4014324968253018,0.694719108287162,0.6695174147143284,0.03847587907551896,0.02768216810112653
4,0,scarf_pooled,fitting,0.5557648831951771,0.46489089637104897,0.46904220605349345,1.1666704520019318,0.5898069940395221,0.8474654274788614,0.10582622712569945,0.07161397436753154
4,0,scarf_pooled,outer,0.4427710843373494,0.29622534863211814,0.34264931460393566,1.3948819899992657,0.6924348501686574,0.6736976128632183,0.028498670258357527,0.024244662072926026
4,0,soft_labeled,fitting,0.5640542577241899,0.4774530241309137,0.4792133683615435,1.1543699097137945,0.5834892235556147,0.84825449120155,0.10986111413581451,0.06968430978458878
4,0,soft_labeled,outer,0.4246987951807229,0.2763999010644048,0.32539919408985546,1.4026788510557597,0.6963593631852695,0.6697785786299855,0.04622040317614752,0.024992669418361042
4,0,soft_pooled,fitting,0.5531273549359458,0.46058248440253247,0.46586252336973344,1.1807575304226634,0.5963335804439803,0.8375529793462417,0.10340977938093043,0.06780223851411667
4,0,soft_pooled,outer,0.4352409638554217,0.2786735519939981,0.3322073298016011,1.4054282556059232,0.6975858961196885,0.6664031989566681,0.036951824127754614,0.022949293398942697
4,1,supervised,fitting,0.551789077212806,0.4515122730102135,0.4606923042297046,1.1836527449917742,0.5994216355032964,0.838712497679295,0.10446229940527524,0.0682178717656256
4,1,supervised,outer,0.4434389140271493,0.2955541699183643,0.3436109107546108,1.4042867124969776,0.6917102066708702,0.670435959790478,0.06003208387423919,0.03014542883130153
4,1,dae_labeled,fitting,0.5668549905838042,0.47558940484397105,0.47866420227342,1.1541792186727309,0.5849511309315336,0.8625134368537951,0.12039657626700162,0.07834155658344229
4,1,dae_labeled,outer,0.43891402714932126,0.29054257163382874,0.33928078205555,1.4052478356816305,0.6946957264812289,0.6681802166339974,0.05752923543240222,0.03132510359213362
4,1,dae_pooled,fitting,0.567984934086629,0.4818253139226507,0.48257280888643167,1.1454247233417159,0.5806187902735674,0.8665874172928211,0.11936708845573069,0.08104718537556228
4,1,dae_pooled,outer,0.4343891402714932,0.28726265549794966,0.335446261876021,1.4099919850385207,0.6943908979028518,0.6664515630370067,0.0451103525256945,0.02526752612568131
4,1,scarf_labeled,fitting,0.5664783427495292,0.4789618525928961,0.4800668275978257,1.1652044526644942,0.5899674210194585,0.8508021253583611,0.11653086676537551,0.07051542822197981
4,1,scarf_labeled,outer,0.43137254901960786,0.2814208722150383,0.33165266245135366,1.3975088100103135,0.6888290321865871,0.6744609553610336,0.05296864924925747,0.021136702775266435
4,1,scarf_pooled,fitting,0.5578154425612053,0.46473389148600786,0.4698416442847166,1.1630052543681484,0.5893477922926871,0.8503441730185536,0.10662892556796742,0.07249189399820533
4,1,scarf_pooled,outer,0.43137254901960786,0.28549713377561087,0.33385195463348116,1.4054152808783102,0.6924671082040115,0.6696734139386737,0.042448943128148585,0.03044717990992215
4,1,soft_labeled,fitting,0.5698681732580038,0.48141227185918034,0.4834685433812398,1.152836476343573,0.5849053468261591,0.8511450645350349,0.11496506833972711,0.06985726408190267
4,1,soft_labeled,outer,0.4419306184012066,0.3010864291553837,0.34500398649945396,1.4057777975172727,0.6917711930270385,0.6696386225763092,0.048444936835369226,0.03031073304208281
4,1,soft_pooled,fitting,0.5540489642184557,0.45349713431813177,0.462686077492292,1.1807705063541287,0.5979587833880361,0.8394682423527347,0.10471466132679441,0.06685996820374021
4,1,soft_pooled,outer,0.4464555052790347,0.30147165885339605,0.3479363907025764,1.3985489630308208,0.6889635202881825,0.6747826581625503,0.0556614333908725,0.030777784490233474
4,2,supervised,fitting,0.554257724189902,0.45976201542616196,0.4656798177055686,1.1896362011852997,0.6004153790615218,0.8371426851085108,0.10851793179699527,0.06775495932005998
4,2,supervised,outer,0.42018072289156627,0.27285358984099867,0.32229651500008244,1.3744029647184484,0.6832605558357734,0.6864643768505191,0.04785000308778503,0.021760400279140377
4,2,dae_labeled,fitting,0.5704596834966089,0.4855895078358288,0.48493853777141516,1.1546301176382567,0.5842365745440466,0.864938713076595,0.12452497598952746,0.08147430369267111
4,2,dae_labeled,outer,0.4246987951807229,0.2799137542977777,0.32788959224786635,1.3745676682684274,0.6844443565873984,0.6882303226955576,0.05958048194558919,0.027071304934090067
4,2,dae_pooled,fitting,0.5727204220045214,0.4885078518758772,0.48770719895060644,1.1545082579261479,0.5838024369513187,0.8630009264104068,0.12658805847532986,0.0813825684214382
4,2,dae_pooled,outer,0.4367469879518072,0.29491898865140415,0.33951751370763983,1.3813151574574194,0.686355512983614,0.6795540898246826,0.05617377448346604,0.020644921385257125
4,2,scarf_labeled,fitting,0.5629238884702336,0.47513994919615754,0.4768658928486194,1.1681348638034879,0.590939327455126,0.8500706349153555,0.11359579256124576,0.07021984648326754
4,2,scarf_labeled,outer,0.43373493975903615,0.3013419590709879,0.34037328901213,1.3786475302585124,0.685181116175933,0.6821578592187116,0.04527650620543469,0.019398363830646685
4,2,scarf_pooled,fitting,0.5625470987189148,0.472600864333233,0.4753747638186117,1.172074394863545,0.5924852788798389,0.8475872262519129,0.11264221292819707,0.07033674908240006
4,2,scarf_pooled,outer,0.42018072289156627,0.27488989523538154,0.3236418654672854,1.3756078209490463,0.6839308293142796,0.6848506060173293,0.07247952196815675,0.02514231683981321
4,2,soft_labeled,fitting,0.5708364732479276,0.4869582899247476,0.486925075535555,1.1596617339841029,0.5861688935961344,0.8488424428867039,0.117000135037356,0.06878691403012625
4,2,soft_labeled,outer,0.4171686746987952,0.2798695428638088,0.3225907571046555,1.3714636125669863,0.6823287761689802,0.6896415697629956,0.06502589145657468,0.022203570124944498
4,2,soft_pooled,fitting,0.5535041446872645,0.45901087436320703,0.465044953867867,1.1862054225174465,0.5988713127179055,0.8377263036893192,0.10505197942263379,0.06489765008673822
4,2,soft_pooled,outer,0.42620481927710846,0.2830742295529697,0.32905307738771283,1.3738731080150643,0.6832599595267584,0.6858845449479165,0.04910645016349018,0.02467660347771426
4,3,supervised,fitting,0.5599095704596835,0.4718322870504303,0.4748340659480176,1.1773840539196012,0.5928195229766589,0.8417908893261407,0.11226981982972724,0.06797097299943937
4,3,supervised,outer,0.44728915662650603,0.30626681569436803,0.34980274248674326,1.4194587227973896,0.7059833278095731,0.6480310086489737,0.036204721003364894,0.03727155666131822
4,3,dae_labeled,fitting,0.5663149962321025,0.4802721380031561,0.4813912176028913,1.1464856406167498,0.5788462261459099,0.8653580075087008,0.11785442777608147,0.07852260163499254
4,3,dae_labeled,outer,0.43373493975903615,0.29271280954630974,0.33700718811626507,1.4206742418120009,0.7051584980682611,0.6477503478855002,0.042138123825882993,0.028611265041458833
4,3,dae_pooled,fitting,0.5776186887716654,0.495397650659718,0.4935489315994614,1.1457025284207805,0.5779037073781642,0.8666440474136804,0.13012256029944774,0.07962152469147613
4,3,dae_pooled,outer,0.4442771084337349,0.3005079411332487,0.3457177755475519,1.418821009903704,0.7054513485940899,0.651268500994644,0.03554109243635655,0.02788967451123575
4,3,scarf_labeled,fitting,0.5772418990203466,0.4954336207312863,0.4934632133602507,1.1620551177336567,0.586048962790916,0.8517044495806589,0.12695601998231135,0.07119023447770476
4,3,scarf_labeled,outer,0.4442771084337349,0.3003316259566805,0.34559718614948576,1.4111662207933429,0.7021297487951831,0.6570538432884694,0.05328265005012339,0.031825159743884966
4,3,scarf_pooled,fitting,0.5681989449886963,0.4869425440951133,0.4857747386537848,1.1607936828855825,0.5849982315721468,0.8527389942193595,0.11754065268562933,0.07108910180352837
4,3,scarf_pooled,outer,0.44126506024096385,0.30308275258166667,0.3451008883502487,1.422474994905253,0.7066387977901406,0.645895296277013,0.03371578375129269,0.031551856747005357
4,3,soft_labeled,fitting,0.5791258477769404,0.5028033087019853,0.49934603001177696,1.144560451617366,0.5773873407625645,0.85507608102879,0.1226402944299681,0.06979687568426653
4,3,soft_labeled,outer,0.44126506024096385,0.30354631383777175,0.34504851432151334,1.4251549739545477,0.7081164334050138,0.6446871154448661,0.026371508535887746,0.03626800342035661
4,3,soft_pooled,fitting,0.560663149962321,0.47398681450114494,0.47649038822403966,1.1731682642136942,0.5910343860666618,0.8424005415298966,0.11046912367735709,0.06523996562285377
4,3,soft_pooled,outer,0.4503012048192771,0.305944697800124,0.3508845445264756,1.4182589911152708,0.7056400433279482,0.6489216375787239,0.03638329179376237,0.03586445353483177
4,4,supervised,fitting,0.5506591337099812,0.4568462069986565,0.463452077975148,1.1843253605536848,0.5987729077917768,0.8424138683901816,0.10663090961053413,0.06825663854284345
4,4,supervised,outer,0.43288084464555054,0.2876098259493486,0.3337979528333353,1.4032787704865317,0.6948160950380713,0.6638413954741562,0.019246974857360485,0.022611440906898643
4,4,dae_labeled,fitting,0.567984934086629,0.4824472763082909,0.4829962041106441,1.1537885220255357,0.5838648003017805,0.8628492192288147,0.12219603109445716,0.0781842744467591
4,4,dae_labeled,outer,0.42081447963800905,0.27433609122517316,0.3225204369307465,1.399567958824835,0.6941507619744546,0.666950232376897,0.026801062551160677,0.02352857183316272
4,4,dae_pooled,fitting,0.568738229755179,0.48546190540453055,0.48479432784293086,1.154798990422651,0.5832894325155968,0.858027137640299,0.12183421433736051,0.072922386609762
4,4,dae_pooled,outer,0.4238310708898944,0.2788583700780773,0.32563974557356357,1.4074439030584076,0.6986031597366107,0.6612301464651086,0.0339456905992777,0.022624012872542173
4,4,scarf_labeled,fitting,0.5578154425612053,0.4723590456393493,0.4743256560496471,1.1665857623259106,0.5897228187213577,0.8486143013093393,0.10820691242344935,0.06746292242241184
4,4,scarf_labeled,outer,0.4253393665158371,0.2870591439227238,0.3295493867076697,1.4012777253039508,0.6940121266349446,0.6683311292731122,0.038931050411683,0.023384216667165912
4,4,scarf_pooled,fitting,0.5596986817325801,0.4716107396728706,0.4750932234683275,1.1711862929219379,0.5919309362931645,0.8469761802761443,0.11038758979441335,0.06970186133567205
4,4,scarf_pooled,outer,0.42835595776772245,0.28817019360427487,0.33168674276474003,1.404983308665873,0.6970386454446423,0.6633263275434967,0.025317174312958806,0.03079514528717056
4,4,soft_labeled,fitting,0.5702448210922787,0.4859303473072868,0.4868504145431882,1.1536640502478577,0.5842388565957172,0.8523831325263975,0.11721223975876455,0.07243800119919855
4,4,soft_labeled,outer,0.43288084464555054,0.2958848765445521,0.3367821101502807,1.4052955162791736,0.6953085146131713,0.6621904105987686,0.021626540875399818,0.024762630364842286
4,4,soft_pooled,fitting,0.5468926553672316,0.45340070659563547,0.460451475496818,1.1827911561981432,0.5981238086246311,0.8411390220606053,0.10107331218610684,0.06929945423025334
4,4,soft_pooled,outer,0.43137254901960786,0.29024340551874817,0.33422135346327286,1.4013464198121173,0.694420782380025,0.665215806978319,0.02609723955821134,0.023934924167116657
5,0,supervised,fitting,0.5516201959306707,0.4556903828683768,0.46313698144822774,1.1781067212960141,0.5954501543546604,0.8393969919603428,0.10445823520355967,0.06804882180611585
5,0,supervised,outer,0.42620481927710846,0.2818906785907781,0.32924445702077587,1.4160592237311556,0.7025645946946185,0.6660777801200048,0.029398792704798785,0.02394311586638915
5,0,dae_labeled,fitting,0.5730972117558403,0.488669049847113,0.48850014840708783,1.1468454053377934,0.5808696075414418,0.8616365574016946,0.124572726968768,0.07678343250814423
5,0,dae_labeled,outer,0.42620481927710846,0.2773631147025474,0.32762070578959535,1.4311725191747364,0.7091791143820574,0.6587486169358957,0.02662584822262419,0.023679580640602833
5,0,dae_pooled,fitting,0.573474001507159,0.4879592340562402,0.4881949419446814,1.142188661274412,0.5781867111113166,0.8642220197592891,0.12451071140183967,0.07846293299520617
5,0,dae_pooled,outer,0.42319277108433734,0.279036490003506,0.32669345097040303,1.4351247797082471,0.7099250551640143,0.6519377621924483,0.02814473759376977,0.02215436593684738
5,0,scarf_labeled,fitting,0.5644310474755087,0.4749208865192246,0.47823420709511055,1.1617121142532791,0.5870646067918764,0.8482890818077754,0.11304090850839847,0.07087711627299467
5,0,scarf_labeled,outer,0.42771084337349397,0.28662080183333105,0.3319269453343322,1.4172339477411013,0.704566243083173,0.6614815604410611,0.042252291912763175,0.02171539751317112
5,0,scarf_pooled,fitting,0.5727204220045214,0.4844156877377217,0.48617617561286436,1.1630585858488485,0.5880108300977864,0.8488335153480335,0.12312889026014208,0.0728708965648337
5,0,scarf_pooled,outer,0.4186746987951807,0.27362587716570014,0.322412350268452,1.416860451790811,0.704012045486155,0.6659465783741749,0.03553469514609385,0.01984167227159567
5,0,soft_labeled,fitting,0.5738507912584778,0.490877817019601,0.49097742074807754,1.1478794586197743,0.5812704547089244,0.8506014107769255,0.11841165906194347,0.0700252255746959
5,0,soft_labeled,outer,0.43373493975903615,0.29877204056031026,0.33973403218348863,1.4146718031756498,0.7018991498295849,0.6687484759148651,0.03367331754199519,0.024052629563919327
5,0,soft_pooled,fitting,0.5538809344385832,0.460222733521618,0.46669766371211974,1.1740638173446347,0.5936192762193905,0.8404675773523188,0.10373342566394499,0.06731529839457466
5,0,soft_pooled,outer,0.4322289156626506,0.2873286788327,0.33450112172066326,1.4148579111501673,0.7018370196946547,0.6662532215665331,0.043909497585474945,0.021701238431616077
5,1,supervised,fitting,0.5574387947269304,0.4698399493435928,0.4721674960731539,1.1804185084137195,0.5959302508872296,0.8422169336477239,0.1123174745854451,0.06892600806876553
5,1,supervised,outer,0.4358974358974359,0.2930208009305558,0.3381766274793148,1.3994834314402649,0.6950511379241235,0.6698133192180227,0.02629845544262525,0.033725138014976536
5,1,dae_labeled,fitting,0.5732580037664784,0.49266806736614255,0.48996320618164707,1.1464705376464528,0.5793564731383062,0.865618512447487,0.12633124082883174,0.08250063968763736
5,1,dae_labeled,outer,0.4343891402714932,0.28721443197152746,0.33491055040108303,1.4091425126233343,0.6993902113142686,0.65874498476391,0.01607962871286181,0.03297863720891402
5,1,dae_pooled,fitting,0.5709981167608287,0.4899105838867072,0.48862483433410303,1.1442289331971005,0.5781201457733068,0.8666341983978569,0.12356999698231969,0.08175951251565916
5,1,dae_pooled,outer,0.4343891402714932,0.29179603420995875,0.3370749256465075,1.4008386295779751,0.6955911638190272,0.6698351302119724,0.03244345002199274,0.033521706507092276
5,1,scarf_labeled,fitting,0.5661016949152542,0.4810382589134713,0.48180228489655336,1.1628854596588316,0.5874806731024204,0.8509764393825708,0.11669549119871638,0.07096255662539255
5,1,scarf_labeled,outer,0.44042232277526394,0.293379574937237,0.3404294084613776,1.3995051328755355,0.6966613355434786,0.6691779564650682,0.027943670891546955,0.03887966514636595
5,1,scarf_pooled,fitting,0.5661016949152542,0.48678278520537244,0.4844466443532632,1.1630051404750579,0.5879634401987831,0.8531765660810814,0.11737553464971093,0.0726625326338822
5,1,scarf_pooled,outer,0.44042232277526394,0.2966335446378984,0.34151609954806866,1.4053728990290204,0.6983852529761667,0.6593176835385937,0.02629399334171509,0.03851770451589386
5,1,soft_labeled,fitting,0.576271186440678,0.49971079570181604,0.49593282066485667,1.1487871025445209,0.5811312590888849,0.8551821115018357,0.12227657343711416,0.07078682850248022
5,1,soft_labeled,outer,0.4298642533936652,0.29237838051015447,0.33432518107784964,1.402200967946626,0.6968811654321703,0.6685757441645604,0.037346952756888416,0.03344001314664273
5,1,soft_pooled,fitting,0.5555555555555556,0.46706974427148945,0.47049633564039955,1.1771952080235277,0.5945745373169801,0.8424169051835253,0.1081740420964798,0.07077103461561056
5,1,soft_pooled,outer,0.43288084464555054,0.2938869318028974,0.3364513688436877,1.3958940303516092,0.6935808670889008,0.672627482255445,0.023653318872790582,0.02798631369617957
5,2,supervised,fitting,0.5504898266767144,0.4587409745116647,0.46375098552978544,1.18403320516114,0.5972052973658201,0.8376857703113622,0.10149633857874425,0.06937443050804165
5,2,supervised,outer,0.42620481927710846,0.2698996476993701,0.3239139142200149,1.4179520054776709,0.7036105120810036,0.647335960223166,0.024019535974968684,0.029445764630939324
5,2,dae_labeled,fitting,0.5655614167294649,0.47959920195431194,0.4801934629244065,1.1542331065274811,0.58289145242836,0.862256542270942,0.11882249777730114,0.07817897638054483
5,2,dae_labeled,outer,0.4066265060240964,0.2520655815513165,0.30657951540682177,1.4213519410353186,0.7056816685342109,0.647131177635194,0.038374153995994524,0.03136188048799769
5,2,dae_pooled,fitting,0.5802562170308968,0.501113340673365,0.49743044060461683,1.151984786431642,0.5813151912228582,0.8604381884145965,0.13046692910303354,0.07926641029850269
5,2,dae_pooled,outer,0.42168674698795183,0.27322734551628464,0.32296904389918113,1.4123432693532134,0.7031264340804053,0.6554987270357998,0.03039357737926937,0.029132453006983795
5,2,scarf_labeled,fitting,0.5523737754333082,0.46067136915236706,0.46574256050971785,1.1682187461045235,0.589675782221979,0.8457369530440946,0.09995300881446618,0.06868832826793227
5,2,scarf_labeled,outer,0.4006024096385542,0.26153850882045604,0.30619832450106227,1.4229096071647571,0.7054221865454403,0.6465288697514799,0.058301522641504594,0.03339219894406938
5,2,scarf_pooled,fitting,0.5572720422004521,0.465258246692851,0.47013933964889293,1.1698338328521294,0.5903595192948554,0.845718705018762,0.10616262859076575,0.06887139146273824
5,2,scarf_pooled,outer,0.40813253012048195,0.2606038696589367,0.31004963598526547,1.416805274663705,0.7036168746910108,0.650981050219578,0.03613721732298468,0.028402441648330706
5,2,soft_labeled,fitting,0.5644310474755087,0.4824793450568989,0.4821041326840012,1.155058645134014,0.5836785956066047,0.8490212475850635,0.10872419340715352,0.06915328332932794
5,2,soft_labeled,outer,0.42168674698795183,0.2787314209383092,0.3241056746577947,1.4190797000790167,0.7042749529051703,0.6476091329650633,0.034096486676340285,0.029329563431640487
5,2,soft_pooled,fitting,0.5538809344385832,0.46393914986894497,0.4678391537164958,1.1796510568683054,0.5954390604538896,0.8397417555631226,0.10302857585528072,0.06949804859380829
5,2,soft_pooled,outer,0.42620481927710846,0.2765550976648862,0.3261243842499011,1.4138562856633567,0.7018988766419106,0.6508822264051369,0.05314457588641428,0.03237079534667786
5,3,supervised,fitting,0.5380557648831952,0.43424010398981083,0.4468988484355833,1.1865696646321053,0.599435503578968,0.8415680605960715,0.09259805783669098,0.07009792813217099
5,3,supervised,outer,0.42620481927710846,0.2773589327397353,0.3277418707928819,1.3932638099249743,0.6894229984780376,0.6779831751794886,0.050886177753662075,0.01986171078813495
5,3,dae_labeled,fitting,0.5697061039939714,0.48213121168235695,0.48338927627903133,1.153391266501772,0.5832467574696478,0.8659865418331805,0.12219850648030078,0.08135174749708421
5,3,dae_labeled,outer,0.40813253012048195,0.2529725302607506,0.30880456734664746,1.4045984979917283,0.6965735144146386,0.6686820653537346,0.0660754985690445,0.025556407721081614
5,3,dae_pooled,fitting,0.5621703089675961,0.47123622370833484,0.47463793070226756,1.1531574240090485,0.5835880477322897,0.8633743987506299,0.11446162937980257,0.07913610188766469
5,3,dae_pooled,outer,0.42620481927710846,0.27810063781381444,0.3277418707928819,1.3991244125549396,0.6920457855308554,0.6737209480234088,0.040380366556711525,0.01947540330808044
5,3,scarf_labeled,fitting,0.5550113036925396,0.4644474610139147,0.4683047313730383,1.1727399878088753,0.5925924175855336,0.8464068580858871,0.10444900705100778,0.0707018403334925
5,3,scarf_labeled,outer,0.4307228915662651,0.29299352658260436,0.33676933979460394,1.382302612343327,0.6851757181087025,0.6858491648568542,0.055377652794857984,0.024050639326450983
5,3,scarf_pooled,fitting,0.5602863602110023,0.46711272103439294,0.4721335212538137,1.1687179175546587,0.5903379251191306,0.8499338957170247,0.11066319153265045,0.07338666429252291
5,3,scarf_pooled,outer,0.4367469879518072,0.30787030989138464,0.34459896073102103,1.3885799472645537,0.688919717667599,0.6816261587230457,0.04935736276996193,0.019588271708186607
5,3,soft_labeled,fitting,0.5633006782215524,0.47788781471560693,0.47904493024154726,1.1552429915713378,0.5844129011485953,0.8533198064176583,0.10936952915329225,0.07379111919070672
5,3,soft_labeled,outer,0.4246987951807229,0.289295098197517,0.3308970375858752,1.391188867087455,0.6885158084395082,0.6790977782201486,0.05282638234345258,0.02361255751521923
5,3,soft_pooled,fitting,0.539939713639789,0.4417004105252116,0.4511245143953902,1.1835074224396984,0.5980401536081466,0.8411278901628487,0.09155231575899406,0.06830644826791771
5,3,soft_pooled,outer,0.42771084337349397,0.2837433700320299,0.3306865524668453,1.3904763459330267,0.6890433418281222,0.6806810569011656,0.06140594043543758,0.022576415124945515
5,4,supervised,fitting,0.5495291902071563,0.45451618209933925,0.46147689478235254,1.1794272271828057,0.5969458334255409,0.8417804843524441,0.1042750582727256,0.06834718246799948
5,4,supervised,outer,0.4343891402714932,0.2808354635284823,0.33287481876496516,1.4058142410028602,0.6935944424714103,0.6628021426992352,0.03387837394837179,0.02309353716829729
5,4,dae_labeled,fitting,0.5683615819209039,0.4842348131285991,0.48369124765572885,1.1506839572363228,0.5831834845959384,0.861469646627725,0.1194324140269091,0.07747383127746747
5,4,dae_labeled,outer,0.45098039215686275,0.3025933422032732,0.34987651337380454,1.3911202821486508,0.6859310499884854,0.6721466697719006,0.03445398697915229,0.02038572149557753
5,4,dae_pooled,fitting,0.567608286252354,0.48034968793901867,0.48173008257098865,1.147163794975703,0.5813861206977534,0.8645986014387914,0.1196849689752947,0.07753391372241633
5,4,dae_pooled,outer,0.43137254901960786,0.28063980782877007,0.3304149581240178,1.4062627267404635,0.6948511452941082,0.6640106963236493,0.034499666975315695,0.0302127108254567
5,4,scarf_labeled,fitting,0.559322033898305,0.4678836394882467,0.4723413148255159,1.1639858759115764,0.590339723904514,0.8510422235952942,0.10916817543881628,0.07077030715886352
5,4,scarf_labeled,outer,0.4298642533936652,0.2861800246274865,0.3324815183545001,1.4033290673761483,0.6935638967065969,0.665974862241418,0.037980132520579954,0.03137150014882649
5,4,scarf_pooled,fitting,0.5608286252354049,0.469511952283725,0.47321012607176466,1.1622508397681557,0.5887051191611656,0.8514491801087468,0.1117508625276325,0.07231982360362285
5,4,scarf_pooled,outer,0.4419306184012066,0.29395158051173953,0.34183667715288163,1.4137311745766554,0.6960212282555208,0.65735112339043,0.0356171049746818,0.029961325360344994
5,4,soft_labeled,fitting,0.5691148775894539,0.4845445662424973,0.48482872674658956,1.1480379722377665,0.5821792191664715,0.8540275756168763,0.11592338284946163,0.07205031448559655
5,4,soft_labeled,outer,0.43137254901960786,0.2848898522855833,0.332422181393377,1.4130340414375955,0.6968564817354619,0.6580462396419648,0.037373719114567584,0.030941079539052237
5,4,soft_pooled,fitting,0.5450094161958569,0.443931367981716,0.45445272113697915,1.1771512372505375,0.5959023460613156,0.8414780019220558,0.09702685898470306,0.0651382951580409
5,4,soft_pooled,outer,0.4374057315233786,0.28503768255789164,0.33593995491973283,1.4036250114947482,0.6927813351497006,0.6634078609077603,0.02931795545866467,0.02582799319456311
6,0,supervised,fitting,0.5476459510357815,0.45072069835504686,0.4586612627197944,1.1814671705375936,0.5965193975307802,0.8420558614767533,0.1021823047078687,0.06960910049822754
6,0,supervised,outer,0.4494720965309201,0.30010089492748904,0.34795484267947935,1.3892884085123987,0.6887545282478756,0.6796833711269757,0.037671469343209335,0.027267445213758817
6,0,dae_labeled,fitting,0.568738229755179,0.48504481207125566,0.4844309093634722,1.1494625067820075,0.5822226291768511,0.8674907020916731,0.12276547113091353,0.08221331955383153
6,0,dae_labeled,outer,0.4479638009049774,0.3032662695036362,0.34804959999011936,1.4040431926548549,0.6943948141339087,0.6623090090781197,0.021188055992438434,0.02762832551765098
6,0,dae_pooled,fitting,0.5694915254237288,0.48928657866483594,0.48703330694361374,1.1491869142905813,0.5809925295718812,0.8652967134682005,0.12173075783895336,0.08002527676585268
6,0,dae_pooled,outer,0.4358974358974359,0.2866089528929393,0.33520542253984836,1.401720861730641,0.6949389896608703,0.6672978197425069,0.022285074855580456,0.020544583465716283
6,0,scarf_labeled,fitting,0.5544256120527307,0.46530243328702214,0.46893738859621276,1.165321563875201,0.5895967214708784,0.8501255221995869,0.10558319995587037,0.07105727721742121
6,0,scarf_labeled,outer,0.4494720965309201,0.32409209216154333,0.35687299244275605,1.397112483474004,0.6933726928278385,0.673443490089436,0.020366642836883345,0.023625742933795137
6,0,scarf_pooled,fitting,0.559322033898305,0.47210431491086824,0.47381620978699346,1.1683864227425786,0.5905692083756038,0.8486118567320033,0.110206145918214,0.07149358418687328
6,0,scarf_pooled,outer,0.43891402714932126,0.288044613517857,0.3375988332219054,1.4054583293750456,0.6973250280552267,0.6693337629132751,0.015094565558389674,0.021884600813658426
6,0,soft_labeled,fitting,0.5668549905838042,0.4837643718121555,0.4831754627084587,1.149235502432079,0.5816453928097668,0.8544573483442672,0.11207168204898134,0.07121717289691547
6,0,soft_labeled,outer,0.4494720965309201,0.31523543909434965,0.35308637109859387,1.3938065781164017,0.6903074242109863,0.6773892807555828,0.014997143859146743,0.022213485348169852
6,0,soft_pooled,fitting,0.5472693032015066,0.4516966792031691,0.45900720004401974,1.1781768227398173,0.594997773242112,0.8424936230739315,0.0998010360780547,0.0676184181188032
6,0,soft_pooled,outer,0.45248868778280543,0.31521104799450744,0.3548950838363667,1.3938195297408826,0.6916065610276728,0.6749821918580379,0.023944464386723898,0.02695563597446509
6,1,supervised,fitting,0.5474755086661642,0.45065780820208656,0.4584860061094525,1.1876817464700655,0.600059152470662,0.8382581387502268,0.10231432386347833,0.06869086181788066
6,1,supervised,outer,0.4427710843373494,0.28528125105527913,0.3404207974862539,1.3792044398498893,0.6835395369637165,0.6833104069665952,0.06656478595915322,0.033113288287664196
6,1,dae_labeled,fitting,0.5708364732479276,0.4894422803157836,0.4872335780035254,1.1514422021575312,0.5825161929128823,0.8619219805418625,0.12334880555593154,0.08051239921309658
6,1,dae_labeled,outer,0.43373493975903615,0.282441093923121,0.33340010277004933,1.394570858166379,0.6905869850932754,0.6688234397400009,0.03898608336425363,0.03137488304612988
6,1,dae_pooled,fitting,0.5644310474755087,0.47989599367451496,0.48059387030432593,1.1511087767638553,0.5823116038259746,0.8618132247301361,0.11743358397545582,0.07883101441918478
6,1,dae_pooled,outer,0.4367469879518072,0.279264343471321,0.3343212188538211,1.3942375613783062,0.6908873403206677,0.665927345561497,0.05683302054059703,0.03556670446085686
6,1,scarf_labeled,fitting,0.5565184626978146,0.46364344810666064,0.468439412031579,1.1722522553694206,0.5923521097011868,0.8470205568456322,0.10957598102132561,0.07135602325313081
6,1,scarf_labeled,outer,0.42620481927710846,0.2697030117612827,0.3251143336232972,1.3788400656641542,0.6840712569955755,0.681892848367535,0.06481336412888886,0.03772834952947346
6,1,scarf_pooled,fitting,0.5587792012057272,0.468535420561423,0.47223041877276584,1.1722556025402648,0.5919964543768129,0.8465014879447592,0.1108591812968743,0.07026692108147345
6,1,scarf_pooled,outer,0.4322289156626506,0.26660196070832315,0.3276068269095142,1.382292490682615,0.6849057619026866,0.6794969966905505,0.05783451870475229,0.030847525066769667
6,1,soft_labeled,fitting,0.5648078372268275,0.4809565523289572,0.4809117170060057,1.156974987023565,0.5857025981565612,0.8498338924811829,0.11117274691433443,0.07097711431426686
6,1,soft_labeled,outer,0.4367469879518072,0.29163675837328185,0.33878963433884385,1.3785539935396973,0.6832437494484295,0.6847560587337356,0.06954483144797408,0.03316379642477841
6,1,soft_pooled,fitting,0.551243406179352,0.45660990822535946,0.46306758998397124,1.1853215571798688,0.5986591671286705,0.8387979573663602,0.10375383564868959,0.06582224197693436
6,1,soft_pooled,outer,0.4382530120481928,0.2835976907699868,0.33641751364717665,1.3826577569158878,0.6847419234271794,0.6803016272080142,0.044841012575105615,0.028012740081686093
6,2,supervised,fitting,0.5470987189148455,0.45466434069885225,0.4608221204314897,1.183841321911151,0.5979919616024217,0.8397469631524596,0.10059208745611077,0.06526287596636357
6,2,supervised,outer,0.45481927710843373,0.31098700071675245,0.35543868550386903,1.3934357197755844,0.6917979659402632,0.6682609228503058,0.040753284422308494,0.03198158441887782
6,2,dae_labeled,fitting,0.5719668425018839,0.49222231955463897,0.48959057392652794,1.1531515161200483,0.5824652740508176,0.8626118478927177,0.12512971957836613,0.0799398134550161
6,2,dae_labeled,outer,0.4427710843373494,0.3021555413265353,0.34563481926662887,1.3989507685493434,0.6959260353868163,0.6696718803232777,0.03419010897278349,0.025979872807301307
6,2,dae_pooled,fitting,0.5715900527505652,0.49162701524509894,0.4893390694809672,1.1536978736814956,0.5841130031332137,0.8645320469872058,0.1254493111846007,0.080263820960782
6,2,dae_pooled,outer,0.4503012048192771,0.31280984367780096,0.3542031369482167,1.3896482334760873,0.6910063826870406,0.678298677863727,0.03913178838116791,0.02235466383411768
6,2,scarf_labeled,fitting,0.5708364732479276,0.4882228761434929,0.4874436287752747,1.16363480173795,0.5876171666540155,0.8513240741889592,0.11987734752220455,0.07121128425486191
6,2,scarf_labeled,outer,0.4578313253012048,0.3165131440170967,0.3589959716870155,1.3898042518339893,0.6906646394869319,0.6721103753363076,0.042864610473217296,0.024800373504976367
6,2,scarf_pooled,fitting,0.5625470987189148,0.4768118020064723,0.478498597211249,1.166940645215635,0.5896655753233211,0.8500983809773845,0.11242006124714687,0.07107190181150183
6,2,scarf_pooled,outer,0.4457831325301205,0.31086088183134675,0.3499832292546891,1.3948389419239455,0.6939835637565342,0.6682908879172035,0.031920157956899835,0.02183450666446826
6,2,soft_labeled,fitting,0.5700828937452901,0.48798811441786094,0.4876878987655574,1.1534194726214566,0.5835140483485006,0.8514208659732233,0.11571867429979217,0.0689874591820381
6,2,soft_labeled,outer,0.4427710843373494,0.30995609590390527,0.3483901717006111,1.3979668012158033,0.6936861465043315,0.6639175435191713,0.026535873344609415,0.023870177689091894
6,2,soft_pooled,fitting,0.5561416729464959,0.46541258802867597,0.4697708852956657,1.1815671815591513,0.5965795481138505,0.8391183578189662,0.10669639414409611,0.06518786570466491
6,2,soft_pooled,outer,0.4503012048192771,0.31027167650342624,0.3527746133965743,1.3932898866019083,0.6919570601949658,0.6674671213626355,0.0337973496859963,0.026618472191924637
6,3,supervised,fitting,0.5446327683615819,0.4482028937022733,0.45671160256677956,1.1832795671834195,0.5974494260058772,0.8400586177470537,0.09757324117594211,0.06424314642742497
6,3,supervised,outer,0.44042232277526394,0.2911489011120417,0.3401766243792742,1.3926367417469505,0.6906348190010623,0.6682410353868464,0.01947035475424585,0.02498985441747372
6,3,dae_labeled,fitting,0.5642184557438795,0.48428939238413016,0.48208177957156695,1.1524438714338947,0.5833639036029774,0.8617824694975711,0.11663312312202384,0.07896516741009908
6,3,dae_labeled,outer,0.444947209653092,0.29134554449566813,0.3423088159632707,1.4108598949025826,0.6983804624823102,0.6511017205204139,0.011529269701555576,0.034122349078326106
6,3,dae_pooled,fitting,0.5694915254237288,0.48887869165646974,0.4869363090864747,1.1492672878917394,0.5810823880488473,0.8632144499166337,0.12191301831683043,0.0768437819471898
6,3,dae_pooled,outer,0.4539969834087481,0.3171898717991943,0.357762177587313,1.3909507841516906,0.6920492958565075,0.6734866621002548,0.040002385345673144,0.028023493340104656
6,3,scarf_labeled,fitting,0.5615819209039548,0.4746988828499531,0.4769229790755013,1.165415173514659,0.5886751314050738,0.8495489987057214,0.11108349914976119,0.07018283090120664
6,3,scarf_labeled,outer,0.44042232277526394,0.29635724348654885,0.3418061183930411,1.4008839821813408,0.694985081343276,0.6635016046413054,0.027101439995342685,0.02792631301221944
6,3,scarf_pooled,fitting,0.559322033898305,0.4727800072127401,0.47465474758639586,1.1651162860578652,0.589157890719541,0.8506596780615171,0.1101004789261375,0.06926489061825178
6,3,scarf_pooled,outer,0.46003016591251883,0.30598371605141644,0.3560003771133954,1.3953228961505288,0.6925599168507499,0.666741533813274,0.03319546843863708,0.030132694627153706
6,3,soft_labeled,fitting,0.5709981167608287,0.4944487369985614,0.4918727295173264,1.1544653606008999,0.5835970899013788,0.8501182353262404,0.11610308214967764,0.06635956449823402
6,3,soft_labeled,outer,0.444947209653092,0.31392813176751483,0.3510667327193637,1.3989900111889308,0.6939750043942254,0.664449723732085,0.03631877046086785,0.03246391306712432
6,3,soft_pooled,fitting,0.5502824858757062,0.45882276101457664,0.4645866704804817,1.1818365714994856,0.5967550801688506,0.8386182318779338,0.10101654114195793,0.060775070222971996
6,3,soft_pooled,outer,0.4434389140271493,0.30412766368618227,0.3463935218668899,1.3912211130432668,0.6904622045602997,0.6704662416240353,0.025959949349827427,0.030524872548313552
6,4,supervised,fitting,0.5535041446872645,0.4542819505153677,0.46322560892741593,1.1786491896191638,0.5954273520137818,0.842084728205218,0.10733932367990755,0.06822137878445629
6,4,supervised,outer,0.4352409638554217,0.29951531323215563,0.3399670961249034,1.4183992952616968,0.7040710338442178,0.6642708793500902,0.01134978926182005,0.02621681620383446
6,4,dae_labeled,fitting,0.5772418990203466,0.4915407191867508,0.49114967975429413,1.1483349060424872,0.580562523526269,0.8639220399077393,0.12882878049418428,0.0813736881705416
6,4,dae_labeled,outer,0.4503012048192771,0.3132297147351293,0.3536383255929466,1.4145437244748393,0.7016107819489814,0.6640311074311438,0.024168315449692706,0.02387301607739746
6,4,dae_pooled,fitting,0.5704596834966089,0.48168617325590396,0.48425427387571884,1.144163317466681,0.578338269174933,0.8642995792741883,0.12094413522854747,0.07986473103893356
6,4,dae_pooled,outer,0.43373493975903615,0.2956485532926,0.3377692939271012,1.4247067912805453,0.706149995448151,0.6524246646679585,0.026248584332080892,0.02422234752179931
6,4,scarf_labeled,fitting,0.5689525244913338,0.4776239888270378,0.4808741597177383,1.1579578324116413,0.5852328917001526,0.8535607728979968,0.11898587800877797,0.07112251571652277
6,4,scarf_labeled,outer,0.44126506024096385,0.31451583051034127,0.34941528867130967,1.4306828036986392,0.7090608864780408,0.6521342414896211,0.019568900260898286,0.02820710094137019
6,4,scarf_pooled,fitting,0.5659382064807837,0.4751821691526669,0.4787690459770366,1.160563693669349,0.5865128217184209,0.851788749817952,0.11638383151333581,0.07013246269738574
6,4,scarf_pooled,outer,0.42771084337349397,0.28919223314521536,0.33185564547201624,1.428609322507143,0.7078834294958506,0.6540422246547248,0.034310461000351816,0.025974082875101508
6,4,soft_labeled,fitting,0.5746043707611153,0.49233418309938803,0.49125232715253386,1.1462890145790956,0.5798822873065925,0.8536930268807559,0.11922672252650406,0.07056671038413863
6,4,soft_labeled,outer,0.43373493975903615,0.2993102282620406,0.33886212374921276,1.4215359707364017,0.7048697403232786,0.663922837615303,0.020788768489598427,0.024876808817928257
6,4,soft_pooled,fitting,0.5568952524491334,0.45996532536395607,0.46725932849008645,1.1740231082814878,0.5934227680764188,0.8437314011839978,0.10828282390872196,0.06786395218296758
6,4,soft_pooled,outer,0.43373493975903615,0.2973849112935477,0.3385161734032624,1.4209018235223076,0.7051591921311063,0.663266826693924,0.020953657952259966,0.024589749374905958
7,0,supervised,fitting,0.5508666164280331,0.45858485300566193,0.4641045394600608,1.182140410884507,0.5970725064427858,0.8415842423099417,0.10541757259822754,0.06707896087048879
7,0,supervised,outer,0.4427710843373494,0.28551040578013354,0.34011032448576317,1.3898386050919733,0.6884274866472706,0.682356806538033,0.029049920732482793,0.02173868074535481
7,0,dae_labeled,fitting,0.5678221552373776,0.4851593744033204,0.48440045350617594,1.1498585013379352,0.5815873316989668,0.8641014190554109,0.12150659891515338,0.08096825430967078
7,0,dae_labeled,outer,0.43373493975903615,0.28884015956405135,0.33568371234647654,1.38837773484263,0.6898253692803088,0.6804301187646418,0.031153557218669428,0.025283401046078968
7,0,dae_pooled,fitting,0.5636774679728711,0.47731731821304785,0.47851620363058167,1.1515552825001585,0.5833882207204814,0.8639226532767399,0.11760930824442539,0.07711289405078023
7,0,dae_pooled,outer,0.4457831325301205,0.3009083389995438,0.34683502539408356,1.3976657211660306,0.694916618981518,0.6728698802871559,0.02721773718773022,0.023985380949283885
7,0,scarf_labeled,fitting,0.560663149962321,0.4739859631717344,0.47592488336369687,1.1645716533362183,0.5890015571411276,0.8532076341841422,0.11248371409961068,0.07356619281730761
7,0,scarf_labeled,outer,0.43373493975903615,0.28667090680238144,0.33482852094309007,1.3863632968378938,0.6868017280474834,0.6805359270357005,0.0361325542166557,0.023120521658109128
7,0,scarf_pooled,fitting,0.5610399397136397,0.472537678955723,0.4752626448010179,1.166243527486707,0.5894922848088651,0.8534231816645166,0.11367811589476567,0.07407086363122228
7,0,scarf_pooled,outer,0.45331325301204817,0.3107280679378394,0.3547278377356108,1.3828526882251637,0.6860207114344666,0.686657415207553,0.02171507451545316,0.023689273805989376
7,0,soft_labeled,fitting,0.5636774679728711,0.4814035163216265,0.481397220121488,1.1522279604447738,0.5830342155101713,0.8521599688430822,0.10972570148805866,0.0703619017804434
7,0,soft_labeled,outer,0.43373493975903615,0.28801621868883476,0.3356842962475803,1.393652756832842,0.6901125113493752,0.6793003866546681,0.03210507566113015,0.025248993949610953
7,0,soft_pooled,fitting,0.5557648831951771,0.46925689208431426,0.47154002973242876,1.1800988547040634,0.5963938322384718,0.8404923555536733,0.1089127637486466,0.06982251365354931
7,0,soft_pooled,outer,0.4397590361445783,0.29230531045431035,0.3403419060553222,1.392986792563786,0.6905426165170442,0.6782200084743699,0.03266159296552403,0.025556648357844124
7,1,supervised,fitting,0.552165725047081,0.45975144728817324,0.4651453016289384,1.1860728122730122,0.598712958909841,0.8422426227283728,0.10903619448001371,0.0702640514185465
7,1,supervised,outer,0.4539969834087481,0.30008166331069963,0.3505998755358758,1.3818437622732205,0.686633962985371,0.6783065438860271,0.040746980682764014,0.026934857392931867
7,1,dae_labeled,fitting,0.5653483992467043,0.4814860405969833,0.4811348137935946,1.1572636166415209,0.5853665763013839,0.8613892012888442,0.12110152202920996,0.08051506616833395
7,1,dae_labeled,outer,0.4434389140271493,0.2879112430460081,0.3401828890674739,1.3941629160887254,0.6937820980836196,0.6696383432645799,0.026395023158446787,0.02270485765959527
7,1,dae_pooled,fitting,0.5661016949152542,0.48068998040862787,0.4809644248681728,1.1595501774383574,0.5861875958266267,0.8569818933617037,0.12088021270726358,0.07587930355891137
7,1,dae_pooled,outer,0.4479638009049774,0.2946605741054313,0.34494745177044245,1.38642414631385,0.688778684427612,0.676241142138295,0.031072041252680534,0.02366282087142245
7,1,scarf_labeled,fitting,0.5732580037664784,0.49035359407550627,0.48892156898673156,1.1696889897435054,0.5905790214308461,0.8504444984071645,0.1268703418071062,0.07473361842647312
7,1,scarf_labeled,outer,0.4494720965309201,0.2958676006474979,0.34630914455847783,1.3880068494100477,0.6889043440350641,0.6720839995929913,0.04735746568337978,0.030144358710388362
7,1,scarf_pooled,fitting,0.559322033898305,0.46847341601284836,0.47218024527201613,1.172684718098511,0.5924560956884201,0.8501873200631836,0.11316964155591694,0.0734480448228766
7,1,scarf_pooled,outer,0.4419306184012066,0.2944443444124696,0.3418102521998689,1.3828346840300934,0.6873087799503695,0.6749041826659413,0.030762692633192597,0.023766400964806464
7,1,soft_labeled,fitting,0.567984934086629,0.4837687330471644,0.48446625532308535,1.1553751283156932,0.5841235856219943,0.8537460740023818,0.11737869274758662,0.07411901578573163
7,1,soft_labeled,outer,0.45248868778280543,0.3063444696585373,0.3519142238509876,1.3807762694472436,0.6864975886063677,0.6790543417968753,0.045976920679679775,0.02949102595470384
7,1,soft_pooled,fitting,0.5570621468926553,0.4657996788155945,0.47025656066558924,1.1852450986249314,0.5981687494494111,0.8406998139036398,0.11199913995966225,0.06858248115622877
7,1,soft_pooled,outer,0.444947209653092,0.28661082649754926,0.34098186714625534,1.3859602622218452,0.6890893360494811,0.6746564555826156,0.033528880836791966,0.02903178500637112
7,2,supervised,fitting,0.5523737754333082,0.46029083265031645,0.4657526751032769,1.182144685073875,0.5972114852363817,0.838385772496746,0.10409348980287228,0.0654972344528188
7,2,supervised,outer,0.42168674698795183,0.2844347550448153,0.3264328218681059,1.4183396460721045,0.703013277151906,0.6596316929747933,0.04208175665731884,0.022358073122352613
7,2,dae_labeled,fitting,0.5689525244913338,0.4828575514232162,0.48364708265444145,1.1474141542568723,0.5805775664629973,0.865151061443321,0.12074656540635265,0.08208534617285575
7,2,dae_labeled,outer,0.42319277108433734,0.28833272292202194,0.3290664701328221,1.4181100363557262,0.7036190461505856,0.661361152298375,0.0416318053491094,0.03076805529825983
7,2,dae_pooled,fitting,0.5712132629992465,0.48605404813640896,0.48594083483552647,1.148082082357003,0.5808171841585865,0.8623336133964958,0.12120506804180357,0.07625883310994663
7,2,dae_pooled,outer,0.4307228915662651,0.29951309600010123,0.3370531081280424,1.4272031321706613,0.7068924435075105,0.6514093265627278,0.03400109442114589,0.030444618682630552
7,2,scarf_labeled,fitting,0.5651846269781462,0.4795534777139824,0.48111903287615554,1.1656112530058933,0.5888999958862638,0.8481914828837495,0.11425711905164271,0.06926029551395804
7,2,scarf_labeled,outer,0.4382530120481928,0.30868769979051547,0.3449221366938472,1.4218155811707434,0.7038583842760702,0.6544209669305853,0.04590810750420753,0.02427717922567284
7,2,scarf_pooled,fitting,0.5587792012057272,0.4676977424928485,0.472073117868215,1.164908172237817,0.5892551813880216,0.8501116817244707,0.10719739992140635,0.07059147333762457
7,2,scarf_pooled,outer,0.4322289156626506,0.2988264855080584,0.33773586697472335,1.419831954809087,0.7032417926572386,0.6580231194321862,0.026473630883555404,0.026424155272748634
7,2,soft_labeled,fitting,0.573474001507159,0.4923361422523901,0.4911594568998042,1.1523918444796952,0.5833704662499688,0.8487957334424202,0.11752357886276536,0.0663732840685263
7,2,soft_labeled,outer,0.42018072289156627,0.29624337580720644,0.33016870923323743,1.4153524807770275,0.7016822010634446,0.663724844533935,0.039338714413088643,0.02258739924442727
7,2,soft_pooled,fitting,0.5538809344385832,0.46311031071236564,0.46771140273901635,1.1797495795383133,0.5960905739772326,0.8384923027587388,0.10360736830748743,0.06476027026863868
7,2,soft_pooled,outer,0.4307228915662651,0.29518112704993454,0.33548308599266063,1.4175187445046034,0.7023433787575316,0.662854108966594,0.03928814739102894,0.026972100561927493
7,3,supervised,fitting,0.5546345139412208,0.45780169008528226,0.4660049414963531,1.1789357969087664,0.5954828662550811,0.8404060650116685,0.10783894215807219,0.06827854523947602
7,3,supervised,outer,0.42620481927710846,0.2924053659623395,0.33218945326438754,1.4118902046991686,0.7007864118254132,0.6532836688501794,0.0223733173165076,0.028258235975986867
7,3,dae_labeled,fitting,0.5715900527505652,0.48811146583333465,0.4875966489073873,1.1468795137498968,0.5803362017501911,0.8645988697886121,0.12487985570078923,0.07977400458645865
7,3,dae_labeled,outer,0.4246987951807229,0.2873129835700129,0.32964570072063504,1.4120591296771663,0.6988607561813979,0.6560078065900541,0.03756423839010919,0.02966930248911843
7,3,dae_pooled,fitting,0.5742275810097965,0.49042001924781475,0.4905292217153674,1.1467599877090897,0.5804706279118093,0.8592082564865253,0.12337163924429072,0.0748540610769933
7,3,dae_pooled,outer,0.41566265060240964,0.2762154914216285,0.31993845284088274,1.417795894091869,0.7026540711224798,0.6505245561026773,0.034202563268219736,0.025529841235806684
7,3,scarf_labeled,fitting,0.5648078372268275,0.4759435884583869,0.47920406781026903,1.1602705300808385,0.5861872229583157,0.8494441123591361,0.11260700923921875,0.06992764764514806
7,3,scarf_labeled,outer,0.41566265060240964,0.2846856718161066,0.3239638217833787,1.4199712471589385,0.704251485807462,0.6512326896523668,0.03320956074315976,0.029575272675763924
7,3,scarf_pooled,fitting,0.5636774679728711,0.47686457329580767,0.47909895124660656,1.1598521540282156,0.5867953358413228,0.8536693319007254,0.1138937841258597,0.07340885963389436
7,3,scarf_pooled,outer,0.43373493975903615,0.29888868491194004,0.33813652867185023,1.4139988761500266,0.7026189973806043,0.65270839665909,0.04654634164431391,0.02941993979399245
7,3,soft_labeled,fitting,0.56706857573474,0.4834267801578883,0.48484658061873614,1.147989658864235,0.581056807979021,0.852355095105821,0.11129195979087367,0.06782082328036472
7,3,soft_labeled,outer,0.42168674698795183,0.29165898978756305,0.3290406950413387,1.4121022814426947,0.7009546701780073,0.655959476228344,0.03113634807381193,0.0334889348509164
7,3,soft_pooled,fitting,0.5572720422004521,0.46868404343597225,0.47237155746262627,1.1761371598740955,0.5944172232171461,0.8398430475393693,0.10689582455909663,0.06563157326358479
7,3,soft_pooled,outer,0.4322289156626506,0.3028152660862343,0.33928582726254775,1.4104873886764564,0.700543477957488,0.6546419714827062,0.015687986988161973,0.029121828061952976
7,4,supervised,fitting,0.5465160075329567,0.4503650864811709,0.45880904425969715,1.1810534867287286,0.596307446028545,0.840484325192493,0.09877460228443097,0.07008648686580603
7,4,supervised,outer,0.4374057315233786,0.2857698740653286,0.3362933990681671,1.3956456551313958,0.6933583608122448,0.6721378798885775,0.0512696581336143,0.02792505171889435
7,4,dae_labeled,fitting,0.5781544256120528,0.4997068246670156,0.49620292761335705,1.1488858403947906,0.5805636787296592,0.8608810835236443,0.1301147301375173,0.07958841297169561
7,4,dae_labeled,outer,0.4419306184012066,0.2936420398906728,0.34174678143191795,1.4036108829569314,0.6953652869827637,0.6632334676587611,0.033809623949828775,0.0255924315850051
7,4,dae_pooled,fitting,0.5585687382297552,0.47038101804516164,0.4732584377715757,1.1509977874873638,0.5826974443253347,0.8631218008766972,0.1105705844387372,0.07859577173606982
7,4,dae_pooled,outer,0.45098039215686275,0.3033313803285652,0.35050442835348694,1.4003343738051337,0.6943902096305568,0.6686928541184722,0.022437376427683196,0.030482801703531147
7,4,scarf_labeled,fitting,0.5506591337099812,0.45650911791625626,0.46364562756337746,1.1661781468118995,0.5900534387913098,0.8483484100954877,0.09970596601848544,0.07248569409037883
7,4,scarf_labeled,outer,0.45098039215686275,0.3213897322409833,0.35724284436937975,1.4020684665593204,0.6940959840631137,0.663049145380327,0.009154901161865996,0.022288205739049022
7,4,scarf_pooled,fitting,0.5578154425612053,0.46824199798327965,0.47183270962239066,1.1632000297407374,0.588060489419621,0.8525636083250119,0.1086380209669619,0.07364837330472726
7,4,scarf_pooled,outer,0.4434389140271493,0.30420282393076353,0.3466986863752406,1.4001186587983745,0.696049019568408,0.6699709974740324,0.027294427311223658,0.02284752543805175
7,4,soft_labeled,fitting,0.5645951035781545,0.47968767020102476,0.4815721483090455,1.1519056320496601,0.5827609486719733,0.8519652774611963,0.10902283822836173,0.07166688414705139
7,4,soft_labeled,outer,0.4343891402714932,0.2931794120578362,0.33698529976006775,1.3967336820394822,0.6935690611090868,0.6710989414922646,0.03600868924678612,0.029714130086165386
7,4,soft_pooled,fitting,0.5502824858757062,0.45338422236772313,0.4616632755713835,1.1794451291215724,0.5955657717504536,0.8398531535706594,0.10060150634155803,0.06701441377616593
7,4,soft_pooled,outer,0.4434389140271493,0.29499191840928674,0.34286403127844955,1.3995636733668144,0.6951185388209351,0.6674040437835188,0.022529694535078193,0.020527965231751356
8,0,supervised,fitting,0.5414468726450641,0.4445873699013959,0.45316688458642734,1.1938855149026406,0.6034372414241543,0.8395137867365469,0.09942992468357478,0.07057426626801436
8,0,supervised,outer,0.46686746987951805,0.31565382150876914,0.3628941769906207,1.3540500659544905,0.6720857519877421,0.6939792330325437,0.04324228878725297,0.031314219013454
8,0,dae_labeled,fitting,0.5610399397136397,0.4776095040385659,0.47717279572898796,1.1622644422159398,0.5883118931859506,0.8649110437038893,0.1191258868357085,0.08195072713465149
8,0,dae_labeled,outer,0.47289156626506024,0.32424334030089763,0.3691750601904547,1.3555471597168212,0.6733179883241853,0.6927538007114358,0.03454548561781903,0.029665010615147636
8,0,dae_pooled,fitting,0.5640542577241899,0.47985787360378546,0.4799154142777919,1.1583649741248145,0.5861532360377428,0.8631140618829549,0.11963023718612162,0.07782436122643399
8,0,dae_pooled,outer,0.4563253012048193,0.30419224319235494,0.35268396170611477,1.3727364063487622,0.6821478038548252,0.6813684306706691,0.016305383405470726,0.03096632462125138
8,0,scarf_labeled,fitting,0.551243406179352,0.4600748584171287,0.46486251332517964,1.1754915363406095,0.5942103046109444,0.8492378789049507,0.10691984189018927,0.07301719665884306
8,0,scarf_labeled,outer,0.46987951807228917,0.32831343006046715,0.3690745119002374,1.3623212265508198,0.6746619447910137,0.6812879945862872,0.028654707711352263,0.02487474022861578
8,0,scarf_pooled,fitting,0.5489826676714393,0.45556241650399654,0.4614943535072219,1.1732167192972531,0.5933403737305425,0.8534123737892993,0.10405488273121287,0.07457028904741407
8,0,scarf_pooled,outer,0.4503012048192771,0.2856498887075952,0.3429660819968174,1.3677252051716886,0.6787076682768434,0.6839229786218766,0.0466059994745402,0.025433487865941427
8,0,soft_labeled,fitting,0.5640542577241899,0.4817226072337351,0.4814595481232914,1.1633916893609848,0.5888149001736288,0.8504048668416475,0.1149412610754008,0.07212053251801791
8,0,soft_labeled,outer,0.46536144578313254,0.3166859430816541,0.3619553635189531,1.3610072979952703,0.6748967067576881,0.6864658244773012,0.029613709016840458,0.029472493880668547
8,0,soft_pooled,fitting,0.539939713639789,0.4436359691396515,0.452203039778837,1.1916803664195943,0.602182013097272,0.8389495921388237,0.09624626387208382,0.0666985632247592
8,0,soft_pooled,outer,0.4578313253012048,0.29488250952179734,0.3503306531735432,1.352914908709512,0.6716041603608709,0.6922956158537081,0.04702503934451402,0.030292576238055736
8,1,supervised,fitting,0.5550113036925396,0.4633029654640038,0.4682970087896635,1.1774076644340363,0.5952392832110605,0.8398294230257617,0.10702218048254851,0.06803501905621405
8,1,supervised,outer,0.4322289156626506,0.2816513823058958,0.33272768882355414,1.4156982942266891,0.6988615386798132,0.6523935944930708,0.029154059268992408,0.028280512450371786
8,1,dae_labeled,fitting,0.5787490580256217,0.5016794961496224,0.49711182920257596,1.1448566350975196,0.5796679286467267,0.8624749874013883,0.12944362800019724,0.0781599642260551
8,1,dae_labeled,outer,0.4367469879518072,0.3009606415401461,0.34236494717292965,1.4159275746413253,0.7011097926140246,0.65769625398483,0.028298724889543988,0.02359917789193176
8,1,dae_pooled,fitting,0.5738507912584778,0.49294226216347947,0.49076376200597993,1.145276785974243,0.5796673868909539,0.8623551447799649,0.12529296888601107,0.07792522769591614
8,1,dae_pooled,outer,0.4427710843373494,0.3069793839825646,0.3479682280061254,1.4119656168679355,0.6981796605231831,0.6597291462292698,0.031268170703118416,0.028519804753937783
8,1,scarf_labeled,fitting,0.5674453654860587,0.4848688958683958,0.4841187553380055,1.160115960976605,0.5874620792792573,0.8488562421084154,0.11597927858959119,0.06979704699540602
8,1,scarf_labeled,outer,0.4367469879518072,0.28793766339848925,0.33763853809475314,1.4119321157851565,0.6986527073774952,0.6553052661341642,0.03963007710332701,0.036770185359346653
8,1,scarf_pooled,fitting,0.5708364732479276,0.49097855195303997,0.4891127704995961,1.1563749050260657,0.5850106858976041,0.8503165211369208,0.1173758265570502,0.07071981471945314
8,1,scarf_pooled,outer,0.4292168674698795,0.28579189483735046,0.3326406676926396,1.4292077399749819,0.7034259678919763,0.642305505060342,0.03965132556135902,0.03383902755782808
8,1,soft_labeled,fitting,0.5749811605124341,0.49281193455062056,0.4921129608476737,1.1469656683815612,0.5808351169057472,0.8523943830818336,0.11952070734191952,0.0723485358029413
8,1,soft_labeled,outer,0.4292168674698795,0.2843893058830788,0.33177319881841216,1.417408585416127,0.6984083749574805,0.6507853704784008,0.055467613954473666,0.02970943872458832
8,1,soft_pooled,fitting,0.5602863602110023,0.4735786388311677,0.4757361132039068,1.1744325264224742,0.5937551153259344,0.8401653083771452,0.11021914454124332,0.06930387431568512
8,1,soft_pooled,outer,0.4307228915662651,0.2884720897891748,0.3345455828529321,1.4155950380656266,0.6991170144406784,0.6519598413117079,0.03512446803735038,0.03073385852109809
8,2,supervised,fitting,0.5425772418990203,0.4397078164374325,0.4514432445238761,1.1807934657580628,0.5972616575874968,0.8416833550377973,0.09377989640024434,0.06775310519742424
8,2,supervised,outer,0.4171686746987952,0.2788957193638567,0.32343239785639194,1.4104299299331546,0.7005064671677291,0.6656264634198628,0.050014011370492044,0.029342903333671216
8,2,dae_labeled,fitting,0.573474001507159,0.4854109858514139,0.4866044093340946,1.149815179186743,0.581870676418509,0.8610589417416913,0.12296947144993661,0.0790778219188472
8,2,dae_labeled,outer,0.4171686746987952,0.2891118609370781,0.32712324018815087,1.4193581950778906,0.7026947997764675,0.6588992475991192,0.04996558628276223,0.02555588829314979
8,2,dae_pooled,fitting,0.5685757347400151,0.48065304753242055,0.4824049376942363,1.1466531964035946,0.5805890175942725,0.8637091895375792,0.11918628401179276,0.08032006020087067
8,2,dae_pooled,outer,0.42018072289156627,0.28121699486241175,0.32625309106965583,1.4192750627287631,0.7029830213551734,0.6589661669425573,0.04718966290246221,0.02575700060859914
8,2,scarf_labeled,fitting,0.5595327807083648,0.4646835470137535,0.4707757390408296,1.1621368877390175,0.5882345351396178,0.852785001969014,0.10837982288969887,0.07334228261289129
8,2,scarf_labeled,outer,0.42018072289156627,0.27856323245506703,0.3248893243961914,1.4222494566428154,0.704286999560969,0.6506440857810208,0.0553695987462655,0.03394808215038812
8,2,scarf_pooled,fitting,0.5553880934438583,0.4614726156742012,0.4674846328751034,1.1642161064686545,0.5894579187434928,0.8503228678047325,0.104288284944327,0.07191072922536436
8,2,scarf_pooled,outer,0.4186746987951807,0.2820597303760694,0.3254579024147507,1.4273420812076685,0.7063524339472546,0.650175604552165,0.04364611104611831,0.03342063782444767
8,2,soft_labeled,fitting,0.5625470987189148,0.47408905774814303,0.4771597888481912,1.1511405896810074,0.5830625135678863,0.8521855300894543,0.1055219702118657,0.07159073896204818
8,2,soft_labeled,outer,0.4171686746987952,0.28096015325670504,0.3239927632541016,1.4095980116648503,0.6996162042733292,0.6685607325819651,0.052366896246569525,0.03202707521274316
8,2,soft_pooled,fitting,0.5501130369253956,0.4491251273723714,0.4592692949082823,1.178318012817201,0.5959234515088804,0.8403756667219081,0.09855444128045217,0.0668164981439582
8,2,soft_pooled,outer,0.4246987951807229,0.2823687150469235,0.3286413372786391,1.4154413257539198,0.7021569269997754,0.6609725256253542,0.042927897029910754,0.031170462036358166
8,3,supervised,fitting,0.5578154425612053,0.46466472260226854,0.47027783411449225,1.1723389028870415,0.5921550466261035,0.8473029494320314,0.11197251846512798,0.07084155497356062
8,3,supervised,outer,0.4298642533936652,0.2955509938723235,0.33653209319824684,1.4198213497126815,0.7024857292267379,0.6589689738905988,0.03630387301420025,0.03207138999622679
8,3,dae_labeled,fitting,0.567608286252354,0.4844940477180173,0.48402552558511935,1.1436255504583168,0.5784884133208973,0.8688135815613757,0.11933985164954443,0.08069189784329958
8,3,dae_labeled,outer,0.42081447963800905,0.2804887960858174,0.3254623283334919,1.416187063469793,0.7014629873695689,0.6578213060829087,0.04922352517447151,0.02641501814513651
8,3,dae_pooled,fitting,0.5683615819209039,0.4827232328700773,0.4835131537026496,1.1467473547975762,0.5800764030649355,0.863862843714094,0.11909555391793027,0.07940712794103333
8,3,dae_pooled,outer,0.416289592760181,0.2873689974204929,0.32564366675568746,1.4350443157663042,0.7096025059819419,0.6477358334806557,0.03209212930277141,0.02588576683762479
8,3,scarf_labeled,fitting,0.5657250470809793,0.47594091027817215,0.4793742391996355,1.1564539224325285,0.5844519286738906,0.8558707933909104,0.11488335007803849,0.07361993902021796
8,3,scarf_labeled,outer,0.416289592760181,0.29258469547459276,0.3275349942505213,1.4176765250296828,0.7013374766614267,0.6621355133931889,0.038532669743584776,0.023232882552448902
8,3,scarf_pooled,fitting,0.5645951035781545,0.47283384925828187,0.4774085144480361,1.1584005135123263,0.5859952726680724,0.8527943681743215,0.11306033391477302,0.07123929319393264
8,3,scarf_pooled,outer,0.42684766214177977,0.2887901778717229,0.33188441154980175,1.4195690090689146,0.7026239043127195,0.6591049210511214,0.03464408294284167,0.02786181594515108
8,3,soft_labeled,fitting,0.5785310734463277,0.5013076545334242,0.4981294179488307,1.1423535912035032,0.577654802471926,0.8567532125112869,0.12300210923605907,0.07214388920499085
8,3,soft_labeled,outer,0.4238310708898944,0.2905825548134452,0.33185614907049776,1.4219617594118825,0.7035771234146325,0.6591656257642462,0.034878228654172866,0.029135775563549942
8,3,soft_pooled,fitting,0.5630885122410546,0.47217548395845615,0.4761096485072647,1.169745553184573,0.5909291324874053,0.8466574807351434,0.11473912968747098,0.07082446140041758
8,3,soft_pooled,outer,0.42081447963800905,0.2833742691000755,0.32728105611636343,1.4215221260526543,0.7028871120746576,0.6605002357537882,0.04123511078665802,0.02616484825611013
8,4,supervised,fitting,0.5450094161958569,0.44575257426766396,0.4553402863346463,1.1835987306091482,0.597281257732216,0.8386004731960639,0.09758807946492311,0.06730614354224182
8,4,supervised,outer,0.4374057315233786,0.2844759994515199,0.3363635235158059,1.4090795290880005,0.7016670638048846,0.6619015630989581,0.042625508967342324,0.025989859894588557
8,4,dae_labeled,fitting,0.5709981167608287,0.48652101532500386,0.4863801855747819,1.152748944330872,0.5821094389521193,0.8610989216979634,0.12275767117539878,0.07777900731742615
8,4,dae_labeled,outer,0.43891402714932126,0.29888575449827026,0.3419252178067819,1.4193844522427774,0.7036259123417993,0.6569709683899012,0.03990897570688392,0.02628757169513874
8,4,dae_pooled,fitting,0.567608286252354,0.4765764061401594,0.4799422687641545,1.153680282116852,0.5827301217616772,0.8618001667278097,0.1194665380494882,0.07871435704509834
8,4,dae_pooled,outer,0.4374057315233786,0.29583639446201293,0.3400582202915518,1.405573857174041,0.7003503507135613,0.6649542261386012,0.015031732726012702,0.025297941276044476
8,4,scarf_labeled,fitting,0.5596986817325801,0.47023317299432305,0.47373571668662107,1.1685299811423833,0.5901599492190344,0.8484801774637454,0.1078500174220159,0.06902294146692263
8,4,scarf_labeled,outer,0.43891402714932126,0.30297500205532024,0.34353015687886684,1.419021981094929,0.7061648782028294,0.6521006382962615,0.03963518079879819,0.028435562096061823
8,4,scarf_pooled,fitting,0.5612052730696798,0.47151166067689887,0.4746059730115915,1.1691034904936703,0.5910249052149136,0.8487317994308059,0.11166402067897899,0.0721744136235245
8,4,scarf_pooled,outer,0.4343891402714932,0.2942939520411533,0.33786342120354884,1.4096891735290473,0.7019722268992163,0.6618817491465391,0.023242122307342634,0.021945757196576116
8,4,soft_labeled,fitting,0.5706214689265536,0.4884674963442503,0.4876927443644311,1.1522991594560412,0.5825500728133957,0.8513773842051959,0.11492374167282446,0.06862752622533289
8,4,soft_labeled,outer,0.44042232277526394,0.30285674068594826,0.3443409989260979,1.410362692052677,0.7019294253227877,0.662344381163653,0.04073928196931758,0.028913930253187326
8,4,soft_pooled,fitting,0.5491525423728814,0.4522174494179459,0.4601538985965935,1.1814811092301407,0.5958195886789007,0.8380536181581851,0.09934352845389832,0.06553340076728946
8,4,soft_pooled,outer,0.43137254901960786,0.27897045580754254,0.33128665025784587,1.4086259387528426,0.7021207032931412,0.6635880460747908,0.04782922026574189,0.026111984325523113
9,0,supervised,fitting,0.5523737754333082,0.46111856142140545,0.4657501852332004,1.1872681569826617,0.5998404878801135,0.8375419414774162,0.1075089145768609,0.06767480956946934
9,0,supervised,outer,0.4457831325301205,0.2787451063516925,0.3389312148088376,1.384606143665378,0.6874888082379752,0.6688380474483389,0.03472663347321261,0.03215041468911952
9,0,dae_labeled,fitting,0.5648078372268275,0.48293866634433574,0.4816758875961023,1.1553966535348914,0.584870525600458,0.8617352792993357,0.11973745698128192,0.081375454108041
9,0,dae_labeled,outer,0.44728915662650603,0.2714849155547363,0.3377621748346743,1.3936599489818415,0.6930980970147269,0.6589227624628615,0.024511726081385493,0.033379825999952685
9,0,dae_pooled,fitting,0.5633006782215524,0.4791097380151875,0.47946597601405605,1.1523928627636193,0.5831564042777315,0.8621848449987309,0.11670346685683186,0.07859461092980528
9,0,dae_pooled,outer,0.4457831325301205,0.2828879482814837,0.34027656527604055,1.3907489067870118,0.6897453211038387,0.6628381239414822,0.030912328340668312,0.029323459510634635
9,0,scarf_labeled,fitting,0.5659382064807837,0.48270759975563216,0.4822161993353097,1.168820894631566,0.5914635277232039,0.8478496580314321,0.11805237923561801,0.07083251941614221
9,0,scarf_labeled,outer,0.4503012048192771,0.29340622137287975,0.3468174098924421,1.390470092428165,0.6907600242853278,0.663901088636291,0.022031843390965273,0.027277833937216917
9,0,scarf_pooled,fitting,0.5557648831951771,0.4653546727734462,0.4692358848682874,1.1706772362422326,0.5922762597281739,0.8489293329175973,0.10930319933158618,0.07179797559781013
9,0,scarf_pooled,outer,0.4503012048192771,0.28309188286382825,0.3427485684705669,1.3953790704677695,0.6936096832678641,0.6584625468000616,0.032935341493560796,0.03362346506388485
9,0,soft_labeled,fitting,0.5704596834966089,0.491224427748003,0.48878804681746235,1.1555937163136418,0.5849254256408107,0.8503666006239612,0.11753081984824834,0.07175928274841897
9,0,soft_labeled,outer,0.44126506024096385,0.28329210722654874,0.3369432319427072,1.3869070252322686,0.6883191068737005,0.6678887963039317,0.027987527106634217,0.029715586020161243
9,0,soft_pooled,fitting,0.554257724189902,0.4648302659230863,0.46832029111040424,1.1834492313134386,0.5977463426225044,0.8385192712529743,0.10676743100780288,0.06790994787434942
9,0,soft_pooled,outer,0.44879518072289154,0.29321300267504535,0.344990696883376,1.3871361055552558,0.6888606006563484,0.6654209497623964,0.04195408987409421,0.03217054407693294
9,1,supervised,fitting,0.5535041446872645,0.4577857646946176,0.4653858473097148,1.18149236097915,0.5967152903760365,0.8381496987353957,0.1076903327151471,0.0646536336101978
9,1,supervised,outer,0.4427710843373494,0.29009127062196116,0.34116918818951747,1.4196573438382967,0.7043186194398611,0.6538362502058515,0.024876326547430848,0.02932332923063884
9,1,dae_labeled,fitting,0.5749811605124341,0.4931342489073459,0.493256147005302,1.1441622289189284,0.5790391698262123,0.8614535467177568,0.12653738042172533,0.07406563188842538
9,1,dae_labeled,outer,0.4307228915662651,0.28815562352675156,0.33342223900610424,1.4377853452367269,0.7137426218984764,0.6449103184830819,0.03177289214764843,0.031218712094351835
9,1,dae_pooled,fitting,0.5813865862848531,0.5000256963881103,0.4987046876344767,1.1397119565906226,0.5765218633100448,0.8644530004188666,0.13217527999943282,0.07897385523883002
9,1,dae_pooled,outer,0.43373493975903615,0.30256193929606184,0.3406941811865912,1.4347588087986385,0.7133841890837811,0.6451738525005283,0.045773393358669666,0.03199344376335187
9,1,scarf_labeled,fitting,0.5659382064807837,0.4817306113585679,0.48301901629066146,1.159868808585925,0.5864545743507897,0.8485992777440841,0.11459207598675931,0.06759191386500826
9,1,scarf_labeled,outer,0.4442771084337349,0.3105873058196298,0.34894109706639875,1.4169963329892414,0.7038856343540615,0.6551198258059152,0.025370518362256574,0.027419904962138465
9,1,scarf_pooled,fitting,0.5666917859834213,0.4801316578252887,0.4819909432087067,1.1612005191533894,0.5864833984765437,0.8511196216795408,0.11683440815651647,0.06967493300749954
9,1,scarf_pooled,outer,0.45331325301204817,0.30893029325882065,0.35347516739728296,1.4167049814269705,0.7038563471355483,0.6572300569659276,0.040472574476461645,0.03077313298879532
9,1,soft_labeled,fitting,0.5697061039939714,0.4850114834435805,0.4863418530727289,1.150007211078385,0.581662047604246,0.8512830674980659,0.11557822349434355,0.06919960913825017
9,1,soft_labeled,outer,0.4397590361445783,0.29206838396086154,0.34005207326024794,1.4262597929642593,0.7064027756627632,0.651227747362166,0.025924295640904076,0.033696620841841586
9,1,soft_pooled,fitting,0.554257724189902,0.4603356452920049,0.4669665179915822,1.1783432294980736,0.595318244689276,0.8381926786467343,0.10683923872549125,0.065223552019773
9,1,soft_pooled,outer,0.4427710843373494,0.2940129480655519,0.34275284286280366,1.4245358691177596,0.7066349455215628,0.6512693402830605,0.016799486395339028,0.026643221292363472
9,2,supervised,fitting,0.5557648831951771,0.4635496940264912,0.4684295497529213,1.1795618725845076,0.5958056064308542,0.8437060899193984,0.10802697891865207,0.07059305024501726
9,2,supervised,outer,0.4367469879518072,0.2960668904298833,0.3399378924321262,1.3970221273882955,0.6935729827536479,0.6702949808004715,0.04427272581897252,0.030007928652212097
9,2,dae_labeled,fitting,0.5685757347400151,0.4827239154246108,0.48302724045709217,1.1520107886212596,0.581680296976344,0.864650018164328,0.12204753651717018,0.08275941159243126
9,2,dae_labeled,outer,0.4292168674698795,0.29712904612755303,0.33650879447693266,1.4027515273004985,0.6976966124737057,0.6656938380048509,0.038131164299542365,0.024945477993086124
9,2,dae_pooled,fitting,0.5749811605124341,0.492711444545533,0.49111078189098833,1.144975976809491,0.578791706314618,0.8656503912281629,0.12453058718372738,0.08009390071311409
9,2,dae_pooled,outer,0.44126506024096385,0.2985093168849099,0.3434526628486828,1.396102088800186,0.6943479869808845,0.6727228676125504,0.024332775554094927,0.023761992857153864
9,2,scarf_labeled,fitting,0.5689525244913338,0.48287744619812856,0.4838590003124688,1.160826766541143,0.586723764078079,0.8540946015545666,0.11779366627997592,0.07185615724410083
9,2,scarf_labeled,outer,0.4186746987951807,0.2743004932312997,0.3220721344092046,1.4115524303889226,0.7005468181346592,0.6601322370491187,0.03168354250053965,0.026467885398074747
9,2,scarf_pooled,fitting,0.5640542577241899,0.4759843073116393,0.47801600870611544,1.1639898961403905,0.588116993733532,0.8510383561880019,0.11231620867620368,0.07152562591087688
9,2,scarf_pooled,outer,0.4126506024096386,0.2751346410024561,0.31947066980591626,1.4089102695073386,0.7001108643544288,0.6646867031297201,0.03957279815449911,0.025262828523772086
9,2,soft_labeled,fitting,0.5704596834966089,0.48901464136864925,0.4879161485237854,1.1508316783181525,0.5825853535841723,0.8530474085567817,0.11498180233895815,0.07012735760341776
9,2,soft_labeled,outer,0.42771084337349397,0.29860114553733563,0.33589464695241655,1.4005521699686867,0.6940095534284711,0.6676279791456221,0.03211292223603244,0.02600135323772182
9,2,soft_pooled,fitting,0.5489826676714393,0.4538237352074713,0.4610261598480293,1.1769790563385778,0.59457670219743,0.8438978172150428,0.09920615744703538,0.06852581181435807
9,2,soft_pooled,outer,0.4382530120481928,0.29480331411908817,0.34046214423567855,1.3972727928013962,0.6929606742908753,0.6675007909774335,0.03228761417791792,0.026350740967695636
9,3,supervised,fitting,0.5476459510357815,0.44867487631485725,0.4579830150281774,1.1816506516924719,0.5962867619610797,0.8422146260421594,0.10171751291498499,0.06959502754503263
9,3,supervised,outer,0.45098039215686275,0.31427505522803023,0.3545575952950564,1.3981460875130403,0.6961521468811797,0.6738030413214876,0.031849365508649,0.02396718206662412
9,3,dae_labeled,fitting,0.5751412429378531,0.48812535917049776,0.4886575893132177,1.1464185365822195,0.5793597623462733,0.8656330945950306,0.12671343046663808,0.08042107045369422
9,3,dae_labeled,outer,0.44042232277526394,0.3100826608328644,0.3470488154004644,1.4049936579998399,0.6991139813344693,0.6681419128037013,0.019004234793975013,0.026591570607445953
9,3,dae_pooled,fitting,0.5668549905838042,0.4795816583733415,0.48025284929441137,1.1562945734520942,0.5846639306749619,0.8603701152708769,0.11923776074843452,0.07624753260890207
9,3,dae_pooled,outer,0.45248868778280543,0.3184995713452744,0.3568102357682661,1.3952324309747695,0.6940236407428529,0.6765349180893292,0.03277799100908797,0.026718294698496868
9,3,scarf_labeled,fitting,0.5638418079096045,0.4770111232637828,0.4785690704948372,1.1629654616656302,0.5873838494986859,0.8513644371991855,0.11400944827041704,0.07441834530765877
9,3,scarf_labeled,outer,0.4358974358974359,0.3037417817500443,0.34234792596979036,1.3922425796985698,0.693395432843391,0.6772705066440621,0.029742057799151702,0.019281393357566852
9,3,scarf_pooled,fitting,0.5548022598870056,0.45611337708394706,0.4646910769292291,1.1633672970468552,0.5877561582216971,0.853507998312843,0.10634683879584068,0.07189377680718648
9,3,scarf_pooled,outer,0.4555052790346908,0.32263680698314207,0.3606909542273013,1.3939578926960194,0.6935988494856244,0.6742771701114758,0.04490508860403863,0.02166587927779877
9,3,soft_labeled,fitting,0.5634651600753295,0.47447519455474685,0.4777143421256733,1.1528198279750936,0.5826709392006416,0.8527717773644639,0.10975589624112994,0.07105530008009193
9,3,soft_labeled,outer,0.444947209653092,0.31457225066644445,0.35126695768355154,1.4002765918151836,0.6973704370990915,0.6735472964188068,0.04747594705630761,0.02509650950311988
9,3,soft_pooled,fitting,0.5491525423728814,0.45288174186134367,0.4606709167122872,1.180672272067199,0.5960830871074564,0.8415197268915511,0.1019390195629634,0.06885444786932834
9,3,soft_pooled,outer,0.4479638009049774,0.3070297051197138,0.3499886410763427,1.3984039544452573,0.695452609486194,0.673322007304823,0.03343112480717058,0.024041409228643142
9,4,supervised,fitting,0.5574387947269304,0.46301663969863416,0.4690393159995626,1.1830263741332967,0.5976809993103653,0.8420705932586069,0.11130423565048232,0.07094755638967316
9,4,supervised,outer,0.4253393665158371,0.2640864370682042,0.3217592145597295,1.3895831420270155,0.6864305015162129,0.6792347617571448,0.07187102951616951,0.023007033459808663
9,4,dae_labeled,fitting,0.5702448210922787,0.4797292383919257,0.4827522835915345,1.151358040419583,0.581215392422197,0.8638492167708505,0.12320474455071416,0.08056691122265107
9,4,dae_labeled,outer,0.4494720965309201,0.29635194958069283,0.3467322689845889,1.3813925884957385,0.6840575620469376,0.6858980317866656,0.026032326191781252,0.024909949072222375
9,4,dae_pooled,fitting,0.5642184557438795,0.4697141785980742,0.47493104097528294,1.158112259817539,0.5861326901595724,0.8627258901103746,0.11900589038091547,0.0798175913511566
9,4,dae_pooled,outer,0.4358974358974359,0.28989756742642064,0.33704492729542346,1.3896688610262542,0.6869726908058996,0.67592362585406,0.03832092629649676,0.022446731279703026
9,4,scarf_labeled,fitting,0.559322033898305,0.46629040870224275,0.4711015141206819,1.1690791449426736,0.5917018163569651,0.8503662868749939,0.10996011347801302,0.07364133112826263
9,4,scarf_labeled,outer,0.4343891402714932,0.2902132732118515,0.3359826562331524,1.3887462572648819,0.6870869909331974,0.6794402577967974,0.040925554064638985,0.024198707092606152
9,4,scarf_pooled,fitting,0.5657250470809793,0.4728959809851429,0.47718103263571193,1.1684745743032516,0.5903455056388738,0.8513197576409162,0.11761496598181616,0.07377190851383726
9,4,scarf_pooled,outer,0.43288084464555054,0.27417662119694125,0.3296207493230504,1.3914778928182283,0.6879093931707622,0.6766212141096105,0.041831324307923634,0.01922334784433718
9,4,soft_labeled,fitting,0.575894538606403,0.49424204802025384,0.4930406928589055,1.1535194318145257,0.5835193739903385,0.8521299291542208,0.1215224564046333,0.07260413902686498
9,4,soft_labeled,outer,0.42835595776772245,0.2843631980637572,0.32996069585084226,1.392908790385962,0.6879809916291086,0.6772540579061351,0.038226925188479706,0.02017132525833546
9,4,soft_pooled,fitting,0.5566854990583804,0.46388440019454275,0.4694571682098534,1.181483121120634,0.5970455251305973,0.8416511079828783,0.10884371369168551,0.07100506895652577
9,4,soft_pooled,outer,0.43891402714932126,0.2918540550436708,0.3396161005719553,1.38357331565929,0.6849287327906739,0.6842330143773003,0.041460002502464725,0.019252234900500494
