arm,repeat,slice,group,events,accuracy,macro_f1,balanced_accuracy,log_loss,brier,macro_auc,top_ece,classwise_ece
supervised,0,age_cohort,30–39,741,0.4979757085020243,0.31157651121587665,0.3568918613420179,1.3184444887221631,0.6511203644575108,0.6930009947472453,0.042979407760289016,0.02539923536429759
supervised,0,age_cohort,40–49,824,0.46359223300970875,0.2980892851576228,0.34414350379476893,1.374561544535185,0.6829266346384004,0.6610923442561485,0.0372767545356269,0.03007260443596324
supervised,0,age_cohort,50+,1102,0.37568058076225047,0.24764688502144905,0.2978062464062732,1.4975087330212298,0.7414046597899999,0.6239379523324677,0.05955022871867263,0.03486096597667039
supervised,0,age_cohort,<30,594,0.4444444444444444,0.3243392099616592,0.37394277186781627,1.3893099645116114,0.691136945055415,0.6844672706140051,0.028857154023121258,0.03402841544539224
supervised,0,age_cohort,missing,57,0.40350877192982454,0.22911564625850342,0.3208333333333333,1.4304057529764664,0.7075222147031911,0.6660526231358681,0.11333715881565291,0.08157581219906587
supervised,0,context_domain,external_event,221,0.416289592760181,0.297178979516827,0.33786810776942355,1.388176174793407,0.6954739389125594,0.6682817516229942,0.036534707797559934,0.045679243573215296
supervised,0,context_domain,formal_training,2491,0.4355680449618627,0.2812994608808555,0.33274814571858663,1.4120499702511826,0.6992363086955135,0.6571399219338285,0.013693379087427397,0.017476473166295393
supervised,0,context_domain,on_the_job,606,0.4537953795379538,0.279783436544523,0.33400481433348006,1.3901659058482307,0.6891194690337233,0.6598021150000084,0.03739681191998695,0.027582380430451144
supervised,1,age_cohort,30–39,741,0.4939271255060729,0.3175187357357624,0.35834934155994447,1.29882768278816,0.6420825170158625,0.7102647620247403,0.041236331472773044,0.025437284123860295
supervised,1,age_cohort,40–49,824,0.4696601941747573,0.3053742540144898,0.35102117033341645,1.3583609720951701,0.6757570500185524,0.6737478916138817,0.030075369047184428,0.03219680667454185
supervised,1,age_cohort,50+,1102,0.37749546279491836,0.2533972655737518,0.30072354300726595,1.4884852831757698,0.7380185291738246,0.6344327841711404,0.05548216562119976,0.02796090734217905
supervised,1,age_cohort,<30,594,0.4511784511784512,0.3317797093546193,0.38088624173432795,1.397528508189495,0.69569921618855,0.6767401541846828,0.031887911817386524,0.03300854201401011
supervised,1,age_cohort,missing,57,0.45614035087719296,0.2962732919254658,0.3696969696969697,1.4233259244656118,0.7071005824014354,0.6735037883251034,0.10225658946745005,0.08639764984894234
supervised,1,context_domain,external_event,221,0.4253393665158371,0.3070603817363538,0.3464755639097744,1.3868405590913022,0.6958440473966658,0.6567176234496224,0.032310226491056575,0.041244929034922946
supervised,1,context_domain,formal_training,2491,0.44158972300281013,0.29255604435038485,0.340372267000228,1.4009414013253878,0.6946399456307679,0.6682564343562192,0.014704845388134907,0.015092372023790226
supervised,1,context_domain,on_the_job,606,0.4438943894389439,0.28304374470767585,0.331675768330166,1.3812809460569726,0.685352808656057,0.663349094978649,0.02829777530541745,0.028447444750668932
supervised,2,age_cohort,30–39,741,0.4925775978407557,0.29529024220206235,0.3475975540982682,1.3136635689684943,0.6473803697143778,0.6953381260208396,0.0517683678868219,0.027353209501609677
supervised,2,age_cohort,40–49,824,0.46601941747572817,0.30515604074487324,0.34848980243717076,1.3666478839658491,0.6798420597461662,0.6685627320008566,0.048692935343708575,0.03350577554002844
supervised,2,age_cohort,50+,1102,0.3838475499092559,0.2592963056734429,0.30670295034026446,1.4884762936739173,0.7379672792171152,0.6340370685694652,0.04935902107178896,0.027397895274386776
supervised,2,age_cohort,<30,594,0.4393939393939394,0.31707550911372584,0.36872216099903615,1.3916233110451164,0.6940697156662154,0.6816996857539519,0.04922907785715558,0.03463397548431073
supervised,2,age_cohort,missing,57,0.42105263157894735,0.24773892773892775,0.3390151515151515,1.4233634961791186,0.702511368784202,0.6637154775039187,0.06490293318890995,0.06052850362420016
supervised,2,context_domain,external_event,221,0.39819004524886875,0.28999710504549214,0.3310521768130002,1.4128689929800575,0.7121473522487237,0.6543611688083575,0.08791144315498266,0.05508225599955753
supervised,2,context_domain,formal_training,2491,0.44199116820553996,0.28958708219692075,0.33930421089209556,1.4038406691172383,0.6958582041104466,0.6650511043681028,0.013665570005503174,0.01794146238184772
supervised,2,context_domain,on_the_job,606,0.44224422442244227,0.2744149566834587,0.32735529888828574,1.3834789578309359,0.6843100011993348,0.6623237571914704,0.040360107096852914,0.02855596791491096
supervised,3,age_cohort,30–39,741,0.4817813765182186,0.2965623206542617,0.3421103805140092,1.3200967769904128,0.6524131138151208,0.6936193402805466,0.05429739173764364,0.025628892051162828
supervised,3,age_cohort,40–49,824,0.46601941747572817,0.30586418881799454,0.3494465676458921,1.3595615696359569,0.6763029747437828,0.6744424286829431,0.0307731188265908,0.029895985063794733
supervised,3,age_cohort,50+,1102,0.38656987295825773,0.25571281370844806,0.3073850624606316,1.485066834299286,0.7374509276554887,0.6372393181777828,0.04504800614583581,0.02760595598407265
supervised,3,age_cohort,<30,594,0.44107744107744107,0.32374252513382945,0.3718384208125461,1.4022181402858351,0.6968342975978641,0.6740775703583655,0.039508661485404176,0.03574238642098201
supervised,3,age_cohort,missing,57,0.43859649122807015,0.2588235294117647,0.3515151515151515,1.3570201510384046,0.6721798975798645,0.7244742238830256,0.14257345603885468,0.10661254181019539
supervised,3,context_domain,external_event,221,0.40271493212669685,0.274475874856985,0.32209429824561403,1.3944229060446822,0.7021090073131672,0.673816995629786,0.04066426474904025,0.04327840382257857
supervised,3,context_domain,formal_training,2491,0.437173825772782,0.2838101747644838,0.33455160993866484,1.4039392383632987,0.6958777780772094,0.6650134400511144,0.013085583999530012,0.01443989815585405
supervised,3,context_domain,on_the_job,606,0.45544554455445546,0.2948715353033907,0.3417076471276093,1.3859764281647868,0.6881499701829624,0.665546787751822,0.018652354527820905,0.026545624528025547
supervised,4,age_cohort,30–39,741,0.4885290148448043,0.31163412332251117,0.3521795127694643,1.3175535014911894,0.6502004957699221,0.6916853473411655,0.04181075927649026,0.026093510227998627
supervised,4,age_cohort,40–49,824,0.4575242718446602,0.28702714078510766,0.3371728024977819,1.371275927089871,0.6809135227991849,0.6634976259953566,0.03538651756833764,0.029814064233890943
supervised,4,age_cohort,50+,1102,0.38475499092558985,0.2534795475192548,0.3052593475578761,1.485142343393419,0.7352652454815831,0.6345399375021726,0.051783153571500214,0.03075051374508402
supervised,4,age_cohort,<30,594,0.43602693602693604,0.3123908437878202,0.3655766745426471,1.3918543272849906,0.6941408053201529,0.6821189516771,0.03774176372841669,0.03874433182271219
supervised,4,age_cohort,missing,57,0.43859649122807015,0.28536866359447,0.3571969696969697,1.367132265527815,0.6781899297586499,0.7167659511848271,0.16176137788916878,0.08785761595328527
supervised,4,context_domain,external_event,221,0.416289592760181,0.2896980352169411,0.3389625778155065,1.3890261387478202,0.6996396545817486,0.6688387893074624,0.05907448859242429,0.04185906419115952
supervised,4,context_domain,formal_training,2491,0.4379767161782417,0.28266675415102777,0.33470479706504275,1.4063823569672498,0.6961505734013547,0.6618616574959669,0.01916336552800725,0.019609205326941288
supervised,4,context_domain,on_the_job,606,0.43564356435643564,0.28121618282027666,0.3263521650715543,1.381650416865108,0.6854432888181823,0.6626056664195319,0.03260998306042049,0.03303447354651348
supervised,5,age_cohort,30–39,741,0.48043184885290147,0.29317193794836666,0.34027596749851996,1.3202240271954695,0.6509581525799617,0.6943820946148633,0.04722512746908501,0.023484952575636358
supervised,5,age_cohort,40–49,824,0.4538834951456311,0.28265441946925607,0.33371476747496526,1.3694628356667407,0.6807278411858094,0.6645189122053579,0.03659894104062675,0.03428085644100777
supervised,5,age_cohort,50+,1102,0.37840290381125224,0.2470752772376882,0.2987567189968824,1.4969218152789332,0.7403565001824051,0.6287271157852217,0.0523737270675813,0.027901466590800013
supervised,5,age_cohort,<30,594,0.4292929292929293,0.31041198704055506,0.36033234056653674,1.3947053613092142,0.6948335532282253,0.6782897389728841,0.024502176033775705,0.036406592319773654
supervised,5,age_cohort,missing,57,0.42105263157894735,0.27914893617021275,0.34469696969696967,1.4392417020761532,0.706411152161999,0.6531361267066462,0.10690862117121207,0.08017536784175025
supervised,5,context_domain,external_event,221,0.3936651583710407,0.2815194310522639,0.3204338972431078,1.4061682766036072,0.7043752481537573,0.6536978558879107,0.08414804824131901,0.04224484283788693
supervised,5,context_domain,formal_training,2491,0.42753914090726614,0.2709837714816338,0.3247044075002738,1.4124106128119505,0.699203813588929,0.6585558153227044,0.023194787558273342,0.017161536926246206
supervised,5,context_domain,on_the_job,606,0.4521452145214521,0.28556553704314,0.3353297872306713,1.3824174210737132,0.6844315712849276,0.6635753665840888,0.04847794547005822,0.030135331703546275
supervised,6,age_cohort,30–39,741,0.5020242914979757,0.3239172114360751,0.3634257343898112,1.3121313647649488,0.6480131198801002,0.696499451514782,0.050740344694059546,0.028379437100580395
supervised,6,age_cohort,40–49,824,0.4720873786407767,0.3004174560975179,0.35049617539702027,1.3565746874254685,0.6741838869471729,0.6766974159449349,0.03415998834152471,0.028568178496935593
supervised,6,age_cohort,50+,1102,0.3811252268602541,0.2532048995160224,0.30292581563310556,1.4858987331268558,0.7360321535591939,0.6342379516593123,0.05729609624841007,0.02945090299805899
supervised,6,age_cohort,<30,594,0.45286195286195285,0.33664992644974856,0.38330005618007895,1.3798516749223508,0.6881890912521719,0.6899162148318927,0.04092411465167327,0.03642590424218205
supervised,6,age_cohort,missing,57,0.43859649122807015,0.2613333333333333,0.35151515151515145,1.4046910548762235,0.6958843425474073,0.6911588900671616,0.08149494908183288,0.06454410351670348
supervised,6,context_domain,external_event,221,0.40271493212669685,0.2758840397472858,0.3223684210526316,1.4097186189422721,0.7040581619076762,0.6438717108230995,0.048758623246412364,0.042955658240953154
supervised,6,context_domain,formal_training,2491,0.4484142914492172,0.2970399438996225,0.34558675030168295,1.3944706196364753,0.6913069896171646,0.6714103696124183,0.01407159824664267,0.016104068013876722
supervised,6,context_domain,on_the_job,606,0.4438943894389439,0.27683344999042947,0.32934177869847575,1.389591492353676,0.6891416513348105,0.6572317595887454,0.023533026564217317,0.031271900812963396
supervised,7,age_cohort,30–39,741,0.4925775978407557,0.31313134409298404,0.3552918249555922,1.3118534556196555,0.6473378883955968,0.6966004193037973,0.047297824651550524,0.025925778322775917
supervised,7,age_cohort,40–49,824,0.45995145631067963,0.2922003680075385,0.33998235598517934,1.35956218519449,0.675613206659789,0.6763745596474131,0.05310409502957288,0.027990561070978366
supervised,7,age_cohort,50+,1102,0.3838475499092559,0.25592650397144173,0.30555207825936825,1.4899184934824434,0.7386090431135073,0.6322616158940055,0.04847543779008263,0.03203960404136243
supervised,7,age_cohort,<30,594,0.43434343434343436,0.31624452226974453,0.36604775770688697,1.398740519541371,0.6981458140455092,0.6766062153703887,0.046969306974397856,0.03875807628735736
supervised,7,age_cohort,missing,57,0.40350877192982454,0.2611111111111111,0.33690476190476193,1.3771269963650052,0.6867599763092309,0.6985395779743605,0.15230364363238003,0.07627267060130617
supervised,7,context_domain,external_event,221,0.42081447963800905,0.2871706309642501,0.3381030701754386,1.3838518695739632,0.6944587266938007,0.673132087609221,0.03152651679184495,0.044154251569233006
supervised,7,context_domain,formal_training,2491,0.4355680449618627,0.28372796895784047,0.333504710830444,1.4043748642137948,0.695850180850658,0.6635352151378222,0.020474971235589834,0.020280751246467565
supervised,7,context_domain,on_the_job,606,0.44554455445544555,0.27948109255715303,0.3307227717783467,1.3852671427393535,0.6886725679772737,0.6633254036013942,0.033269700612196924,0.03152209843764532
supervised,8,age_cohort,30–39,741,0.4939271255060729,0.3184869731901139,0.35834682781085464,1.317505569547279,0.6508990178913112,0.6931373150031226,0.050931510411558134,0.02799253845800172
supervised,8,age_cohort,40–49,824,0.4587378640776699,0.28850451550281764,0.3385270260000339,1.363907081832098,0.6773941457158713,0.6712143092967378,0.026096477616461732,0.02203467045435587
supervised,8,age_cohort,50+,1102,0.3811252268602541,0.252470255354988,0.3025906964858317,1.4877239956580723,0.7374292890238219,0.6289180070397737,0.04699319815288715,0.032148920001966605
supervised,8,age_cohort,<30,594,0.4393939393939394,0.3296417560374331,0.3731867326003457,1.3991966638517799,0.6961105286127669,0.6722741510983463,0.0473649880340527,0.03734139150839858
supervised,8,age_cohort,missing,57,0.42105263157894735,0.2590627763041556,0.3390151515151515,1.4118235662006031,0.6977704939477188,0.6755180240010569,0.13185081945324661,0.0786897798835562
supervised,8,context_domain,external_event,221,0.4343891402714932,0.3283446429805429,0.35663756164605065,1.3964747023891555,0.7034642307747024,0.6661164170907146,0.06366374332991571,0.03953470533037577
supervised,8,context_domain,formal_training,2491,0.4355680449618627,0.28385407884725045,0.3338279903932198,1.405251719136167,0.6961554801431533,0.6618334170570119,0.023305656061842317,0.017798009163055774
supervised,8,context_domain,on_the_job,606,0.44224422442244227,0.27459506399196293,0.32747155401373507,1.3895985572352703,0.687804787037608,0.6553507748408922,0.02459898758542572,0.03218590681811954
supervised,9,age_cohort,30–39,741,0.4993252361673414,0.31224868505761505,0.35780046116441805,1.3142149789690132,0.6482371463230925,0.6923983601135173,0.04752538845999608,0.02612763469061454
supervised,9,age_cohort,40–49,824,0.4587378640776699,0.2901870311591912,0.33908018915257,1.365003236416983,0.6792047322175143,0.6709844398640327,0.029325327759043864,0.03405822544665887
supervised,9,age_cohort,50+,1102,0.3874773139745917,0.2538299908217171,0.30718647750300654,1.4852040662813557,0.7364451224687389,0.6339000300913498,0.06335602507049769,0.028362271187082334
supervised,9,age_cohort,<30,594,0.4377104377104377,0.31896226327567695,0.3687477413897264,1.3872197905552046,0.6913489010428469,0.6822968179331076,0.03805026639462097,0.04012388269131674
supervised,9,age_cohort,missing,57,0.45614035087719296,0.2902544640685058,0.3696969696969697,1.3792758704885457,0.6861875694970541,0.702876157933422,0.16051224100471245,0.08632536456758585
supervised,9,context_domain,external_event,221,0.4298642533936652,0.30305397423173414,0.347953805885682,1.3903705453211181,0.6987070654251325,0.6552883540359087,0.07206315265350997,0.04347673636038484
supervised,9,context_domain,formal_training,2491,0.4383781613809715,0.28031745970093236,0.3341094307619109,1.4023770360403007,0.6948758930680398,0.6645455323363771,0.029292680428253986,0.019545220344712483
supervised,9,context_domain,on_the_job,606,0.4521452145214521,0.2818769562619787,0.3348766434791482,1.3817244887474742,0.6864600285850416,0.6631910912737357,0.01804127377964081,0.026758447629135797
dae_labeled,0,age_cohort,30–39,741,0.5006747638326585,0.321209448608856,0.3617512145125665,1.3232121806901946,0.6542503671657791,0.6875066959803263,0.048929920615688675,0.02766845911407173
dae_labeled,0,age_cohort,40–49,824,0.4672330097087379,0.30271892065075245,0.348179061062079,1.378432429033716,0.6837530672403812,0.6557073767817012,0.0316340554507695,0.03358331954842638
dae_labeled,0,age_cohort,50+,1102,0.38294010889292196,0.26108887176715245,0.30653186929866355,1.4962651331094017,0.7408272359619107,0.6255321624710823,0.05086306373189923,0.03356470544425351
dae_labeled,0,age_cohort,<30,594,0.43265993265993263,0.3207784157419665,0.3657691492979426,1.4063201514795673,0.6990731643656227,0.6736216497590423,0.03380104966956889,0.035501853544317154
dae_labeled,0,age_cohort,missing,57,0.38596491228070173,0.21914893617021275,0.3083333333333333,1.4645312594851563,0.7220335704428712,0.6304693439979759,0.13086744379848378,0.08998630874810945
dae_labeled,0,context_domain,external_event,221,0.42081447963800905,0.30691097898623976,0.3443197206726493,1.4009086806656488,0.7011693483019272,0.6603897472906117,0.04795017653333714,0.0549699587031706
dae_labeled,0,context_domain,formal_training,2491,0.437173825772782,0.286270159537871,0.33548487392909665,1.4148766681148315,0.7009302386921186,0.6530419502369111,0.007689644100642127,0.021404275883431554
dae_labeled,0,context_domain,on_the_job,606,0.4537953795379538,0.2982027389439711,0.34173763213510555,1.4026181141421454,0.6931243995009445,0.6452149147463153,0.042512352498595724,0.029988964922018257
dae_labeled,1,age_cohort,30–39,741,0.49527665317139,0.31925819777378417,0.3596861709139049,1.3080195707069437,0.6462236150236683,0.7066283450803528,0.05303670518063423,0.027386444309154427
dae_labeled,1,age_cohort,40–49,824,0.4696601941747573,0.31652587820786937,0.35499614480265107,1.366581736569653,0.6804547922678504,0.6706091355671273,0.03368790741231952,0.028904011809853313
dae_labeled,1,age_cohort,50+,1102,0.3738656987295826,0.2477899432450914,0.29676322836645,1.4935594347171823,0.7407410747461637,0.6301121354973349,0.057756711687012886,0.033831156274184364
dae_labeled,1,age_cohort,<30,594,0.45454545454545453,0.3447120230677653,0.3874080173038313,1.392939270533989,0.6949868289923157,0.6826898362738993,0.03067487188579852,0.032451012083468525
dae_labeled,1,age_cohort,missing,57,0.47368421052631576,0.34212121212121216,0.39826839826839827,1.4374316995006617,0.7111196034005405,0.661590124595957,0.14032296925600346,0.06714525100492444
dae_labeled,1,context_domain,external_event,221,0.42081447963800905,0.3113052746809553,0.3462736983588003,1.3929171184387117,0.7005320462870412,0.660605673674398,0.05795502705986606,0.042587123211583734
dae_labeled,1,context_domain,formal_training,2491,0.44078683259735046,0.2985905472161341,0.3420968562346711,1.4051882251837056,0.6970592773319826,0.6642165944163241,0.01717573995457527,0.01766932999289391
dae_labeled,1,context_domain,on_the_job,606,0.44884488448844884,0.2788920020814133,0.3329008425400489,1.3900814048625993,0.6897803031078891,0.6605073216436061,0.034541351369030686,0.03210769270711436
dae_labeled,2,age_cohort,30–39,741,0.4925775978407557,0.3062219287729603,0.3520883476680358,1.318585341676965,0.6512518394399038,0.6938779770908718,0.05297605354669236,0.028860556808846537
dae_labeled,2,age_cohort,40–49,824,0.46601941747572817,0.29924604484342543,0.34601638815894087,1.3736452676202007,0.683025515557335,0.6636139077755121,0.0449110175128411,0.02801870928868987
dae_labeled,2,age_cohort,50+,1102,0.37295825771324864,0.24748499884316466,0.29598949541445646,1.494042622053374,0.7410624669270959,0.6289073540384111,0.05798731414342446,0.029110804580560062
dae_labeled,2,age_cohort,<30,594,0.4377104377104377,0.31915482748200247,0.36847599322568,1.406886621916664,0.7010884466872394,0.6688309290741323,0.054528395040638514,0.03452755470633293
dae_labeled,2,age_cohort,missing,57,0.40350877192982454,0.2276595744680851,0.3208333333333333,1.4325083813076371,0.706070939991801,0.6656670895186272,0.12560440158432218,0.08332514434935648
dae_labeled,2,context_domain,external_event,221,0.4072398190045249,0.27302197802197803,0.32834429824561406,1.418303675045144,0.7132539701348961,0.6467683891270072,0.09609590365421616,0.05059921015873135
dae_labeled,2,context_domain,formal_training,2491,0.43436370935367324,0.28384062735303234,0.3329713606054133,1.4104505671507068,0.6997241802244483,0.6584034066175353,0.022009951111647278,0.018123952589640915
dae_labeled,2,context_domain,on_the_job,606,0.4471947194719472,0.2802572266952247,0.33139327989778095,1.3958029115513877,0.689920787080384,0.6569823466484273,0.0175029608364709,0.03238186130577065
dae_labeled,3,age_cohort,30–39,741,0.48313090418353577,0.30899616182137335,0.3486897556310621,1.3286075843716856,0.6568834669677659,0.6883737099995548,0.05336461251933019,0.028546934660832544
dae_labeled,3,age_cohort,40–49,824,0.4696601941747573,0.31349774016298326,0.35438594180678884,1.3719634478174432,0.6820646286376639,0.6632730175925812,0.029744189204743747,0.025635663127459213
dae_labeled,3,age_cohort,50+,1102,0.37840290381125224,0.2595937079228185,0.30356595819485654,1.5009776328792956,0.7447600066484128,0.6242254940427977,0.04889815517907172,0.0315092769869687
dae_labeled,3,age_cohort,<30,594,0.4377104377104377,0.322971056514818,0.36983653820107043,1.4074833417436101,0.6987331364196155,0.6712112797515623,0.05567483984211476,0.039543528735212656
dae_labeled,3,age_cohort,missing,57,0.45614035087719296,0.30513296227581943,0.37537878787878787,1.375106728967639,0.6833631426753398,0.7136611162883698,0.09766759659503627,0.07592300604296195
dae_labeled,3,context_domain,external_event,221,0.4253393665158371,0.3135680310710963,0.34848638733931603,1.402240720031268,0.7024903432719218,0.6575301580561119,0.06198851673258904,0.046881392491359065
dae_labeled,3,context_domain,formal_training,2491,0.4347651545564031,0.28999629780375413,0.33556665756564374,1.4174508435573263,0.7029808867628576,0.6539187060219219,0.019385256058471155,0.02126375906526593
dae_labeled,3,context_domain,on_the_job,606,0.4471947194719472,0.2903869333124255,0.33529511528319544,1.3906508095257848,0.688318247068438,0.6633819528916653,0.015214478389997012,0.03059065017734469
dae_labeled,4,age_cohort,30–39,741,0.48313090418353577,0.3042489479328909,0.3463428513450669,1.3205047393156906,0.6524295629584322,0.6899826713777969,0.048482690558239366,0.02610458957381042
dae_labeled,4,age_cohort,40–49,824,0.4550970873786408,0.2872051242801131,0.3354924255484411,1.370544371210972,0.6809102794189726,0.6626592272462248,0.04784420446635188,0.03497434668558603
dae_labeled,4,age_cohort,50+,1102,0.38656987295825773,0.25766071485491776,0.30758355098614776,1.4891479579076903,0.7370236473272831,0.6328353355303484,0.04330135781648335,0.03141184165845452
dae_labeled,4,age_cohort,<30,594,0.41414141414141414,0.3012076912480329,0.34883700443337595,1.3942725964069544,0.696582356086924,0.6839030893985325,0.04972731034942167,0.03605503011526808
dae_labeled,4,age_cohort,missing,57,0.42105263157894735,0.2333333333333333,0.3333333333333333,1.369592288518778,0.6783630223267119,0.7159482526624625,0.14346088632189993,0.07889092979225984
dae_labeled,4,context_domain,external_event,221,0.42081447963800905,0.29365631001829295,0.33934634974533107,1.3869001087272268,0.697180141478722,0.6695988588576085,0.03720891511009111,0.04418464077310277
dae_labeled,4,context_domain,formal_training,2491,0.4283420313127258,0.2762222003262466,0.32696182366490156,1.4089004636195057,0.6983518359638522,0.660638396695912,0.027164673342802134,0.019542334315223852
dae_labeled,4,context_domain,on_the_job,606,0.4438943894389439,0.27856870266904094,0.32901872906286234,1.3845747972465976,0.6856201532732666,0.6589233999866424,0.04305150737355799,0.03288414783905051
dae_labeled,5,age_cohort,30–39,741,0.48043184885290147,0.2880827366962547,0.3380722747401599,1.3258957793491055,0.6543682065782854,0.6931563375076871,0.040758807573653265,0.026514651813392798
dae_labeled,5,age_cohort,40–49,824,0.45024271844660196,0.28288137642494127,0.33187910667365644,1.3739310472089503,0.6837858223278052,0.6614581399454124,0.03554945329252001,0.028941548433053188
dae_labeled,5,age_cohort,50+,1102,0.3738656987295826,0.24006697258948595,0.2940737591567397,1.5025758683753445,0.7429814863143568,0.623519323087802,0.05857366962503533,0.031040409374783362
dae_labeled,5,age_cohort,<30,594,0.42424242424242425,0.30580872204652293,0.3560306018728438,1.399891981492271,0.6961960613606001,0.6757354455759107,0.03232502801455225,0.03359053479897666
dae_labeled,5,age_cohort,missing,57,0.3508771929824561,0.20054347826086955,0.2791666666666667,1.4266925934370114,0.6987360110913953,0.6841853573354104,0.19657066495459483,0.08282254472333722
dae_labeled,5,context_domain,external_event,221,0.38009049773755654,0.2667964454039024,0.30639678834182227,1.420367219782785,0.7061134442737441,0.643404170598756,0.09739822368448409,0.05768623941874933
dae_labeled,5,context_domain,formal_training,2491,0.4211160176635889,0.2643649566005603,0.3187385423042778,1.4189274540028727,0.7028344747506555,0.6516915342213727,0.02694301910647219,0.0162967565534523
dae_labeled,5,context_domain,on_the_job,606,0.45874587458745875,0.2884110363548876,0.3402605298492162,1.3776475803410213,0.6825884849555572,0.6749873001793253,0.01878083085672929,0.03007607073733474
dae_labeled,6,age_cohort,30–39,741,0.5006747638326585,0.31556618120352165,0.3591776906458887,1.316758479915875,0.6505965410528793,0.6945660045261557,0.052359925077296324,0.028543019334349412
dae_labeled,6,age_cohort,40–49,824,0.4587378640776699,0.2824067792120847,0.3359064162350558,1.3738959239823978,0.6820491096317772,0.6619700601842198,0.029631033594494673,0.030672322557932737
dae_labeled,6,age_cohort,50+,1102,0.3892921960072595,0.2732111507697928,0.31452048908782737,1.496771486689072,0.7406720900066912,0.6210277616917022,0.04308329233577601,0.03294668285898909
dae_labeled,6,age_cohort,<30,594,0.45286195286195285,0.3317602909566364,0.3819834417600163,1.3886783485093663,0.6909078779537456,0.6830890771613296,0.03719949538554015,0.036620025061938885
dae_labeled,6,age_cohort,missing,57,0.45614035087719296,0.3369047619047619,0.38576839826839826,1.373872770456733,0.6877857414173851,0.7117288174886266,0.04950173948828668,0.0863151075316876
dae_labeled,6,context_domain,external_event,221,0.4072398190045249,0.2849680745936328,0.3309033672891907,1.416735171994476,0.7079447767439271,0.6383802742807855,0.05441638330856417,0.05351751920721983
dae_labeled,6,context_domain,formal_training,2491,0.4496186270574067,0.3008327768894965,0.34755424179551786,1.404906377749112,0.6959450608844837,0.660518116658847,0.012360669782044363,0.020048019981800218
dae_labeled,6,context_domain,on_the_job,606,0.43399339933993397,0.26434232048237044,0.31878042652738314,1.3988710895334922,0.6928535823198029,0.6480280679910987,0.037012408252862755,0.02864067007472491
dae_labeled,7,age_cohort,30–39,741,0.4885290148448043,0.29686634172494253,0.34595637783687494,1.321356353321056,0.6516486036259742,0.6887747673223237,0.053654244181152125,0.027900464800235385
dae_labeled,7,age_cohort,40–49,824,0.45024271844660196,0.28800327734037495,0.3336455665717796,1.3629460427757838,0.6774233653120758,0.6705750763462601,0.041875682996498305,0.03049828762650713
dae_labeled,7,age_cohort,50+,1102,0.382032667876588,0.25940521175869635,0.30495448230510375,1.4932979954879326,0.7407264855532991,0.630861988384919,0.04555683595700119,0.029667302303785097
dae_labeled,7,age_cohort,<30,594,0.4393939393939394,0.32768342097367636,0.3728036968068583,1.3975597929120926,0.6972412707007651,0.6786501857657081,0.03219688192804764,0.037229516409907064
dae_labeled,7,age_cohort,missing,57,0.40350877192982454,0.24183801180046488,0.3265151515151515,1.369853787245341,0.6804382468348517,0.7063978021899548,0.1203062373116998,0.07515488776932597
dae_labeled,7,context_domain,external_event,221,0.4072398190045249,0.3045282273027073,0.3403546669092085,1.3819601994961646,0.6937903244219,0.6768590586986717,0.041031962134684935,0.05014578362491575
dae_labeled,7,context_domain,formal_training,2491,0.43637093536732235,0.2872713145379686,0.33531474770930425,1.4068411660028293,0.6975900646923242,0.6613052324588917,0.015333140078782352,0.017846466706524615
dae_labeled,7,context_domain,on_the_job,606,0.4306930693069307,0.26646941392855206,0.3172474549028593,1.3963442612985433,0.6918660683230277,0.6537334052205146,0.04028534620682845,0.03076080510453442
dae_labeled,8,age_cohort,30–39,741,0.4885290148448043,0.3166014883545202,0.3542030083321356,1.3250495185383566,0.6543048717892767,0.6918870583255928,0.038638152103576996,0.028217740386544975
dae_labeled,8,age_cohort,40–49,824,0.46237864077669905,0.3129199062873774,0.3496869715621356,1.367617307312602,0.679775640932176,0.6695311219822875,0.022799662228250576,0.02493625945316194
dae_labeled,8,age_cohort,50+,1102,0.38475499092558985,0.2641074488422675,0.30829007465028074,1.4909688631361193,0.7377500792573015,0.6291509815877786,0.05162725008682232,0.030442099090339687
dae_labeled,8,age_cohort,<30,594,0.44107744107744107,0.32082443957910545,0.37108168273436665,1.3978859831563302,0.6951740566203157,0.6739942128681762,0.06308643344536922,0.04470145243138637
dae_labeled,8,age_cohort,missing,57,0.38596491228070173,0.26040816326530614,0.3244047619047619,1.4127484987647945,0.6995494562316207,0.6747170115537029,0.10059497339701609,0.07356404135034154
dae_labeled,8,context_domain,external_event,221,0.4072398190045249,0.3013703334236507,0.3352188434796669,1.4100945313203292,0.7099490743807458,0.6479126719983607,0.0720938734588223,0.048509825499997786
dae_labeled,8,context_domain,formal_training,2491,0.4347651545564031,0.2912400488837236,0.33592755950899933,1.4092233402386651,0.6976426198618169,0.6604739904748407,0.021578729124889312,0.016303206781978757
dae_labeled,8,context_domain,on_the_job,606,0.45874587458745875,0.2990134217760549,0.344404247464093,1.3872784622222045,0.6865624135136184,0.6584471715720445,0.02481638408096405,0.027778799316652475
dae_labeled,9,age_cohort,30–39,741,0.48313090418353577,0.29332951306627314,0.3423998942560347,1.3134631333903362,0.6502877392365995,0.7001960609193965,0.04443915081652876,0.028787679919830146
dae_labeled,9,age_cohort,40–49,824,0.46116504854368934,0.28798702988197894,0.33907550513907114,1.3803261360111092,0.6861649553425395,0.6525611416853271,0.03184127118849957,0.03755727671165592
dae_labeled,9,age_cohort,50+,1102,0.3956442831215971,0.2767727724609663,0.3192080542732694,1.4913109590489646,0.7402526506842505,0.628674941023958,0.04820084409965234,0.030623285649922078
dae_labeled,9,age_cohort,<30,594,0.43602693602693604,0.31811121899146244,0.36715251856071923,1.3896342108526492,0.6933054369610953,0.6846954879064278,0.04113239182405335,0.03684550661269261
dae_labeled,9,age_cohort,missing,57,0.43859649122807015,0.30688034188034186,0.3675865800865801,1.3920781558140911,0.6949216266188267,0.7145287475573796,0.11851773508590104,0.08312412085274055
dae_labeled,9,context_domain,external_event,221,0.4434389140271493,0.33382234508642517,0.36913756164605066,1.4022306553648178,0.7021961020348513,0.6469253775684388,0.0685520503312245,0.054063154393616475
dae_labeled,9,context_domain,formal_training,2491,0.4383781613809715,0.28496856538143195,0.3357719870265555,1.4078988627794036,0.6987510729634775,0.6598273400675247,0.012094401669782798,0.01758936792660882
dae_labeled,9,context_domain,on_the_job,606,0.44224422442244227,0.28076154836842154,0.32918527546626175,1.3892932820067823,0.6908931683185742,0.6618591496250783,0.03111006021267239,0.028296864486761296
dae_pooled,0,age_cohort,30–39,741,0.5006747638326585,0.3307256039238414,0.36759637273280216,1.321637722161358,0.6524618080860476,0.693029130997984,0.046309615568703465,0.027669607895205468
dae_pooled,0,age_cohort,40–49,824,0.4587378640776699,0.299919777051478,0.3419647032710084,1.377472529433296,0.6828724120026983,0.6590756896728782,0.06293551355757405,0.035057004031973635
dae_pooled,0,age_cohort,50+,1102,0.38656987295825773,0.25999675868114097,0.3079289697349598,1.4943896038324327,0.7400670907525712,0.6274309040744813,0.050082046648222196,0.034309612101243114
dae_pooled,0,age_cohort,<30,594,0.43265993265993263,0.3214076961735157,0.3660903315528655,1.3948343685846416,0.6952362781285969,0.6821919005934906,0.04959579765583189,0.03417128169275162
dae_pooled,0,age_cohort,missing,57,0.38596491228070173,0.23447151681537406,0.3098484848484849,1.4290897412788695,0.7121941777120095,0.6700785673224698,0.0900886602968573,0.06999011913988133
dae_pooled,0,context_domain,external_event,221,0.4343891402714932,0.33941381331915704,0.36577759924003556,1.3963070958683177,0.6999363954827196,0.659740871182528,0.08857861590417465,0.04488654294679319
dae_pooled,0,context_domain,formal_training,2491,0.43637093536732235,0.29099336160743244,0.3366342399610299,1.4131786117214316,0.6999038020453783,0.6577635098637413,0.025340792349651246,0.017864617718731674
dae_pooled,0,context_domain,on_the_job,606,0.4471947194719472,0.2756568029271127,0.32915976380864737,1.3900432343318991,0.6883401061593577,0.658379716686784,0.0287904305315004,0.028413804549330134
dae_pooled,1,age_cohort,30–39,741,0.4925775978407557,0.3138777252856693,0.3550782645386844,1.311216518508419,0.64718160957994,0.6988094914009826,0.05512491471115434,0.025589588172882354
dae_pooled,1,age_cohort,40–49,824,0.470873786407767,0.2998492445736723,0.3479744805825789,1.3523184663604533,0.6720385845091745,0.6801048968337609,0.03185478984449634,0.026097298017454956
dae_pooled,1,age_cohort,50+,1102,0.3856624319419238,0.2657617530311916,0.3095095868454027,1.4890510190449082,0.7389240997193436,0.6339806428161875,0.04654717672896458,0.03248941186184408
dae_pooled,1,age_cohort,<30,594,0.4292929292929293,0.3072085401001849,0.3596825143468959,1.4026517944400836,0.6996879240475304,0.6788476157919237,0.04146935070488649,0.03480984001157829
dae_pooled,1,age_cohort,missing,57,0.38596491228070173,0.27234848484848484,0.32591991341991344,1.4226762437809735,0.7076074093127379,0.6786151134125683,0.14096978743971075,0.09456555204451877
dae_pooled,1,context_domain,external_event,221,0.42081447963800905,0.3070342600961572,0.3474447206726493,1.3975421097375835,0.7027892070199554,0.6543454575221516,0.059438004331695264,0.04851240226624596
dae_pooled,1,context_domain,formal_training,2491,0.43516659975913285,0.28516406940504974,0.33388111284364863,1.4008837349768728,0.6950136666635449,0.668154902693394,0.02353910245268475,0.015473677646360207
dae_pooled,1,context_domain,on_the_job,606,0.45874587458745875,0.293043563056975,0.34132915216456455,1.3905372957042408,0.6880668564847696,0.6555017085394569,0.02327009528281965,0.03282343835346947
dae_pooled,2,age_cohort,30–39,741,0.5020242914979757,0.320626384830022,0.36266343678180135,1.3133536567454058,0.6476735966114302,0.6978019245851115,0.048380174736448386,0.027845537723167703
dae_pooled,2,age_cohort,40–49,824,0.4587378640776699,0.2993488980782121,0.3421115102198707,1.368722287323461,0.6807604437878467,0.6710449430807561,0.03155636459140184,0.028942984761369684
dae_pooled,2,age_cohort,50+,1102,0.38656987295825773,0.26290238120753806,0.30921685614391053,1.495664883005242,0.739873961430583,0.6268879320656608,0.04261196542973983,0.02924808191169559
dae_pooled,2,age_cohort,<30,594,0.4444444444444444,0.3239471656376282,0.37454709308817596,1.397486689486342,0.697825816615205,0.6776174064589389,0.03698167729257601,0.04089790201671163
dae_pooled,2,age_cohort,missing,57,0.42105263157894735,0.2904394816652881,0.35508658008658006,1.3964900904327262,0.6929728885861866,0.6934657877568801,0.07044943992559727,0.07527154499796569
dae_pooled,2,context_domain,external_event,221,0.39819004524886875,0.29770481168487206,0.3284557159026599,1.4147443354179694,0.7105618178965889,0.6430103915185121,0.07117355489730469,0.05027125993487195
dae_pooled,2,context_domain,formal_training,2491,0.44199116820553996,0.2938629074529591,0.34082196834787803,1.4091909077185285,0.6983414429110174,0.6600648819848282,0.018286305990857753,0.019370687710441162
dae_pooled,2,context_domain,on_the_job,606,0.4537953795379538,0.275109981256997,0.33297580442499103,1.379536146749143,0.6825398348830234,0.6666391558261002,0.03129568549553561,0.027110781283081302
dae_pooled,3,age_cohort,30–39,741,0.49527665317139,0.3046703786905822,0.3527350023048915,1.321357586334612,0.6535102172422584,0.6898704127592886,0.0422235926438715,0.02743811057612968
dae_pooled,3,age_cohort,40–49,824,0.4672330097087379,0.3114920869263424,0.3513498162616474,1.3690985343399815,0.6794251976652118,0.6659536414910769,0.04289008698655673,0.031093540844440763
dae_pooled,3,age_cohort,50+,1102,0.3811252268602541,0.25778616379465114,0.30471642663073123,1.4930083656599207,0.7410475235980923,0.6312418757270213,0.04776856510452903,0.03214225299824945
dae_pooled,3,age_cohort,<30,594,0.42592592592592593,0.2954527292945205,0.35467524358004904,1.4093114591770113,0.7017464001518718,0.6724148497539986,0.038484392628951224,0.03563766349866315
dae_pooled,3,age_cohort,missing,57,0.43859649122807015,0.2772789115646258,0.353030303030303,1.3538641993739486,0.6739344774152647,0.7311765113642101,0.15941928562988184,0.09423687916215501
dae_pooled,3,context_domain,external_event,221,0.40271493212669685,0.28685337269113864,0.3297891907187323,1.4045447080984585,0.7114187592163564,0.6637814302999866,0.046896582714859344,0.04939879019073749
dae_pooled,3,context_domain,formal_training,2491,0.43436370935367324,0.28241308949852895,0.3325409204130604,1.4118078455250658,0.6993371739064989,0.657612127242585,0.014604161720578289,0.020576919676485228
dae_pooled,3,context_domain,on_the_job,606,0.4603960396039604,0.2971393201586842,0.3448689612074115,1.3855477312707702,0.6876418907140662,0.6622161060647074,0.03168749039546129,0.025048171011149097
dae_pooled,4,age_cohort,30–39,741,0.4817813765182186,0.30165483975968044,0.3462090295099034,1.3231267319636384,0.652040931712359,0.6912043038682413,0.05143943585641024,0.02991466608395915
dae_pooled,4,age_cohort,40–49,824,0.4672330097087379,0.3141407259099255,0.3523418914017974,1.3728396919437502,0.6807401763275276,0.6590467751487579,0.04911123691472615,0.03235238256211557
dae_pooled,4,age_cohort,50+,1102,0.3838475499092559,0.2547917249956408,0.3049493503339467,1.483337895123262,0.735635102718357,0.6400864269059068,0.06107506409144697,0.026832509402534288
dae_pooled,4,age_cohort,<30,594,0.42424242424242425,0.3003970500348878,0.3546038590624937,1.3997077436720262,0.6992330483459502,0.6787391851914588,0.04334019998244111,0.03161839317110796
dae_pooled,4,age_cohort,missing,57,0.43859649122807015,0.2933259201116344,0.3634199134199134,1.3948449433952905,0.6925984302320904,0.6907930024886546,0.13438506441388962,0.08371167855051467
dae_pooled,4,context_domain,external_event,221,0.4117647058823529,0.27936286478316474,0.3300438596491228,1.3993214204302276,0.7021978705037135,0.6687384088132455,0.04004245191126112,0.04444836495733007
dae_pooled,4,context_domain,formal_training,2491,0.4347651545564031,0.28325965531172786,0.3330883316843746,1.411614258673036,0.6990286233232703,0.6564830768653784,0.01732682134067121,0.015884919733880697
dae_pooled,4,context_domain,on_the_job,606,0.44224422442244227,0.2844629092816039,0.3298052787176481,1.3723540993690477,0.6817139109727832,0.6725591719274263,0.029034151202616054,0.023735297145881278
dae_pooled,5,age_cohort,30–39,741,0.48313090418353577,0.3034050984010761,0.34687400621519277,1.3230085441051591,0.6534803765571426,0.6956571507194742,0.0372592725911463,0.02671313215581614
dae_pooled,5,age_cohort,40–49,824,0.45995145631067963,0.29273513905832016,0.3411971615897393,1.3680542879962194,0.6807853085792134,0.6673778200464021,0.02406981161464714,0.028078596489596836
dae_pooled,5,age_cohort,50+,1102,0.37295825771324864,0.2474784556303248,0.2958671201328426,1.5039308156528457,0.7436566754918957,0.6235293017962078,0.06178741804408457,0.03275845801129946
dae_pooled,5,age_cohort,<30,594,0.4175084175084175,0.294341017536386,0.3478953524280449,1.404875521794247,0.6987657193805151,0.6727183866069817,0.047343803064851114,0.03875493526903838
dae_pooled,5,age_cohort,missing,57,0.38596491228070173,0.23775847808105874,0.3098484848484849,1.4279247450243524,0.6995665682558173,0.6903381137538083,0.13204098080346457,0.06509695442467829
dae_pooled,5,context_domain,external_event,221,0.39819004524886875,0.28758008012851527,0.3258966468590832,1.4067920282038215,0.7045775819105917,0.6639574739951055,0.09002564107651635,0.05656391757919747
dae_pooled,5,context_domain,formal_training,2491,0.4243275792854275,0.27150840257112746,0.3231960015862049,1.4173747226294267,0.7018666589000546,0.6557359242227838,0.028310299268011645,0.018980397066473826
dae_pooled,5,context_domain,on_the_job,606,0.4504950495049505,0.2825619317093778,0.3328798492320105,1.384924292820905,0.685786053581707,0.6633007302265392,0.04385586021455474,0.03045347271090787
dae_pooled,6,age_cohort,30–39,741,0.50472334682861,0.32711483706957944,0.3663823076446084,1.3130695231064453,0.6488081230992312,0.6965404635293814,0.05658380622701588,0.028887612032957487
dae_pooled,6,age_cohort,40–49,824,0.4720873786407767,0.3082793896058801,0.35267485545643884,1.3683372911458347,0.6802090278643855,0.6638528857244608,0.029464886365882827,0.0342027112577318
dae_pooled,6,age_cohort,50+,1102,0.3765880217785844,0.2584674559778202,0.3021734631038596,1.4876821810065033,0.7379288192297635,0.6349488492670111,0.052506812437391706,0.028515888288670004
dae_pooled,6,age_cohort,<30,594,0.44612794612794615,0.3181918098556536,0.37405158623336004,1.3889817082337879,0.69268258357715,0.6820116805193825,0.023118822350948965,0.03509186136687571
dae_pooled,6,age_cohort,missing,57,0.42105263157894735,0.2505411255411255,0.3390151515151515,1.4223058899562184,0.7039331708754659,0.6774139406997307,0.11535910847655434,0.08549391137559448
dae_pooled,6,context_domain,external_event,221,0.43891402714932126,0.3093624772313297,0.3559033672891907,1.4118255005564317,0.7051920029738,0.6481244190295101,0.053363203993567906,0.06264361698842152
dae_pooled,6,context_domain,formal_training,2491,0.4439983942191891,0.2936544309535086,0.3419924438842446,1.4040410617436347,0.6956907269930506,0.6621662795476903,0.016794987598908323,0.01782549082476837
dae_pooled,6,context_domain,on_the_job,606,0.43564356435643564,0.27387253458084265,0.3228532816660788,1.3804736930482173,0.688483875834675,0.6655597632742373,0.03639324589898812,0.02501144079254758
dae_pooled,7,age_cohort,30–39,741,0.5020242914979757,0.31905925951441744,0.36141892043774937,1.3179960622277955,0.6512517075976472,0.693169274358314,0.04873083023401292,0.03327725105848227
dae_pooled,7,age_cohort,40–49,824,0.470873786407767,0.3119731504875896,0.3526780143763891,1.3566569886333726,0.6750611313773044,0.6756861312779477,0.04144020704292255,0.03242489924252709
dae_pooled,7,age_cohort,50+,1102,0.38294010889292196,0.26143574035052697,0.3059615317771065,1.4954280483495896,0.7411397877825845,0.6276267823405617,0.0503243035661572,0.030201648029758565
dae_pooled,7,age_cohort,<30,594,0.41919191919191917,0.29634377459320904,0.3504269552105762,1.4172504910006156,0.7053124368806557,0.6656923245013697,0.033704782187936225,0.035258928637087725
dae_pooled,7,age_cohort,missing,57,0.40350877192982454,0.25873837898546204,0.33690476190476193,1.410900867563886,0.6997364254444629,0.66974949464345,0.18715509631244434,0.08978970415754957
dae_pooled,7,context_domain,external_event,221,0.43891402714932126,0.3289584156828291,0.36299721076885766,1.3785009206147183,0.6939529036284626,0.6737602856171381,0.06099184599925224,0.04469149906957701
dae_pooled,7,context_domain,formal_training,2491,0.4383781613809715,0.2852189334078967,0.3354185734707013,1.4119550041576445,0.6989195285152151,0.656286873314972,0.015046868390063273,0.019617372680961455
dae_pooled,7,context_domain,on_the_job,606,0.4372937293729373,0.2826223722708895,0.3267141400764424,1.390959855311725,0.6931227066754392,0.6593636088069268,0.025285503504929446,0.024008318719926595
dae_pooled,8,age_cohort,30–39,741,0.48717948717948717,0.3139260032874182,0.35255130626142483,1.3237289204796807,0.6547028561543153,0.6937158749182444,0.0419828816426622,0.028669827937541987
dae_pooled,8,age_cohort,40–49,824,0.4563106796116505,0.295275372639662,0.3404294994441282,1.3700366944300528,0.6792605445581013,0.6648274772085966,0.03696256897066234,0.025165639430831898
dae_pooled,8,age_cohort,50+,1102,0.38475499092558985,0.26919988083425295,0.3105344029169733,1.5009412661205503,0.7440525649719066,0.6218629080200001,0.05078832042118396,0.03597093096488805
dae_pooled,8,age_cohort,<30,594,0.43097643097643096,0.3114188472433469,0.36193522334203676,1.3971870778270625,0.6960257681614552,0.6769435258172953,0.0451938835551839,0.03645722627118755
dae_pooled,8,age_cohort,missing,57,0.43859649122807015,0.2746666666666667,0.3619047619047619,1.4212432973211564,0.6997573421540826,0.6640329602646675,0.09507576824525737,0.07171846038419721
dae_pooled,8,context_domain,external_event,221,0.4072398190045249,0.29631594121651383,0.3304667919799499,1.4158521996731146,0.7115957544098805,0.6503405407932752,0.0386609392872485,0.043756965214665364
dae_pooled,8,context_domain,formal_training,2491,0.43315937374548374,0.2871696455552108,0.33364658201007535,1.4124896927978094,0.6998024458333189,0.6573636391634478,0.016138624223440375,0.020225156771989803
dae_pooled,8,context_domain,on_the_job,606,0.4504950495049505,0.2914987513121166,0.3369330851378369,1.391675697755995,0.6891853997039118,0.6544004101928351,0.01905743325841392,0.024917979468530062
dae_pooled,9,age_cohort,30–39,741,0.4979757085020243,0.31583896940031525,0.35871485565155636,1.319232738873932,0.6514023026442154,0.6898499870513513,0.06103967959922238,0.02790953825871159
dae_pooled,9,age_cohort,40–49,824,0.45145631067961167,0.2847626915176751,0.3327317314469629,1.3645118761051007,0.6797118861657844,0.6708151035041007,0.022441997166434937,0.030006185983946047
dae_pooled,9,age_cohort,50+,1102,0.39019963702359345,0.2670720148094268,0.31343645783063884,1.4895954444689719,0.738700604445522,0.6307328433292819,0.03809845314282515,0.026773575833010477
dae_pooled,9,age_cohort,<30,594,0.45286195286195285,0.34230798653586486,0.3849312215548693,1.3916005240366576,0.693498728327676,0.6822722883028793,0.026971498638090917,0.039150647982450756
dae_pooled,9,age_cohort,missing,57,0.45614035087719296,0.31432624113475177,0.37537878787878787,1.3944619335106252,0.6941686798444787,0.6924418647414405,0.07882061373735405,0.09042007999243812
dae_pooled,9,context_domain,external_event,221,0.4072398190045249,0.2815545253038656,0.3303179824561403,1.3925086968056797,0.701015099633561,0.6626567652429189,0.06629975406498398,0.045828411151940404
dae_pooled,9,context_domain,formal_training,2491,0.44600562023283824,0.29774424770344754,0.3447418594982775,1.403142688997779,0.6961914116216245,0.6640397659629234,0.007844218084400298,0.016152477561567156
dae_pooled,9,context_domain,on_the_job,606,0.4372937293729373,0.27931102389492873,0.32549964206229165,1.3969729478900186,0.6917301692544986,0.6462712484343957,0.029241078604836525,0.027786229530273744
scarf_labeled,0,age_cohort,30–39,741,0.48717948717948717,0.3038315532943431,0.3485115600297514,1.3181002813969582,0.6514123962181471,0.6954009537924642,0.05548007287424764,0.028872733998833732
scarf_labeled,0,age_cohort,40–49,824,0.44902912621359226,0.2886301795094718,0.33241844247077984,1.3775566017487624,0.6844655764555976,0.6601784320706946,0.021038915273340286,0.03273438086707929
scarf_labeled,0,age_cohort,50+,1102,0.37295825771324864,0.2519442253304927,0.2976225194296784,1.4976795166112982,0.7417186204440582,0.6252660878499052,0.061731290449280204,0.03108855143622486
scarf_labeled,0,age_cohort,<30,594,0.42592592592592593,0.31474684384197965,0.3598240120418686,1.3832371920033233,0.6904546660128277,0.690706858405343,0.05704678446612817,0.032742209503032534
scarf_labeled,0,age_cohort,missing,57,0.42105263157894735,0.28282709708975295,0.34469696969696967,1.4420105411689514,0.7117514435524546,0.6529908790985143,0.08474079549939603,0.08088305934205568
scarf_labeled,0,context_domain,external_event,221,0.4117647058823529,0.27974576271186435,0.32653508771929823,1.391138686479933,0.6959805879506542,0.6588175932799218,0.041452323788281335,0.04328556173803495
scarf_labeled,0,context_domain,formal_training,2491,0.42794058610999597,0.2796268480654917,0.3280177641534646,1.4098562423802432,0.6987304422706956,0.6596170329317892,0.02317515516861914,0.015916316740951293
scarf_labeled,0,context_domain,on_the_job,606,0.43234323432343236,0.26938428294964795,0.3188204033683856,1.3972041568929539,0.6937637006388179,0.657694900672175,0.025515002244702364,0.025935881828359895
scarf_labeled,1,age_cohort,30–39,741,0.4993252361673414,0.32064259970607056,0.36229376848327555,1.3073678097179462,0.6442700633525207,0.7029007490641395,0.04849511586841735,0.033395206632334175
scarf_labeled,1,age_cohort,40–49,824,0.4684466019417476,0.3092907007329007,0.3517142973581106,1.3618807328483953,0.6763843253925506,0.6724067042170534,0.038994176882114887,0.03206706196667873
scarf_labeled,1,age_cohort,50+,1102,0.382032667876588,0.2582997278286191,0.3054736452307373,1.492329829898711,0.7397900469330863,0.6321569796413706,0.0543148132933711,0.030232665617686512
scarf_labeled,1,age_cohort,<30,594,0.4393939393939394,0.31069573112126136,0.36688377173285674,1.3992513688933461,0.6966081479237402,0.6741049585887795,0.012340168328044408,0.033866515272028136
scarf_labeled,1,age_cohort,missing,57,0.43859649122807015,0.31716240748498814,0.3691017316017316,1.4351977390317525,0.7147662716768021,0.6576814085918009,0.1051585063442891,0.0803021230230693
scarf_labeled,1,context_domain,external_event,221,0.43891402714932126,0.3092137246534857,0.3514625778155065,1.3842125646401304,0.6922974745153537,0.6613954439804022,0.05325692587558545,0.04975343812279177
scarf_labeled,1,context_domain,formal_training,2491,0.437173825772782,0.28799411595373153,0.3363118761269735,1.4023043652555665,0.69480702749068,0.6663940154556629,0.012596083284560465,0.012468780289805675
scarf_labeled,1,context_domain,on_the_job,606,0.4570957095709571,0.29286995098310087,0.3412689203907875,1.4016620082950957,0.694320631671688,0.6460149106935148,0.027006019441085622,0.035244492891234755
scarf_labeled,2,age_cohort,30–39,741,0.5020242914979757,0.32637455405964794,0.36460571611469617,1.3031618532813454,0.6428321396410802,0.7042276309928097,0.04879868264709498,0.026458439249746855
scarf_labeled,2,age_cohort,40–49,824,0.46359223300970875,0.3027562414197268,0.34640306928415615,1.3592204869070892,0.6748049032420044,0.6729668988266373,0.027915108074667336,0.03073550243236637
scarf_labeled,2,age_cohort,50+,1102,0.39473684210526316,0.2755043521700544,0.3184588762629578,1.4907665138221289,0.7387053526344253,0.6345543639708515,0.061697083704723106,0.030495147556470325
scarf_labeled,2,age_cohort,<30,594,0.43097643097643096,0.30764213950514047,0.36124529654031473,1.3985338198349566,0.6982753052427949,0.6723603905539558,0.04495969402260277,0.0381345918140669
scarf_labeled,2,age_cohort,missing,57,0.47368421052631576,0.3252747252747253,0.3878787878787878,1.3719047101481303,0.6807915730358584,0.6961569915689746,0.03542751093769015,0.06850207343581728
scarf_labeled,2,context_domain,external_event,221,0.4253393665158371,0.2847162809729655,0.3412280701754386,1.3888052268660669,0.6979825763093838,0.6635472129251407,0.057692158165434916,0.045692980643895965
scarf_labeled,2,context_domain,formal_training,2491,0.4456041750301084,0.302585681290781,0.3461784863803394,1.3995607367218252,0.6934780930552384,0.6674692767445086,0.02278869752071845,0.018589060765402267
scarf_labeled,2,context_domain,on_the_job,606,0.44224422442244227,0.2655471178413523,0.3229088379082494,1.393005313323176,0.690270175182971,0.6550846229733152,0.023102296861497774,0.02873549990585793
scarf_labeled,3,age_cohort,30–39,741,0.4966261808367072,0.3277156837334967,0.36333633334526344,1.3132166065566893,0.6487894700358541,0.6984907092170985,0.046755047255104584,0.02666723898708543
scarf_labeled,3,age_cohort,40–49,824,0.4550970873786408,0.2861282197015413,0.33505200470185437,1.3655206507291413,0.6790439442080519,0.668649062755572,0.04973755988109997,0.02838620152732424
scarf_labeled,3,age_cohort,50+,1102,0.3938294010889292,0.27518150778154304,0.31795427023708905,1.4924649196823738,0.7393766129831304,0.6295835075740401,0.04120550582750438,0.02748568760327823
scarf_labeled,3,age_cohort,<30,594,0.4478114478114478,0.3280516895499902,0.37754244969054535,1.4018346441784868,0.6972810198717165,0.6756918938100243,0.026706231360608852,0.03153980304496799
scarf_labeled,3,age_cohort,missing,57,0.43859649122807015,0.2872132475819112,0.3571969696969697,1.3573306058976555,0.680442872787317,0.7359392404068968,0.1215108973243032,0.08138910138488323
scarf_labeled,3,context_domain,external_event,221,0.4072398190045249,0.29070628503608253,0.3305764411027569,1.3983757790258402,0.6986235824522313,0.6546803309159236,0.04968669703136668,0.04484533718728576
scarf_labeled,3,context_domain,formal_training,2491,0.4427940586109996,0.29604369091648275,0.34239149041003386,1.403755836123014,0.6960707459576895,0.6655845456924872,0.009842716717471498,0.01583666265440118
scarf_labeled,3,context_domain,on_the_job,606,0.4537953795379538,0.2952031134329326,0.3396805547765116,1.3980852333008975,0.692640865481091,0.651199841335991,0.015664916848133634,0.030035259389123426
scarf_labeled,4,age_cohort,30–39,741,0.48313090418353577,0.29739116511084474,0.3429856171151904,1.312500952831542,0.6485187150410241,0.6966734602981768,0.05497064779581678,0.028067162262373734
scarf_labeled,4,age_cohort,40–49,824,0.4550970873786408,0.2971883382363578,0.33937052366600234,1.3703547509373986,0.6800811335108309,0.6643891951944905,0.042432178095952865,0.02735027415379534
scarf_labeled,4,age_cohort,50+,1102,0.3911070780399274,0.2668201656410961,0.31344003599459475,1.4833663629667495,0.7335772845370866,0.6375820683021998,0.053556376082162904,0.03339468546038242
scarf_labeled,4,age_cohort,<30,594,0.43434343434343436,0.32660493520172634,0.36862566519029427,1.3878535745860825,0.6924779887508997,0.6849760812236008,0.025324912688980204,0.028977475923543293
scarf_labeled,4,age_cohort,missing,57,0.45614035087719296,0.29276426799007443,0.3696969696969697,1.364784305082633,0.677513610630607,0.7079464589846349,0.13196041817703025,0.0784952425672099
scarf_labeled,4,context_domain,external_event,221,0.3891402714932127,0.27752896942960625,0.31621038483305036,1.4017273956818443,0.7039820560732154,0.6575708442516983,0.05784288895320584,0.047181420619195696
scarf_labeled,4,context_domain,formal_training,2491,0.4383781613809715,0.28798841767418426,0.3368067209331073,1.4035419524698438,0.6947188395706111,0.6641689272883221,0.01552914053077214,0.015007934694203107
scarf_labeled,4,context_domain,on_the_job,606,0.44554455445544555,0.30088367809089894,0.3381934010800561,1.3738914578477255,0.6817936085471937,0.6707450970016466,0.04104185337739667,0.03373953815977552
scarf_labeled,5,age_cohort,30–39,741,0.48313090418353577,0.31799452412043466,0.35183594319312056,1.315178296870406,0.6497439134045919,0.6959888712741245,0.04176524403748812,0.023902832109232733
scarf_labeled,5,age_cohort,40–49,824,0.4575242718446602,0.2992852551936292,0.34197321264326563,1.3666194454329434,0.6808192963597897,0.6691474137034991,0.026961355516099048,0.03208189981507545
scarf_labeled,5,age_cohort,50+,1102,0.3720508166969147,0.24135443655278555,0.29326133890375644,1.4998416906546161,0.742040601503298,0.6253419906835618,0.06254813643289354,0.033580260088311206
scarf_labeled,5,age_cohort,<30,594,0.4090909090909091,0.29176518552073527,0.3418602942296811,1.391666645298278,0.6948594212099369,0.6836020573076615,0.05368480495409613,0.03408808208194296
scarf_labeled,5,age_cohort,missing,57,0.43859649122807015,0.2998261267444521,0.3634199134199134,1.4362501472639497,0.7013639296626568,0.649430004483557,0.10656241706253726,0.08989097585381181
scarf_labeled,5,context_domain,external_event,221,0.42081447963800905,0.2999441535319398,0.337484335839599,1.3849752795686658,0.6933332856959007,0.6647362960909085,0.07667113886245594,0.051130583043107115
scarf_labeled,5,context_domain,formal_training,2491,0.42151746286631875,0.2727489312605932,0.32184416724879367,1.4109920828217932,0.6992674822305266,0.6593703855287215,0.03455666825399339,0.019113513610174108
scarf_labeled,5,context_domain,on_the_job,606,0.44554455445544555,0.2783408312053012,0.32940680008759093,1.387990948393669,0.6894494533074953,0.6630097960055118,0.041458698840280174,0.035174109144919814
scarf_labeled,6,age_cohort,30–39,741,0.5020242914979757,0.33375099903171,0.3669941292259463,1.3097381409371698,0.6469569356954827,0.6997207232129914,0.054031883285351745,0.030084525078146677
scarf_labeled,6,age_cohort,40–49,824,0.46116504854368934,0.2958308546287717,0.3422105618693251,1.3732830619643088,0.6823337604684913,0.6588807239738994,0.02968754234643313,0.03317498931158762
scarf_labeled,6,age_cohort,50+,1102,0.3856624319419238,0.26731273892923896,0.30969551675753704,1.4869012749594737,0.7370563037749376,0.6356133283595632,0.047605562458346115,0.02853086375070889
scarf_labeled,6,age_cohort,<30,594,0.4494949494949495,0.3345940930411957,0.38048662845685455,1.3882268631534618,0.692418638618573,0.6817902602567567,0.03566690267334513,0.031267046540594555
scarf_labeled,6,age_cohort,missing,57,0.45614035087719296,0.3139400921658986,0.37537878787878787,1.371082420923297,0.6833586330780667,0.7157309064997293,0.09634180661235525,0.0717141280270908
scarf_labeled,6,context_domain,external_event,221,0.4117647058823529,0.2809200574066173,0.32768640350877193,1.408529729027892,0.7068679002539114,0.6455747302917159,0.045721762449712544,0.05076192915585798
scarf_labeled,6,context_domain,formal_training,2491,0.44600562023283824,0.30150166152322944,0.3459374166713787,1.399360404416727,0.6935918754488387,0.6660172622214727,0.007750321572091261,0.01714085505069839
scarf_labeled,6,context_domain,on_the_job,606,0.44224422442244227,0.28424151021570154,0.3305308677303707,1.3965891545988887,0.6933450502674608,0.6536657787224147,0.033464157714749594,0.030525133429003155
scarf_labeled,7,age_cohort,30–39,741,0.5087719298245614,0.3391389786829286,0.37378491214737103,1.306845980697576,0.64500057237206,0.6951571576151746,0.05087087028160247,0.027283320091632913
scarf_labeled,7,age_cohort,40–49,824,0.4684466019417476,0.3034154789438138,0.348815939649684,1.3626395566295968,0.6758476993898531,0.6692739756994224,0.02591826817067236,0.028863872518835126
scarf_labeled,7,age_cohort,50+,1102,0.3765880217785844,0.25730730456184076,0.30135139285603196,1.4985228451343373,0.7416437275969401,0.6283852644351519,0.06225909681148195,0.03024934104941977
scarf_labeled,7,age_cohort,<30,594,0.4225589225589226,0.3166157726340507,0.35837061497088574,1.407501920350793,0.7016459097665099,0.6701341958649192,0.0510182732205377,0.037146922663278445
scarf_labeled,7,age_cohort,missing,57,0.40350877192982454,0.26370370370370366,0.3327380952380953,1.3806216704010368,0.6848689833336156,0.6813675358850333,0.1212659101007685,0.09136486352308329
scarf_labeled,7,context_domain,external_event,221,0.4298642533936652,0.30121952521421547,0.3453222269383135,1.37609923683187,0.6886762437263478,0.668261559677189,0.0672875218409249,0.05670034884906914
scarf_labeled,7,context_domain,formal_training,2491,0.43757527097551185,0.29281036935902416,0.3380247263770157,1.4093108417260607,0.6978836297975729,0.6588850293849187,0.01707649145012229,0.01841482887100082
scarf_labeled,7,context_domain,on_the_job,606,0.4405940594059406,0.2854871854939691,0.329481915985571,1.3904296691740932,0.6886550280508408,0.6554778115252754,0.035203677901597195,0.027107649089448637
scarf_labeled,8,age_cohort,30–39,741,0.4898785425101215,0.32502085384104784,0.35874834247183196,1.3114366055928661,0.6475127567899102,0.6987331025902718,0.047128303917056205,0.030293168928992326
scarf_labeled,8,age_cohort,40–49,824,0.4575242718446602,0.3046059077111244,0.3442769697396488,1.374984199471965,0.6823342298735918,0.6593965753609331,0.025739223393237514,0.026494686391782197
scarf_labeled,8,age_cohort,50+,1102,0.382032667876588,0.2557407065839935,0.3040308905725522,1.4964107358367873,0.7408647766858006,0.6208336034239641,0.05773508417189318,0.03918897357945944
scarf_labeled,8,age_cohort,<30,594,0.4444444444444444,0.33099659369311674,0.37646928708610095,1.404066480601736,0.6991241409648101,0.6676527217914864,0.04708321390130908,0.036831761616112395
scarf_labeled,8,age_cohort,missing,57,0.40350877192982454,0.2519865067466267,0.3223484848484849,1.3927603965570439,0.6831311611467112,0.6787559940158031,0.1789188598292495,0.07340901710799255
scarf_labeled,8,context_domain,external_event,221,0.4117647058823529,0.2991975604589444,0.3331883135257499,1.402676566363365,0.7063982102404565,0.6574619721869724,0.05283199163486822,0.04037933405517951
scarf_labeled,8,context_domain,formal_training,2491,0.43757527097551185,0.29425669494529355,0.3385698155864473,1.4090994654536375,0.6976509478427645,0.6566509208819464,0.017568993873076057,0.020289622313632395
scarf_labeled,8,context_domain,on_the_job,606,0.4405940594059406,0.27576286371932374,0.32571664199605965,1.3979384133188457,0.6909885189503432,0.6460592394845626,0.041979183627275866,0.0324959944567597
scarf_labeled,9,age_cohort,30–39,741,0.4979757085020243,0.32010039252917544,0.3596214734849461,1.3166681019870838,0.6488268612873734,0.6890824813587676,0.05292787330512644,0.02537162920012903
scarf_labeled,9,age_cohort,40–49,824,0.4684466019417476,0.30629397869676306,0.35117962933991026,1.3700153666808683,0.6816482585795982,0.6634324859402707,0.02367368640030093,0.030050145727746985
scarf_labeled,9,age_cohort,50+,1102,0.38294010889292196,0.26005966279479775,0.306075790453997,1.4837984681702678,0.7369004900479581,0.6382886594006808,0.05189677811816759,0.023561545148392975
scarf_labeled,9,age_cohort,<30,594,0.4158249158249158,0.3045748710801016,0.3493017868995115,1.3916793792711086,0.6944831071155282,0.6774868869955039,0.039966952224861005,0.035415336812517004
scarf_labeled,9,age_cohort,missing,57,0.43859649122807015,0.2872132475819112,0.3571969696969697,1.383805793579522,0.6916048526112301,0.6973071463511549,0.10111589844153551,0.07258198862311163
scarf_labeled,9,context_domain,external_event,221,0.4253393665158371,0.30014510475258827,0.342361700622524,1.3956488112379086,0.7011520380924183,0.6532319953503213,0.05765124372034554,0.04927821966852961
scarf_labeled,9,context_domain,formal_training,2491,0.4347651545564031,0.2878034201105951,0.33471238253012225,1.4010984475110886,0.6950535308510674,0.6660197421065412,0.01606072316418322,0.01605718393605295
scarf_labeled,9,context_domain,on_the_job,606,0.44884488448844884,0.2780939969110122,0.3308685961394699,1.3971113847004486,0.6932915936855,0.6497603356366621,0.02064782436437401,0.030266725687722446
scarf_pooled,0,age_cohort,30–39,741,0.4844804318488529,0.3054664074887609,0.34779204275453324,1.3165443012692832,0.6507923057385088,0.6916181429133503,0.061041183808054,0.028172986086275685
scarf_pooled,0,age_cohort,40–49,824,0.46116504854368934,0.3039705935926273,0.34606145465525306,1.3767708305104112,0.6846041463340236,0.6577768112079276,0.019757943738785557,0.03352211048655323
scarf_pooled,0,age_cohort,50+,1102,0.36932849364791287,0.2406124464311409,0.2911051293197633,1.5003681699118674,0.7429046034003904,0.6256333252805375,0.059842425804548904,0.03356031536217738
scarf_pooled,0,age_cohort,<30,594,0.4158249158249158,0.2952129453150596,0.3472794114615922,1.3900419050775297,0.692482552319501,0.6852863860413101,0.059041372626439347,0.030839162614336536
scarf_pooled,0,age_cohort,missing,57,0.42105263157894735,0.2557353976073188,0.33484848484848484,1.4442202918856797,0.7146454472112792,0.6397470707682796,0.08781203424863039,0.08823587784992291
scarf_pooled,0,context_domain,external_event,221,0.4298642533936652,0.3063788727136991,0.3465852130325815,1.3727405845884981,0.6891332646502285,0.6784995113072114,0.025571319092853918,0.03808085542060259
scarf_pooled,0,context_domain,formal_training,2491,0.4239261340826977,0.27151358205352255,0.32282815034889895,1.414489262510207,0.700604449762684,0.6551288533171947,0.02420798623022395,0.017711736447852924
scarf_pooled,0,context_domain,on_the_job,606,0.4389438943894389,0.27356634784175765,0.32491057261477063,1.3936654141428195,0.6924044204636651,0.6589845460254496,0.0334704010400678,0.029017663445562634
scarf_pooled,1,age_cohort,30–39,741,0.5074224021592443,0.3279994437664138,0.3686266281232243,1.305539401557186,0.6450604918855412,0.704169786903704,0.05724959425605044,0.029793316150736177
scarf_pooled,1,age_cohort,40–49,824,0.4696601941747573,0.3075078870994054,0.35131792691651553,1.3638385641381485,0.6773328089641075,0.6734037871133005,0.03745903662944134,0.02826159205361114
scarf_pooled,1,age_cohort,50+,1102,0.3811252268602541,0.2562522547795917,0.3038579076766773,1.4914115935081045,0.7383944622107418,0.6342167574854386,0.05435145842391361,0.03232061664190817
scarf_pooled,1,age_cohort,<30,594,0.44276094276094274,0.33257676742472375,0.37634142197267395,1.3908934298990516,0.6919052957788947,0.6799927534105424,0.020983145413382157,0.02792336098332897
scarf_pooled,1,age_cohort,missing,57,0.45614035087719296,0.30713286713286714,0.3800865800865801,1.442854405381936,0.7144252810353495,0.6431691790398048,0.11471364660000546,0.08274080220281241
scarf_pooled,1,context_domain,external_event,221,0.45248868778280543,0.3266392992870788,0.36312252405206563,1.376123323022557,0.689310310423805,0.6656294428234004,0.055572856251107305,0.04227611416955414
scarf_pooled,1,context_domain,formal_training,2491,0.4423926134082698,0.28854350127417994,0.33944098221990504,1.4035030419014065,0.6950379099402987,0.6658378091447099,0.0085128408511161,0.014691888559377664
scarf_pooled,1,context_domain,on_the_job,606,0.44554455445544555,0.2906045537990084,0.3342915656946416,1.3909691685677525,0.6895375096973287,0.6599486825839531,0.05381484064512628,0.032584249010037016
scarf_pooled,2,age_cohort,30–39,741,0.4979757085020243,0.3217485896245586,0.36065351253761657,1.3036175332106144,0.6438150145411798,0.7056749953579532,0.04855106607113734,0.030126041168948868
scarf_pooled,2,age_cohort,40–49,824,0.46237864077669905,0.29450802266519005,0.34329238788043537,1.36890821655364,0.6802661367611582,0.667701229995663,0.023870480709118916,0.032015092256050794
scarf_pooled,2,age_cohort,50+,1102,0.37840290381125224,0.2579764037148081,0.3028689059467831,1.4863717223103163,0.7379419949299101,0.6376798302967571,0.06186341043847702,0.02833560082105811
scarf_pooled,2,age_cohort,<30,594,0.44276094276094274,0.3190328701289299,0.3717705519543234,1.396351639639143,0.6967815805829942,0.6764944092418499,0.049525986846369593,0.036720199441212874
scarf_pooled,2,age_cohort,missing,57,0.45614035087719296,0.2975243147656941,0.3696969696969697,1.3936014906597232,0.690173605194585,0.6790355027322154,0.06085637444372604,0.05484179717940611
scarf_pooled,2,context_domain,external_event,221,0.4072398190045249,0.27961853589845453,0.3248355263157895,1.397231467325228,0.7038442651254349,0.6643958172838224,0.05596576053248194,0.04198001775914596
scarf_pooled,2,context_domain,formal_training,2491,0.44038538739462063,0.2912802814926322,0.33914261964949666,1.4015438014495087,0.695399254676039,0.6665619213978221,0.018233332825604506,0.01662467915901639
scarf_pooled,2,context_domain,on_the_job,606,0.4438943894389439,0.27596281521169413,0.3283127687899868,1.387420785080671,0.6868932825917908,0.6659096504281155,0.03272709401815695,0.030029572736331785
scarf_pooled,3,age_cohort,30–39,741,0.4939271255060729,0.3247965573280111,0.3599120311417626,1.3126533647523502,0.6490494743220036,0.7002979357537036,0.0606489486002083,0.028696563140813446
scarf_pooled,3,age_cohort,40–49,824,0.46237864077669905,0.3005632552397287,0.3454427422871338,1.3630705328034391,0.6789665808568056,0.670313442230059,0.02789073336670843,0.031594746117014946
scarf_pooled,3,age_cohort,50+,1102,0.38838475499092556,0.26220207149501523,0.31025920933489604,1.4911400377335888,0.7392306984529732,0.6325457148197595,0.0472246441286458,0.02886015894008962
scarf_pooled,3,age_cohort,<30,594,0.44107744107744107,0.3220806769301695,0.37064561258796136,1.4019176179103952,0.6968593598101865,0.6784490089161233,0.05703386772201853,0.0356529465132067
scarf_pooled,3,age_cohort,missing,57,0.45614035087719296,0.29276426799007443,0.3696969696969697,1.3607731359726858,0.6749877801937004,0.7179674633524049,0.08979675114046873,0.09393105939083721
scarf_pooled,3,context_domain,external_event,221,0.39819004524886875,0.29262839767039184,0.32622761540949147,1.4069453323002992,0.7038084182327915,0.6553591788274408,0.043885466726148806,0.040469307050018985
scarf_pooled,3,context_domain,formal_training,2491,0.4431955038137294,0.2938536611340784,0.341588392398227,1.4027353767138633,0.6958559731738537,0.6666142781057822,0.019203747196010732,0.019132705622890763
scarf_pooled,3,context_domain,on_the_job,606,0.4471947194719472,0.29212162021849863,0.33554698934616395,1.3931303231857408,0.6906538389217225,0.6582464537769284,0.024445630472862773,0.026797425704482996
scarf_pooled,4,age_cohort,30–39,741,0.49122807017543857,0.31151698140697637,0.35268184718094014,1.3106387635961265,0.6478592372657369,0.6991384254907345,0.05470972795758386,0.026745396269002762
scarf_pooled,4,age_cohort,40–49,824,0.4563106796116505,0.29396151065763954,0.3395753495772732,1.3784840590926195,0.6836552433018954,0.6556450772286323,0.04619114137824806,0.031751345484866564
scarf_pooled,4,age_cohort,50+,1102,0.367513611615245,0.24064574225616325,0.29098030514093776,1.488706663974708,0.736938005871931,0.6337083148170871,0.06909915398927628,0.032360670981307835
scarf_pooled,4,age_cohort,<30,594,0.4444444444444444,0.33136982243441937,0.3763525273956182,1.3843556488841244,0.6913562737754964,0.6867644931543998,0.02324832671583659,0.032002748495308965
scarf_pooled,4,age_cohort,missing,57,0.47368421052631576,0.3163265306122449,0.3878787878787879,1.3597668122844568,0.6700063717578105,0.7095902776183795,0.11974649529604522,0.07725919245278792
scarf_pooled,4,context_domain,external_event,221,0.4117647058823529,0.29336580857879035,0.3360391907187323,1.3896065481534852,0.6976078023337787,0.6640030191502697,0.09459656028896496,0.039096405577514724
scarf_pooled,4,context_domain,formal_training,2491,0.43315937374548374,0.28108519824407685,0.33146158214157595,1.4031535432840172,0.6954062223247915,0.6648252482110484,0.025185654324928763,0.016811217461559766
scarf_pooled,4,context_domain,on_the_job,606,0.4389438943894389,0.29262145649979526,0.3313318857375371,1.3944956641784712,0.689651919887063,0.6517284039013292,0.04871504490278984,0.0393269462668568
scarf_pooled,5,age_cohort,30–39,741,0.49122807017543857,0.3102431113258596,0.353279728493504,1.312737607519141,0.6487243868801937,0.6994445906998008,0.04651562380748771,0.025348355894919922
scarf_pooled,5,age_cohort,40–49,824,0.46359223300970875,0.2994224427793225,0.34564455048045883,1.3734929036071604,0.6835082447317642,0.6597655872450392,0.01920608641775229,0.03183815478616424
scarf_pooled,5,age_cohort,50+,1102,0.3666061705989111,0.24145455827334436,0.2904620060600068,1.5026575443808794,0.7436605026920718,0.6248238320677229,0.06998969015102686,0.03489821187586621
scarf_pooled,5,age_cohort,<30,594,0.41919191919191917,0.3071369716739265,0.352612623984557,1.3956020691081146,0.6943983701931736,0.6774807291735605,0.04682120531369668,0.031151495810508335
scarf_pooled,5,age_cohort,missing,57,0.43859649122807015,0.2865046283765495,0.353030303030303,1.4600730780367162,0.7139951295952168,0.6504497474364918,0.09361587709184518,0.08083936584522133
scarf_pooled,5,context_domain,external_event,221,0.4072398190045249,0.2785588972431078,0.32171052631578945,1.4009939903014554,0.7018029806988468,0.657162288809825,0.0391923001914982,0.0430336993959921
scarf_pooled,5,context_domain,formal_training,2491,0.4251304696908872,0.2766784968555093,0.3253933302077483,1.4138305683883354,0.7004259379469963,0.6564651246916482,0.021325007845885178,0.018445561366932504
scarf_pooled,5,context_domain,on_the_job,606,0.4537953795379538,0.2789081953376039,0.333424423488953,1.3880618984126403,0.6876903010315509,0.6627692772004665,0.025846184766310242,0.02702843678746441
scarf_pooled,6,age_cohort,30–39,741,0.5087719298245614,0.3276928144000481,0.3680340293206868,1.3001480877267677,0.6433642584795968,0.7073672566230157,0.05799627344007268,0.03051918901338634
scarf_pooled,6,age_cohort,40–49,824,0.46116504854368934,0.28764033288641955,0.33925365545859926,1.3702792599675866,0.680801663511084,0.665452307033237,0.019506900044210396,0.02982042810317444
scarf_pooled,6,age_cohort,50+,1102,0.37749546279491836,0.2508006438273086,0.29954811598468767,1.4941227741945047,0.7410414287906032,0.6304158753450573,0.06198662888992562,0.030878009382215982
scarf_pooled,6,age_cohort,<30,594,0.44612794612794615,0.32269014858844247,0.37477256802585346,1.3979951193444433,0.695188081098388,0.6734272230034104,0.023369762509383836,0.035128425877300494
scarf_pooled,6,age_cohort,missing,57,0.43859649122807015,0.290885380919698,0.3571969696969697,1.4048696955646578,0.6987362619197973,0.6833566904208473,0.08609325406284662,0.07523057206155352
scarf_pooled,6,context_domain,external_event,221,0.4343891402714932,0.29701816210355114,0.34747807017543864,1.396911432978673,0.69905470445416,0.6536592735208698,0.039918686550044866,0.04320512619818124
scarf_pooled,6,context_domain,formal_training,2491,0.4443998394219189,0.28861855377796436,0.3401359067958373,1.4033858876256609,0.6956103903256596,0.6636909273553213,0.014485535779265769,0.019631051724445226
scarf_pooled,6,context_domain,on_the_job,606,0.429042904290429,0.26543030320193217,0.3160629418962047,1.394353368242817,0.6928288051320833,0.6570707473739889,0.04519977416551699,0.028224307050123038
scarf_pooled,7,age_cohort,30–39,741,0.5020242914979757,0.32353969902954194,0.36361317647916913,1.306842276940589,0.6454393813084689,0.6998743844511128,0.047045434882880224,0.030368741402302925
scarf_pooled,7,age_cohort,40–49,824,0.46601941747572817,0.31162291978961426,0.3510632028772072,1.36091883590751,0.6760020213981132,0.6710123084956896,0.03886610015542814,0.02796062918314819
scarf_pooled,7,age_cohort,50+,1102,0.39019963702359345,0.2671121906717635,0.3125592415277826,1.4887323638193426,0.739052804932791,0.6339395132272776,0.03995608778992262,0.029617611558509734
scarf_pooled,7,age_cohort,<30,594,0.4292929292929293,0.3169639431924535,0.36280186086580096,1.407267067789464,0.7026983450029363,0.672604904288965,0.037317331078046474,0.033669281042927365
scarf_pooled,7,age_cohort,missing,57,0.38596491228070173,0.2538641043239533,0.3244047619047619,1.380859155035308,0.6849172440221462,0.7052422714750393,0.11450348665275305,0.09033020039031507
scarf_pooled,7,context_domain,external_event,221,0.4117647058823529,0.2874222699279816,0.32785087719298245,1.3873089144294912,0.6933058732453955,0.6680120202963368,0.09403090102840964,0.041054480317685625
scarf_pooled,7,context_domain,formal_training,2491,0.44078683259735046,0.2903135527395026,0.33870042358104546,1.4017679816877915,0.6957966757084052,0.6656921882472238,0.008531495890581277,0.015499398701551894
scarf_pooled,7,context_domain,on_the_job,606,0.4521452145214521,0.29913774408373767,0.34045611246374274,1.39699110653536,0.6926162060754015,0.6519040117290947,0.05544662711252947,0.030682719172560345
scarf_pooled,8,age_cohort,30–39,741,0.4898785425101215,0.31983359139131806,0.35680244069210254,1.3202903817191554,0.6516138926155605,0.691782346910055,0.04504131185657125,0.027761630078509986
scarf_pooled,8,age_cohort,40–49,824,0.46359223300970875,0.30248278450136035,0.34626363515188846,1.37509207509859,0.6806317693493359,0.6615340054988949,0.026433802790461165,0.0250554680108306
scarf_pooled,8,age_cohort,50+,1102,0.3684210526315789,0.2377114370925141,0.2900229125952367,1.5004683743560778,0.7425737412910165,0.6198253295753323,0.06710142575486883,0.033718210577793895
scarf_pooled,8,age_cohort,<30,594,0.4377104377104377,0.320494688278756,0.3692003897866202,1.4047737253936392,0.7005064500709222,0.6709946810721453,0.03423864709257798,0.034609285753313825
scarf_pooled,8,age_cohort,missing,57,0.38596491228070173,0.2190007037297678,0.3041666666666667,1.4272633053048822,0.6999722619960672,0.6509256749691532,0.15905708983027006,0.0858893610889122
scarf_pooled,8,context_domain,external_event,221,0.40271493212669685,0.29018189025145547,0.3294251253132832,1.400000359490084,0.7022681577631401,0.6564909377740532,0.03951472898119709,0.0444215189001348
scarf_pooled,8,context_domain,formal_training,2491,0.4339622641509434,0.2853854184314997,0.33354978781513067,1.412924107823948,0.6991701802921096,0.654684891700959,0.01915874856356593,0.01958907433059661
scarf_pooled,8,context_domain,on_the_job,606,0.43399339933993397,0.26414483804072364,0.31804384554710596,1.405483103176512,0.6949963755400784,0.6454674116337886,0.03946358351663811,0.029435616284161182
scarf_pooled,9,age_cohort,30–39,741,0.5020242914979757,0.31901080689039546,0.36171369708443357,1.3124213286883974,0.6482738193882616,0.6945888765516063,0.04771734324184787,0.02693806954857399
scarf_pooled,9,age_cohort,40–49,824,0.4575242718446602,0.2848729732106454,0.33621905500700644,1.3716541333078622,0.6829821138599815,0.6654991961359373,0.035652929615344005,0.030968460063954338
scarf_pooled,9,age_cohort,50+,1102,0.38656987295825773,0.26252404054982875,0.30924462596033175,1.4870988786429336,0.7378164982360931,0.6308626147516655,0.0467735133161252,0.028887006970040607
scarf_pooled,9,age_cohort,<30,594,0.44107744107744107,0.31807592724223516,0.3696745049950486,1.3971251098460502,0.6965494933068866,0.6767080831208,0.045416567295822025,0.03204821300089072
scarf_pooled,9,age_cohort,missing,57,0.45614035087719296,0.3151098901098901,0.37537878787878787,1.3695028998259413,0.6799768584666492,0.7125274705852648,0.15742460153639123,0.06936637907719471
scarf_pooled,9,context_domain,external_event,221,0.4253393665158371,0.3001506190324971,0.34000424448217315,1.3875301858974445,0.6952502956324078,0.6585841513553786,0.09438637396096367,0.0478482676153808
scarf_pooled,9,context_domain,formal_training,2491,0.44199116820553996,0.2874290944614667,0.33872810465126857,1.4047704886343082,0.6971033740742217,0.6628978262224899,0.015831571234704914,0.01725372049312015
scarf_pooled,9,context_domain,on_the_job,606,0.44224422442244227,0.27344089326296717,0.326518244365452,1.3920077507186956,0.6907528099781229,0.6516639670357949,0.029783895407923394,0.03213226056010813
soft_labeled,0,age_cohort,30–39,741,0.4966261808367072,0.31549517096534335,0.358370773920501,1.31538780864411,0.6493748303868516,0.6929240615186727,0.03335465908663719,0.023576766823986732
soft_labeled,0,age_cohort,40–49,824,0.4587378640776699,0.29715655394413487,0.3412146776049926,1.3780327661214646,0.6842426415174583,0.660587083763586,0.02979706847827925,0.030651407694810735
soft_labeled,0,age_cohort,50+,1102,0.3765880217785844,0.2541867910800687,0.299824894619274,1.5058008950908102,0.7443801447792632,0.620905516628275,0.05810253538483173,0.038938851672809055
soft_labeled,0,age_cohort,<30,594,0.4276094276094276,0.31638470143914504,0.3612357630222845,1.3968652996095738,0.6956554113984427,0.6770988067589935,0.026193479718133978,0.03763176702495692
soft_labeled,0,age_cohort,missing,57,0.40350877192982454,0.2282258064516129,0.3208333333333333,1.4346306682134546,0.7082485234454854,0.6630981386352544,0.14869441013070103,0.08576506028621587
soft_labeled,0,context_domain,external_event,221,0.4298642533936652,0.3178978259150921,0.35468358395989974,1.3913642396012933,0.6965791680181754,0.6679474903367131,0.04332880191862049,0.042522064435711174
soft_labeled,0,context_domain,formal_training,2491,0.42994781212364513,0.28018377295354396,0.32877187743545905,1.4166797088769727,0.7013294278294889,0.6548233037045501,0.024197673818903705,0.02081417854538254
soft_labeled,0,context_domain,on_the_job,606,0.44884488448844884,0.28307886501041224,0.3322702599239378,1.3938370233849415,0.6896757175339685,0.6556796435650298,0.015108825127778022,0.028548017373439948
soft_labeled,1,age_cohort,30–39,741,0.49122807017543857,0.31682077218657073,0.3563388855556804,1.296974453759721,0.6409218691243386,0.7092619500557388,0.03493384325232202,0.02268944645060539
soft_labeled,1,age_cohort,40–49,824,0.4684466019417476,0.3097543967238322,0.3511626430645475,1.362111375493332,0.6771699617639682,0.6710130707052429,0.02846953681461775,0.03552823097477197
soft_labeled,1,age_cohort,50+,1102,0.37840290381125224,0.2548218160574631,0.30138065570676936,1.4951389232570296,0.7406914333519427,0.6326339290243155,0.05963874140930387,0.030723507657521597
soft_labeled,1,age_cohort,<30,594,0.44612794612794615,0.33256939139292074,0.37734342900426565,1.395343093233672,0.6952701679932254,0.6770519341404757,0.03862708009818469,0.032099466913615086
soft_labeled,1,age_cohort,missing,57,0.42105263157894735,0.23313990973565443,0.3333333333333333,1.4329613751360248,0.7105736909100174,0.6664183584570648,0.09395226905664175,0.0897511621707873
soft_labeled,1,context_domain,external_event,221,0.43891402714932126,0.3136654502518858,0.3527783672891907,1.3865817278503105,0.6969076322618867,0.6621377971293221,0.04076548094641126,0.037325928609845946
soft_labeled,1,context_domain,formal_training,2491,0.4379767161782417,0.2912242336858942,0.3375176192916348,1.4039903284545483,0.6957036102100548,0.6660714880772169,0.0154844153316382,0.01667692091711852
soft_labeled,1,context_domain,on_the_job,606,0.44224422442244227,0.28457745029820225,0.3310606542004838,1.3825397075908612,0.6858614083749321,0.6635188295303158,0.04024048213001748,0.029459788890243355
soft_labeled,2,age_cohort,30–39,741,0.4925775978407557,0.3114096140080392,0.3540748575626535,1.3090601277588103,0.64456023718173,0.6972122266867258,0.043981261620635495,0.024168708707920258
soft_labeled,2,age_cohort,40–49,824,0.46480582524271846,0.31160864093132057,0.3503306932264445,1.3663743422084191,0.6793268776222164,0.6684545581946505,0.022840580825387775,0.030823366732476258
soft_labeled,2,age_cohort,50+,1102,0.3856624319419238,0.27120287356686623,0.3116067037462585,1.4901878457823923,0.7386097611407921,0.6365506940218784,0.049042447029174346,0.029270908006722562
soft_labeled,2,age_cohort,<30,594,0.4393939393939394,0.321712786009534,0.36959607397249805,1.391495080537961,0.6939543633895358,0.6791847959696278,0.02996424746683465,0.03616845311038182
soft_labeled,2,age_cohort,missing,57,0.42105263157894735,0.25194375516956163,0.3390151515151515,1.4147838536116764,0.6967120465127936,0.6765578335493501,0.07903370108964888,0.06608904519565378
soft_labeled,2,context_domain,external_event,221,0.416289592760181,0.3054265639347479,0.3435521768130002,1.4137988025954316,0.7116511295696133,0.6559652735151298,0.06403871795472714,0.05561053022220499
soft_labeled,2,context_domain,formal_training,2491,0.4399839421918908,0.29608206549663657,0.3404155621095755,1.403269861710501,0.6951350890019207,0.6660069242576455,0.013790350087371665,0.01893876639077146
soft_labeled,2,context_domain,on_the_job,606,0.44554455445544555,0.28960671752004014,0.33431187196509543,1.3816650417527692,0.6838242769892177,0.6639152829550216,0.025716938297817914,0.028951674811696342
soft_labeled,3,age_cohort,30–39,741,0.48582995951417,0.31065913364788084,0.3504054349886419,1.3200679693556432,0.6519897299626684,0.6933625083278896,0.06610461213688996,0.02868548013686708
soft_labeled,3,age_cohort,40–49,824,0.4672330097087379,0.31571319130806347,0.3537348473258854,1.361352639698246,0.676633455116575,0.6726132075962845,0.02826255040940916,0.0282163014633152
soft_labeled,3,age_cohort,50+,1102,0.38838475499092556,0.26395474038636224,0.3108703350075817,1.487580226785019,0.7381932515500365,0.6381012726489999,0.048040951890156815,0.02859862761858823
soft_labeled,3,age_cohort,<30,594,0.43602693602693604,0.3278385280669839,0.3699892404373363,1.4037779453113495,0.6980673315384384,0.6728277359724183,0.05367285124868476,0.03354943312881438
soft_labeled,3,age_cohort,missing,57,0.42105263157894735,0.25210256410256415,0.33484848484848484,1.356385816042833,0.671787866975744,0.7268434279675,0.1979515977742358,0.10137472115386485
soft_labeled,3,context_domain,external_event,221,0.416289592760181,0.2920233271080729,0.33479591114883983,1.3956961558742436,0.7029476676193043,0.671429503514956,0.04164819582207344,0.03800827686746714
soft_labeled,3,context_domain,formal_training,2491,0.4367723805700522,0.29316300818796737,0.3374692707329515,1.4058150269086505,0.6964881993304124,0.66467164240175,0.024036849730672404,0.016655834104078122
soft_labeled,3,context_domain,on_the_job,606,0.45544554455445546,0.2973936030032438,0.34229735227503555,1.3862415162915918,0.6877882580892104,0.6646333011901429,0.034747428041225825,0.02667436817055781
soft_labeled,4,age_cohort,30–39,741,0.48582995951417,0.31237925725873095,0.3517203002219665,1.3166969979999776,0.6496887394801288,0.691382981148005,0.03510528083886394,0.02468535284629266
soft_labeled,4,age_cohort,40–49,824,0.4563106796116505,0.29200567155775214,0.3378460970074375,1.3723429900606423,0.680589507394729,0.6618582213827999,0.029738955474286607,0.02991069584706757
soft_labeled,4,age_cohort,50+,1102,0.38021778584392013,0.2634015590781098,0.30519518980811366,1.4897343565276906,0.737128158404553,0.6332688973406496,0.06383210560688327,0.03186606617378611
soft_labeled,4,age_cohort,<30,594,0.42424242424242425,0.3086202094656453,0.3561292403433919,1.3916506261008328,0.6941388093051245,0.6831222997335897,0.033637100892460275,0.041663864282680506
soft_labeled,4,age_cohort,missing,57,0.43859649122807015,0.28625850340136055,0.3571969696969697,1.3555135697018434,0.6739173533423938,0.7320070479577373,0.15447782451092937,0.08362449484308668
soft_labeled,4,context_domain,external_event,221,0.39819004524886875,0.2811538092815056,0.3222959111488398,1.389261313801947,0.699286415839779,0.667651645344262,0.06231380973981635,0.046261504531369124
soft_labeled,4,context_domain,formal_training,2491,0.4347651545564031,0.28937247606686095,0.33508451705473014,1.4081753475648517,0.6966917682351498,0.6614427534000912,0.018450875156363837,0.017143890692370357
soft_labeled,4,context_domain,on_the_job,606,0.4306930693069307,0.28180708991223424,0.3239422134208736,1.3816560469704482,0.6852649998403643,0.6638631704935651,0.04182675830807124,0.035887718029249935
soft_labeled,5,age_cohort,30–39,741,0.47908232118758437,0.2985313047580672,0.34173819846639353,1.319565619755975,0.650978703216166,0.6935347781440603,0.04195598128083408,0.022790133219477263
soft_labeled,5,age_cohort,40–49,824,0.4526699029126214,0.29543066612609953,0.33753596695120475,1.3696533935794777,0.6810261644474714,0.6657245217595988,0.03246515084908493,0.034796763159963426
soft_labeled,5,age_cohort,50+,1102,0.37568058076225047,0.2585010385282315,0.30059391966221216,1.5022334462093516,0.7420343714062743,0.6276616033140039,0.05819940128075056,0.031714506824542035
soft_labeled,5,age_cohort,<30,594,0.4292929292929293,0.31232390491511713,0.3609827802276753,1.3948161943804578,0.6960688419381654,0.6772991777309817,0.024779465051888286,0.03384375436381445
soft_labeled,5,age_cohort,missing,57,0.42105263157894735,0.2615591397849462,0.3390151515151515,1.4295898139568963,0.705168650929315,0.6658406434694876,0.1358648961101161,0.07155128776674435
soft_labeled,5,context_domain,external_event,221,0.40271493212669685,0.29822719223629235,0.3275434048831757,1.40622673696019,0.7044244436244779,0.6522534494594738,0.10346575008530388,0.05290558687648465
soft_labeled,5,context_domain,formal_training,2491,0.4231232436772381,0.27630986967672877,0.32388727904596437,1.414393340972701,0.7002015701156744,0.6582670022737835,0.02788470674564438,0.020094106123183852
soft_labeled,5,context_domain,on_the_job,606,0.45874587458745875,0.2945720347092817,0.3416966038223755,1.3825598942206392,0.6848881978427334,0.6644398756314047,0.03693676580618128,0.030949153966571375
soft_labeled,6,age_cohort,30–39,741,0.4993252361673414,0.33226007850402806,0.36583934551287667,1.310650374174242,0.647390011119125,0.6956644877447207,0.0406119763402318,0.02480954396844297
soft_labeled,6,age_cohort,40–49,824,0.46116504854368934,0.30150167240975906,0.34427063566517263,1.3593661497115213,0.6757273256994514,0.6739964260176847,0.035774158718062485,0.029062613318731362
soft_labeled,6,age_cohort,50+,1102,0.38021778584392013,0.2614198355633018,0.3053238824039328,1.4938999583250645,0.7387968216300502,0.6337013943078705,0.05542896879869592,0.030822974929095564
soft_labeled,6,age_cohort,<30,594,0.45286195286195285,0.3480776981688126,0.3868467842525989,1.3832680836268416,0.6900979685447644,0.6856992226920668,0.026697323594076658,0.033653088791556915
soft_labeled,6,age_cohort,missing,57,0.47368421052631576,0.33505668934240357,0.39826839826839827,1.4014947477559114,0.6930983032459807,0.6919649091531381,0.13829392151698106,0.0822062442595391
soft_labeled,6,context_domain,external_event,221,0.4072398190045249,0.2892063492063492,0.3288200339558574,1.408634855221133,0.7039772360622871,0.64393023641418,0.06786575305069956,0.04961745160000536
soft_labeled,6,context_domain,formal_training,2491,0.44600562023283824,0.30652580694269804,0.34768538679704575,1.3976613256857369,0.6923903807636296,0.6699160774731656,0.009920690999024193,0.016702453925230783
soft_labeled,6,context_domain,on_the_job,606,0.43564356435643564,0.2767445573235574,0.32324650674028865,1.3964540688267617,0.6926910907600313,0.6550235395978917,0.024510691131079888,0.028785268198141516
soft_labeled,7,age_cohort,30–39,741,0.49527665317139,0.32744387286532517,0.3622116593568657,1.3090209062113423,0.6457071087036917,0.6952589739957702,0.04298152047572427,0.024024837674183668
soft_labeled,7,age_cohort,40–49,824,0.4550970873786408,0.29983082958816787,0.3402242849949714,1.3586864726025996,0.6754860504237994,0.678470325700017,0.04342817173864568,0.025437708722928477
soft_labeled,7,age_cohort,50+,1102,0.3765880217785844,0.2567953438899721,0.3010203320111197,1.493984023635682,0.7404547289375506,0.6324254807028318,0.05896647800936232,0.034450461659163115
soft_labeled,7,age_cohort,<30,594,0.43097643097643096,0.3220320880328501,0.36525670542158184,1.3970354317149891,0.6975908745707261,0.6762456827455668,0.045757511871900684,0.039809207990843254
soft_labeled,7,age_cohort,missing,57,0.38596491228070173,0.22095238095238096,0.3083333333333333,1.3781211416531567,0.6868458757687226,0.6970760939700493,0.19735223928976073,0.08098232145675713
soft_labeled,7,context_domain,external_event,221,0.4072398190045249,0.2809193460819207,0.32587719298245615,1.3889452399497635,0.6985529402152816,0.6652406118709926,0.04782323179836532,0.05064262810369559
soft_labeled,7,context_domain,formal_training,2491,0.43516659975913285,0.2906998798191039,0.3355023025339626,1.40441563238507,0.6956765938695371,0.6641271727771473,0.021284436655224753,0.020506716162521914
soft_labeled,7,context_domain,on_the_job,606,0.4306930693069307,0.2838194892729281,0.32411359760829794,1.3844030564133576,0.6885465077311244,0.6654530638638482,0.03559135485393379,0.026009615689411854
soft_labeled,8,age_cohort,30–39,741,0.4939271255060729,0.3242644083840736,0.3604765492331074,1.315922473357027,0.6492600343855657,0.6939423359979033,0.04193379987471447,0.02602386385813609
soft_labeled,8,age_cohort,40–49,824,0.45995145631067963,0.29544507164758316,0.34157217442274723,1.3665783956060933,0.6776488976583203,0.667910978560738,0.02427786300483985,0.026667026730033443
soft_labeled,8,age_cohort,50+,1102,0.36932849364791287,0.24566870333601415,0.2925276684811689,1.492885302326866,0.7395914937059772,0.6283421533770246,0.07095588077017856,0.0349285753205576
soft_labeled,8,age_cohort,<30,594,0.45286195286195285,0.34919171710823205,0.38750156821013265,1.40126867938566,0.6973658819254686,0.6706651904729851,0.05625646383564392,0.03693826770065661
soft_labeled,8,age_cohort,missing,57,0.40350877192982454,0.22205128205128205,0.3208333333333333,1.4035085648309644,0.6933515549367913,0.6792964217746826,0.1200367366262644,0.06871074564238813
soft_labeled,8,context_domain,external_event,221,0.416289592760181,0.3083200181983144,0.34108507154984236,1.3954953675954784,0.7031599070573553,0.664013372199975,0.07954183348077562,0.0437083597323293
soft_labeled,8,context_domain,formal_training,2491,0.43637093536732235,0.29040756324006584,0.3363287983286908,1.4088719341599691,0.6973092611059972,0.6593273794072939,0.023563958664398983,0.019672582979743364
soft_labeled,8,context_domain,on_the_job,606,0.4372937293729373,0.28255039457434117,0.32716375927445285,1.3874057317170745,0.6862621564926694,0.6592021887210816,0.05247906737261895,0.034394587474735214
soft_labeled,9,age_cohort,30–39,741,0.4979757085020243,0.3143116406324942,0.35823898109881674,1.3131339436008733,0.6474663826996209,0.6922701302062519,0.04056820773196375,0.0245144132378051
soft_labeled,9,age_cohort,40–49,824,0.4587378640776699,0.2904602508356369,0.33854987623301847,1.3693847464155051,0.6809853090310315,0.6680737526930152,0.036015807045621455,0.035892621633064406
soft_labeled,9,age_cohort,50+,1102,0.3811252268602541,0.2618531542457688,0.30501029790555073,1.4931518378981348,0.739665555017146,0.6323826194100426,0.055657178991723906,0.030583780618293154
soft_labeled,9,age_cohort,<30,594,0.4292929292929293,0.3260685917091769,0.3656176601955344,1.3894458507948773,0.6915490841571187,0.6801486427980751,0.03802634508336371,0.03648036770862069
soft_labeled,9,age_cohort,missing,57,0.45614035087719296,0.2902544640685058,0.3696969696969697,1.3614363605357402,0.6773612085491398,0.7193363856205851,0.0872986563991178,0.08286837137627574
soft_labeled,9,context_domain,external_event,221,0.416289592760181,0.2963863253451354,0.3350700339558574,1.3900774063594603,0.6984566656027399,0.6565142432477258,0.05223590460297766,0.0449826168613475
soft_labeled,9,context_domain,formal_training,2491,0.4347651545564031,0.286546646639924,0.33401786727976074,1.4066435524011838,0.6963007264691514,0.6624249872307798,0.021201143759001558,0.019503288494941873
soft_labeled,9,context_domain,on_the_job,606,0.4504950495049505,0.2899396132552937,0.33678200722086643,1.3838863377958297,0.6873954422353987,0.6623601781489937,0.024735322719139707,0.030554438810678812
soft_pooled,0,age_cohort,30–39,741,0.50472334682861,0.32450522357567774,0.3657440262045343,1.3156146920781022,0.6493703606917559,0.6941521660059558,0.046608580096430194,0.02466177292839713
soft_pooled,0,age_cohort,40–49,824,0.46116504854368934,0.29822504642659425,0.3426014406566089,1.3723887148410017,0.6820360518014642,0.662909323917103,0.047217001650419956,0.028000760236524397
soft_pooled,0,age_cohort,50+,1102,0.37840290381125224,0.2484076506782047,0.2996068402036721,1.4999668947247826,0.7425973415371956,0.6234928073447179,0.05593169362542485,0.036591972965582385
soft_pooled,0,age_cohort,<30,594,0.4393939393939394,0.32296819800194076,0.3705654088847595,1.388226241474071,0.691404669880039,0.6835363507154555,0.022550166185422525,0.031193360801913705
soft_pooled,0,age_cohort,missing,57,0.40350877192982454,0.22567478604344965,0.3208333333333333,1.42759082875214,0.7067099678305931,0.6725999501656977,0.1576797209630296,0.09111058771306357
soft_pooled,0,context_domain,external_event,221,0.4253393665158371,0.3013357619914997,0.34411810776942353,1.3927679839118712,0.698334794179634,0.6646059245246011,0.011862074644208423,0.04266221042023096
soft_pooled,0,context_domain,formal_training,2491,0.4359694901645925,0.28166400153342724,0.3329929765129954,1.4111741333903323,0.6992122875070738,0.6581150893350186,0.008451144298434382,0.01666164175543294
soft_pooled,0,context_domain,on_the_job,606,0.4537953795379538,0.2856297394857203,0.3360212791511663,1.3888199336636937,0.6871789747726973,0.6607362027396907,0.02870042852247719,0.02799741464584196
soft_pooled,1,age_cohort,30–39,741,0.49122807017543857,0.3148500151834633,0.3552161935562932,1.3003378989694265,0.6432777352766051,0.7070016109658276,0.04310734054715502,0.023816930897574466
soft_pooled,1,age_cohort,40–49,824,0.470873786407767,0.30494533222165654,0.3509839467705533,1.3565330319075026,0.6746396182996884,0.6743067693310804,0.028835377835758465,0.030696875803292962
soft_pooled,1,age_cohort,50+,1102,0.3811252268602541,0.25625117120510127,0.3039867028362525,1.4885277687828622,0.7389294054655554,0.635497607379971,0.05374811311462747,0.027889580458237327
soft_pooled,1,age_cohort,<30,594,0.4494949494949495,0.33145430070960963,0.3795617384230696,1.3948010174155019,0.6948682127768043,0.6781774606320603,0.023402274223748652,0.034060751225160765
soft_pooled,1,age_cohort,missing,57,0.43859649122807015,0.26474164133738604,0.35151515151515145,1.413263871874875,0.7037531347787993,0.6761709813889029,0.04503331412256121,0.0769074145537755
soft_pooled,1,context_domain,external_event,221,0.42081447963800905,0.29806906692865354,0.3402783672891907,1.3890871549655106,0.6985028360524521,0.6548613277074405,0.03681610603634014,0.04289443680653726
soft_pooled,1,context_domain,formal_training,2491,0.44078683259735046,0.29051061213935614,0.3391872071227319,1.3999613385201526,0.6945974475710962,0.668406693810737,0.006244839783168769,0.014045969371281577
soft_pooled,1,context_domain,on_the_job,606,0.4504950495049505,0.2889338506998986,0.3369942688769756,1.3803087329495685,0.685026948096651,0.6654619098174301,0.03948538300062603,0.03080695648039302
soft_pooled,2,age_cohort,30–39,741,0.4993252361673414,0.30908175857734344,0.3564330373501752,1.3088314508818506,0.6452200784906501,0.6979626745005055,0.04145360232111481,0.024838810086725078
soft_pooled,2,age_cohort,40–49,824,0.46480582524271846,0.3058288337680846,0.3481892204953135,1.361885732330534,0.6775578322107902,0.6713336935031295,0.03606858454680725,0.02988921627357847
soft_pooled,2,age_cohort,50+,1102,0.37568058076225047,0.25653577695128565,0.3009376151355351,1.4904257509682026,0.7391175226497515,0.635171978366568,0.05995019636039191,0.028404361491579922
soft_pooled,2,age_cohort,<30,594,0.44612794612794615,0.32354935349129443,0.3749603841708399,1.3862141617172616,0.691950133103782,0.6852374401495356,0.03063697767821915,0.03045179825111296
soft_pooled,2,age_cohort,missing,57,0.42105263157894735,0.2516420960443731,0.3390151515151515,1.4080392617361668,0.6961834441562003,0.6767159485579423,0.11111547314352078,0.06728025715596564
soft_pooled,2,context_domain,external_event,221,0.3936651583710407,0.2755307359307359,0.3201029286926995,1.406922901802554,0.7088922758651516,0.6589221247311906,0.05471904009680471,0.03859791783627653
soft_pooled,2,context_domain,formal_training,2491,0.44078683259735046,0.2922077399193238,0.33947482662333944,1.401882633572502,0.6951498552345468,0.6663003511067325,0.015102650780964365,0.016954558166472247
soft_pooled,2,context_domain,on_the_job,606,0.4471947194719472,0.2812346245411468,0.3319829850452073,1.3781138194097662,0.6820801895847928,0.6688775841796082,0.026195150058809978,0.030001850493275955
soft_pooled,3,age_cohort,30–39,741,0.4844804318488529,0.2976719316844559,0.34408385085021964,1.3184980981544727,0.6515163735599496,0.694283449104149,0.045260689510990576,0.02295611609288424
soft_pooled,3,age_cohort,40–49,824,0.46480582524271846,0.308330998626498,0.3495736832817201,1.358993911466619,0.6765515567944071,0.6740455539983569,0.0434141825493472,0.03282535064411899
soft_pooled,3,age_cohort,50+,1102,0.3911070780399274,0.2653287483219087,0.31335958330578983,1.4859479684650299,0.7380713085384175,0.638742215327709,0.047587099229574804,0.026542102375504813
soft_pooled,3,age_cohort,<30,594,0.44612794612794615,0.3265372790094308,0.3759763518470288,1.401396533776174,0.696345583461526,0.6756788766598761,0.050579818016871676,0.034711333124207364
soft_pooled,3,age_cohort,missing,57,0.43859649122807015,0.2630769230769231,0.3515151515151515,1.3437373719760581,0.667703029147967,0.7348251917753509,0.16429955869688992,0.10568025126188882
soft_pooled,3,context_domain,external_event,221,0.4117647058823529,0.2874879548478869,0.3330963497453311,1.396417147143529,0.7046054455912982,0.6744045352553509,0.023525806046735726,0.03655267583862698
soft_pooled,3,context_domain,formal_training,2491,0.4387796065837013,0.28765194364882424,0.3368231367316758,1.403893181838767,0.6959595566374596,0.6657158816802073,0.029482125308108453,0.017476842723895332
soft_pooled,3,context_domain,on_the_job,606,0.4603960396039604,0.30366449974518395,0.3472628695164149,1.382259407287154,0.6863729171515544,0.6669240925568953,0.024775664870229704,0.025512978743362592
soft_pooled,4,age_cohort,30–39,741,0.49122807017543857,0.3076630524776928,0.3522799439643077,1.3165580727697621,0.6495346802042742,0.6914049078809649,0.05230288524128979,0.026009520473054038
soft_pooled,4,age_cohort,40–49,824,0.4550970873786408,0.2860232164241746,0.33529991813361004,1.3689368923308425,0.6798440359985808,0.664386691334972,0.039866702973682666,0.02963976050872045
soft_pooled,4,age_cohort,50+,1102,0.3856624319419238,0.26111876438256143,0.30810158416668176,1.487161103910318,0.7363136766785157,0.6331433750958404,0.04861867082126867,0.029968390642287835
soft_pooled,4,age_cohort,<30,594,0.44612794612794615,0.32841909813634373,0.37680363205656325,1.3860613896235463,0.6922091517902648,0.6873393598548769,0.029199953781527753,0.03829826907655777
soft_pooled,4,age_cohort,missing,57,0.42105263157894735,0.2532182103610675,0.3390151515151515,1.3643014249329528,0.6758568075558048,0.7124951662767145,0.165364660604202,0.08087157975851375
soft_pooled,4,context_domain,external_event,221,0.42081447963800905,0.29245914056236755,0.34247134974533106,1.3921112667502706,0.7006270006075298,0.6683277650782988,0.06572755304169499,0.0460913923731454
soft_pooled,4,context_domain,formal_training,2491,0.43918105178643113,0.2867139467456786,0.33678034802547707,1.4062052273244454,0.6961932635274085,0.6613358174603714,0.018823484129113943,0.018208332665237137
soft_pooled,4,context_domain,on_the_job,606,0.4389438943894389,0.2872271661644221,0.32981011967066565,1.3745823484368644,0.6824330742689463,0.6689418967671488,0.03661927456661608,0.033070838397116435
soft_pooled,5,age_cohort,30–39,741,0.48313090418353577,0.2995257133138397,0.34395896139101817,1.3178847619603034,0.6499730282334196,0.6951521733460948,0.04822272308976703,0.026379125002293245
soft_pooled,5,age_cohort,40–49,824,0.4563106796116505,0.2935455106765135,0.33912057163538345,1.3651025912548906,0.6791968732308221,0.6697855554668244,0.040165126097718065,0.029436369311035115
soft_pooled,5,age_cohort,50+,1102,0.37840290381125224,0.24791054249533134,0.2991306484259821,1.495587860423335,0.7399347552703769,0.6299158553829866,0.049665597708150426,0.0288080432434842
soft_pooled,5,age_cohort,<30,594,0.43097643097643096,0.31355192946053556,0.3624135819559745,1.3912047020532416,0.6934866108372593,0.6800682276831205,0.042979343752466,0.03581260798032017
soft_pooled,5,age_cohort,missing,57,0.42105263157894735,0.2800724637681159,0.34469696969696967,1.4335629142998114,0.7041433266157285,0.6618949977990275,0.14150300393203033,0.0844284014560461
soft_pooled,5,context_domain,external_event,221,0.40271493212669685,0.2836302141114975,0.3239954725523486,1.4072615475095531,0.7052512323930197,0.6532901583111324,0.08000962012591714,0.04878009726072639
soft_pooled,5,context_domain,formal_training,2491,0.42753914090726614,0.2745459897065021,0.32574947515105573,1.4091356218878601,0.6977902203576194,0.6609744959782335,0.027717995620324398,0.017219868056886443
soft_pooled,5,context_domain,on_the_job,606,0.4570957095709571,0.2928924179085667,0.3407945279104265,1.3803003448936864,0.6843359619733628,0.6660552273719127,0.02896053461297363,0.026689830950408656
soft_pooled,6,age_cohort,30–39,741,0.4966261808367072,0.32358121171966114,0.36068883814247854,1.309298749536289,0.6472603539594126,0.6983966522384775,0.04964987992873241,0.02614624230797471
soft_pooled,6,age_cohort,40–49,824,0.47572815533980584,0.312254355682431,0.3562169185945988,1.361817355446582,0.6772362633021054,0.6714443064725832,0.029345596234725095,0.030977863500010118
soft_pooled,6,age_cohort,50+,1102,0.3738656987295826,0.24806915917201855,0.29698398627307737,1.4910352206916464,0.7380847665281565,0.6320123785072147,0.06381768954840428,0.030977082569682023
soft_pooled,6,age_cohort,<30,594,0.46296296296296297,0.3534504486684567,0.39491107813378007,1.3773075162909156,0.6870890701330564,0.6905578274240988,0.043875171742037346,0.0349805067546614
soft_pooled,6,age_cohort,missing,57,0.43859649122807015,0.2605047180162387,0.35151515151515145,1.3968533352131183,0.6930262573168686,0.6917074963644423,0.076996695390479,0.0754354686885245
soft_pooled,6,context_domain,external_event,221,0.4072398190045249,0.2811703703703704,0.3262609649122807,1.4133838281973046,0.7071635649589755,0.6413269305983366,0.03334354449881376,0.04889627597474753
soft_pooled,6,context_domain,formal_training,2491,0.4476114010437575,0.3018942163994289,0.3468808993437731,1.396137776382431,0.6920178753157163,0.6695412783349804,0.006227448435317395,0.01614067913517222
soft_pooled,6,context_domain,on_the_job,606,0.4405940594059406,0.27748350332134053,0.3266947826023577,1.391176510363499,0.6907025495339966,0.6585171151484711,0.02252426497958111,0.031596900687676135
soft_pooled,7,age_cohort,30–39,741,0.5006747638326585,0.318684329296474,0.36012018544958735,1.3125131419521208,0.6476144337786253,0.6940393589717895,0.05390682369756761,0.027657246498709192
soft_pooled,7,age_cohort,40–49,824,0.46237864077669905,0.3027424290041579,0.34476958897948273,1.3591861419456355,0.6760188559915732,0.6763214652517195,0.04568000991186703,0.0258660196438499
soft_pooled,7,age_cohort,50+,1102,0.3811252268602541,0.2569704809950354,0.3038576265341365,1.493025271318621,0.7398927273671068,0.6316689633711383,0.053803985868926776,0.03360023230206677
soft_pooled,7,age_cohort,<30,594,0.43602693602693604,0.31903272219780227,0.3676424662127454,1.4027863973233001,0.7011071611859078,0.6719365562600963,0.0516903459690054,0.04243554575965962
soft_pooled,7,age_cohort,missing,57,0.40350877192982454,0.2562561094819159,0.33690476190476193,1.37598392696444,0.6846617402662742,0.6974776495449879,0.169226358865703,0.08618837779561325
soft_pooled,7,context_domain,external_event,221,0.4117647058823529,0.28323353414262503,0.33042763157894733,1.3868870536061424,0.6967647451271333,0.6694710634279717,0.0593947712319681,0.04762523190359659
soft_pooled,7,context_domain,formal_training,2491,0.4387796065837013,0.28833492381783205,0.33680155460748834,1.406490857166301,0.696965836393234,0.6616577144206043,0.024230737930329215,0.020257999103888973
soft_pooled,7,context_domain,on_the_job,606,0.44554455445544555,0.29105130840274207,0.33518401420722743,1.385265524656181,0.689175056330914,0.6646713290842342,0.03254667566456435,0.024970155527122655
soft_pooled,8,age_cohort,30–39,741,0.4898785425101215,0.3121778046666536,0.35336147648335975,1.3165724895428281,0.6501441139078317,0.6940225264023081,0.0489584158342763,0.03002523344613498
soft_pooled,8,age_cohort,40–49,824,0.4538834951456311,0.28355863168359835,0.33453171001353277,1.3619529392486334,0.6767796066846027,0.6719953397037655,0.03697961992941752,0.023602332846006154
soft_pooled,8,age_cohort,50+,1102,0.37477313974591653,0.24164668287470095,0.2950946042475607,1.4937307646082119,0.7401527638850507,0.6253785431849247,0.05876196060561677,0.036791542385150436
soft_pooled,8,age_cohort,<30,594,0.44107744107744107,0.33088256223831775,0.37435064478414254,1.3973541279255142,0.6955237077524681,0.675008309475083,0.0441814922298044,0.033837551930980994
soft_pooled,8,age_cohort,missing,57,0.43859649122807015,0.2879918864097363,0.3571969696969697,1.4137319411793812,0.6964671695582889,0.6765679116060876,0.13148616322542941,0.0849737239267829
soft_pooled,8,context_domain,external_event,221,0.4117647058823529,0.2958382520636648,0.3333176691729324,1.40077494797404,0.705437780642224,0.655504963691123,0.06753338698991097,0.04448067187539988
soft_pooled,8,context_domain,formal_training,2491,0.43195503813729424,0.28015727130032914,0.33047710843702716,1.406460611638165,0.6966776983460609,0.6609994184674393,0.02404540798190462,0.01753997478024016
soft_pooled,8,context_domain,on_the_job,606,0.44554455445544555,0.27292359632830354,0.32811660181323415,1.3885596779412661,0.6874345628431702,0.6563651444899994,0.02208393383997572,0.027778528103724782
soft_pooled,9,age_cohort,30–39,741,0.4966261808367072,0.3048571901322033,0.35362692051668226,1.314408732849636,0.648572189466822,0.6909013059414714,0.04142413975147438,0.02418410669600706
soft_pooled,9,age_cohort,40–49,824,0.4587378640776699,0.28662554470232376,0.3377913574293211,1.365478679788313,0.6792349199226694,0.6692310325351869,0.030117351617994767,0.031225182713468996
soft_pooled,9,age_cohort,50+,1102,0.3956442831215971,0.27396372322573537,0.3184209145836907,1.4874997673083494,0.737001735545224,0.6324647199721987,0.05643207088541266,0.029072668145771564
soft_pooled,9,age_cohort,<30,594,0.44276094276094274,0.32837912124538277,0.3750061720095277,1.3853506924957357,0.6913553706962859,0.6838934059664862,0.022219210926183397,0.03697958361358276
soft_pooled,9,age_cohort,missing,57,0.45614035087719296,0.3157846761533397,0.37537878787878787,1.367296448752733,0.6807928271089891,0.7062952544686374,0.14487734230050595,0.07986153087373318
soft_pooled,9,context_domain,external_event,221,0.42081447963800905,0.2969825759654509,0.3406621392190153,1.3947371382052194,0.7005129262784545,0.6518226781738836,0.05138693647429087,0.041792992427606424
soft_pooled,9,context_domain,formal_training,2491,0.4431955038137294,0.2929057542433736,0.34134213947195,1.4030068943686291,0.695132729155114,0.6630793174759089,0.01899902208968125,0.017912246829708746
soft_pooled,9,context_domain,on_the_job,606,0.4521452145214521,0.2767548247284832,0.3329358789216679,1.3796422017602563,0.6857075499800498,0.6659402865953439,0.022400043837120978,0.02470615919238237
