situation_id,person_id,inner_fold
43d0b4e6-15fd-3453-d0f2-bd0a82284665,ddd9bbd7-b896-5a0e-0ca4-864d768ada6d,2
66990ec1-360c-27c6-ba9e-8d2c250b57e5,97bbaedf-4bfe-8fdb-d963-d826357faaad,0
ff89bfc0-1335-1340-2037-55658514179c,77ff772a-cd79-ba8c-2aad-f8c69f8b645b,0
6a23328c-82a6-ea96-9e84-6d8572ee2154,77ff772a-cd79-ba8c-2aad-f8c69f8b645b,0
d6e3d907-f1b1-d69f-86ec-9b5551fe05de,4fd31963-e4ab-c58d-0872-ed7312b13550,1
5e68ac38-ee60-6f7f-82cc-a019de97775b,d7b71171-5906-c782-e618-d37f227113d1,1
0f43f7af-2636-02c0-30ea-d7b37f3464a0,9dc760e5-d142-905d-3562-a86c24946417,0
add593d7-8382-9913-85ac-cfa8b49b052f,dc05e8db-64e7-4340-818d-1c533be3a5ad,1
0a5e2cc2-be1c-0557-2179-70809d7b530f,2c94abc3-051c-fe97-4f39-465ef2ea691c,1
b6bda2ac-9d2f-d26a-02ad-8c42691e263f,9b318b99-2201-d47c-6bc1-3143e046a966,0
d2cd0750-75e3-447b-3836-235cd46e1302,9b318b99-2201-d47c-6bc1-3143e046a966,0
64255e96-000e-bb5e-e1aa-f61f6f7a7dba,356ca04e-8618-ef14-d8c5-a8471c7cf366,2
432a4d34-3671-b8da-ca50-8cb9bca7fc54,97567f6b-20cc-27a5-77b4-27df8079e830,2
bfa0027c-bf40-f165-974c-28cbee6d0788,4f22b12b-d323-7363-d93c-f017944e5f85,2
3cb4dcba-3b35-4d97-ba35-ea107b179eb5,4f22b12b-d323-7363-d93c-f017944e5f85,2
73f0667a-53e7-9576-5237-f9aaf04bf322,16561e15-70f1-998b-9823-75d98c569604,0
f6082167-9b80-8978-a010-29997c3257d3,91ca1032-a2d4-39da-ef1b-5f175980f5d3,1
162bf1b9-c133-004f-36ae-e0740819bc42,92ac8eef-771e-78c9-41ff-8f7018615ec2,2
43d36637-b280-4613-7ea0-fe6620501e6f,a38a3f44-faa7-cac5-770c-b2a6ef5cadca,2
02374991-3019-e51c-e20f-d943120b666d,91a0c183-1682-2e09-e4b3-502fce6cf2da,1
cb69a905-da9d-a8d9-e378-0f244f8bdab3,0827a176-dc71-c1e7-a54d-bf783f31b0aa,0
598f94ad-36c0-5bbc-0fe0-cbd78ba059ff,c4174bc1-4fd4-4257-9ed4-5203b4f00ecd,1
b43a7fff-a8b2-3572-a06d-31631777f07f,24f062ed-a8d6-1f6c-d27e-f18d346c73c8,1
689525ce-a80e-1baa-78b6-0f989f64d5aa,24f062ed-a8d6-1f6c-d27e-f18d346c73c8,1
69246374-ada1-e509-7582-8af66007c82f,2ec1e50c-5e86-523f-3729-8cec6f8c200d,0
27c9a31f-f100-10a7-d906-2171c977e3fc,9326603e-2d54-d875-b078-f621e31c65c3,0
ab701be0-87fa-87e0-7bdd-554a17153140,e0baeb89-c05f-ed74-741a-409957d4586f,1
20dcfb78-7f4d-1b8b-77c7-20fe38790284,e62817b9-df47-98e4-bb66-446e8faa097c,0
fbd35703-b764-295d-f475-539dc4a486a4,2904f4ad-a64b-5036-3ac2-f3ccbf748e1d,0
2db49c66-890f-2d8a-a8b6-be5e62e80587,8a177994-5a82-b5e2-fa86-6f7730a7f344,0
faa612ae-f9ce-8290-bb26-2f2b90fb9324,6cccf208-fcda-246d-870c-3ee0e6cf298a,2
a35264d9-11fa-460d-7bda-9a6fc1d48acd,0a607184-b582-5d44-acee-6a4e076a23e8,0
fdf417c6-b02b-e1c2-7a49-4f5e0dbffbb5,429d8e12-30aa-031f-9f41-4935044d11d0,1
0c44ab53-0053-b3fb-d3c6-06314327c2cc,429d8e12-30aa-031f-9f41-4935044d11d0,1
4bf677f2-01e6-edb0-e310-106a4f6980ba,f1427c77-7481-8709-5465-a5ebdf093ffd,1
3aab47a5-790b-c6f6-e268-68726fb4bb73,f9b8d66b-19da-74a6-87ce-5acca18ca9ac,1
c26d5da5-cdfb-f859-ada8-e34837cb83cb,4258d0ff-ce48-86a7-ee04-a4412903fb6d,2
cf226cbd-59be-3c82-3d15-bcea9dfec587,edf432c4-b730-3f60-4c95-7ceb8402810c,0
efa66017-66ac-97ec-0d23-4d8aae8c79c9,edf432c4-b730-3f60-4c95-7ceb8402810c,0
6217bf87-d14b-c5c0-ff4e-ccfb18645453,4dead529-b19d-50ee-0bc7-9553a961b468,0
09e2b801-26b4-03c3-4446-95b226a55859,031535da-7b46-eb3e-0240-45606b761857,2
8e324ef5-b54e-97f9-0b30-a8d24c298c6f,86f1e4ae-bdb3-df6a-f86a-3a5460b827bf,2
7de0e987-4e3f-f4af-d137-dbf508e4a820,9454dad4-5722-5d96-bd0d-ad5dfe07d0ee,1
3806605b-02ea-c73c-62f0-65fe2caf0ae9,0d37fa42-1a5f-9487-1d45-0eef9496439e,1
fa3ec760-5da2-c78d-c29f-da7160c1b58e,dd4d2dbb-f26d-c95c-64ce-49ea00cd1393,0
3669ba82-cb01-1654-5b81-0180dd40dd8e,42cd6037-90cc-fdcd-cfb4-e55a637cf4c2,1
187161cd-0a37-6271-e2f1-ff3ce350fcf8,42cd6037-90cc-fdcd-cfb4-e55a637cf4c2,1
7475acac-a6d3-c328-a80a-8a1483e4b739,91e2987c-a5db-b997-0d14-b4234d06311f,1
67375ba9-6bb1-1f4a-e9cb-c597a2130dbc,f6f9f86b-1c42-dbb0-a3f7-7ebb6ef8fa92,2
1629aa10-708f-b31d-56c7-af67622654ae,539ac45e-ac1a-9fb5-8708-4a3bff500e7d,0
8ba13524-ab7b-a7ed-05f7-e08456d390ee,3475ed70-b8aa-cb5f-d2b4-c9993b7a599d,1
cbcde400-8249-532c-240a-595f674394b3,e8efe842-319a-5b24-7b7f-4623d5dfd8bf,0
9af5d06f-7761-fbff-20b7-a802f760f7b2,8656f7f8-1a7c-7bcd-501d-b97bb148a0dd,0
bfc02786-1c0b-d0f8-63f5-b9778e235ec8,8656f7f8-1a7c-7bcd-501d-b97bb148a0dd,0
60604bd2-ca80-9eef-359b-3fd8a4e015f0,1afde074-6887-a76f-3c52-dda506751051,1
72c84162-c0cd-1b68-a873-afb8ef6308ff,1afde074-6887-a76f-3c52-dda506751051,1
a8fc6496-ccc0-3a74-f216-85fc30fa8a87,4e4745ca-eefe-c105-598a-258ce9e2687e,1
393db934-3d37-4ae7-7551-bb6b6c2aa90d,bb5b52ff-fba8-da3f-c8c3-1a169fe4c0eb,1
9d3f5278-fd08-6c94-0a19-11537cc363cd,ad097d73-03a3-ef6c-c74d-2beb4777a00b,1
7600bc05-6b3f-e340-e791-282f7c4ad9b6,ad097d73-03a3-ef6c-c74d-2beb4777a00b,1
4f9110d8-4afb-549a-32d5-f18393dbb394,ad097d73-03a3-ef6c-c74d-2beb4777a00b,1
fcf51fcf-a29f-5b10-00ef-81d09652f877,bbad4378-a84f-193d-0970-8120f9536b9d,2
f4c75db4-dacb-8e1d-f606-642d66e6d744,eaf1fb2e-4332-ff9b-c44b-ebf21224eaaf,2
cce08fb7-6b51-94a6-580c-9102dc77a4ce,50b9183e-7b4b-6edd-ecdb-e75887585cfb,2
de5b9166-acd9-02dc-bf37-8f787323b6bf,81563300-ac2e-5228-ec7a-116c258fbcc0,0
603f1e17-14b8-e3ef-5c10-5143ff1accc8,35b578ea-6d07-d33b-b192-0b3308ddb0fd,2
a04830b6-24c4-6027-a1ff-b5b556bc39da,d5d3649e-f727-66c9-35af-83a273be4f79,2
fe57af06-dd95-274c-54da-9d64930854c9,3e36e374-a0f4-13dd-9ebf-d1f22922da73,0
fa30fa44-24e2-3a22-4f7a-2d0f8fbbfdee,6f853b02-bb24-f036-b9d7-e1ceae970630,1
c6a0bcf6-c5c4-2853-88e3-8820cec88cfd,394f52eb-3620-c8ff-284e-80d16f91b903,1
3d83d7e4-1c55-1a3f-2127-766cb14e7b57,bfeb3937-9bf2-993c-3c4d-31a1765ca8ee,0
5b235584-e1df-d05e-9623-520696902285,731bbcd1-a6bb-533e-f685-a3fe36ef7b82,1
7569fe08-9ef6-9e67-6fc0-773422ed10de,731bbcd1-a6bb-533e-f685-a3fe36ef7b82,1
2d4c272b-d51b-8958-e4f5-f446a4b7e54c,12bb5d7c-6fe0-2e3c-a0e1-ae895ad06caf,1
d8964465-f5ce-720c-f332-a8179a7002a6,03a89756-cde2-4e69-ed8c-9cf32568118a,1
9a636786-252f-8073-7010-abee60820dcc,c5b660ab-079b-f225-ce15-e84f68262e29,2
549715d6-f1e4-dcd3-0f9c-8a312e8fc576,8ca9e1cc-b38e-e947-09de-e64d6345ea2f,2
4a7520b3-8ad6-72e9-52cb-27aec9dc387d,c6961fbf-8c05-0521-138d-bb5899ef7850,0
c7487935-a7f7-e6d0-d473-4179367d74bd,c6961fbf-8c05-0521-138d-bb5899ef7850,0
7245db67-a985-9450-5b7a-dc9d5f6c9eee,404619f8-95bd-38e4-0e84-0c854893dc7e,0
40d4b6fd-e8e7-15d3-32c5-0fb37bce645b,1d8cac1f-fceb-8a59-be48-fd893473597b,0
470f3668-1911-8c9f-9eb0-2f2ae61ce305,5db4fee5-9029-aafd-b3a3-dadab0cf8720,1
d2c1265a-5450-9692-70e8-cab978c33dd0,e4c4a327-64ac-2fa3-9680-6b8e1e5293db,2
78820d6c-6f61-99a4-a8de-fea805a2f2bb,c589bbc0-739b-6958-6209-769bbd0b0775,1
30df55d9-1c58-e1cb-dec3-105017833f37,c589bbc0-739b-6958-6209-769bbd0b0775,1
3bbdba27-785c-d3a3-1a1b-96fec6355681,ee8ec159-f83e-e751-3eab-2fb94d5d99ba,1
21e1353a-7a23-2ffd-759f-cc0a1a5915d0,a606865d-a46c-eff2-f61a-6b68cf30cefb,1
eb2aa345-494a-bcef-b642-960dae766609,d6fde846-640c-73e1-4690-3aa3bc53c27a,0
a28bc1e3-8705-dd93-e66a-f19620f1eafb,d6fde846-640c-73e1-4690-3aa3bc53c27a,0
1bdfaa8d-a505-defd-f3ac-dfb0cf0df8bb,d8249ba5-88f1-ec45-bcdb-e3f40e224623,1
5bd7a3ba-c798-2b0e-8f6a-fd2bcadfb000,8a9a8040-4ae2-ae86-8041-334919b1fa13,1
78da0e4a-840e-36fa-25c3-2ae0a8501c46,c9ad4fac-7dbb-0335-2ef1-c9fbdb6caa34,1
16b8386a-a6e4-41d9-a60d-b72df5e6709d,ef231d36-b5fd-fe38-9540-b455ba43cb5e,1
0987a3d3-56dd-e6f6-c841-b60d03e0bd72,44d04d77-e0f2-a7e2-ea1b-9f0387d2e9a5,1
b1e91660-2ea5-9cc7-0166-669665ef5f8d,148f966a-898d-72cf-24a8-7cda8eaea7b7,0
5e62f05f-d12c-3607-7c5b-89f261ea947d,d88a4a24-6bbf-ad5b-0da1-f1e8e354b2a2,1
b857561b-6f58-1d24-419e-dcd2a69a252b,d88a4a24-6bbf-ad5b-0da1-f1e8e354b2a2,1
375a878d-849f-cda9-8b8c-ab8aaf8571f7,d88a4a24-6bbf-ad5b-0da1-f1e8e354b2a2,1
13534e0f-78c3-3a15-7bce-7d173ef9e2e9,b7b2e61e-3558-f541-5ff4-e4545e4a103d,1
e3c5a444-c268-df04-a0e4-f78c42eee84a,ed749eda-a9f3-8a9c-40b8-024d3ea536bb,2
112aae81-070e-79e7-0b4c-13727e0b4971,e1c43072-9349-848d-ee5d-2504a919c5d3,2
69c9676f-69cf-b22b-c29e-7b6ae61d498a,e1c43072-9349-848d-ee5d-2504a919c5d3,2
ab30ac3c-8c4e-972e-a0a9-223402249fd0,55e0b045-09e2-9374-3021-e8b164d002a5,0
fe82f04a-cbf7-800f-9393-3c0396a6d6e1,f49f4c4d-f5b3-288f-f1a4-4338448555a1,1
a559a6ae-29d4-a7ed-4f7a-e24bcc05f1e2,e6563937-4d22-ef1c-0a18-238a43242423,0
43e08009-7772-d38f-c6f2-49b4f98f6662,c8162857-9afd-d428-649c-b5314d8318e8,0
5c98e9ea-da82-9215-2183-a92e9ea8932d,6e9d68fa-395b-aac6-dca4-0e78b70074c2,0
ad254211-c6f6-d473-51f8-77e2c6c47607,c87e3fb7-a711-7e0e-daf7-9dd6eef7d7ed,2
fd960698-7bb9-665f-555f-c4aee232da65,5bb2c830-c621-57b3-5115-d1ec7ed0af37,0
36f5e46c-a4ce-b52a-fde1-e0b7f4edf579,4b4d56b0-7006-0276-528c-21e8a571b952,2
da816a0c-659b-0dbb-a35b-dd5367cd1e55,4b4d56b0-7006-0276-528c-21e8a571b952,2
8e552ab4-e29c-7e35-64bb-c29e90f43e49,edccd4d5-2364-5e59-dc24-4d23a5f028d2,1
eddd8b76-8116-6851-0f05-41624a0e7232,fa7057ed-2ba6-871b-bffb-6874eb2cb7b7,2
574b9da4-cf11-3219-f9e8-4a1ebdd3a357,ce5d2d0d-8730-5c47-03bf-8afbab10127c,2
cce35983-5c27-e1d3-e38c-9865a2aca000,29289ecc-c21e-6818-763a-fa0d6fa15ccd,1
678df78c-7da2-371a-4505-76d0b313ac6f,9e31d8ed-93b0-f0c5-fb3a-a4e88efa9d88,1
9a4ec00d-ab5d-7543-ac12-ecd91948e05d,1ec2c2cb-f5f9-d59f-213e-a13000f0ec47,1
40e3f937-c001-4bf2-a37f-5a49d3031322,1eecb4d3-f536-7721-16c5-659d2249125b,1
c4d9b5da-b4c9-9b81-e553-d5bb4eb412b1,46a30407-8883-dc0d-6d17-f2ce1249dfac,1
c8855e85-b554-4465-9fe3-31abcfdc7f64,190bb734-3890-4d50-e1cf-27ac07ca5f82,2
b73c03c2-c18f-6326-798a-2c315a2f3093,a4f60316-c973-1d93-2449-f3772392d94d,2
8b8903fc-34e4-96c6-afb4-c4498a7f4a85,a4f60316-c973-1d93-2449-f3772392d94d,2
71571f34-6702-a92c-076b-6ef2dcb0d260,a4f60316-c973-1d93-2449-f3772392d94d,2
2c04cee2-207e-adc5-9691-16a35aeb216b,0d28fd88-8b2f-5514-d279-016aa6ef7928,1
184e2ecb-485d-6b42-392e-4307cb29ea99,846b0ca2-a521-b88a-c4db-41cec139f437,2
3bde9649-033e-5faf-ca22-93b74fc47c08,e871c756-636a-ce01-90b7-75debd926483,0
e8050b95-7f0c-bf64-f85b-c19a9f4c3ece,629e35c6-e352-f504-d2c4-ddd4628eef8c,1
d4198850-dbd2-355d-e711-07af5079cf9f,e4836c94-2ad6-8e38-e0f2-cde82cccb399,1
428d48c4-969b-6368-4864-a3cd6b220ca1,b538253b-51a3-8411-64f6-0521aa15fa01,0
6c3e68bf-7bdb-69df-fa80-df8e0477d8b3,9b8afccd-0e72-26a4-6730-960af8a9736b,0
de755152-4fb0-3a8b-a779-8faa315b1aa4,fe10848d-524c-0669-a880-82f91ee46bc3,0
e030f89d-5993-c2ec-ccf8-a5240cbca48d,73c84b0e-07a0-f06f-43b6-804fe2687b66,0
4027ae5a-9614-827d-1038-45b05abeaf26,ac69094c-7b9a-8314-bc0b-838f13586c10,0
76703c06-d727-b6da-5d4d-6e58dfde9139,7119c460-529b-14cd-51ae-0280abc0101d,1
90214e7d-65fb-0412-bcc7-d507ba7d206c,7119c460-529b-14cd-51ae-0280abc0101d,1
1ca2348c-9142-9ad0-4200-8b18ab573331,5001470e-5232-a0b4-52ae-13b497aabbd6,0
6ec13747-977b-4f63-321a-f1c0f242ff28,807d64b5-2031-b068-6b4c-ca65ef202b9a,0
6c1f4ed6-7534-b754-807f-58b844f294d4,154fa854-1b59-89f3-9f5a-79f91b69d6a7,2
70609d8f-9996-fdf4-b535-458976d3cf54,154fa854-1b59-89f3-9f5a-79f91b69d6a7,2
540fe2f1-fd8d-f1c3-4151-cc89094465ab,a5797990-521a-07b3-3513-827aa32898bc,2
a6c9a8d5-0e87-a554-40fd-73cd10ffb3db,e52a6228-92f2-95fe-c773-0ad7cc17a5bd,0
dbcf2346-a7b8-0497-7d43-82d54bae6bb9,e52a6228-92f2-95fe-c773-0ad7cc17a5bd,0
9c4c9492-6fc2-3970-e4b6-e0f26dc6d859,e52a6228-92f2-95fe-c773-0ad7cc17a5bd,0
04c6f729-2d4d-38c8-fa3c-4fab399ee91a,a3d11c38-94c0-5a27-9b6a-de4d98eb7612,0
357f7a91-8c26-bc76-b564-df8e4bdcf65c,06fde168-dbb2-7140-25b3-feeee57b2685,0
29c8bf83-11cb-7c20-185f-476d431eea83,9b07adff-cf75-ef90-04d3-ca74158b3aee,0
fbc70f58-65d6-caf3-a604-b857e77810a3,6c4e37e6-194d-4ce5-a966-81734e9fa1a6,2
46db1a93-b192-a010-4419-52a4b1727aaf,193d19ca-5646-61be-4971-989fdb8ca273,1
1cc02cb0-94f9-641c-86e2-47663ed839c3,5517640a-1f76-d526-4747-9610317e96d2,2
4d82faf5-df4d-40c8-43e1-ceb4fa87b3dd,aa5d2dcb-b80e-5e53-7693-d1d89c731bc0,0
9cb41946-665f-a059-ec52-2c65ca4e209c,453d0acc-e818-73b9-328a-b17c292b68c2,0
663a7165-53ea-0786-480c-20988b580f93,da6eb034-abc0-091a-b429-38bed48597e8,0
e0f9cc99-9593-1d8a-21d4-a001e9aa049a,e16a35c7-9c5d-335d-273a-6a6098bf0104,1
57fab418-cf3c-082c-9a1a-a72684556efe,ed9e638e-b24c-4cd1-cc59-e2eaeb78e821,1
89c86ca2-f36a-6a6d-1e19-2098d308ad12,2d45abb5-9197-f4ab-bb33-00cccad1b1ee,0
7342c016-1390-ab66-4505-dfc4cf7ef6a6,50fdba95-b188-1afe-2dac-3daf09c5f3fe,0
0f34e80e-daeb-9e70-f3dc-20a3640a0915,d915ccc1-fa09-4799-85bf-c837e7a6cf90,0
37e8be0f-e536-d2b6-8c28-f6134c028693,43341dea-19fc-c48b-9d41-9cdcdda0e9f2,0
c45dfb9e-3eb2-bb31-2858-caca59035e30,fd2a9801-e438-5318-330d-79b074457611,0
174fc3a6-7348-6c0b-4cd6-b770927757c1,08047388-d2d9-0771-9706-0346038bb8e8,1
5870c120-79de-65cc-4b04-7881a89ddf89,a380373f-b90a-9b0c-0a4a-6941d5015077,2
7578fa20-ff73-3b8f-0d54-7224eec60f80,af26aeda-9eba-0ff8-d424-1dbf16deab00,0
fcb1c14d-65b8-df8a-23b2-c712dcc3d8ed,f2ca914d-3883-906b-9408-cba615fc5b45,2
cc054a1a-5412-3376-f2dc-4cb2ec06e411,80201d46-bee4-937e-3214-3fd1be53930f,1
82564392-9c0e-128a-feaf-70d895d5fbf8,7b1e8831-2385-cf96-3dd7-f3a46e2310bb,2
6b2cc329-656b-3580-9d09-8455773a3cd6,251b2c23-f10d-6342-987c-378e8f13635e,1
bd5c8ded-5bc9-b432-3600-86ba12704734,246463b7-3623-c61b-cdb4-3a6512830535,2
bde93e12-2f3b-ca73-f560-9c0c3dfb1bab,2bcd5cdc-734d-7d2a-c37d-698a5d05f2c0,1
a825f4ff-5e3d-9def-7bde-9e3f64912451,9a85dc89-8af3-c073-962d-29d33e2c4b4e,1
b99c5b1d-5cac-7f46-4c52-5c67015a2e2e,9a85dc89-8af3-c073-962d-29d33e2c4b4e,1
f3e51305-53d3-592b-0656-76ec02d20e8f,0b361d61-c436-5551-8b52-96f969e54353,2
f3580d6b-0643-07d2-1a67-b3be49deaee3,0b361d61-c436-5551-8b52-96f969e54353,2
36a3c4e8-2180-bdad-056c-9eede42e15e9,a2165900-282b-4624-0710-8266f490e40d,2
ab835b57-15e4-da8a-d6d5-47733b000e33,cce92e7e-e915-3c7b-1166-fd793e812e44,0
a9a80709-19d7-f0b6-8875-f6d43ed92462,c574987a-d567-b668-04a4-ea8ea8cd8e16,0
34b47c03-e244-0b23-718e-d9abec80416d,74dfd7af-919f-3c48-11fa-e8e4d252617a,0
77283438-6e9a-80d8-0efc-162497d7f309,bb9c4222-ce23-830e-99a5-088d5d59f35d,2
caa56bd8-d9a1-77aa-d8da-36f3d922157c,a2fc612c-ddf9-d6db-815a-237160434d95,0
c1212a7f-a96f-967f-def6-cf62770b019c,6ff2f106-f607-3032-d6fc-660be14acc72,0
5694df17-a92c-3fee-0112-4445f76c54af,d9505910-eed0-70f5-970e-267fcaec9199,1
599eb5d4-7182-a4c5-a15e-ab1f70edb36f,a5f452ec-cf48-f6b5-9be5-f2c6589e1482,1
2e3ecb00-22cd-dad6-7cb2-8300674c24f3,bacc3eb9-1ef2-6f41-1740-a83ddf0e7a5a,2
62a14a94-88a8-139c-3d92-6dd6536debaf,5d6c70e7-1f3c-7bec-3efd-5412b1da4416,0
734a5abc-65d4-1ecd-8a7b-a6ab4138a7aa,837b10e2-33ef-6152-dc00-338399a7b628,0
79aff15e-42d6-465d-1ad2-98d1712783af,305acaca-6a71-b80f-69a1-061e7e28bc78,0
1c3b6a27-4195-7a59-059c-4dc9465d87c3,2d7f277b-7ed7-8fb0-59d0-a805080b3b81,2
4ead6982-33d0-5352-bd8c-2a9b5679b243,3041426f-04a8-32e3-fa92-ca6f797765e4,1
ec447194-6faf-dde7-6ef3-7bb6f6d6c5c3,a5fd3adf-7e1d-8893-7695-3c346b331065,0
f2c251ee-a343-3837-d048-a405883f4432,91e629fc-1036-07be-44e4-eed7a5043c68,0
cf76161c-8eb2-1d9b-203e-addfe39cacf4,2c88a754-bbb1-4ea5-5fd5-c154bd54dc10,1
d3bfaa8d-b993-5676-3ba0-b3310f4584a9,9ce45ae9-62d7-9965-8263-33eaa5b33a2f,0
11b444fc-200c-2134-cba3-dd5c31868422,286b3914-bc54-09ab-6a16-02a2615586d2,0
dc9698e0-8519-baac-cf99-cf308829e060,286b3914-bc54-09ab-6a16-02a2615586d2,0
a78d4d28-8526-aea0-f6af-851ce0d56fbc,3b8a38c0-1bc7-fd7d-9302-af38a50fb2ce,1
c35b53c3-03c6-5a5c-cb3e-8148ebe6439d,4eec9339-81ff-388b-7e7b-91c16061decf,1
81e54d04-a891-d746-578d-ebea43834109,eed83b6f-878b-259f-c7ef-158b3c941776,0
78937018-1ca9-e26f-0ac0-d8f34480f137,fefabc5b-cae7-b5d6-be1f-18df6c7af197,0
f66dd4ab-6960-1e7b-da3f-85276cbf84b3,75444080-3141-0271-23fe-d86d8f434313,1
d7c4062a-9031-396c-cc1d-2228b2ab0ac9,75444080-3141-0271-23fe-d86d8f434313,1
893ae67b-1802-93a1-ebcd-5ceb54027123,c79910cc-7ae3-cf4c-6aa4-17620cdb2a14,2
e99928ac-1e49-250a-366c-3fc06e6ebf66,24f7897e-d5a6-6317-885f-fb47e267aa7a,2
22fb57ff-5e33-dce2-0284-6df80ff46eb0,71ea24e9-7b66-3585-eceb-08ec9253bd05,1
a8e0cc6c-5b6c-1060-5f56-dfa60bf32826,7096137b-e244-b0f4-3cf3-fa48237a170c,1
d482ea18-f33f-d614-5704-a2e2e2d9070b,1a50b396-6541-0c94-9871-85495082fb82,0
f53307f8-8e53-ae67-0712-54016ed4fe4b,e8ba4bec-c3ca-099e-d5b9-d7a547e422ec,1
29f3a6f3-daa9-e673-e967-a82d22c2e380,a9dad3cd-22dc-5070-d55b-7f5e0519b4bb,0
cd003c1b-e856-1d1f-cbb1-0b3dd438b759,5f96a4c0-c1a4-822c-ca80-16256a7ea193,1
b2a01a7a-1ac9-8666-f86f-51860f6df058,6fe75b7f-88c1-4251-4cbb-5cefa5eb29b9,0
ce706fc2-228c-01ed-2ccc-8f1f0ce21c85,6f2c4350-5256-d03d-ce97-7f279c128475,1
a7c424ef-1f2d-cc22-c162-8148258f19bf,aee219a9-13d2-e137-e6ba-2ec793077223,2
45edef7a-28f0-2cfc-8134-d84b95b761a3,47e52f33-6bad-7f73-92b2-c278137f4c16,1
01c9bc91-9d39-4ea3-37b9-749343383dfb,47e52f33-6bad-7f73-92b2-c278137f4c16,1
8243e57a-63fe-a39a-922a-040a23c48f7b,68349774-90ab-c0c9-b784-d2281aeec29c,1
e6318b65-ef03-5201-f909-8d184ae79f8e,a58437bb-0013-96ac-0c56-fec903381849,1
658613b8-0f21-e5c2-233c-1dbdbefbd46e,b6dffe18-b4f8-aba6-2815-a55acf939cbf,0
5f413cc2-6d89-e2aa-9adf-4932a04b538e,d0d493d2-e7ea-8a57-ab3c-a1387ceb974b,1
09edf200-4f36-ac01-1815-98eca866baaf,d0d493d2-e7ea-8a57-ab3c-a1387ceb974b,1
e1ceacce-d378-c8f3-822f-166b1b1d3a77,c4dd22d5-09e3-5048-d5a3-5a5c5c28ae6a,0
ce1fe955-c9e2-e6d6-c880-fbac97ce1c3a,876b6f3e-e1da-6217-0956-816f3b70ec6d,1
c45b0e61-ec84-ad60-f25c-575804689851,c8382bd3-8db7-6392-bb63-2fffac55e014,1
da5d5050-c8e1-7d22-7f25-4995b6dbc179,c8382bd3-8db7-6392-bb63-2fffac55e014,1
dd1cff26-3dad-1a70-62e8-e48a388b77ef,9f9bc595-3e05-2c5c-d85b-c05f2dd2fd4b,0
cfa526af-8b00-4c27-e3d8-03227c828ed6,2bfd9097-6ecf-8112-0c1b-f0f7e0ee4ce6,2
7df0fee7-df40-99a5-2723-12e8d05df3b2,f88e9dec-8f62-5b46-8a57-06b35c24b2d2,1
fca6eb92-f3f4-f15e-79d7-087f58d099e8,2396d6d7-2c98-9b9f-eca2-270ea39be55c,2
738870e3-f48b-6156-4ed1-8d4377ebfab9,4347a0b1-aebc-09e5-f906-4eb9906f55e9,2
94aee59a-562a-b88b-874a-1cbba98b3558,b55e3973-91cf-1bd0-52ed-870fe3286a57,0
1e4ba592-5262-e6f9-99fa-48870651afff,697051ec-8e11-e193-48b6-9abec0293261,1
90d53cf9-6571-ca33-c063-252ab316f918,697051ec-8e11-e193-48b6-9abec0293261,1
bcb85a46-2137-dde8-1674-26d8d49f162d,2c16ba64-9d99-05e1-bb11-ab9a1ffb5d15,1
9f2103a1-00e5-6a47-b5d5-3a1e51d22b4b,99152cc1-3a87-5fca-3df0-d89ed8ef1c76,1
71590626-7f7d-4b26-0941-3c3dcc49f590,2d8c88ce-38b0-3fc2-485e-6a6f9c172d00,2
3afbceaf-a7a3-f070-baf0-acee2e53ca50,2d8c88ce-38b0-3fc2-485e-6a6f9c172d00,2
b7a37c08-7002-d3de-5048-9eb13c54a8a7,e177e463-7e74-c433-5404-c0ed162e1163,1
7a4df7a4-2c7b-aaf8-bff3-40796012c39e,961028da-d5fd-e9a3-9be7-b53885c9511c,2
4f0b82cc-66cd-ec45-ac71-388eae1813cc,961028da-d5fd-e9a3-9be7-b53885c9511c,2
e7662743-bf35-d583-9785-5b341fbd2e47,79ae067c-900b-6b49-5879-f763936d7084,2
61fc4976-6f8c-8856-2ae1-a78495336284,c7b08b0c-f895-cd79-ae38-1352b4784f0d,0
8a93eecc-0731-7ee7-44db-a9aaeecc324b,c7b08b0c-f895-cd79-ae38-1352b4784f0d,0
9a1144a8-a00f-ef7b-fba5-ad200841b0f5,c7b08b0c-f895-cd79-ae38-1352b4784f0d,0
f00c04de-81e3-d528-4751-b7c383c062bd,bae02fdc-f76b-03c5-e224-574e7e7dc6bf,0
d3d8bb8e-d04d-de05-f6fc-06e9d28905af,29a44af0-f677-d74d-7368-b87b10395204,2
17c2be1a-cf45-727c-3ab0-e81cd5896102,7b0352c0-e242-6388-b519-ae2928b4b917,0
d0ff0da3-e044-c4b1-56e4-52b2439d8528,26a4b292-ba9c-3759-f4bd-713b7bffe366,2
d09c536a-a995-6767-7630-3fa151e77f61,65d1bb3e-915c-86b8-4d74-3c383ec8bab5,2
c4bf0d5e-7c9d-d7c9-b015-80644facd2cb,e847108d-fe57-47c2-2795-97eb2e254fc3,2
56a0292d-e648-700d-937a-f8898958f1dc,105daa00-6a5d-b096-2012-9bbaf29cf7ea,2
5908078b-87c5-bdec-e5fc-f4538ec022d7,d9aabd0c-844d-17f8-2b3c-31ae4ea50f41,2
76855bbb-4ce2-868a-c4fd-3c21ea85de6d,e7d0527a-e550-a212-60b2-710f7e41147f,0
9e4cc180-81b8-c77a-4044-31f34e2d5fe8,3a1e1882-b220-c9d9-55bd-747916835c02,1
4cf28498-90d5-32bc-1bf9-097aed83ddf9,9186cd45-5368-08c5-295a-187443aa8462,0
b9c21b0b-8681-6ae4-10d4-4683f5296a65,3e7d9a78-47d2-c8a3-7fbd-41582e1078cf,2
689307a9-b175-e8bd-ea2a-39b5e0f19507,469ba6f8-ccf6-0c2a-dc3e-37e7437ef9c8,0
548ffb2a-7b44-604d-7e3c-c1a5678cfa82,c87c74f3-f090-d998-9a33-6dbeceaa9e41,2
606ba7e9-7749-1e33-e3d8-6f7add83df49,91ef0a4c-9f89-4a74-a108-ff715cf8269e,2
f5aaf495-5419-35b6-d74e-590c2ad59665,42b426a1-c4cf-474e-a020-b1c9bd007120,0
ca2e5655-dc57-bb9a-33b2-73c02191564c,930435a3-f585-f395-d589-37710bc9f997,1
a5ef80e6-6ef3-679c-e166-62e82546385a,3f26bfb2-afcc-6d3a-e37c-4d58cc334b41,1
99dfe7d5-a042-2fd5-a35c-c047d317281a,f081ff23-ae42-b775-bf60-37e0dcb9dac4,0
0826d7de-b2b9-f046-6b63-0318f8a1929f,7a9fd70b-480c-193d-ed00-df2d6f0070f8,1
31188bc8-b496-7ba1-07d0-2ce047b7c6e8,7a9fd70b-480c-193d-ed00-df2d6f0070f8,1
744a190f-21cb-cc9e-4dbe-3bc306097028,a2a27ba6-8642-ec02-208c-7308246055aa,0
ff0425f9-b305-15c3-ad0f-d217849b2935,ec75282b-4ff1-5bf6-7441-9c9b951b2176,2
1f6ef3ea-e5c5-a6a7-48ff-73e70d6a9c10,fc53c009-3971-c90a-13c0-eca2d6be761f,1
f8069e3a-1213-8bd6-fc9a-52176825c8cc,3ce4a889-9fa6-0a5f-b99a-89abc2dba32b,1
7803d6bc-94c7-a8f2-a4fa-0df068795d49,4edf349d-2b06-7e59-cb28-dc030ff84777,1
1525db16-9783-329d-e47d-4eba287ec880,b7046e0a-22ef-4fca-67f1-874e17d8df11,2
20b5b637-b282-a24b-5f3f-5e9e7f4fd71c,441efb60-e69c-bf4a-b46d-424d8a1e0c07,1
0cf6a13c-783f-d598-1448-dda8e01bccb8,db55742e-bbe1-2208-8741-3819808de9bf,1
9948fa97-6205-5baa-bf43-fc62b643b279,1c11b8e4-0c5a-761f-c291-1f8f4ecaed28,0
e421c2c0-6b2a-63b1-91bf-a68f860c369d,d2ef3b0a-02b2-8b30-23e5-6b940aff8728,2
eb009b5d-8253-85da-c6ff-295089279735,0509ded0-d450-a6ec-4ceb-ad52ba622d0e,1
09f79d47-d386-3b26-47a6-21ed5017cd57,69409cb1-343c-be2c-44fb-8a8fcb3508dd,0
29078e61-2c0e-f2fb-284c-ee085d563627,7bafde09-8165-275a-12c5-30cbf17f5095,2
4dd8a63f-7109-a211-6815-3e5b8668a9f4,260296ae-c2ec-0443-b707-acbbf3690e65,0
c9bce906-152a-40fa-f674-e5701e919022,efa6b296-94a1-105d-3ee2-49325682ebf0,2
1ab8c27e-a892-2329-4ceb-a6f07a6bb872,44cafc96-6fe7-e210-069d-b16e026846cf,1
a038c26a-5000-7b41-c792-2a68a5e938c9,27c2a3ea-3c63-8f56-9d9b-41d3b3ff5cdf,2
84af69a9-2252-ac3d-0372-b30878b09fe7,8065f230-264c-09b8-ee41-fb56ee1564f5,1
ff16c298-36ab-69ff-a3d2-4b7d0534b915,d0c34654-184a-eec7-f916-89a8093f04ec,0
0fb53865-70a3-b427-cdbe-b0950ba41f4c,b4d183cc-f465-a7d1-647e-7f835b70c252,1
001349c8-415d-8062-b4d4-f1abf7600fcb,b4d183cc-f465-a7d1-647e-7f835b70c252,1
f899038d-31b6-018a-3683-6f67031e063b,60cfd674-faa1-acfd-d58b-f2ef8bf9f5f4,2
8185e47a-58ec-5d95-f185-a9b1511cfbb5,3fe24374-bccd-23b6-126c-69fe0bec509e,1
e6b17445-afd5-cd9e-ad21-c6f81a654cd4,edc77b68-70bd-5504-9e81-8840c182a3ae,0
9fbfbd2d-6fb6-4a72-b01a-3f4213c35ae9,0d16c87e-82ab-8022-bc81-c308950f8cd3,1
86750cb1-bed3-684b-a8af-a09e2224a45b,57d779d8-2e3f-c0d6-6639-a29f73565390,2
a8d9186b-c8d7-fdd5-b382-e30c85898ec7,1d9a778f-52ef-6577-2654-a8ca57df1266,2
37c184ca-9c18-4674-5d52-d19aa027a39e,10efd2a9-44ed-fe4d-52dc-bb557ac09b4b,1
e2cec978-8e09-b999-44b8-2887a95dd18f,a6d352ea-6191-d83e-76f8-fb7b5e607620,1
b17cf47a-9c0f-8331-2e4e-151de61db867,89363ce6-7e2e-9af1-3e19-872ec7a857df,0
136254af-d789-e26b-bb22-09df23d81501,4e3c0743-7501-5f20-a55b-15d9b8a3da9a,2
8a05808e-131e-18d1-8bb7-adcf51b41f2a,946b8d96-07d0-1d0f-a331-1d9d1b5f60be,2
98a20a77-b002-977a-603e-0f2aa487d8e4,f0219539-7c07-f98b-b735-a0903dfd139d,1
b90585b1-77bb-ced2-d327-079647b75280,504f2146-b013-6443-0eec-6df267db2034,1
9473d024-45fd-dd18-aea3-1a66b6b70d1c,504f2146-b013-6443-0eec-6df267db2034,1
5edb3fb2-1fb2-6f09-55bf-fb048e7c5a95,7cf39df2-870e-3b22-809c-b0e7a5c980f6,2
2d536224-c559-9082-7962-283b119e13b0,1d17c20c-32d2-e62a-0695-d6ae8e7d0188,0
b96cb60e-9d5e-540e-fcfa-dabbcfecf004,8fd7462d-c6e2-430b-fa11-d4dc523d65e4,2
cb4f96d6-4c48-19ce-3fac-d7bb78e303e0,493f1ec0-d83f-3906-14c0-4655957fee01,2
4b61bb8e-0a2d-423a-73da-c7af1ea19266,ec1ef951-5f08-5a29-2c9e-74ad4c1422f1,0
56b9b8ea-7a2d-9b9e-0739-b91d6ce56550,d7b951cb-5ef8-25ed-d38c-f104ef757790,0
7ae2c895-4b6f-109e-c186-b62bc3910256,6f03dd04-0033-c321-ddca-5ceb4fff2b5d,1
91713840-3887-668b-e8a6-21ab1f0e51b7,c0a09498-e3e1-94f1-2532-8b4cbb65f5ae,1
305653f1-bc5d-5d51-f617-c1e639b6f836,1a8b90fb-c003-e706-82cd-461d324a8463,0
a830bba5-1adf-06a7-15a9-53a08d85fdd1,28c94f22-d743-6637-9de9-7ca3d5151aae,1
4967b3e0-bcf8-877a-5400-09076dc43e2f,39aefabe-3808-6656-3bfa-ce3d49445a2b,2
5dd6ccab-115e-cd81-53cb-460ebe34ac73,ceddf82b-4e6c-52c7-ef00-8cc749729ce4,2
a0798190-a6a7-958e-695e-bb6e30becb78,133c0964-5534-7757-8fb0-a868e2082d39,0
5506a495-19df-aaa9-72fc-b1c97760d6ec,42bbf4b9-68ef-e781-a8c4-e8ccb49e3184,2
77dcdae0-6c15-c201-d1ed-659dd3f3f901,59df35a6-827b-7685-33ac-4d9b3c06b3e1,2
d44e6576-ff2b-b3d3-0d7e-2505780a9a65,f56da387-d6f2-a893-b6f3-6ebc5db2b541,2
32b6f842-63f7-62ba-0319-9f8aed3392c2,6ea07cd7-ae26-64c2-615f-e36b783a7b8f,1
b5a39ca1-e7c2-2473-6fb9-bcc4b1c21521,dca0b573-4c14-db39-eca6-fcfa060a3719,0
f0093cce-0dec-611a-b086-802a1708678d,e66e6f5c-02aa-f911-6145-21f33a01fb54,1
be11e775-1ded-4be3-52a4-524303c3a3c9,aa0aea40-f8c1-8807-8149-7d2d7815a969,2
43822164-eaa4-b0d8-d98b-cfc6499cf844,912f6dd3-5472-2728-e878-2623608648fc,2
fb684de3-461b-eabf-e692-8c28734e3452,dd553490-261c-3244-fe5c-905173f9501d,2
c49633e5-558d-20d1-ac8d-77a168e2e21f,d9e56ba2-3540-5578-ab0a-79a43bf7c2d5,1
8df81acd-9519-d360-22c1-8d2c6f8f8c93,d9e56ba2-3540-5578-ab0a-79a43bf7c2d5,1
b4e3b374-c583-2026-84a9-cebc41469f40,1636d4e9-68db-61d4-1533-04cea72b3032,2
607836f9-f8f1-dd2e-ed76-69fc84ae61a5,cc30394b-b0f7-ed28-e7d0-7b79c7345629,1
9d418f1d-c8ce-ebfd-6129-bec0da5a8221,019f7d36-e549-aeec-ec03-bf8f0b8cd105,0
b2900007-c92d-162c-9ee3-f12122780373,ef2e0485-e613-2ae4-c1c1-1418a87d89ad,1
29c51cec-c9b8-4566-4f00-c7415442c2be,ef2e0485-e613-2ae4-c1c1-1418a87d89ad,1
170b0278-a4cb-adf2-d8d8-acd8e08dc0f0,94f70819-1c27-23fb-28fe-2fb0bcdf0712,0
e062fc93-d3c2-9441-285a-1b71faae269b,32ffc964-6e8c-d4a1-efae-da58cd33b1f6,2
ac44ba90-157d-450b-3e74-dce061161143,fbaded3d-682d-6e0c-709b-e55cfc83a00c,0
825b279e-de65-e5c9-a816-c1d2a55b5d08,3734ae8f-a521-2fa7-d11d-9a53ec2bdec0,0
a4fc2739-0dd8-5127-91c1-ed5a38b487fb,0f5d457a-9f33-94ae-ab49-cf5012874b3f,1
b3bf77b2-a077-8e43-2ea4-d741efba0d8b,188a8d14-4663-32a4-9530-9ee6cd303263,2
53c317bb-5054-2249-b385-e84f3ac70985,a046a369-fb06-385d-dd37-ce4dd7eec1ef,0
706155e3-e443-331e-4516-05dfeb4b0b1d,a046a369-fb06-385d-dd37-ce4dd7eec1ef,0
ec3a17e5-fa29-8eee-6a34-c8638eb23900,2ebb55d0-3c2a-9692-66e6-928cdb66bb38,2
75ea603b-36d0-27f4-64f9-9cde31284fed,7b2d5824-6143-3073-7593-29fe97619712,0
4caa360f-d41e-44d0-6478-d01d132b70bf,5d54a63e-75b3-787e-558c-76f75ce1098c,2
ed4ac706-613e-30e6-5fc7-4c76bad27584,5d54a63e-75b3-787e-558c-76f75ce1098c,2
6f71852f-58f9-1b81-674d-f477be1bdc3b,5d54a63e-75b3-787e-558c-76f75ce1098c,2
4657314d-47d1-70c8-6f07-db7b471b690c,d3768bd7-5aab-1d19-81a0-584b185d6f03,2
c8104c7c-7fbd-032b-2b2a-758b2b78c189,9a96ecd5-619c-b2b3-a2c4-bc1b82ddd530,0
a4cc3087-4164-caeb-924f-e5a7ee5fe7f6,d4ed0952-8b56-e551-13f7-615ffd0a4883,2
f417de6d-037e-f9bb-d3dc-f30567893796,a958a1da-8206-070f-4e57-9ea01ea60d44,2
b672ba6e-8a44-70ec-0785-61f373706eb8,cc9129f8-c099-0fb6-f0ba-f4e5cb404b55,2
8abd4f45-3ac0-39e7-098a-b8e0f5dcfa89,fde486a3-4481-59a6-c9d3-e9019152eb1c,1
93b66911-1d2f-5bb5-e4f6-bee2ab22b54c,23653a5f-e888-32cb-9f99-2939c2322fa4,2
e4929047-0a2b-d738-0494-8e61f0d5ccbd,fc9ee3db-49dd-bba3-3fff-c8ff0594bcd4,1
1c540631-4a06-9266-13c7-0ee0f54d4b25,54cdd3bd-1158-5d92-aae4-e7bd4da3f569,2
669556ed-d5ed-38d5-b157-98e53833d81c,8e2912f7-f44a-c30c-0c32-211b9869aa1b,2
0413141c-9ffa-5615-1e92-97acabb303e6,2130f1ff-ce99-ae93-71dc-e32eca8d34b2,2
ba15d940-f91d-226a-b277-0b6281cd69dc,a7921be7-7c9a-c322-4615-81c5046700f4,1
1e315a6e-43b1-170b-5ec5-1285b3a7f72b,46ea5681-dfe2-668f-4136-397217290412,0
ddcf953c-411a-d051-01b3-04b6ac7f689a,740a8534-0ea8-74ee-f3a6-8b1ff8f7a45e,0
5c1abc45-fc2b-9852-e0da-3d71d444657a,c0dfb1c5-041d-f9b5-7782-6f6fce1af687,1
71c75295-d272-abe4-92de-95bb11b69165,930f099f-4077-b4d4-c0a8-ea5703597dfa,0
ee8c9a1a-c9bb-bbae-84b6-35e120d1e37a,d410dad9-13ec-18fe-4df9-7ac9f39702fe,1
7aa7970b-abb7-dd6c-382b-842596b2e22b,daa0be6a-f5f9-35ae-45e7-240d9af2458d,1
b0c9ca26-3383-195b-38e0-0c0da3540a2a,062246ed-8db9-b6c3-1357-c5075dc382c3,0
bd1ba406-4250-e231-c16e-21db42b0e6de,3caef5e1-a6ed-6ce0-74e5-ada6ef85f133,1
02fd1da4-e76d-eb63-06d1-33a10003293c,d3bc2f62-9c6f-9e50-a836-dc21b3d58f6d,1
f49c332d-a7d8-d6b7-9951-bcaf184c9cc2,4732fc31-70e7-9770-6ecd-76fde971022a,1
44bc9e56-45d6-6270-7757-d6d246b64c03,17411d8f-f0b1-78c4-6e1b-1889ecf0a645,0
bcd2a7c3-ea37-feba-ce73-d8bba6c946d9,83feeaf6-9fd9-87d7-f5ab-f2d0f581c9c6,1
81945cd5-0ccd-900d-3c96-0bf3d111feb0,cd9ba2f6-ea0e-c7f6-acea-d9886adaaa1a,2
f7bdda1a-1017-7e85-eced-9be4277bbb59,0c5d125d-b89d-9ab3-ce9c-63cd23caedc9,2
1809ff9c-e04c-54e5-fcb6-4b7a60b1598e,d8950a93-5a21-bea2-2dc5-e4644ecb3491,2
2219d904-a6b7-6e31-7aec-d2e987541f9b,5581cf84-f5aa-37c2-428d-f831c27e40d3,1
beff0a8f-01df-688b-a986-7527486596e9,a0904c9f-fb66-f3b5-3526-978096a41374,2
71c1fc02-730e-658a-cacc-522bf802bd0c,a0904c9f-fb66-f3b5-3526-978096a41374,2
f5a314d8-4a87-12eb-c9ee-6848ec3c89e0,316055b0-b86c-afce-b333-dc13fbad1578,2
11468da9-d699-f71a-6900-e5479463f68e,316055b0-b86c-afce-b333-dc13fbad1578,2
56d0863f-ebfd-f4e2-c717-72705abb9440,745c6847-cd8d-4d87-b9c3-42af4a77c86b,1
972ab437-da79-12d9-32f2-5d47b1b2a6aa,c138543d-9320-17d7-873b-8e9452c2d379,0
cde75872-ae21-266d-86f3-1272278eccf4,808a362e-d7a1-077b-3f93-08b7f3a741d9,2
3af20be4-6b1c-4e35-5dab-e75b8a5c53f3,a96a7a15-57a4-08ad-45cf-77673ea6e828,2
df4af15d-aaac-7a07-6643-7b95ae7a485b,955d9ce6-dbc1-c7ad-c15e-43d56fbfe37a,0
edc6e437-fce6-0410-514a-7c27fedeb700,96fdb7c3-1144-cb90-55a2-466563a297e1,1
64cea400-5c2d-a720-3d24-df19c2f2be88,05f87e12-5b08-9400-40d6-84ff27e1dbd3,2
9c88eda5-fb28-b367-7a6b-fb89a4e912be,74defe33-7ced-37fa-82b5-f5c355ee135c,0
3507fc73-33ee-a926-34ab-eedfff75fe2c,74defe33-7ced-37fa-82b5-f5c355ee135c,0
4c81fd51-0d1c-e999-18f4-65b389168078,6de94432-d374-08b6-c64a-9ebe72438570,0
0428e74b-b113-1d61-fe41-3d8ce1588702,d2a4960f-bfd4-dced-9631-a3d83a8a6ad5,2
d642e20d-2da5-dda9-a40d-86bbdbfc0179,66b72337-9d37-7b8c-427d-38594bd90e17,0
67f010d8-12b0-0e6d-b027-f1fc81dc845f,d470fd04-c04e-21ba-74ca-b5eb07634f94,1
bfdbb1c8-51e2-c561-2fc6-69cef51ed249,dd663c9d-ba7f-5d1f-dd45-e6159995afd2,2
cfbcef84-ea70-3ed9-9749-47fd90b19d64,b6c59ce1-64fb-e110-060e-b8312205e1e4,2
7d8dce69-6d8d-d103-0f22-412de359b5ec,42e137eb-3bac-1b18-ece4-30f18e66e491,2
57cf939b-dc7c-0262-1ce0-c459db209ed3,6b1b602e-ca54-fd07-252a-d0893def6e7d,1
61d565d6-f6b3-079d-3592-ad80771d12c1,db61eb6c-fd9f-e17e-0e40-05f27d6cf534,0
5c1cb5f8-1663-3aeb-0a99-a74b6f2c9873,85d4546c-9e4f-6a27-d650-d892080d321a,2
b287cf0f-e886-b268-4e45-571cdad70a14,f2672f62-fca8-1397-5f26-de4ae229866c,0
fd831c2a-67b7-91de-1a83-b945a2e24e46,2c4c72d0-5450-6d8c-f4bc-45458bb943e3,1
251b0525-2a7a-343b-9519-d90390c2cf3d,829a0e3c-f91e-e524-ad3e-6adab940c3ad,0
8bea9bab-6254-9ae8-cae8-187b9cf772a9,d7fa33e0-3b75-0b7b-8563-14dbdbfc3cb8,1
ec2f9bc0-2431-185f-ea91-7bb3335ac005,9336bd09-1387-2bd6-3fc3-993ce5a6c1d5,1
43d3424e-0160-42cf-29f0-857ef97644dc,05013694-a956-9de1-1b35-c020bfa82d87,2
a4e6a425-2622-89ac-75d0-b4c5edb78ff6,fce4679e-fb54-4240-062b-53ec965ff5d5,1
36351b04-357c-f4bb-1bf0-f04253669f9c,023b6c20-a690-0e9d-ebc2-31e01a78ebde,2
7d35bedd-2e3e-980a-c5ce-36e7fc87595b,3087c891-7f64-574a-a2f8-8a3f7830f84d,2
3b44d9cf-3381-5c48-2157-193225e57a6a,e5bbb881-6981-81e4-6795-5d3e11e113c5,2
67cd867a-c619-9ac6-9f3e-9a5d7154c18d,607f32a7-41ed-4cf9-682d-c7d3d7bc3256,1
877bccd8-24ca-aa52-1861-574353fa315b,ccef438d-1b15-6b28-dbf9-dff102d966f8,2
ae65ce33-49d0-ed50-a334-7b8bf77f61bc,667bc93f-e1fa-a6e4-6893-ad53fc3ab0d2,1
699e6ee7-6b9f-2715-374d-9645c306888f,667bc93f-e1fa-a6e4-6893-ad53fc3ab0d2,1
eb018fe0-140d-b60d-2a4c-670afe238cff,66c33536-d3ea-fde2-a424-ac6673b23299,2
88013a5a-b27c-cb45-b04d-d7cba529a9ca,39188f7a-8f6f-effd-d5cc-232d4b279ab7,2
908f6ae6-ef06-fa58-4a61-c31a90144c75,39188f7a-8f6f-effd-d5cc-232d4b279ab7,2
798e9845-9bf9-22b5-7661-666324902f99,e1746a67-895d-ccbf-54ed-dfe9e7f9a404,0
6b755ef7-f0f8-d661-b162-d759805265cc,3668097e-5864-34b1-f843-e385a627f7bf,2
4ab26e51-5fb6-fd81-6788-816ea286e637,dff048bc-b7ea-005d-d62b-7f58b9e3d302,1
c1223ea3-bc7b-2d98-bc75-cf7ad6e3294b,9f11a006-4488-6492-85f6-68dc5e335a0c,2
be79f83b-4980-0c68-cf4d-f58e6380d9c3,12a26608-a8a2-bdc2-e9bd-60b2eb0960ac,1
b39fb035-1409-226c-1459-817ccfdf1d9b,3e58b51c-51ca-2027-45c0-7d8e5381ee4e,2
95f675eb-542c-c0ed-6746-26adac36790d,3e58b51c-51ca-2027-45c0-7d8e5381ee4e,2
06a71300-709d-b30d-4627-a57423fa075f,aea20b9d-a773-fe6d-8534-6ca98092c591,0
194b7f9b-2855-3b3b-46a6-39814b9b9a88,ac821cee-c136-2a1c-80a0-819766feaf0d,2
25c1735c-da4d-9ce7-15aa-aae1a282d880,0413eecd-f50e-355a-bfcf-e157a220cfaf,2
85927ede-6734-8d73-ef15-07a2d8afedda,f1610162-dc4c-822b-b5f8-b8f0473d54e8,1
bd788913-fb81-0a98-92e8-5e828f07969e,17b5480a-31bb-b901-3942-4d3e614c716d,2
1b4954fb-2b05-c04e-919f-72b76cfd5bfc,58efd60c-b142-e606-a129-0811ae8f3607,0
ecfd4385-fd5d-1f97-69ed-eb4d3214ec15,a4b26d31-c929-6e50-4af4-3498756c456b,0
3c18a9cb-4602-9589-13fb-5cf4af59b7e8,30581479-ed80-5d69-1a7f-cc49bdeb1a06,2
6f65c1db-02bf-54bd-9d18-0a20e72dfd64,81b2b0b6-8f7d-e3de-b6bc-66f568051b7c,0
c1db4060-2301-6e79-a776-3fde8d330841,d7de2c9a-03bb-d2df-2723-0cee9c323887,1
95bab0a5-f124-f719-29f9-9c05a152403e,2fe8f683-eef9-f989-482b-7310d0b7fe23,0
8d55a2e9-fdb2-c03c-0593-fda45ea95cb8,dc3f61bd-6dd7-036a-6d2a-cc8dd3bf4673,1
1fee0504-2842-482b-06c4-34821c376a1b,5fd479cd-d670-f605-6a39-d3f64f716af6,0
5840cae2-fa5d-d010-c9c9-97cb71e79d3c,18a71f9f-4ed7-efd7-12b4-0287305f1ab1,0
52cb1013-aaae-a60a-c7ee-4a581d51f5d4,db938e2e-b355-43bd-7758-aec98a5597c8,0
7c512f90-8512-329e-c31c-b82d226265c1,44091eb5-b966-497a-f690-4ebb34c2d388,2
d1532dbc-34bb-84f6-8495-cc39b7a1e4c1,f6f8c1bf-1c71-6302-0f23-0f8b44339d9f,0
e38e5c06-fcfb-b47d-8430-cf00cc468c8f,2ce4abfa-0d2c-1974-5b4b-a837da46a940,1
314b6dd4-260f-ebcb-14c8-fa960716d24f,c8235f54-5343-944d-d4d6-2e79af0ebcb4,2
7c113fff-fe87-016b-2a25-86ac865a3920,c8235f54-5343-944d-d4d6-2e79af0ebcb4,2
f86c0437-6d00-f3a2-d13a-92bf5a025048,138491d9-48e0-6f20-6e2b-e4c557dad142,2
5d1a9e51-182c-c728-2ed7-5e5d6dec2286,772867c4-bdac-d9d5-efe8-930434afa5ef,0
a69230f5-2185-76fb-e5e6-c24d252143e5,62835a09-e241-105f-e9b9-4333b4a38eb0,2
d8dbeb4d-04ba-cf33-8216-b9a563cdf67c,62835a09-e241-105f-e9b9-4333b4a38eb0,2
80238d36-d25d-8d28-22f7-e677e36c482d,5b84ea3a-646b-ab97-3f59-30b7707d4931,2
de48f1cf-9d61-8bc4-c6b2-577ee0c5c7d6,28a596f9-3cb0-3512-c303-ea13dd7a3d2a,0
190f8e54-a4cd-c1b3-4118-1fb92b4ef178,12aaaf89-be42-03fa-432c-d0227b2c6dc7,0
c5dae606-2393-fcbd-9bea-83968a158c51,c2823297-2fbd-ebfa-da4f-485b557ad05d,0
85f95940-a4c3-8559-fdb1-49d2d2f43dbc,bbf34a41-c94e-1be4-1fda-7c8c514bdf3f,1
f3dc0f28-d148-2403-a5e5-91f0f43dccc4,27d1a92d-8107-bcc5-68fe-d744ce963ecf,1
7de7a7df-cba9-c618-5b59-4c4263279c8e,09cea866-2d7d-59a1-286c-8d297c8ec263,2
365a70c7-f3ed-8cbc-51fe-3d31d6bb5d3c,605618ae-0f41-af46-5cfc-ac0e060e333d,1
df0927fd-fb46-62c4-3c47-a6b11c3f0795,8aa5a9a4-8246-ea1c-b225-60ce39cb1097,0
98d1094a-46c7-1741-ee91-68c02a26287a,d57f7b1c-e96d-437b-aa19-637a022d3b8c,2
81caa3c9-5813-91c1-94ee-92d5d9824c30,79a265fb-b36f-c9a0-c144-9f9c557ed0a2,2
caa9d6e5-ccbe-fc2f-c6a3-b28e06e5e866,79a265fb-b36f-c9a0-c144-9f9c557ed0a2,2
77d95f35-cd88-5572-55a0-20118280038e,79a265fb-b36f-c9a0-c144-9f9c557ed0a2,2
330444dd-ffb2-5159-2fbf-372c97f3fb2d,6f13044b-e2ca-51dd-1168-d0ca0b32691e,1
f520b448-0873-97dd-0dd4-2b83a2ff7ef3,6f13044b-e2ca-51dd-1168-d0ca0b32691e,1
33be2a08-c643-dda7-f312-ccd9c8eb2778,c1fe9746-1ff0-5bbb-7c89-2993c62d694f,2
6b110613-79d2-94c9-62a0-d0233acb2524,e6420550-0499-80df-6898-1e3dc237da04,2
7d2724f1-c1b5-a6d0-5881-b02cdfaaaf8f,3f6163a8-50e8-5906-ff40-4070a4769433,1
e3a113ff-21df-7c03-ce9d-11e6d8d0e733,9d6232f6-bbfd-bd5f-7f7c-cb41c124627d,0
19a2af64-f790-9d39-8662-8f6782dd383c,29869a89-55a5-3459-e290-8334268e5b8c,2
d0c13157-3f40-7bf2-b2dc-291fc0cd3944,e3987f6c-efa3-3c25-caba-0ac548705585,0
72935fbd-e745-0fc8-55d4-bb5667dc2dc8,38912018-af64-f054-cc37-67e72ac92fb6,0
6ea3e535-372a-62f0-4e2d-520ef3e2cc17,d92a0390-7fa1-d79e-23fc-6782187fa487,0
8b7f8e76-9887-873d-542e-a9f4b2a0ce89,b2ee7d7f-b186-7690-830d-5ba0c85b564e,1
53bb4afe-3e96-be6f-e8c3-d4a71cf7789a,511fc645-1891-b8bc-6935-f9c88daf231d,1
60aa3617-20e7-ddad-76d5-26ade715daa8,511fc645-1891-b8bc-6935-f9c88daf231d,1
9637bab2-6294-02dd-6bfb-697ead687e6d,cf47f49f-422a-44aa-1da7-8626feb25ea4,0
8fb90222-9fc2-7eb2-a682-d8b1136a0b99,b937449d-00c2-6e73-6585-31bb8978584d,2
fd51ac80-a956-b056-f28e-11cd5e1ddf10,9ed6e427-0043-af77-ce3b-810c9c79791b,1
b9aa17f5-d02a-85dc-993c-cd01e512d567,47c57503-68a1-4b4e-bf13-251b26ec7d77,1
e669997a-5d8e-1b64-8313-2fb86a9a0a14,6355c47c-d2e6-7382-c1e0-1166abd86712,0
b3f6f3af-4071-a392-55b3-26b43e2502b4,f7c808c4-3f82-cc03-08d5-d26ed18d0484,1
c6c1f8a8-b6ea-c9f2-819d-c005f15c0946,45485314-6347-7d81-4969-5fbbd090ee4e,0
53a519f9-e2a4-e61f-6b50-9a9a651dc84b,fb6a17db-8387-2cc6-c163-f8da3a0c5483,0
356b6faf-b0f0-cde5-80ed-30e127dcf0ec,ff4682a1-223d-4897-d9c1-1c25c9eaecf6,1
eda8f0c4-1149-a38d-4229-2a8c2750967c,52068f0d-08a2-3616-c704-92326400a03d,1
27f8cc1f-c4cc-9906-4dde-d960c17e5bfd,01aa090d-e1e0-8479-7caa-e54294300606,1
5606d332-0d64-9fca-ec87-f765ca0b39e1,01aa090d-e1e0-8479-7caa-e54294300606,1
91218223-b9af-a4dd-5049-8b02e302adfe,2774472a-c6ba-c471-90d9-1f05b7d3eaa9,2
6dc0efce-bc35-c55a-94cc-080b084a7902,99e61acd-59e3-a17f-706f-7a0d5c95ab7d,1
fbd859fc-a735-f1f1-7e9d-e9523b5b5882,ef15dfa1-e88b-1907-f269-2446ae2eb44c,0
41c74fca-1909-2782-cf24-9a85eee834ea,ef15dfa1-e88b-1907-f269-2446ae2eb44c,0
1b306d34-81a3-9e2e-b6b1-7f8ba976de35,0635b976-50fc-753f-5008-ad06477fa68e,2
0d355459-14e3-2f78-1a38-a4a104943cc5,a4100095-eb2c-c361-1226-784d558280f0,2
ccef5f2a-23ae-219a-1be2-d3d7a91279c8,9b98423a-4a4e-e107-149d-df5b8c2afccc,2
218dc9c8-d5a4-0c39-60ae-ce6c686322ac,86d4ef77-4817-6024-5a51-bb073f7f6383,1
34276f28-1b66-aaac-7614-d167ef3100aa,54ba1d41-58f9-dfff-5abe-c98f21150f8c,0
5236c5be-7b10-ddcc-af2e-106a5ad30f2f,2605c167-2d8d-b1b1-255c-ccd2d46d0543,2
0cf6bf95-6327-908e-cb03-164e9f21c9a8,7cc4c54b-4d09-3f7a-de37-b6d67963cc9c,1
fd81c7f3-48ea-0070-70ea-1e196380ec70,35a4b3b2-74e3-8b66-9e3e-939fdd3125dc,1
b6831641-3fcc-0983-1e16-cef6390c0d3f,a6be4c1f-e944-0342-c659-fe5116ac1691,2
0b117a41-344b-c5cf-0c40-be8152cbf5e2,136d4afa-72da-a027-a47e-5bf19da3883c,1
12f9e25f-fdaa-bd92-5df7-43a107e7e431,6493804c-39eb-eaf2-5639-96945712f15c,2
3d50d77f-f5c5-7cd1-1323-e9ab15d663b4,39dc871e-cc62-f754-6fab-6fd9f6a2d36d,2
db6ae578-4ffc-9ea6-44f5-29a232d30a7c,39dc871e-cc62-f754-6fab-6fd9f6a2d36d,2
6ef75d59-3bb6-dd6c-1485-3bed595961e3,4da3dc21-0b2d-80fc-aee6-c076139d9436,0
99d167e0-9a43-e46d-42dd-dd7d0c5d5b39,6915d925-94f4-8462-6335-e255d731c685,2
dbebda77-6805-fdd2-29ef-d5b761ed5008,b331728c-0d10-0e6e-9df8-e57cbd459096,0
e6765472-970f-95a4-9ed3-87006a829fb6,d6829e88-911f-4643-301d-f9ac79d48724,1
144a72ce-3701-a2aa-d8ee-d7102d429359,d6829e88-911f-4643-301d-f9ac79d48724,1
53c32700-15be-5336-fdad-ac94500a3cba,b0bca439-cc73-fd36-db01-1df517e30ade,2
a56e7861-2a7d-5752-d9b1-01111e37dfbb,b7abcdce-ce1b-5167-6e5f-ac530fc7f3c4,2
7be42a15-f23a-b13e-4f4d-bd05377fca42,41010300-a8bf-0e61-42e0-d2a95e2feb4b,0
3c57a683-11ff-168c-7529-bb90b41ea63c,49a63788-9219-cf70-8383-287a9e260bfd,1
a4e1335a-ee53-35d2-b66c-d7c6c08d0b4d,49a63788-9219-cf70-8383-287a9e260bfd,1
d108ce29-5aa1-736e-6f6c-747a349905d0,8f2d0227-d04b-fc60-5e22-ab9842ef04a7,0
c2291248-84ed-0644-cfbc-092bbb9c1411,7e88b2c2-2dac-7633-8f83-0def344e04bc,1
9f45d150-bc2d-2409-5a95-2914a6fb44a3,f5e9e85c-38b5-6faa-c25f-baf917939906,1
69f7ee99-f2a0-264c-0bac-02cf34f059ba,536fd875-446b-a8f7-5e56-600ac199f2fd,0
4861199b-e55b-2dff-ae4d-cad519497630,0efef2ee-59a8-163e-8fc4-24de778e2589,1
11fcac73-f387-1803-5c8a-5385efd55ba5,cc3dfe40-2991-f9d8-ee2d-53d0a28c9eac,2
a18ba985-713d-b340-0e5e-434d40c14009,1e532348-f824-0994-3735-0f49008929cc,0
0ab73269-db54-8714-64dd-d500f73129e9,60a4ac06-df75-a801-2662-e0481ee5a0f1,0
67f24719-ea36-9166-83ab-f2706235ce09,59247d6f-c256-d389-d7ab-96d0e4be0513,2
bab60bca-cea0-b64a-a377-0ecbd11885dd,a79c4573-87df-cc8f-baf6-1f07ec0038db,1
850c5b8c-3b74-ea97-a127-bf92aa1129af,2d52d0ce-af42-ae80-e509-a1c63f3cf91a,2
fb697a50-5c58-9cfb-4cb3-e15acba3664c,b6190624-9583-278f-2cd2-92f93e97cb99,2
af550594-8610-f6f0-df66-cafb2113cf90,279c4058-d86c-a0fe-7602-d67fd0efb567,0
0d4548db-347c-685d-ef6c-08fa4c40bda4,279c4058-d86c-a0fe-7602-d67fd0efb567,0
81a52645-babc-fa73-dc97-e1aeccda6383,160bcad8-6d2f-7305-b14f-ce9f1a3091e5,2
41544f15-e990-da0d-cfa8-783664ada3f5,160bcad8-6d2f-7305-b14f-ce9f1a3091e5,2
ad1edf60-d92d-cbc6-a151-43b42592b637,14ed4028-5439-2ba6-d047-e7a1045118ac,2
38bae7bd-3298-9263-f710-040ead319da1,14ed4028-5439-2ba6-d047-e7a1045118ac,2
7db2a690-dd15-210a-399f-f843023565ef,afd12e5e-ee5c-5130-33c5-9b9ba16e5ea4,1
21b359b8-f3b0-93be-4382-1321a39fbf75,b02cda88-1dd0-afce-f2d2-f0b403c31441,0
5735136e-586c-ba88-e663-c2bbb1cb5a54,aab4c64b-1a2e-c681-6f0d-9f588a0a48f6,0
4c80e8f3-b291-b3a8-ae7e-4d167bdee30e,aab4c64b-1a2e-c681-6f0d-9f588a0a48f6,0
1a2609d1-da9c-419c-e33d-53455ee522a3,25db5f61-96e6-e7ea-266a-624487d14064,1
3a8a3f8d-1f51-2b43-3ae7-c63e67d09420,db6c2e84-0ae7-686d-a3f4-469c9aa64a86,1
908cba94-0b9d-f4fe-0b31-e5f7dc121426,5760210f-029c-bbb0-b9d0-adc31b41cd16,2
f3178acd-57da-0a99-9b33-d526357f5955,2c2cd16a-9405-69e6-8ecf-08470e75e66a,1
832e9599-8808-468d-81a1-37234c673207,2c2cd16a-9405-69e6-8ecf-08470e75e66a,1
b1cce497-9ccc-9ac0-ef48-dc57df591ba3,e17773b8-c71f-e86b-ba85-4c519d78dafc,1
6f959823-e050-b625-2f5b-871954208be6,345f39f7-115a-b3e0-7f8b-de56ae55101d,0
5120fb93-f2c4-414f-e224-b667394145dd,258d1f4c-3789-0341-576a-85238364cfe9,0
5a60e2ca-2a19-ce67-84cb-176bb014a1cb,725987fc-5ca7-4d8b-ea75-ceb4f8d89fd6,1
2f251c3a-815a-54be-5c12-55309cd8e24d,26a545c5-4a45-d106-6c05-822c87dd3e7e,2
008b21bc-d722-f96a-c99a-9b46ab2e9a64,b8c7d960-d903-689e-45a9-12a5e5207278,1
0fdf706e-3af3-dd61-99b1-aec0d0528150,ca02fd66-c024-b3d8-c890-068ed935380d,1
038ddb14-fdde-dcbb-3d8d-be3ae59390f3,726406e9-6fd1-a83b-4932-4136fb15f9c2,1
8bc8ae6f-b7ce-d1e5-c75d-d1723f49965e,726406e9-6fd1-a83b-4932-4136fb15f9c2,1
2df8f6a5-8f92-f5db-9560-6b73c44d7d34,62aab54b-d43d-6099-6ea7-a94cabc19686,1
89d296ab-31a2-4384-181d-d1809fc80777,06dc6cba-18ed-8329-00fe-e0292ffb730a,1
60c7435d-0858-bd75-3d53-dfd30c296d53,52bfd9c8-2767-d80b-64b9-9e7cfed19d1d,1
1eca9e3a-d63f-8ace-515b-5f2489aa3a0c,a878bd8e-e888-fca3-d8a4-33eabbd5d165,0
1f199257-2ab1-b57d-ed4e-6f7a1352e881,f6e82b67-61f3-0c07-0df1-38f41c70bacd,0
31dd21e0-8cff-791b-b9b6-3716b64c2453,1da702e0-1bb5-a1ce-f07c-0e4b49985347,2
fdd2766b-a902-bb55-e24c-6897c320ce57,1da702e0-1bb5-a1ce-f07c-0e4b49985347,2
748d306d-b66b-861d-06f3-0b716cff7ab5,a0e6a54e-760e-232c-7e25-06ec849d64fd,1
069ad4a3-f397-4f88-1bd9-fa0664ccf982,f504038c-07a0-e9ae-2dff-dffd028c1c0d,0
114ab39a-2bc3-93ef-3cbb-b81b87278d34,fdf68167-b870-7cef-3924-d0e6986c7c00,2
a94c0c48-6622-d140-8e3c-8d7b5c84ee33,49b0524d-b273-1c0d-25aa-495fe8fa9f3b,0
1aac02b8-792e-5caa-010d-9f075adc3d45,49b0524d-b273-1c0d-25aa-495fe8fa9f3b,0
688a015c-7895-c795-7fcd-dc6341d26c93,c6d534e1-61a0-1965-4263-0c9f5f792ec9,0
d8243094-695a-46e4-b3fb-d183eba78ba7,579f7b59-c1fe-9377-ff9c-7c56558bca62,2
b22fc715-e835-bdf4-3722-7ac18d6b96ae,44567e66-7ef0-4522-fd2a-6d007e5d2094,0
999e65d8-a4aa-4602-e6b3-92be811c3c89,4be4ece2-cd9a-40d9-ba61-269f52ff0f23,1
08f5a93a-7a44-6b16-91e6-309dee328e77,cf08d53d-6442-7b16-d42d-80495f713be5,2
ad08289c-2fb8-6d93-d844-a62d0a94d33d,18ad12a3-b2bd-c224-5da6-4da377d217e8,0
0545c5d3-1589-51b1-7703-fa9b253c0857,18ad12a3-b2bd-c224-5da6-4da377d217e8,0
f3aafa60-c090-e802-0654-dce7928058d4,05cb9cc9-62f0-49fb-eb18-174fb044d193,1
e86550b9-cfd9-7e28-883b-e6ed4ad0e9a1,36913fc4-d04b-33ed-45e3-18fb4fead7e2,0
4d7ccc52-2f2d-0ee2-7fab-5f8072581aa3,5c46d544-689f-7df1-6bd1-ef8d24a73fe9,2
5a8eae5f-cd1d-84c0-c2f7-4bff1912e03a,16c72dbf-12b7-f54f-b832-3a791ca8340d,1
0645674a-e159-4510-d676-6d730990737d,349985b1-f3d7-6401-5301-cc843d833e70,0
c161e672-ef6e-bc64-4b88-497be886ac6c,5b954981-5644-a0d1-4c37-727937a3bac0,2
4da3dea9-590b-105b-7bb1-8c977c818f5c,14b29571-ce2d-12cf-fe1e-6b64574c87ea,0
d684ea93-db89-053e-b8df-beaa6b230670,1b59ba9a-9476-52d0-7e72-d9d47fecf83c,0
a58b9533-c870-2740-407f-163f3730c489,9629f371-3ffb-8989-cb8e-1c82b483cafc,0
274e4e73-96d2-6312-a253-05ae3ebe657e,444b95c2-7331-288a-dd3e-935b9cf56480,0
6d08e55e-9b3a-5877-eaa2-c8003ca9c1e2,e9c0e17d-7e8e-725d-7ba6-ff6ea873e39d,0
6dc01ef7-7314-998b-eebc-109f1510fe2f,af834929-290e-56df-5867-d370081f5ff7,2
4ebb06cc-0a83-e500-e5f0-f3899f27b75a,bb62e2dc-4c76-ed34-9798-800faf9d93be,0
269dc954-1d54-7ab9-de1e-164e2a4319d4,eab55b55-a482-4ec5-eeb2-a04178848ad3,1
44db2c1f-f7b2-dbf0-a46f-fa6cb4fd29c0,e336dc0a-a9f7-0dcc-ad8a-083a5a4c1c3c,1
3d644c62-143f-9aa9-8dd1-9d4039817e2d,aca10982-89ca-f3db-f71e-ac47bca0e9ad,2
7df1b202-8561-84fc-fef0-60e335e3b88e,aca10982-89ca-f3db-f71e-ac47bca0e9ad,2
33a2b736-439d-0c1c-99ae-e29afac175ad,aca10982-89ca-f3db-f71e-ac47bca0e9ad,2
84a1e59b-54e1-c44f-0339-0f7c7c8e8f6e,be61d502-ac36-d1a4-1bbb-b3212dcc7485,2
d683b2bb-b613-07f6-c117-b2ebafdf7e5c,59605443-4893-c17a-c698-d599f988c3e6,0
f380fc17-59a5-adad-c34a-68b8f97d38e1,c0e79268-fe23-0601-939a-16d2fc01cc3d,0
41c1565d-881f-e596-8fb2-b8292cb321aa,67c321f3-a2a7-fda8-5c1f-0001e52a3d2e,2
263c594e-e864-11bd-26bf-b5b965631d6b,597f4384-b683-aa50-cac8-66b2a26c3318,1
8e036d04-aa85-4f3f-fd47-a8d8ee9fccc6,5ae30d51-3498-7e0f-7a5c-cf21861e8048,0
92152e25-cbd9-9707-07fb-4d6e57fd0a03,5ae30d51-3498-7e0f-7a5c-cf21861e8048,0
eb7ed221-cf58-a025-1017-58ee4ef2587d,405ae788-c878-ae6f-a74b-ec2619dbc086,1
648cc9d5-fbe7-b368-56e6-8db1cedbaecc,55dd11c0-255c-f09e-9816-40fb1d0c7ebf,0
86039bcf-0fce-e03a-f465-05940363c204,2f28a806-1adb-db16-c18f-6994c70f4c55,2
e2fef86d-f476-b8e2-f7c9-cbf761d9d223,73c17950-31bc-aa7f-11d3-a6500cfcdcdc,2
2ee8578f-8dcc-f788-26ed-29182b1acd18,6e12223b-3c3b-410d-bbd9-94827590462a,1
28e1f308-4ffe-b059-826c-0596918b876d,f3a8287a-9a2e-6359-d823-77ae8eba14b3,0
1cc7d9b3-5000-93a8-853c-f5ed9f8a642d,9b5d5388-d13b-1f30-7a04-aecdd130f624,2
28ecc170-53b3-d2d9-43b9-5891ffa131eb,90eaed40-7b41-94f4-8430-b8b44063f734,2
27479c35-079f-6b97-bb43-fe93eada183a,599ee4bc-eac0-d45a-c5c5-dbb6335bba4a,1
d2ac2a8a-b358-0b6b-3159-b2eaf4a0213a,135eeda2-bb59-d37b-f495-dc5bc1715314,0
c6cc3903-0fa2-add5-83b8-42285060e95e,be62ec60-268b-4e71-bc08-efc72755f0ba,2
1544049d-d604-b401-de0a-abd8b3dd4541,5bed7dd1-b384-e811-8182-14d8f9ef18a3,1
91997d6b-dc53-b815-0516-44981447646c,a3f1c401-a627-40da-1083-19eae1582813,2
34c0bd9b-97f3-ab98-fe48-d8b84fefb8ad,af8d3da5-8205-e4ec-e819-b34f23f83c4d,1
49b0474b-8c4d-063e-ba1e-f684603a1378,7a70997e-f779-2c92-edfb-eb651bc4058c,2
7809f793-b63c-6281-9106-29f01abb26ba,39ca5f8b-c574-c098-8c82-1fc9c3065901,0
a690a761-f6a4-95e9-af9d-fc047a852905,4ffe0e1c-9434-6f6b-210b-7d9a9370d753,1
73b021b9-4917-3cf2-7a4e-c73a618ad452,0f6f0414-a5d3-780a-d567-5121847cf2ff,1
13fb30f1-8b1b-934c-8de1-820d2e27d7bd,a6f71f67-31c7-85b3-57ef-5f7bb77ddb24,0
5ec46a8b-432c-4185-ca5d-cc4e82db12ef,0facd133-2b51-74c1-3e9b-a8838c6997b8,0
0c73ae99-b104-c067-e3c6-41a14c2433f6,4f62651d-3619-ab58-d980-c2747de8f928,0
f74f91c8-0f0e-5788-74fc-b4e61f8405d3,8b381874-a846-c7bd-7b6b-e86b2c970db5,2
603516f9-020f-20d5-4197-9bd5bda7c56b,049fe553-5cb4-8f39-f996-684f2c0dbc9d,0
184dd8eb-be84-fd26-1a41-0af1778853ab,c344ccb0-65d7-2768-c6df-68d5c32fec7e,0
897946dd-6bc7-dae9-b48d-3ca8a4de07a1,e66b0bd6-d251-7066-253c-cb996d5512bf,0
0c287995-5c45-5c71-97cd-0a22ddc3b1b8,6ea7a590-0402-a9cf-fd04-d9750de98bf4,1
88f53344-dd9f-b9a7-a873-a92089902d6c,2b630550-1c16-0be9-3de9-c347b8c6cd70,2
c30bccca-9520-d577-8526-d96815c1bccd,33ce6645-c367-8d45-2f26-79b2e72fe24c,1
2612116a-75a0-ef00-67fa-24d1d8e68e29,2583aa80-f8d4-ae51-8528-2175668cbb67,0
377ffad1-61d3-f738-fdfc-cebecdee3ef7,7e8a2624-b3f8-b9a9-cffe-075dce2fe4d5,2
831b4518-b382-7e19-4a5e-c862bbce0535,b5e10d16-80d5-af35-cf2e-d08f843f649e,0
6b9eb56d-49b7-eff6-a655-ba9975b6ba44,67d310da-229b-8de2-ef12-d9589cda0dee,2
de32da39-1c36-1935-1c1b-fcafb6f71614,8002296b-4749-81a6-c348-571adeaf7507,0
68170d27-79ba-6665-ad31-c4b962316794,869d00f3-8ede-8352-4394-a022c1e333da,0
9d7400b0-f35a-3b89-06bd-6b10b2a6fb53,7f55971c-54ad-f729-d009-cc08fd05de73,2
2537ac7a-5925-b4a3-391e-d48318c646fb,1ab6e87a-3966-228a-a149-1ea3e2b49877,2
e936a099-549f-1353-3bb5-19dfdbd2a299,c3489c70-acbe-dee7-ae89-eeb1a6491f1d,2
8e7283b5-d590-3c84-0329-8860eb8d9060,4f1d6a3e-46cc-a486-c308-dcc87a2b4461,1
dff23c3b-e377-c699-f55e-2703fe72a95c,4f1d6a3e-46cc-a486-c308-dcc87a2b4461,1
1d1dac0b-fdec-abd5-17bf-1ebd6af43ca3,1d2adba6-ed5c-331a-9701-6089f59d96d1,1
06155703-219b-bc55-c263-e3c673ea0cda,af0b4154-ada7-cc49-67db-306bf95b4ce8,0
0061adac-7405-10a6-dc57-aad0613bc8d0,7bfc766b-b3d4-d05e-1ed3-7a80ba018128,1
f96fe9af-d34e-e977-ad0f-dde2b2bec818,3a358817-4ae1-21a7-36a9-ec6cc1f06c1f,2
a19f57af-6613-3138-e876-7612fcc7f2d2,3c430d23-a575-f54b-63ae-b620a8385d95,0
31a8eb9c-5fe3-82bc-173c-6ff4fc7c1988,23129fbe-8a51-9265-fbdd-22530d547743,2
980ee27f-9c1c-3bd8-fea2-94e33e949d39,23129fbe-8a51-9265-fbdd-22530d547743,2
0d0e0b50-c7be-e15f-2b0a-265f93629708,736161f4-d8d7-2aa8-bf20-c827949aa34d,0
28df1451-fa97-7f55-7236-062d9d60254a,25a60725-47a7-bd4d-3b5a-32e4ab9ac001,0
3c197bc9-1eeb-7274-00fe-a7981c3c84af,8911a22e-61e0-4f33-22ba-3549c428e241,1
7576fd2c-c76c-0fe9-febb-313b70adeab4,51f1e2ab-94dc-6ae0-b839-3d909ad28814,0
e3deb007-d506-6fbf-290c-45bcf81dfbec,3dee2e3a-9ac3-f153-b880-619d707c1154,2
8dc9df47-f354-cd55-4b76-37141b0eb18a,3ec93214-87cc-f53d-025b-8d67d0609972,1
d6974e2e-37eb-57a8-2480-527906eb7a77,a00174b6-af3c-9166-01ef-64b4b3adbcb2,0
276837be-8c19-9c09-8268-b471b23772ae,1995cd6f-b641-66e1-71e7-3071ea5afa4d,0
74d0907a-99f5-8f54-db48-059fcc44f7d8,1995cd6f-b641-66e1-71e7-3071ea5afa4d,0
61a972cd-0d5e-56c5-b0a0-746d47fc7afe,9ae6e68e-ebb8-fcfb-3e70-563343087648,1
99048784-0ea1-6651-dcb7-04b1ff8fd3d2,b11fd292-7391-8adf-9ba3-f58b1118a54a,0
93ee75d7-c9be-136d-4c4f-26ff3d27353a,e8a27428-f54d-007e-a4be-7b4d4b09861b,2
44ff1755-0aa6-9997-4340-959708c7478b,f5a6a9c5-84fa-008b-953b-8ef69e973efb,1
348e02f0-5e87-ff08-ed1a-2e8b5ae30759,852c5c33-0a30-d43f-89af-9ac8211af506,0
6c0b210e-6b03-5f1b-0b98-a971bb928923,4310e16e-d55a-aecb-b14a-c7d41a34d24f,2
42f57412-c3d7-0703-3f8d-dd1773376337,aea1190e-a32e-c154-bd65-32a6a3adaa44,0
97397d26-786e-5883-5a05-a07e695a0d4f,16036fab-3e6a-1082-881a-785c1388c33b,2
769933ba-7cee-24a6-53a0-ee53fe61ffbf,fcd59d68-aea3-f7fe-41b1-dc82f7c7839e,1
4142fe99-d0a1-0451-33a4-b7c0dde56a2c,af412f4a-88ed-3164-576f-b548e214b35d,1
bcd5c03f-ec08-29a6-b564-1e4580f01b13,fbf578d3-fe03-be2b-186d-f3a5a98ac1e7,0
b4032d2c-e9d6-0c07-de98-631505608a9a,163be6f0-a683-2ea8-b9b0-8d726d583072,2
015a07e8-9acb-5030-f06a-d4ad3ace002d,302aab6e-944d-9cf9-d81d-6fecc7dfe52f,2
d421e975-24cd-542e-ef84-b16cd70c4820,161cf338-e63f-541b-95a9-2e567bcd95e3,2
09fc9796-d89e-6dff-acb7-14a9179d03fb,161cf338-e63f-541b-95a9-2e567bcd95e3,2
ba632faf-e711-1838-d85b-2225a8299afc,ca1754dd-cf43-e643-cdf9-83488412645d,0
fb8683e4-e9ee-f93f-b941-a90fc9363143,1aaeff4f-8f6d-15cf-6061-003d2723d485,0
ff0f1175-eaea-d9bd-7516-ebbcca9c5f38,fdf079ca-735c-dde9-8af8-71e201642ec6,2
9549a520-cd39-631d-9fdc-21051100259e,198c5d2a-883e-1465-be37-5b5e79f97fac,0
3d0a852e-a3a2-61de-36e9-7a2ae7fccaae,ad7f0678-58c2-b53f-5352-6e264b6385d9,1
90885a39-7c04-ad4b-358b-a5cda396f6ed,ef5a899c-1e36-e34d-335a-1fb56b9e864c,2
456c26c7-d6ae-deaa-175e-cf0a491874d2,f67351b1-8e28-b590-0070-e79074bee579,2
29ef8586-0a45-5dd2-86dc-b8baf0b65e8b,c668c023-35fd-1b04-85ac-acdb4274c633,0
426814b1-4e38-8489-a375-1158a57b9766,83edca47-b565-de35-b546-3382e5a1cb74,2
c9c3a442-21c5-37ec-4bd3-457e7ca15ed1,888ccf73-f047-274d-9069-b049152aa9cf,2
aa1635af-39ce-db1b-806f-c33dd87bddba,738be5c2-0ffe-8804-dac0-e8f154fef38a,0
c25e01de-c387-95a7-6db2-53c00ad5c670,5283fbd3-5394-e3ce-e1e8-d2df4de0dad4,0
42b1ac87-c972-297a-ee91-2b8037d91c0e,6cde44d3-51bb-ae02-5c1a-63e3805132c6,2
477642a8-eb17-8427-aff8-fec4fc1db50e,ee13b492-bc82-b23f-0285-94c636320ab3,2
a2639170-6570-e639-ee50-e73cad45ae43,f53e9dbc-b7b9-678e-0388-62079f09c0a3,1
184fe9f6-2d48-921f-9569-6eec927d81ee,c5f7bb42-d328-9575-df19-ed9c1be45043,2
dab82439-9c4e-c50f-22bf-6e0d3c0d9c76,c5f7bb42-d328-9575-df19-ed9c1be45043,2
b3294c2d-b97a-621b-6a86-92b3e81873be,14a30e85-1929-80c1-ffd9-77d5e2b2a64c,1
1ff279cb-88be-64b5-8f91-9ce56a3bfe15,14a30e85-1929-80c1-ffd9-77d5e2b2a64c,1
05ac886d-df39-b8ee-1ee8-e611d2e65c3d,2d7da879-2c23-1994-b233-239a295baaba,0
68179b13-c50f-7555-3a96-ae2cfa51e671,476babcd-05a5-685d-7d9c-91c611718ffd,2
c7e68773-c68f-a9c8-9e9c-d3a6e14051c6,9e34dca9-1a46-ecb4-f3de-ce92f87b7b24,2
0f19253c-419e-85bb-cbfb-f3e26e74cfe7,76a113d7-66f2-2898-74cd-342730becce8,1
857f800b-1797-75be-3ecb-c41909524c7e,b5bf1540-12f4-c538-0ec3-dca256334d1d,2
3e9e2ebc-e6c7-bb0b-a3e7-e4d4655e96ee,b5bf1540-12f4-c538-0ec3-dca256334d1d,2
56f726df-bbf2-bdab-165a-0c09011874a1,1a95f09a-6a2f-d8fd-9cc1-6d15d0fc9034,0
f73cacd2-c369-0946-2a2c-2a3b6cdf72c6,f0e6cfc1-410c-dac6-a25a-f611ed419973,0
4b39330e-3d2c-111a-fe77-19eafa1db1df,f0e6cfc1-410c-dac6-a25a-f611ed419973,0
be1eb56a-96b3-f5a1-1dbd-77545fb13246,987f8f1b-c0f6-ece1-d008-3d3acf452c5d,1
5fd9ae31-95e6-2b0f-2389-ea033a15200c,4447adb1-09fc-8dd9-295e-195349f02680,0
5a8eb1aa-26ab-01db-468f-ed371fd37fd8,4f771c0a-6789-7a95-2168-97fd1ed02ad2,0
e288dffc-8e0f-200e-4775-c70fccd68e91,78368edf-808b-e85b-cdf9-b00c831f30fd,2
4fa10ce5-7bc2-66f4-e299-5e1104214e4b,1f81b3af-4611-02a5-eb41-b603596081a8,2
5bbb87b6-2909-7a8c-4a6d-17d90009e68d,b3b287f3-3418-c2d4-3b32-3c0ded6d3577,2
791d3f9f-da13-10a8-900e-060bd2fc3320,b3b287f3-3418-c2d4-3b32-3c0ded6d3577,2
02de2395-87f4-8bf5-8983-9c67717d73e1,f4bffb04-258f-c761-a006-faf1cdaf43e2,2
e3bcdeaf-77a5-6a76-687d-4a972737721e,2508025a-af7c-0028-2741-ec09c562821a,1
b7c08496-6455-c3ec-315b-e9910319cc44,c9f4dd4b-4fe6-0ca0-4e13-1106d3f96763,1
71ed5808-45b1-0a2a-4ce4-79ac437a0d6a,132cc500-3f4d-e831-5b04-c949398a40d3,0
2e9bc62c-181f-626d-0403-0183f4cd9c31,132cc500-3f4d-e831-5b04-c949398a40d3,0
b252d264-25c2-7a42-2c15-faabf2c47081,f19ea36c-7ac1-a4dc-0a19-9d0409547c79,2
b98557a1-c75a-ad88-49f6-13c047e4b47a,5c765614-1422-cbcb-0437-92ea0ec007a7,2
513f072d-3ad4-f3e8-1c3b-0bfcfc811d95,6169c9e9-0a65-529d-883a-7aab952d5f76,1
0ebf1f3c-5c33-482a-b9fe-e036b8387b2a,a842565e-d358-49a2-b910-87891aa9cb3b,2
e477cb5d-6eaf-f170-af6e-2e5eeb54f482,93923dc1-10b9-39dc-4d38-aae505eb4e38,2
0cb02bb0-f84a-267c-3d42-fa2b92546aea,be9be1a7-8877-c7dd-6b76-1874645dda8c,0
893fa45e-2a60-63dd-1fa9-dcb3cf9c45ea,5a04763b-a324-b5c2-8364-563d7089a9f0,1
7262b201-36ae-078e-a80a-b11c2a950a8a,5cfc7e9e-3263-7dd7-9afd-122d9a5c9216,1
1703bc80-1ecc-1d3c-5e9e-34cc0b9bfb04,7acac8ec-8ab0-4db6-b658-70329fccb08e,2
d3c6444e-89e4-78d8-0610-71030e79075d,3ede73b4-9e3b-6105-40c8-5390b5af46cc,1
f44d1d72-6b41-2565-6c55-45d6aa3ad5bf,3ede73b4-9e3b-6105-40c8-5390b5af46cc,1
1e6bb716-9644-c2f3-3cfc-51de1b8b5e1e,59b180bb-7964-6716-98a7-86cba439e712,2
458a7762-09fa-8c34-8b03-f536a3352948,10cdffdd-d43d-e38b-8258-b98e283a86bf,0
53101b49-c2c7-827b-29e1-a1eb13820f12,61f49383-709e-7b31-142a-bd51eaac0e71,2
880e17bc-7bac-93d3-9f6e-f77607a9f3af,7870ca76-07cc-8f89-4792-cd1f6ebb06d0,2
f2955dbb-4c03-0800-1178-681e4c8f6de0,02737b8d-5403-61b1-2fc4-d16f8fff9be7,0
e21b9984-381f-b3d7-023a-3f3f2fea363c,a29c2d91-78ba-4505-0628-d0cc72d49af9,0
14cd1c48-fa33-0498-d9db-3df346c7fef1,a29c2d91-78ba-4505-0628-d0cc72d49af9,0
62a90734-3cfe-c7b3-b768-02d2a6bc5ff8,a29c2d91-78ba-4505-0628-d0cc72d49af9,0
4a20567d-5f45-ff1d-ba75-a27d86d52d92,5c90f822-1a82-1208-e41f-12b88eff35d6,1
1a8a4cbd-f0f6-eaab-3dde-ff7381ed5f50,ecab6971-1e1c-d1b7-8aea-39c309d85187,0
01e3d54c-0073-bfe8-5d0c-ac81eb664fa4,d4ae8978-3daf-fb93-2cc1-f400327a33b5,1
112bb8c5-024f-7936-dc26-1916e6b512e6,9b70f1ce-9b73-afe3-931f-4c28e396d33c,2
30e527a2-45fe-4e15-153d-27d44c535718,9ae5a5fa-b7ab-9776-3f6c-47976143f9c6,0
aac4cf4d-a535-724f-0958-1b36ea667e5c,c8bf3a0f-9381-6167-f0ad-dbcb79604497,0
45f951d6-280b-97d0-124a-7ee6975ed415,e7ed5bf9-3086-e5fd-4311-f06879ccc0e1,2
6aee28aa-176e-c2b1-6715-bd0facfe00f4,50ed9e42-fef5-3fea-ea91-2c69aef972cd,0
daa0054b-374f-cc5b-7819-2f9685aa7f6d,e16b2b89-6916-655c-c78d-65c780521fe5,2
92bed030-7b7d-912f-403f-df9406f91309,719e02ea-d796-73e4-5d28-a046838d067d,2
73bf9515-f24b-eb17-1bb5-0c8ee02e8c03,3057675b-8ba8-480f-cb01-57df2a3c49d8,2
b73e1814-193b-d9c9-453f-43630bce32bb,fea60e28-347a-71ab-2bb2-23d5aeb872d3,1
bb272237-29c7-a059-572e-b70ab1089e99,3dfb1a67-0a70-8d45-ff4c-20d49493154d,1
22ce7f86-4f4f-1eed-c623-5c4791e452bc,ee0a95ca-843b-de13-257f-e4afbf8c686b,2
ecc5d00d-733b-2201-2aae-99a62475636b,75463471-5850-425c-754a-3e858b77ebcc,1
c2c71a47-4474-43f1-e575-ad059afae021,75463471-5850-425c-754a-3e858b77ebcc,1
1c6939b2-342a-766f-c5f1-5c332890de91,0a9a3e3e-314d-d95a-fd21-db5031146e5e,1
7d76c5b3-b347-a3fe-d16c-97be0ad08890,706c21aa-bf23-7ee5-22ba-e8ba0a143d73,0
c31e3350-e1c7-f3b6-bef5-f61188d7ea80,140bf239-0a5f-32a1-3651-f123b12b6e67,1
fed5628a-bba9-3ca6-9a90-9c9c293eb2cb,140bf239-0a5f-32a1-3651-f123b12b6e67,1
6550d371-9b0d-c708-e4d4-dd2aa0f76961,e76209d5-37fe-8a91-6549-2055a22f63c4,0
d8efbb8e-d800-ff9b-cbd6-ffa430677399,2f1825fd-c0d6-2b24-68ed-c322f23d5fd3,2
3ddb142c-230b-567b-6c68-e5e328951e57,df043cc0-2065-7de4-a41b-c50d330ef533,0
ba0672f2-c46f-879a-fe1a-1a58f9c1c20d,df043cc0-2065-7de4-a41b-c50d330ef533,0
94d415d2-502a-98e0-2f20-97d42f908d37,f1db932f-c4f7-dedd-db59-1e25cb4bd456,1
c89e3214-3170-39df-e983-be9acc60e2ad,bba3b028-a135-42b4-b0ef-ef9e91fb580b,1
f777e5db-5253-d2e6-3e21-ec895c87dd91,dcf34dc4-b997-2d27-cd9d-bc624ed3cac5,2
8ed37102-c776-0e4f-4268-13dc6edddc28,b5c3ec90-dbb3-46c3-85b3-53b701482b99,1
304289b9-1eaa-cf66-ffe0-14d96a1f52dd,288f9a42-f44a-3df8-5cd1-49c97045aad6,2
50a513b2-04bf-0115-4ceb-04402fa585d1,f52834e2-75da-28c0-5290-d32612551d5f,1
a67b38b6-39c5-e5b3-411b-049cf38d20f8,8fbd0b09-91d0-049d-1654-6f6ab67a815f,2
5563ce70-3d15-64d2-113c-fc9e4b42437e,8fbd0b09-91d0-049d-1654-6f6ab67a815f,2
9d9b7f4c-77e3-728b-62c3-04da08592c7b,87a8b29f-3b14-55ec-dce3-ed02e7817a83,2
dc0cbcf2-80a5-d3d4-b326-93b89f906ed2,fae1488d-0af9-1c89-a320-d3f5ed2159dd,0
6d2fe58b-90ce-fdd5-9998-6e743314a19b,6caf0e82-c194-5e26-b101-76f13fde12ba,2
29f52344-9c81-aed3-5a10-bf9862cbc51a,8953e8cf-6eee-52cf-3518-bcbb6f8ca42b,2
7c4b87a7-c1db-9d41-0c58-cbb26875e316,3f75ff21-d2e9-57fe-e556-5a02f216baa7,0
c12c8ce6-8a6a-b8e4-27b8-9c696d08bc79,946d07fa-eac9-b8b9-6b14-d6067b960772,2
55a2cc30-9dd5-918b-dbd5-95e3359c0481,ded44354-a7f6-31fa-6dad-8b48859fe622,2
a1879817-5790-d521-3965-654923097fbf,4f452229-193b-f98c-dc37-5841caf32f65,2
57b0afcf-f561-cdba-4f6b-2ced99914c72,1a758724-84ea-d627-a880-9386017d547b,1
3972a7ab-5348-19de-7ee8-51112b704693,06b091ed-932c-95b3-4510-375d11fdfda4,0
09c6ff7f-98bb-ba78-4425-790b613e7819,cc13cf3b-7b99-1426-2db4-57970ef93f4a,0
0e160941-24d1-6735-cd5d-d9e81b6bb75b,44509abf-e2f9-8741-bace-690c159024d2,0
4e0c73fb-2cce-9594-7e8c-cfb2e2695982,af1d76aa-b820-7845-318b-30a00ba583a6,2
acf46e3a-6c66-2e4a-43f5-fcae39e64f72,63952d36-0b81-e13f-2b11-be24502d86c6,2
bec1613b-79f9-33fc-0419-121cdb51c13c,18699a02-035f-e546-84b8-376123e1f794,0
d7b9b2e8-fa6c-5ace-006c-50e1bd2a0a9a,18699a02-035f-e546-84b8-376123e1f794,0
2abe242e-7e0b-b1ed-3dc8-2d280acbe41f,381d8144-be40-5ec2-7d21-74b3983983fd,0
15fffb86-f654-a8df-bd95-be499396f298,89d827ce-3a7e-35e6-835f-2f84b02fa226,1
874f1768-ac06-5168-f7b7-0972dfe8962e,8de871ec-096d-156c-fe3d-5994d1c76ac4,1
571961d7-8eb8-517e-7294-401bbb9c41cc,b300a0dd-bcf8-22d2-db23-aeb63a1b9f58,1
abb07740-641a-67e7-2f25-a660adafe2b4,db98b7a9-c887-36cb-6b95-8fe11b89871f,1
7fc43faa-f45e-e2db-e4e2-4430293aa9cf,06730174-9d58-e8bb-f330-9fef2fb8c53e,0
6e1c7452-13f7-d26e-b66f-c52df2773f9b,06730174-9d58-e8bb-f330-9fef2fb8c53e,0
63aa8651-be87-96fa-93ab-3c4af7278d9b,27279e0f-2510-29c4-bfca-96f9d7c2a757,0
9f58a97a-4008-acf7-38da-dc4a153aecb3,7de3d6fd-2a27-f03e-bac1-c6a20673cb37,0
1002cc9f-8cfe-20ed-f002-7e3a9b4005b5,aa81d9f2-7299-5bd8-06b1-0657ce5ac1cb,0
e27b74fb-f370-53f4-023f-63a69bd7103a,630fe39a-2493-4034-2519-d06b9e6a7f7e,0
39a13ab7-6aa4-af55-8940-9b5212899ce8,6e0daa1e-67d4-554f-43ea-73abc81134aa,2
63bc6be9-4f06-ef29-3c62-e45baf0f1df9,56b3a66d-6699-1bdd-25dc-d70cca6c9c6b,2
1f97e6f1-4f49-deed-3b71-1e486cb1f6c2,7d42f3a9-c2d4-52c9-7064-289321ce6dd7,1
55369015-da94-6a29-8215-d41e2dce55c7,581345c5-d9f5-fc4b-c680-6316c479ca55,2
9eab05cc-d9d1-44ee-c999-0b17a70e8734,d83258a5-44e5-7685-5aff-bf3078bb2367,0
4b732a58-7c94-82fe-9143-abd2292b718c,c8e73bf8-5f1e-f867-2927-ed7b43923c01,0
57c1d345-29d9-311f-639e-aeccf3998d63,b5f4006a-3b98-29a8-435e-ba81d8025979,2
778f751a-690d-b21d-e9bf-d9c67a32d7eb,841f3d8e-e72b-ed42-967f-10b8bcae9474,0
e24ff12f-c877-f5b4-238d-409107c38ff6,841f3d8e-e72b-ed42-967f-10b8bcae9474,0
abcc279c-1afc-13ad-b773-64d0b7a55d24,0069f8ff-7f60-c92b-1194-53539f9cefc1,1
6a332013-9bd1-565f-40f9-a4e57e9efb97,0069f8ff-7f60-c92b-1194-53539f9cefc1,1
035b8631-e90d-98ce-5281-4306d688b1e0,ed2d5f73-b8f2-3e49-cbe0-a768a445ba72,2
a2405f49-823b-5c73-e40d-28a6984fd11a,5d973118-ac31-830d-adc5-fbc99a32207f,1
9d51f7fb-e265-3b99-feea-28d54c7c1dfb,f26225c2-fba2-e1e0-2f19-5b3c51fc2af9,0
8e22338e-2769-1d97-7ee6-69c646b4c154,9853fbd8-3fc7-aa23-68e6-851a3dc29c94,1
9837ba03-9460-0855-b4ed-96e9900c9686,0843662a-705e-cc32-c378-9362195b81e4,2
878df4f8-4b14-8046-00fa-4d1cd432c658,0843662a-705e-cc32-c378-9362195b81e4,2
5c8b2d3e-5540-433b-39c1-e4b030c341cf,49393362-28c4-d0a3-4ab4-dee37b3672ed,0
2f98816b-47a1-ecaa-df37-24277b208e30,a1966109-e41a-2f64-2ffc-2e84f4c36242,0
7e64c437-bad5-8e0b-c3e9-886c8502ff01,fc32bb35-49d7-8953-5fc4-dcf743a01374,0
e0a8ced1-7dae-e322-165c-32c9eb433a94,96673384-a9bd-d5cb-2769-0efc18fe70fe,0
fc05f5c9-e18b-7a07-1b5d-9c5cb5292e0a,c6f1f469-9087-b551-6586-c8d69f22202c,2
bd47b5de-d99c-b95e-f622-6d513ccfbb64,421901c3-becc-d561-9778-e2b00626fd59,2
644f8adc-fd2f-e2cc-e914-8232fcf9b74f,640dc045-413b-f7c0-d8ab-8303ec37cdfd,1
f3cb6be1-6173-948c-c6af-f28959d2ee79,af34be19-47f5-3010-2c6f-bb6fa24e752e,1
f5492973-3036-35dc-059c-f59e3d08b663,1192d94f-aff6-d1ed-1af2-a85084c6dfdf,0
3eeb0048-7499-eac2-4ad0-7973678f8eea,faf80f39-ede5-a3d5-ff2c-0a558b23e91f,2
5d896704-656a-3e24-a662-01cabe38dc2e,faf80f39-ede5-a3d5-ff2c-0a558b23e91f,2
d08a8be0-879a-7a7c-fe2a-50361538e079,3559532b-c1d0-c82a-a19a-d96e6057f8f8,2
6ab9eda3-5050-493f-0a66-c811f3698601,9586e2ca-8fe0-6b98-e929-29190cbecb4c,0
6267529e-38e5-36d4-49b2-777985ac1d7b,ecda1919-760b-b734-39aa-afa99d2d3bbe,1
fb5300ad-e9ae-172e-6fb2-45762e2bf5e6,ecda1919-760b-b734-39aa-afa99d2d3bbe,1
943605b6-5e1a-ff4a-0963-95a083055caf,08363ecf-67c5-feb2-c514-5aabd753885d,2
ee234e1a-2c27-dd71-d88b-c7f65a841430,db770bff-a5e8-d4ee-3ac7-d8d7028a3093,2
c991f5cb-2d39-be18-4606-0bd1d6d699d7,949d1ceb-aacb-4466-b906-20ba74f0c857,0
5093c9da-41e5-e342-f487-533978b89dc6,c7f7c17d-bb90-1f94-6805-2e196234cb2d,1
873d5cf5-82c4-26ee-3700-5bf259ac24ad,c3e4fdc6-235b-f487-a5b2-bf0fb7008272,2
b14d3f23-c037-91ce-9f77-48186116c92a,f013c8da-1cb6-92ad-0a5f-fb2e3d46c6d1,2
9a9ce591-6afa-d33f-57e6-89fab7a647f2,73e979e0-0820-d4a0-03a3-b8255a104b7d,0
32ca52be-12e0-5da4-7fde-641847be166e,38dfdc8d-df2e-b2ce-8c0d-93b4ad49e7d4,0
e4b53b9b-c947-8426-0fe7-5eb48e18c64e,ee31e9bb-a47a-281f-d8a4-64b41fab5b6d,1
daa71070-9710-ecbe-e989-488251381b08,7622a185-408a-1d29-3909-f14f11cc85ca,1
b076105f-01c1-0e2e-30cf-701654b75f82,9afa6e83-2efe-e158-dee0-aede3108e5aa,2
d6a638da-fb6e-cc43-6028-3d327dac2091,cfb601b8-50f7-cbaf-fe6e-d10c717cd7ab,1
ac873bf1-acec-6e34-d164-c70da45f6dc9,0d7e39d5-3738-d328-a339-f53109b838a3,1
23374852-d802-0a22-ee17-f383a115bb20,6a420459-e19a-0ba1-2d2a-4f0d8dd2bfe1,1
1b73aa37-a452-19bd-883e-07f2f68c71e0,22f46f8a-b291-c8b0-9bbc-ddd1e16ce50d,1
02619a54-4bb1-e82a-c99f-1c7a83855092,0f30eba1-ef8f-f708-ea41-3d658dd4e9c8,1
6adfe23c-b47f-a7f8-df03-3d182378efce,5b4da476-590e-b2ae-8487-12b7be44cecb,2
df801b8f-fa87-a466-d263-f65a6cb58668,c90ad761-17aa-e820-0834-ba39681bed44,0
0c715224-e8e3-9b0a-9949-76d3303b8331,941fa43a-69ec-f03d-c43a-0625e37b9580,0
fb392206-96fe-f049-4f8a-fb60ad72ab7a,be5ccf21-e54b-7063-1308-8605a17dbdd9,1
7623411a-a5db-fc3c-c15b-b330096b4e86,eea03c4a-0fca-2cb6-f8b7-e313dd95937e,1
09743a2d-47c2-2ab1-87ba-7ee01a882e80,eea03c4a-0fca-2cb6-f8b7-e313dd95937e,1
62e1ffa5-cd40-4078-bbc1-02a9983ac0db,97bcb704-f728-ce49-3d12-a995609a6170,0
6c1fd69f-d503-6a8a-a122-7fa3c1d4a012,6c4bc81a-9d6a-1990-aa91-74b0715fe7d2,1
8dcdedf6-a2c2-2c80-6eab-404ec8997a92,8060c12d-da76-3d38-eb93-a69d7619360f,1
9963a76f-8443-44ff-ccce-350e0844114c,3a786eb2-6e74-cdc3-6669-fb6a84593780,1
64213437-7f9e-e325-63f2-679af1726ec0,4753f3f3-7030-1eae-2ea3-f8a650be2143,0
3a98cffb-21e9-133a-aa77-cfe3ae1ee58f,b865958c-8a6e-f3c5-7a68-8765055b0c9d,2
f7373515-c272-b2a6-b1bd-6f5344b736b1,3ade90e2-8b02-de0b-7230-03f1b9e61abc,1
75fec984-44a3-9584-dd6f-8a464d943188,97b2f27f-691e-d27c-656f-cd9d12b1e48a,0
e96bc600-6585-a730-fded-17603367cea1,5c31a204-e446-4b51-8763-b761fd2e5feb,1
19445d32-d1c1-a78b-8d7e-eb7375be061a,ca6eaa68-9240-3104-9e83-5272e5b7c9d4,0
2d9be2d0-cb34-09dd-c3a8-a38122823db3,1789bb2d-31b3-0dc1-5925-69abf2305039,1
d1cea4c4-b698-7a4d-bb96-be081209d707,03d4d13a-aa48-acb3-ae33-ff7c1a8503c1,2
05262f37-fc18-18d0-a348-86028d3dfc1b,761c1a6e-fe03-c548-885a-e514bf2496bb,1
8bb4e1b7-b58d-1fb3-8a99-36eeaed028e9,c19968b2-edd5-d9ff-e169-bad96dab0588,1
7f3846b2-9ba6-0d2b-fb2e-9d64459694b5,94d616e5-2ee0-a8ad-dab2-93cab4d12796,1
d407abdb-9205-b01f-1244-c1f8b5541842,08f886bd-2cbc-8ea0-2f8b-2b00fb366e2d,0
2945c73a-dd3c-77e6-66fa-631232d843f4,e63b7e7d-d573-7a49-0a72-f54ea7835d7e,2
fd886155-89ca-9eda-62dc-02eb9a23e14c,d531441a-b3cb-0d97-16d8-f554617ad89a,1
576b1884-1fd4-92a5-c202-e888ea4028a2,e8f7ffcf-45a6-5060-07e8-c72f59d38a83,2
51877a70-96bf-50da-1b14-bfd341701f82,7549ba78-87f3-f16d-3097-293930c3eff6,2
4bbbd985-314c-c600-73cf-66910fa75220,c3d51a7a-affa-5b39-c1bf-a6b233f2d8b9,0
f7ba097f-f39f-197e-ed43-de566eb9c8a7,d5eef328-3598-add2-d49f-96ef8eeeeb30,0
7e9eee9c-a016-43f1-a360-8a0f5bfd68d2,e48ee431-63bc-a783-9bb0-df8236db8073,2
b504e584-3847-7a12-b5f8-228c753d7351,9f7bd8e2-f4a1-5922-291d-19fab506cf75,1
74bb166f-4f4f-0d80-309a-287c7ecfbd93,9f7bd8e2-f4a1-5922-291d-19fab506cf75,1
12c1c80d-090c-007b-72e7-23bf93861541,274631a3-8cc4-7666-8464-507d9dc2779d,1
53b869aa-a757-aaa3-bf92-1fec222739e1,6925a947-08ad-d756-3a51-f74b0744dc45,0
a170b2a6-746e-8437-738e-6a4e4e068b32,3ea27a0d-2449-dde0-7f2c-e39e7ed513a3,1
30f29052-2e39-b92c-28f2-42aa1fc3d493,f4f96ccf-d0fa-63fd-f99c-b8446d02f359,2
80f6e3a6-ac20-a7c5-00cd-df364a1849cd,5fbd4fed-d026-05ea-2d15-307403528d7c,2
0dae69ca-f200-174b-59e5-597caa11d2de,5fbd4fed-d026-05ea-2d15-307403528d7c,2
df197990-5032-d799-731b-4bbc53867e92,cdf67600-e28f-9a84-5e00-d85adb04096d,2
29956a1d-21e8-5b67-a017-a3d0daad940b,6dfb7405-8ee8-3c2d-3f5a-7d163fabbce0,0
ccc1a098-25d9-1849-b610-f74d622e336f,3bc94e84-c47b-2baf-6cd7-0d6ca8a2211f,2
52c8aaad-17fb-6b72-5d52-5b12a68f24d2,ffe88265-27d3-3312-8711-390d96a40e4a,1
85df19e6-b705-7163-901a-c810e61a4326,f4c95845-0ade-2a72-67a0-cca6afd7675c,0
2340106a-1b01-fff3-8ada-e5fea7796e8c,9ad7002d-20a7-8c00-2795-cca77912a25b,1
db971aa8-2c7c-c712-3e34-d0c9c8ea4d71,e0f6650f-2725-cc90-ed35-a698e4412ce5,0
62a30f4e-c73c-28b5-07a7-6968cab8e113,44fbe585-5c15-c6e5-3047-decab250f44d,0
9afc3451-48c4-ab8b-0eb4-68f71000e10d,eee4df8d-3b17-5b4c-e2df-da37a4854523,0
81abc96e-cf92-6acb-13a0-ac3e56ed18b1,440efaa7-09f1-cfb3-0323-ef746c3233c5,1
b848bc08-30a8-acd7-febd-6232516f8052,685272c1-dba6-b43e-fb87-d786a535e234,1
4f0c7129-f1c7-c508-8480-36d48b39ebdf,9da18a52-7401-7cd8-ff17-b82666584ab6,0
ac88beac-4c6b-7edb-3c8a-84dda1e26ad6,9da18a52-7401-7cd8-ff17-b82666584ab6,0
0296c14a-31c3-4894-f3c7-de97b6827ce7,514d77a7-e23c-83f6-f88f-00a289f7ddb5,2
f31e917a-5372-42e6-0b8c-e8d4e06beb5d,b0854374-5f93-c0c5-fbbf-eaae43f2d2da,1
6e3c9864-c177-6259-780c-57d481242136,c94140ba-7e2b-ee97-4d74-5b0dc0485222,1
035af80d-388a-6259-4465-a1050a394d43,206c8b5a-a1a1-de7c-f3b6-501224d15281,1
dbe1d7f3-82ea-a61e-a783-5159860f7e0b,1ecbb686-c7df-80cc-9a89-31e0f13734a9,0
4df44f13-d3aa-c65d-d0f6-5e1eedc7682d,b4266abf-6220-55d3-c82d-d17cc92aaa6b,0
11b1cf08-4886-37a0-7f7c-a99d3311bd23,ffb6a158-3102-8309-f6ba-9a638748fe93,1
93f864da-4b01-9526-f148-a12d1553efe3,dda691a2-a05b-b77f-7f88-4bae88275303,2
2a6ce464-404a-834d-f328-a44577dad9a0,c1d4030f-c5dc-b8b7-24cd-7974a0ea7efa,2
7acef04f-dbf9-1a20-38ae-6adeeb436d70,51f9f843-167f-de37-7df8-c40abfe240f1,0
55d5f75a-8885-f463-b5b0-dd49a25a9059,da09388f-6132-3a97-42cd-d70135e488f9,0
d560ae79-332d-45ed-615e-e205201cc06a,f0561cc4-a633-1087-7e3d-12ebe42a18b2,0
126f4989-b4ca-6b40-f5e5-43678033bf78,8dd091fd-b156-e532-a630-554c763f9577,0
39fc184c-b370-1f43-556b-8ed5dfba6a09,123603a4-4758-3227-8e67-ae5f258491c1,2
f5408519-911e-af05-a6e5-e57488afa30d,860b987a-a85a-262f-1caa-56af7eb23561,0
44ee1048-7a15-607c-d94c-a487a680583f,0604eae0-fb28-ec94-b02d-aed3479f4a99,2
2119e493-6abf-2737-3f55-6b800911c38f,afa44985-fcb4-5b5e-436f-8940dc147d14,1
377c88aa-c742-a4fd-324d-8f7659b55a71,49d99e72-b111-0048-c5a0-7364ed53392b,1
e6364677-fdf6-d54a-e2c6-290cb1b8f1ca,8a6fddaf-c3aa-2cea-076b-22d80c5b5b9d,1
e5900bca-8bed-9c76-5e13-b91816ab9d38,070927f7-a243-e1b4-eaf2-de8fcc927593,0
2c5452ec-38aa-940c-c1af-a0b85c2d30c6,7a9780e5-4c0a-b901-0923-50e35ad9c7ed,0
6956b833-a7a7-0003-011c-70a953f75cd0,c80ab869-c2b1-79b9-7a7e-f062fb47d0b9,0
182dc1cb-055b-71fb-2c61-84bc0379cd10,0ee23ec9-396d-5d1a-fafe-3d274dedcddf,0
68169f78-d4b2-dba3-f0e7-058aaed65f6d,0ee23ec9-396d-5d1a-fafe-3d274dedcddf,0
ee759702-73ac-6439-cf33-02aa3bc812cc,18b44917-4577-8544-c8ba-5609cbcd110c,0
39886894-9f16-8e09-9272-1a5c2f6b13d2,a9dc4145-f912-85c9-971b-d01ea85719a3,2
29e344fc-98bb-356c-68ee-8a3734646ee0,a9dc4145-f912-85c9-971b-d01ea85719a3,2
b5ae814f-c837-f7ee-d5be-0e2814b293c9,7c02a7a4-be20-c02a-d4c9-eab196336d6c,2
f9623d19-6866-0ed8-1b0e-3fee48bf5ba8,faa06066-9a85-5505-cec6-1e88879633cc,1
3a32beea-f090-cb8e-a217-86eb2e5e26aa,d84760c6-3274-6c4b-6198-7c32163fe692,2
5b3927b0-d074-d623-240b-eaace77cbec5,4b21f196-f11e-cf2e-83da-c31d274929c5,1
d85ad0be-5f40-8ffd-7872-74521f2fcc7e,effff8c6-669e-dc6c-dbdc-0d32b832d2d7,0
fdc263cc-6c26-08c1-f642-6cfa598b65fa,318ddefc-a28c-785b-3fbc-58d2a370db54,1
59aab285-2286-8ff9-0c80-ca421d9d48ef,40cf1685-224a-b9c9-ec1c-355e91ee5692,1
b5531019-225f-4af4-1cae-98b1389ef905,c5daff33-ebd5-881b-ccd4-8d2aa7585ed0,1
c99385e8-f40e-49e9-20f3-637370cdcdbb,587d638e-aae7-bbcf-d6ab-d1c17d5cb1f3,2
9b85752b-4f98-1dc1-d474-6026d2d69da5,61bb3081-f333-356e-4e2b-637178cc1070,1
130768f3-2b18-e297-1c68-39e35229bf92,a5efe1d3-2a87-a3f0-3bf0-71d37d375523,2
8c2250aa-5ad0-7600-3c5d-2342760a3905,cd991105-3d95-af4d-1ed2-97b8197174eb,2
8e4592d0-5f93-e1a3-19b0-39f0e1004ba1,cd991105-3d95-af4d-1ed2-97b8197174eb,2
24818213-c0a1-c183-2338-715b676156d8,9a0d50ff-2b07-2d30-9faf-a1003c59320f,2
21df97d6-b297-6531-1bda-54312c8ae881,b8227254-e411-491e-060c-72fdfc6b0cb7,1
c783608e-3d05-ac15-ec24-7aa5bd66a31c,82042b34-55a8-0a5d-649d-61f941270d2c,1
a247b9eb-7f6a-5bd9-f6df-8368d0796620,cd8a81e8-0af6-3533-6a73-09ee39b0aff4,2
0f01c6c7-6b32-64f8-4b86-2d421eb2fe8f,fa016ba2-e0f2-0d64-f2dc-abd3272858d5,0
9d9297ee-71cb-5dd8-8cf4-e8b10a964582,b85645d4-dcf5-f022-b533-d1f2805a41c7,2
d7b8696d-f33f-b974-c438-13abfefdd469,cc6cbc36-c37d-e1d4-b02d-01c946ac3356,2
d95c2038-e585-64e9-d301-5f2a0158b628,9880edd0-dfd7-5b3f-d865-0b3635d8232a,2
8a85725b-3e30-9ac3-2d3c-c3e6012e5507,ead677df-39c0-4709-33b1-f4e65df889bc,1
1cfd8753-8f35-895b-9ad9-95ff7398e4df,a556e9ad-95b5-1e45-541c-6000f12cf5d5,0
94e423ba-8146-11e4-e1bf-3a38e74b70cd,bf01eeb8-7d95-4af0-677e-738f0ae0422d,1
f0b6ebe2-6d30-2333-7356-07f6a75af574,aceeec31-6fee-2a0a-78a9-d86c6c98e809,0
cdb612dd-a1be-57ab-0bf0-48fc3e9a8a11,ec101a3f-a51e-f56d-0099-2e03f88213f1,0
1be3bac2-91f5-c2ea-3881-34c9291a6ea3,c81d3f30-5756-3c95-e6fe-d4fbd052dd05,1
c5ee0bc9-e5e9-fe18-0398-acffcf4ff3c1,c9091da6-db20-ccd4-fd59-af2a1c0d1a96,0
97c2077c-f058-9fe4-135a-0e0a20b94039,da23b047-75cc-9f44-121a-6dd2a8d350e6,1
e7a33d01-00da-dd86-5f96-66bc622485e2,a50ade07-a019-50d5-22ed-b2ca256c2206,0
850c3b87-7383-19e9-ab8a-13105b61d374,5ef4a7cb-d161-3d3e-bcbe-3311a4cce16f,2
948f7da1-c38b-b396-3fd2-2e7be5b0d2a7,41eb02ba-8371-7930-dd88-b1c1a27e051a,2
a0a39e6a-f20f-2210-93ad-cfdbc5633584,41eb02ba-8371-7930-dd88-b1c1a27e051a,2
96f7980e-86c0-7b12-3b99-35e556f0d916,29fea639-ddb3-b5c1-4fd5-e8ec29ba1ee7,1
e1953846-7db0-1f6b-0f3b-3bef36e36ac4,673a9831-f01d-34a1-1f25-ef7805940fdf,1
55205b15-7a3f-f55c-f56a-0a9838a3e556,0fc3ebd8-8074-8acf-5013-3e9c49b692ef,2
5d41743f-d0de-84f2-49a0-b0a91d2e0137,ad1272be-4e37-1fc5-9faa-0ea643d73a29,0
0bfda13c-b7f5-4568-f9e7-2634957be65c,d8a46614-49c0-3c8c-58f8-2cd88a4752d2,1
83bd7669-133f-e589-8c59-d2e94eec84b1,a5df2078-5f47-7f43-2ad9-8ae18b187188,1
28a669bf-6a05-ebbc-3e2c-fafbb042ecb8,0d2f1c64-ff10-3fe7-9277-fc23b4f47b6f,2
5190d968-308c-2119-753f-be743da878c6,fa76d146-3a7c-2eca-e617-d0bdcde37105,0
349d0b40-0fe6-3f41-13c1-4f7752b23ff7,95f0f472-4bc5-0b1b-f2d5-2011b954e16e,2
02e06cb4-8143-dd07-eb8f-79cfc036cb7c,582de399-9fd4-c7b7-b1fb-6df510e70b92,0
953d4a63-715c-5bd3-1c2d-addd78fa61b7,e8ccb28e-d1e0-e5de-bdda-35e41dd3345d,2
e08b1b06-7ea7-1396-5590-d6adf372b6bb,1f94bd32-7aad-05d3-f322-86207ad792f3,2
30168e6e-a660-87bf-5c30-adbf1cf0592c,95f8594d-16af-8b9d-5593-c773f9976ca6,2
5cece581-e068-abfd-6768-3a77ab381b36,62f25872-ca58-0e02-d3b8-fc3f57d47831,0
5a5f07ff-e09f-051f-a26e-94e9e0e11c90,3becf465-8d78-6f80-a313-cc5cad0f9222,2
032d209e-2e56-fea1-e558-354045d2aa8d,835a4994-e692-bf64-a22a-b347d2d00283,1
c6a3f07e-bd16-7b94-9764-56eb740be58d,87ababa7-b25a-4ee3-40ad-a2faa0d2a735,1
1e8f5a83-da8e-478d-e6a2-a742c66e3a7c,d9acfb97-57b2-92e5-9b9e-86eb86c9b0f2,2
ca770ef6-1f54-f2dd-8f9a-dbd3419564ab,d9acfb97-57b2-92e5-9b9e-86eb86c9b0f2,2
83a9a465-947b-8db1-9d9f-31956f20c41a,89ed1ca2-6954-b270-86ce-bcca80351709,1
e16b65d8-1f54-6c72-7034-87213f7bbdb4,7e8e7363-fd63-7aee-551f-00c7d14485ce,0
5acc21b1-8e2d-7473-7f83-27d0e2699816,7164c70b-d814-0b2a-f158-83ed0c97ba7a,1
88921275-36e0-8e43-143b-2ebaa9aba64f,6da76c7a-408d-19ef-081a-cc2b49cf4344,0
9d41ef29-4e54-d93d-22c1-9a3153076e4e,e2e2312c-eae0-29b9-3614-8810e69a03b6,0
08d15a6c-8fc5-efad-fce6-785532308161,22a3d885-3cdc-0a27-6f89-5b12cff25592,1
33ebfc74-d314-a2bd-61f5-e3312b8258e6,7297609d-d199-2076-0c80-a1568f4bfc18,0
b7691230-0f7d-f830-a119-7a84dc0ed557,801b768b-809e-cd64-61fa-b080eab6df0f,0
15e711ff-cfea-910a-a90f-6eaaec338089,5b15f78f-3190-e774-c5bb-0474aae89f3b,1
c0a8e09a-5492-d4e7-2080-2370fada7efc,ef19df1c-b2c5-7cce-e135-f213d365798a,1
657e7011-8d43-df79-b5f8-b8bb84bd0e5a,efa671d3-b1c5-b664-7b7e-f0dc1996ed87,1
f87a26b3-835a-0d66-451c-a103e0905a00,b5767119-a261-327e-6804-de1026583679,0
94211f27-0e63-7cc0-c6a0-fa20f631af7e,f53bf53f-3786-f974-eda6-669a837d52c0,2
21ebca22-9008-3e4f-800d-0db6303c16e3,e9e2dcf3-1beb-e3f5-8887-6be14c83c290,1
0b0aba0a-20e0-7416-deff-4ac121406522,2f0eab3d-f5a1-15b0-723a-d4bd40a04497,1
ac6bcb49-90c3-b712-8db2-c004328ee6d8,90e41790-aa0c-6094-fd65-dc5ea8f671ff,2
c95e77a3-1fe9-2060-5a41-325b8f434ed2,d256ec51-d4ad-b40c-9368-5bbdbc803f70,1
12ebab7a-a696-9b48-ef91-0eeaae6e771a,712f7615-eab9-3e19-4ab1-a222891eee60,0
36372627-ea26-35ae-def8-0e820b53ce0b,712f7615-eab9-3e19-4ab1-a222891eee60,0
ee504c37-fe1b-4800-d5c9-19c95793ed81,b1b011f0-8af0-a929-8349-5e0c27c1e7b0,2
4eb0071a-613c-a531-8f29-52e36daab8d9,d4e3732c-f2be-6132-a2c3-858e6fda3f59,1
8c835af3-63b4-0cd7-0bc2-0e6ea1b2aafb,0696a78a-ca1b-0134-600c-d3f743e22c01,0
63ddaaea-81a7-f63f-e6af-125cc63cea12,36dee3b8-6004-5866-dbf4-bc4c7aab7f63,2
216b02fc-1059-c813-076b-7f1316c72977,8930d210-a967-8a83-ad3f-f2a1ea59abec,0
2175b6ac-669a-105f-6bf2-e9211981171d,8930d210-a967-8a83-ad3f-f2a1ea59abec,0
4e10d67d-4a72-0015-27ed-e75b683bc669,a06f4c9a-3545-31bc-1e85-4a065e65e700,1
f7220c7e-4808-92b1-fccd-ddf1824b41d0,891b8d25-7849-6805-d128-e86afb7c9b95,0
990166e8-611a-9827-e113-fdc6abd58bf2,6cde6ac0-8116-733e-0c42-885297c3579d,2
7aa80f76-64e0-63bc-3446-d5b3bd24d837,38d20043-43c2-2add-f6d1-c7f897ab8f61,0
7022a6f2-2c9c-28f3-be35-031d4f92f0bf,38d20043-43c2-2add-f6d1-c7f897ab8f61,0
89416075-b21b-5fdb-9bee-b48af48b7fa6,5d19f704-8d4c-f20f-d03f-15f555537c81,0
63a4af70-c34f-aa4f-a011-bce73d585e90,ba19cc6e-61ae-a46e-086e-4eeda34726d0,2
d95ffdc1-f890-8682-1379-6c0c6f505c08,88fb8a99-cfa2-d025-10eb-facf368e1de2,1
5a2c219a-385b-ec40-5f99-1f62e42a586c,f7102525-34f6-3dc4-54f6-666a3327168d,2
f1b0fd5b-9544-8d68-8525-afaf66064d5a,13aa28a2-626f-122c-52e0-273ef32d4430,0
84e19680-fb72-910b-5ccf-95bda01f63df,13aa28a2-626f-122c-52e0-273ef32d4430,0
b8c48e62-96ad-6264-121e-6b9b605c34e2,f0045af8-2401-0e01-6007-94270996ff15,0
433915dc-a997-b1ca-9c72-71651b6b2c78,f0045af8-2401-0e01-6007-94270996ff15,0
2f934923-352a-8911-41bd-4b6d31358066,3afed6fc-a99e-b5dc-8e60-083a9daefc45,1
4c2fd122-77e7-47b2-1d29-62da2bc99014,1dd322cb-43d2-456b-ac23-e9c14f953263,1
296175af-45c1-1455-8d63-720fea8b4e7d,b82a8312-a653-1fb0-2f45-085642fee8ce,1
633804c9-907b-77e7-0bef-9db4a707495a,1304d4a3-f979-b14a-1b81-373001424662,2
84c1e2b4-2d2f-1e4c-16e2-cd861f0830ba,855aa4e0-1b59-37c5-62c7-fab616df9a6e,1
c4e5e76d-98ed-8e32-a225-06d09ba2f133,855aa4e0-1b59-37c5-62c7-fab616df9a6e,1
544cb772-1e99-3f49-40eb-3206dd6ddede,d822f628-9eba-6bec-350d-49878e7369f9,2
ef43f7c6-28fb-7c15-d9e5-c774085607a8,ca2ab238-bdc7-9cbb-d7bf-2700a18adf58,1
f89dad79-2f86-158e-9ce2-18a810a4f50c,074e2152-c5d9-9c1c-eb2a-b45a95449674,0
2c418719-bdd5-c957-6fed-65c8b5fcb5a4,074e2152-c5d9-9c1c-eb2a-b45a95449674,0
d6e99f0d-fff2-6065-dcd5-0dbcff3f1359,59b38e0e-543d-0753-e88c-e65cfee6a07b,2
1d8ed5aa-4e82-f372-1359-7c7182a92d0c,59b38e0e-543d-0753-e88c-e65cfee6a07b,2
5e665856-1c50-2739-f042-a681ae1e13ab,164b4fc7-2e08-9144-2859-f9e333d7652d,1
98761727-7a2a-73e9-53ad-04c9675a68b5,b349aa6e-7077-a355-cef0-913457bc012a,2
6d0feed5-fc7a-9157-7246-0668c83d2764,52ef7adc-0177-4fc5-b962-7635fef9f3a9,2
a8bc5043-78df-3c87-c044-e5a4df074512,6eca619b-4b78-9ff2-1d7b-6948d9f53f7c,2
4f92643a-0f8e-a1f3-4c32-425410e3d8fa,3b393c96-00c5-0a2f-9f14-b85fc4845aa7,1
98cf9e4e-06b9-e953-7bb8-f847e99741f4,0cc83581-8abe-5ee8-e3ca-dba9db7b5911,1
e53f9ecf-4f28-19a3-480c-cabef36d2f74,0cc83581-8abe-5ee8-e3ca-dba9db7b5911,1
094250fe-17c6-8496-f70e-95042be7e92a,0cc83581-8abe-5ee8-e3ca-dba9db7b5911,1
2108b573-a3d5-007e-8227-c560917f0d1b,021de9f7-9f4d-84a5-488f-22235b5b1f88,0
264d164e-8e86-623f-7c26-340dc4e9d388,995253a9-be64-7df1-ce14-daa11732e566,2
3f4adc93-7f9c-e8bc-0cc5-52f0aafcf4f8,2b1516f4-9af1-1bce-624c-834d1960998b,1
80770fc5-e477-4630-a987-186a7fd6973d,01b26afe-eda2-b2f3-4a9d-2f37fc8189e1,0
f62962e5-b245-2417-dd0d-541439dc1d8f,10b980a9-55e8-72e4-da9e-11ac3267920e,0
483db82c-2063-6fae-f576-37749e87e014,08dded58-ded3-6acb-6b3d-c3c592c61135,2
e8c5aa35-cc52-d76d-6681-51a87227e5bb,977cc814-3e57-fe8f-a54d-6db26c7a96c3,1
93c59031-1d20-7769-8242-cd954caa0d2f,aadbb23c-aa56-c0e5-d09c-5ddffb66b5ec,0
3b2afd85-18bd-49c6-2d06-7316105fe07e,aadbb23c-aa56-c0e5-d09c-5ddffb66b5ec,0
86f695e6-34bc-726b-d08f-ae93178c58bf,b765861c-655d-2f0e-5c39-b1017cb2bf10,2
fb1c2a57-9d28-0395-7ab0-e43bde293b28,fe63fee2-64a7-3dcf-a062-f322c04dc635,0
9894815f-76c2-aebd-2420-463680e38e45,cb8f2df8-747c-ec64-99d3-32972a8c7050,0
9ecbde00-569b-d708-a4fa-00f741b39b55,d3adae40-dedf-d259-6b04-db294d57b8a6,1
4b72327a-3598-d906-59aa-18f6a16a4b7b,2dda8faf-7236-ce2a-06e7-bf1d070ca3cc,1
a17ba437-1bdb-fa28-145e-95e059ed974b,30c0fbd8-fa86-6103-b40b-568d8a78ce78,1
bbf5a4b7-0394-70fa-c96d-4a68f37db348,d884079a-a815-72a0-a9a0-5ba13a0e3f8e,0
55ccd1e1-2a03-0bdc-e5a4-9b4b4de181c8,d884079a-a815-72a0-a9a0-5ba13a0e3f8e,0
5c28fcee-c7b5-0232-4b48-0335c9b92946,a16b7bac-c669-ebfe-b0da-bba2dfc97223,1
148c649d-b14f-6576-dce7-d4bcee6a3fb8,bcffbfb4-28db-9654-28b3-4a982bcc8931,2
6433243d-ce44-e7bb-2c88-b297f5e93087,c7de8228-d659-7d3d-ec6a-f92229d53b50,1
fcc5a809-2eb8-8b0d-9603-652f9d97b155,c7de8228-d659-7d3d-ec6a-f92229d53b50,1
1c74c4c4-05b7-9191-cf3f-1343879d3c88,5bcfc337-7965-7396-75d9-110476aa0854,0
f102ee3d-2593-fa55-d660-04f4f900332c,09a15d0e-8c22-1e67-d564-ff2bacb0fcb1,2
e2b318af-31c8-8b5e-b299-227bb5192652,84ddff91-b637-e3a0-ebcb-8ca4b03076b0,1
65ae9a1c-c4cb-4f77-e273-20ea3f740e4b,8e36eac6-e177-5be6-6780-373b91e706b2,0
f82c9d2d-6c7b-aca5-11f6-dc64d20b9b88,457eefec-8971-bd44-a604-776be537c919,0
f3f6d728-3f88-5ea9-dbd2-a74845aacf05,d87132c8-d8f0-19b0-926c-5302010d0ef5,1
708eb3eb-ed95-c9f3-daa5-7fd671cbea51,8b02eabd-965b-16aa-e617-10b42b84e082,0
baacad6b-39c3-bdaf-2e8b-6f5038a14b4b,03cc78bf-00b1-1a14-d26b-a0defd6b53d6,2
cc7bb56d-fc75-732c-63df-a9061b017e9e,5ea96449-46e4-65fd-f6cb-539f7150911e,2
851ef0be-075a-f247-acb6-940c0a444ffa,802251e5-3981-47ed-03ed-28a5b58e50cd,0
56411039-d336-6e30-5c9e-8b8deb62adb7,53034ce1-f463-b191-9e72-0757a079801a,1
81aee704-5b99-627e-f39e-08ad56bc991d,a23006a0-5ad4-6f1e-573b-fbbcc4da7baa,0
bd045647-a067-544d-28c9-6c49f19b98d7,02fb233e-70ff-96f5-d7c8-b5fd00f3004b,1
17b3bfa6-03a1-343e-cbe1-6afe1af01c74,2b23a523-9af4-2eec-9d43-287bb23d4b1e,0
111a66ac-0982-0131-c35b-bb8ed3c51ca0,e8cd23d4-09c6-02e9-2270-280a7ccc3158,2
5b4ae302-99bc-aa2f-d655-13b1e7a85ffa,3251fa5e-224f-2b92-78e8-3654d45c6588,1
2845597b-84a8-d866-abc4-646480d5e2a2,d46f8fc6-db68-9d9a-f713-505fd6483f9c,1
e94d2bde-5163-1cf6-61e6-7935b7cff084,cf7d0c63-1863-661a-3ca8-6468bdd3988e,2
32c14559-6713-c860-9534-a533805a9d03,0046d0b4-ad67-e40f-5abf-d0204b1733dc,0
e5604096-e38c-16ce-ed14-987f0917ea07,0046d0b4-ad67-e40f-5abf-d0204b1733dc,0
a2c1cfd7-ca53-8b71-bcd9-ffda8b8063e3,b2f691d5-1e63-f0cb-3f64-9e8e43395326,1
eca04ba5-fe05-11a9-b850-c7f45271b6d8,492099c4-b334-e1e1-2771-307e33ed65a0,0
df133b5f-4307-84c9-bba4-4beb4e1be55b,0cf9f8ac-af1f-3b6d-6213-98726f3e10de,0
113c3de4-aa2a-308b-9e3b-0a49d6f8fef7,1bb85cab-cee2-bfe9-6733-2ab8e8f89a1d,1
023531e7-117e-7595-721d-aa08d620bf02,7b07bd31-30c7-df7b-ac40-a6691dd887a2,2
f93f709a-c606-18b2-91ed-3b04f6c99dda,3c860bea-6f39-845f-bd27-182de557d97e,0
77d4f6c3-751f-a55a-ff55-6c34dda24102,f3cff2f1-f1a2-7164-f7fa-99b77183d3a5,1
fdd86f61-ce3c-dba0-4fdc-4bfe03167e15,b11e3297-2e00-a447-4560-e177cace64dd,1
efeac815-cf8d-fe1f-c968-a7e67d841fbc,b6471752-3777-5611-f5a2-c0856862a46e,0
9bcae315-cb21-7669-9d76-7e5ce892d80f,3ea9958f-21b8-2019-8047-abe5107067b4,2
2d6e5b26-ceee-edf3-e395-16dc33adcbd9,6f470493-c0d8-94e6-ce34-2efac30570ae,2
23ef04bc-c65f-370c-6c97-91ef77448fef,cca2749b-9edb-67e1-dd94-cfd01be9ce25,2
9c708ed7-64db-8006-2d62-6c6835644637,5062e8b4-e893-1d0c-7877-b6be0125d3d4,0
efd18d0f-f706-504a-307f-d2f37c1d7b91,ec1580e7-fa3c-0fe9-cd91-33987ffc2980,0
bc1ae614-1544-1b73-0b62-9374d03a0766,ffd2814b-81cf-0919-c69e-20feb4df5cbb,0
b018f6b9-dbab-eb9b-a1f6-9ab0f65fd4cb,05673199-a53a-9be9-a297-c3c524610e53,2
f806a62f-bdcb-3913-8ddb-a7d44810ba61,5f26a416-0726-57f6-5f08-752178c191c5,1
da89b2af-31c8-1c16-430d-037c1a8f4ea3,46f659aa-dbbb-3d98-c707-88e9b384b715,1
eeec5a63-7d77-2469-b309-ebf66176ca51,02986c64-63ee-96c1-c1b7-9f947aec7b47,2
f8db2842-ca97-4f45-1d32-157154415363,e0bab67a-4717-33d5-5e35-bd3012fa721c,0
6a2804f2-6762-d43d-1a26-84daad2a4bd9,b5650dd5-afd6-c70b-2f99-cdee88e06851,1
63f9204a-4e6e-f514-6718-8cecb8081c29,b5650dd5-afd6-c70b-2f99-cdee88e06851,1
65ad565f-bbe5-6298-f7b6-29d87b520fa4,c1340c87-170f-a058-858a-42a16ff3fe9c,0
e4b51e71-c227-2ad7-253a-f281de480869,3253eca4-7b7c-6664-802c-880a01b6de0f,1
f8d7ab94-8d38-3550-b135-5e5d65841b58,3ad5fe7c-97e9-825c-54ce-b83a372da07f,2
cd908c59-c3ac-9c97-1c4e-01a9822a5eeb,648fe531-f7a9-268d-6647-33ff641d599a,1
4118a2ad-e81f-9bbd-5477-6ec443779d9c,1abd0370-da5c-1b5c-fa31-8842cf7cf218,2
b15c8acf-9309-900c-942f-d6e7da63d979,231aa3cd-96c0-d903-66b8-0c26268c3ceb,0
9b52e117-77b3-2df8-f334-a96aefad02d5,87979ae5-d29b-223c-f6d9-94cf113b2f0c,2
8738bf8f-4bb8-8d2e-c935-d0144de55329,bb4cd324-eb07-6da0-5958-9a2ba8ddac4a,0
477ccc3c-3a4a-8ca6-5493-a703328fb90d,9dfd7d86-9e6c-b06e-7902-33d557bb7246,2
aeb5c0aa-09af-45fa-4598-636927f7a907,ceccbdde-800d-c542-7d88-42c9ae458f28,0
91f8d58d-fa40-d7c2-742a-10a8e379f13b,5b1dee20-1de3-284f-4a1a-6536f75c2a69,2
094f9c33-7fa5-06ba-6dce-e43609ade0bb,67a3406b-676d-5a94-f10e-ca60ced6545f,0
b7d43791-e4e0-3df6-0878-15767cb6c81d,e83f192f-815e-4914-9d31-25b8694abde2,0
33ccdbb6-6663-814f-ba1a-70554ceaad55,448c5585-c527-60aa-e17a-280d11c9c12d,1
3aeb5ced-390c-3bfb-c70e-b08e3e678c28,dcd10fb1-3765-e5f3-377c-ff5bc7025b48,0
badfd5f1-ce95-0992-08bc-5187840ec84f,b116ae5a-b459-9160-2000-5fcb4c373e52,0
9a0ef5a6-a545-ed77-46fb-5eedf5100b95,2f3129d8-6cce-bbd9-7832-d3d1c097f3f6,1
0ab5b34b-1fc9-0579-41e1-dfa03750a49d,f25ca8af-799a-837d-42f7-1a526107a2d3,1
a3b1f817-8c00-08a2-affe-a0f30b518d66,019dd47c-4cc6-d130-09fd-5e4e1d44d19f,1
a1473c4b-3838-443f-e69c-f824e39ed8a9,019dd47c-4cc6-d130-09fd-5e4e1d44d19f,1
1a9c2f22-5476-66c0-3fbf-06dc7b4acaf6,7c1ce88d-b7c6-5305-577c-ff2f1df4744e,1
3ddbbb70-d798-37d0-b8d0-0af05a897a6a,7c1ce88d-b7c6-5305-577c-ff2f1df4744e,1
f587d2d7-719f-b98b-303a-42493f10443e,ef4a7766-a9f3-837c-42d5-b83c08ed9509,1
b72aec9d-5a89-11d2-039c-63f220919548,ea015e10-83b1-b79d-fec8-89dcc504c35a,2
9da4f6d9-362a-3bc4-4da3-fe5a18efce27,64f3480a-2a0b-6aea-2b6c-d8d7e9b88f1a,0
3b95f785-a38b-60bc-d460-7c6f46163742,a0313ec6-cd5b-21bc-8692-3b20fe1575a8,0
e5effe85-39cf-9cae-6593-e4567dac1a84,126ba032-496a-2f5a-541a-b7d01e313902,1
66023416-5b2e-5526-9593-4c17adcdb7ac,126ba032-496a-2f5a-541a-b7d01e313902,1
caed11ff-81a6-3d02-3990-5314fc92a24f,120b3570-011a-cd12-2109-47d4c123b3d8,2
d0b5d39e-bbb3-56e0-3344-818cb5f428db,120b3570-011a-cd12-2109-47d4c123b3d8,2
1e0a6fdd-996f-4a88-cf49-4a7b89b5b240,8818f143-ef71-415d-c01c-f38492a795d7,1
e2c1198c-1457-fa9c-3acc-bfd075064631,8cfc4d38-2a19-60c9-4d5d-c4a19074fa4b,0
b49ac5c7-26cc-dc31-57ec-b9511237c100,3defce75-4dd7-5768-7979-5aecf511c25a,2
2bbed47c-593d-ef3c-0335-523971ea878e,3defce75-4dd7-5768-7979-5aecf511c25a,2
02225ae9-a08e-3daa-387c-98e3ac9ba3bd,157156b7-18c5-6fba-9561-cf01a25b1a8b,1
907ed27b-5b3f-2cb4-1db7-2afee083859c,8155e5f2-02aa-d5ce-d733-d439dd38ee74,1
aa623b4f-4cef-51ea-a810-2d9f71dfc812,7ea579e9-1294-9058-f279-672fc2eb081c,2
d90d017b-c2cd-61cb-5ac5-278db2085ce1,8dece067-8f09-ddb2-4d90-424e135a8e64,0
ecdc9a34-7d34-1683-ba29-8c13b35358e7,14da2afe-3ad9-7f7d-3cf8-058fe11bd223,2
9dadb5c5-0dac-01e2-00b9-44bde8b17477,d2493233-3dac-a60d-f71e-79e9cbe2f01b,1
b2da4c43-fa32-2557-9291-c6751a2c42ca,29cd146a-f0b6-6930-a05f-3cf7135778de,1
133b41c6-a681-5313-5264-779113f3f498,af3590cd-3cdf-fb9c-19b3-01e78c4c3ccb,1
ebc68c7f-02cd-4d0c-9a43-50f3fd2cec6f,54f0393b-2d5c-895d-223b-d2be24dee5f6,2
d6db1879-4397-9f5e-32f3-14526810a5cf,28e1d033-50f5-bef4-0fbd-b8ecbd496209,1
dd9c2088-c519-3b62-1822-7889e3588bba,08b76abf-8b02-c636-2c01-be1f4109f4eb,0
14300684-6fe4-7478-435e-6474754808ce,7d4be5a2-19a2-8126-5e28-b3d85ead0392,0
ab587a82-89ef-0775-13d4-d12fd49ff5c4,9c3e3a04-8b52-2dfa-5747-0e08b2c147a1,1
bc8c017d-0753-bd4f-9832-05669fe7149c,a76af651-ecd9-8f19-052a-a7d90fe8cc28,1
0f758c4a-6522-342b-518d-b85140dc1183,51fc6e77-1241-35cb-68ef-ed6424e32393,1
e6e33a07-6e88-f4e3-5ee3-8ddbd0974a80,d1c56bab-4ee0-7302-2f36-059e4d28ae01,2
654414d0-78c3-c3cc-c262-239591de6794,7492e8f8-d20a-fff9-a6c2-ee50f1f1bee1,0
61444a9d-4cd4-5de2-1e2d-ab1d9d042eeb,a07ab10c-8b04-cb85-9320-875b10f425ea,1
f8ec7e1b-9cb2-68c5-f574-6eb1d890b5d5,a07ab10c-8b04-cb85-9320-875b10f425ea,1
89ce70b2-abc7-5c35-a608-387ce384e457,2aceec09-579b-a5bc-08d7-596d7ce7b94d,1
110eced9-8996-37dd-2ebf-f1e6a1d5f6c2,65f7e5a3-e1fb-fbbe-3e77-f49e0fe1615b,2
09bb63f6-ea1a-6067-151a-c033f272744d,959473ad-b4ca-cb5f-1fce-f67dd20a17c0,2
7ab247d8-99ac-bf61-bef3-25001159b8c9,94caec7f-c96d-788f-b215-dbf053142bb3,0
fcaf22b8-918d-4f2e-a625-4106b0d81bc2,aa3687f0-97ec-1609-fa77-fa5a2558c07f,2
f02a5efb-3150-ee46-cefc-465ea0355ae0,aa3687f0-97ec-1609-fa77-fa5a2558c07f,2
81d71bb3-9c2f-8d44-c99a-80cf31f9827e,190e48e2-93f5-4a1d-d389-1dbd159290ec,1
9aea065c-ae48-294d-ef96-3fa08d5784ed,e72b6867-9d46-861e-4586-bdbcebec8f60,2
2d4370b3-c9cf-4113-78e6-817def32353c,1d460e0b-1f48-6daf-e2f4-bb244958e900,0
0f427cc8-c398-886e-ce98-2903be62ed05,1d460e0b-1f48-6daf-e2f4-bb244958e900,0
9be51cf9-f451-b886-ebc8-7f9c0d4fb439,8585f33e-0046-b37d-7c45-ea196a6d50bf,1
d5c2f37d-f5fc-0bfb-95a4-c9d625596b28,ce5b161b-853f-8efe-96f0-623f8ac7be6d,1
ad613d87-70ad-f560-6d3d-79bfbd8e2846,232b3af2-ec1b-198e-e6c8-be71c83d2dc7,1
15fcce5d-e3c1-0459-e1f7-3ccf1c275009,509ed0d0-9c87-afbf-ba85-822c3629d0af,2
5eb7f17d-8685-9023-925b-d5c592ef4490,ee0b9f6c-f588-63e9-0b62-19164671d79c,1
ab79f543-cecc-45b6-c6c4-97aa14d72e99,47da8cc1-62ec-4bdf-b023-23ed3590720e,2
233d1731-7eae-8de9-32d1-253df0f6db45,021efd42-b80e-e987-77fd-31dab0f8a1f6,0
df4d7d55-52ae-a331-bff4-044f52f6b7f8,021efd42-b80e-e987-77fd-31dab0f8a1f6,0
a7d850bc-cae3-b6ca-f51e-d90082066dff,fe200dd5-7352-f759-72c9-ab82a93defe6,0
c1c92492-b816-5320-23e2-2e57452c78c8,fe200dd5-7352-f759-72c9-ab82a93defe6,0
43fdb224-9b9f-f98b-4ca2-c1127c018a57,fe200dd5-7352-f759-72c9-ab82a93defe6,0
d7887376-4dcc-58b9-4ce9-2f269f748206,121e2479-c688-3147-46da-2d11ee759bf9,1
f2a2d319-5d63-61c3-b80b-6f2334421e40,59fd5709-06e9-9d30-5f76-9500a1086f3e,0
04d23b52-8058-2a30-e90b-c3253158c1bf,247a7e73-7120-58bf-552a-f99351ec1736,1
991abd3b-8d19-cd03-7802-177738590749,b7d9ab85-e8f5-90fe-d87d-ac4ffa1b2956,2
329b930e-e4f4-6854-bf42-027dbe8861e7,430f4eee-1573-58e1-f6a4-7d058040e9ee,1
fa23c001-88c9-5816-5684-e528e2a151aa,0fbde14b-3f97-d348-441e-1755cb9364b0,1
ac40cc04-5e39-c578-17ea-9a8b5c235555,1fb5030f-53d4-1440-6811-3d5d46e7c9f4,2
c32fa21b-c8ce-7d7f-2272-c2a78bf8fed1,079587f4-d572-85f1-a08d-ccede5fe410c,0
6fb34ba6-9e4a-9421-a909-14f418336c1f,079587f4-d572-85f1-a08d-ccede5fe410c,0
d6cd0044-4c1f-89f1-e03e-b048b8e0197a,0d2a7e30-2d41-f415-fad9-a49635cc2bb5,1
28a454c8-3566-c0ae-693a-9c893e75ad66,0d2a7e30-2d41-f415-fad9-a49635cc2bb5,1
483fb93e-4d00-4652-201f-75e91d0bc976,2bed63ef-e8aa-3a8e-c714-35576bef6142,2
2b39dcf1-8236-9dcd-eaa9-a04c052e5164,2bed63ef-e8aa-3a8e-c714-35576bef6142,2
ed5d6269-477d-b67d-b398-3b7018eb05da,3cae3808-39ef-2972-80d2-e7cc48b4b1d4,0
7ed8b4bc-f4da-19a3-8f6c-cd0835a91e61,1142a94e-ba29-2d79-5118-b520238332df,1
11bbba08-be39-c971-2080-ae0a9ca4dd2b,ae31f63f-daa2-3286-cf62-72d9b4504a75,0
483e0161-6b82-210b-6509-a86607562207,3ef1ff3f-e442-06f7-daad-8ddd47264e5c,1
778b0b80-72bb-699f-17e1-faf5a6af2474,d3d2d1d8-dc3e-b38a-2fdb-4bd0ca2e5e8f,0
1eb78b60-6408-0ef6-4ac2-d8e573d93166,71958e20-b7cb-0ebe-ae92-93c311cbeda8,2
22814eba-dd6f-5ee2-31d7-e465eadc514d,e3d5df56-4574-be88-dcd9-e0669e03549c,2
7bb8c630-e7fc-6535-0b9f-2e53f77f1a8b,026b84d6-1835-1e42-b051-8e3df4da1f3d,0
22c62d33-b0be-72e5-3590-b6b7fc4e8dbb,026b84d6-1835-1e42-b051-8e3df4da1f3d,0
164db7aa-e69f-7f28-c4bb-647d518855cf,782d8690-e67a-8ae1-ccbf-15549da6eb4c,1
7fad2777-313c-64bf-5d9f-3fb9f8a2796a,57cbcd85-3683-e7e6-e915-3374fe598e35,0
9799d481-70d4-f6f2-58ac-d848232756d3,582e92a0-68e7-0a81-f1db-8c8ffb63167f,0
53a996f9-12de-7b5e-8368-506e53960d5d,b9e0733f-6bc4-2de6-3182-1a250e164e64,0
418eb28a-43b1-3d7f-1fdc-1ef77a779201,b9e0733f-6bc4-2de6-3182-1a250e164e64,0
18efa3e8-20d5-1aa4-3db1-6b3920046f44,45dbc58d-4c23-c932-9151-06b6afc04505,1
19c5878c-3c85-d32c-24ed-7d6099bd1641,3c7c3624-9b0f-cc5a-d8c6-98b461cf5277,2
bc5b92e8-a42a-3e2c-90df-ecfd45b78959,99b6e57b-e406-63e9-75d8-61aa6db709fd,1
9e189263-18f1-0c1b-b970-715c957fca60,736d826a-c41d-60da-9ae0-4090b36ae890,2
e5152990-d7da-dc96-d48c-5ddd79523df8,55b436d4-7453-5fcc-943a-63d696202f64,0
dcc30c40-7188-9a48-db74-06e822cf548d,a18c8acf-aa2f-4e43-de5d-1257316ab70d,0
6fa883eb-0368-8529-a89d-90958ce8f588,6641c496-925c-23ce-c387-442f98b45eaa,2
13deb621-f04b-dcb6-06f9-fb74c2efcbb0,4213c592-7b28-9983-c2f4-e5923b15d247,0
bd92fd30-f1a9-5dbf-e739-b8f7ff1e9b67,4213c592-7b28-9983-c2f4-e5923b15d247,0
96e71518-347e-401b-5397-88cc6478e3d0,5c99fa7b-23a8-0c05-8e17-970412d7e724,1
9fe12769-79a4-fc15-3d8c-1b4dfeceb9e1,ff6c6a0e-45d3-7365-0d0d-73333c844a1d,2
4f9355f2-44ce-9640-8ba8-9f4e69a46d6a,ff6c6a0e-45d3-7365-0d0d-73333c844a1d,2
b8b25b95-2ade-8c8f-9582-74a0ba73d78d,37fd743f-3019-35a2-89ab-4e0cd2019ea8,1
21f14858-6f70-3cdb-e25f-c626129a81ad,190b6139-6641-d350-b65a-f6289cb7a0d6,0
8229f12d-8b78-782d-af8e-3026b65f1357,101bc94d-a292-34f2-5675-1bba6d99ba29,1
bfe9c2b0-5a86-0cbc-87ac-0c0c94cddf11,910c37a7-f4d7-cab6-c2ce-9634190aa524,2
f417e382-db0b-f081-2699-dacd3a972338,896a5fc9-033f-8ac0-ac38-eb75afd56596,1
45d84651-1b08-abc9-2b82-c385b9e7edc6,896a5fc9-033f-8ac0-ac38-eb75afd56596,1
77d3207a-06bf-a807-575a-e439457fe4a0,c8899d4b-b23b-a34d-ac3b-c36b4fe63416,1
da7451da-ff0a-5b64-7331-7a055158a6ef,be5cee07-a27d-6215-110a-3d8cbb51f08e,1
5025ffc8-8cae-a059-ecd2-8803c42f5840,be5cee07-a27d-6215-110a-3d8cbb51f08e,1
83fb6438-272e-5f7f-ad20-c62533d256a4,1b92e45a-1175-4861-0fa8-6a9c5f96801d,0
3587c97e-b6a6-328f-c75d-62ac5842a4df,1b92e45a-1175-4861-0fa8-6a9c5f96801d,0
22f7c6ff-2161-f2b1-f765-3ecdfb0b3af1,6d0989be-ab2b-7870-3a43-feedb270244c,2
cf4c4894-a348-dc7e-fe5b-6fb5af2601a7,2ee7202c-730f-67d7-ad14-febc815dbb07,1
d0925648-2a41-9b95-fbfc-c123c1178ab5,fedd5eb4-3fa5-7fcf-aa4a-401f7f3ca6c5,0
f811615a-2844-9107-79f4-48bee11b4a03,fedd5eb4-3fa5-7fcf-aa4a-401f7f3ca6c5,0
e7f3c987-e95c-3adb-3413-aa2838bf4b4a,76884b0a-8101-0780-4a2b-64e3af625d1e,2
805611b9-57d7-2331-92fc-0329242636df,751d2e26-33fa-3bd4-b50f-70f2fe9a483c,0
569fdaae-e1a2-403c-70e5-70c2a3f41c95,751d2e26-33fa-3bd4-b50f-70f2fe9a483c,0
1b04a07d-c17d-5c81-4a4b-6331995a8faa,91850d5b-101e-71ff-ca12-9b208dce68fd,0
88af65f4-729b-2668-d377-1d1e506a5adf,d7712a92-0a40-87dc-aa47-b02c106ca22b,2
dae9a39c-b52c-473a-3673-98f27d1f67f6,0a57b81c-dace-3419-f07a-aa1d4150f98f,2
ab1baffb-9cd1-76d7-f849-ead8c60e935a,f38ef0e3-5a0c-b715-5bed-59698a5c2d04,1
a2dd2ea6-2c0f-5c92-1872-2c1fbbfa2ca8,7395289c-b882-28f4-ae36-da2e325e07e5,1
86aeb803-be4f-d7ff-9dae-9ca68b21d6a9,d7134dee-c142-d762-49b1-e56c28540b4a,0
d5dfa4de-6509-0904-22e1-db75c790faf1,4b3d849d-585b-9a97-05e8-1382fc4a56db,2
7b7254f1-1efb-c7ee-39a3-c315ce09b0e3,873a25c8-c2cf-4e61-93d5-a05297dd6f43,2
d971f9f0-e37c-e56c-958e-b9c9a9c3ddcb,873a25c8-c2cf-4e61-93d5-a05297dd6f43,2
b3c6fa71-01ea-32cd-57bc-054bcffaefad,1c4deb2c-aec8-4ab9-2936-4b9908950db5,2
8a49e1e1-85da-fb3e-13f8-8eb8aa1ca8a1,619ca9cd-54d3-78b5-35cd-392bb29f1b87,2
21a2e2fe-7001-f5bf-e694-d323d5f12613,ddd960ab-0324-aac5-754c-59f7bb7e9a50,1
80a38976-50a6-be86-cf58-0aa86cdabaf4,ef892067-bdb2-c5f0-22a2-5014a003784c,1
7495e6a1-0f62-0d8f-2726-24197a5d2b71,4e95cc48-6225-8972-7614-06f50a163cba,1
17ed8f4a-4095-fda8-78f4-4d2591078ff6,b9f580b7-0f8c-35ec-67fe-c9b12939eea4,2
8ae1e6b5-7d36-06db-6a65-a224e6fcaeeb,feb9e8c7-4dfd-232b-618a-8826a4dd3946,2
71806d6e-eb29-19f4-92c5-411e91abe99b,feb9e8c7-4dfd-232b-618a-8826a4dd3946,2
2b433cf4-5d23-11d0-e0f5-ae04534b4925,58ade317-5c7f-fc88-d8a3-a187ca4ac56f,0
26141306-9dce-f3eb-ef4d-49841ae6411a,a71e1a01-3177-f0d0-232b-159662991ed6,0
cfdb90a8-6315-d396-3348-24d376bfb710,a71e1a01-3177-f0d0-232b-159662991ed6,0
8fa5db78-300b-9af9-7c43-9abecaea4398,3161635a-25df-14db-9211-418278822d37,2
f9cd155e-6ce0-cd56-1c96-6465a4ea682b,366b6ff4-362d-c2a5-5de8-06982eebcac2,2
e04ed540-8662-931a-deb1-49df2bd318d1,56e09d61-1905-4c8d-c51c-18f9b757b167,0
5ddb242b-41d0-5a0c-8eef-f3dc4e777fe5,56e09d61-1905-4c8d-c51c-18f9b757b167,0
eadeeb69-2fd1-d9b1-63e0-6f3b80eeccb4,d3ae2a1b-d8a7-1813-984b-4da785e9c998,0
cb8ac2fd-05dd-ecbf-ebf5-d9f32e9d5b79,87bd07d9-2ba4-11c8-8c4e-02c56c418c24,1
0743a144-f72f-e23c-1489-ecbd0f123681,cb8e73b7-5a79-5368-e058-08a8e7dcfda4,0
cc22ede1-e39e-8990-ccfb-315e47c16899,74643735-dec2-bcc0-ff94-0a07a12a7334,2
596f6bfb-217d-5d58-a483-1e08bdaedba5,be40257e-8591-41f9-6681-80714b5750eb,1
abcc73e9-5fea-dcdf-4d28-b5b0b0181b8f,b366307b-1b5c-b5e5-7d2b-8c5a61936a88,1
b2e90842-ca51-568d-f78d-0997b17c7466,b366307b-1b5c-b5e5-7d2b-8c5a61936a88,1
145777ee-ce9b-c67c-27e4-c1d4026d5064,86549719-477f-d6c1-b8bc-8b4450fcc4a1,0
9930f0d8-4a84-cd7f-bb1c-6b00331379a6,be8970ab-f9bb-b22f-6e38-a17e2d196bb4,2
8082e59a-49f3-0fef-4b0c-b0ff9a191018,a91b8186-bac7-2689-2df1-0da49f3985a4,0
854d4c0a-053e-613f-7c4c-744149d2d12e,62502eae-5031-694d-eae4-0248a31c4d36,0
8cd57a02-a64b-3351-a8bc-da7e96de5ac2,8e7c1859-943b-4d69-0cbb-f953d4829fb7,0
8503245b-8f71-32d8-297c-6a34365b988f,8ba3deed-e7f8-ca50-00a2-89e61c47a35d,1
c74c6353-bb65-29fe-644c-9e98f432bf07,8ba3deed-e7f8-ca50-00a2-89e61c47a35d,1
4dd9a83a-8994-f456-8979-05aeb8c2a597,8ba3deed-e7f8-ca50-00a2-89e61c47a35d,1
6eb55893-bb1b-4dbc-b201-f85de51016a4,c259978d-11f5-7c77-1640-696aeefd91f0,1
203a3bf4-3229-3536-7b20-b539a449fefc,6b53d46e-3fce-c13c-62c7-f6ff2df0aea2,1
abb3b95c-f256-e26d-1d4a-c3c66ece6e3c,c07461ca-2adc-dc5c-124e-b26abc234593,1
aa45f71c-c730-9dcf-4bee-79c56801ca70,c07461ca-2adc-dc5c-124e-b26abc234593,1
39582b4a-d1c4-2a7c-8e22-56f536112a61,38b729ed-c3ca-c1ee-b487-afcf9299061d,0
3d7d3794-8fbc-1c71-d324-c0782601d7fe,38b729ed-c3ca-c1ee-b487-afcf9299061d,0
034832d8-8757-fb38-6eaa-f56121747bf6,db0a90da-3757-3322-c198-847866a3766d,1
b9f01a7e-b823-bbdc-d888-96763bbcdfa0,380bddf0-4e5c-3198-b976-49967b4ff1e2,2
1703c66d-a79e-c5b4-f4d8-18444ab5288a,33357a79-c3c1-e1fa-472c-1c9cfd4ed9c1,2
7521064f-793b-e7ee-b80e-77a648e1cf48,33357a79-c3c1-e1fa-472c-1c9cfd4ed9c1,2
dc834ec1-c7d5-56d8-d8c5-8783c0cec89c,afe3d6a6-fbad-05cc-1c5e-c6169b110d13,2
41d7ab3a-8b44-66e2-5645-a337863091fa,212447dd-9450-f54c-beb4-a19c1598f47d,0
7585fd4c-86fb-3844-5dcb-ff24295e0c2b,2a2822f1-964b-e6b5-adf1-f34e08e9d2cb,2
cf2930a9-4335-ce32-5959-40a83e0f38e5,2a2822f1-964b-e6b5-adf1-f34e08e9d2cb,2
5657c78e-432d-736e-b92c-d273c5568b4c,545ba76b-39c7-342c-9bba-b94f14e64769,0
1f32ea7e-e664-303d-5161-bfb24c99db4a,8b7cd8e8-7bfb-1852-ee71-fc9474299809,2
6b9f698e-9545-cebc-6cf4-0c148f7eeb55,6e21fb6f-5fec-af3d-f98d-9e16f90b0629,1
71de332c-8e39-8cda-e901-3f6ce15222af,57516d09-12dc-4d37-ea95-602a27259bcf,2
6eb8e436-fd28-f23b-a0bf-d1a296903fe0,57516d09-12dc-4d37-ea95-602a27259bcf,2
2aa997b8-ae46-76cf-a634-c27fd54116a7,1320c034-88a0-e1bf-407e-eae2d474268d,0
bd5c2bf0-c83c-8d4d-99d5-bcf6438f5b4b,eb2f186f-460b-0a17-c2d0-4790dd2880ce,2
393a2fb8-e851-4d98-34f0-e13181235542,98748450-4d3c-7ab3-4ff3-0acb365fe4be,0
b4d6bd75-3189-ef93-abbf-242028f084bd,98748450-4d3c-7ab3-4ff3-0acb365fe4be,0
e8d0ed15-310c-df1c-5248-3e3a667e5b86,76286b0f-548a-3239-dc68-de936ca8f6d1,1
7a387d1d-20c3-5acb-7658-8f1b5349b334,d981538d-8792-7976-4c00-1c0732ce59c7,2
e758adb3-d6bf-d9b8-d250-3be5a84ad047,a346143f-b985-685e-d1ac-3da3ccec5451,2
e4ac45ee-1520-8272-3df1-8c88725173ca,bfee04d9-ad8e-f3e2-1fca-87c13a848137,1
06022f7f-6af5-6db6-4992-4ea4d2ec3fcb,58fcd737-0d5b-8eb4-8610-b9a511a339ce,0
2aec9589-2dd8-2ac0-85e1-3928530dfd25,0b1552b7-702b-f234-eca5-a55415b09c7b,1
b627a356-7b6c-aa99-7c69-7fb5fbea6375,0b1552b7-702b-f234-eca5-a55415b09c7b,1
0b3b14d9-947c-c39d-efde-0b0b02fb45f2,6eb79b7e-e9fc-358e-145e-aab2aff3b811,2
62b56f90-5623-5771-4a58-ca823fbe2e67,0f9c9953-bdcb-3257-7124-9e8caf27f505,0
8b15a123-5b15-c442-d722-709a0759763a,57aa72c0-5718-9252-7ff1-4ac8981b499f,0
ec7f0b15-5011-ed43-70f9-881d869731fb,5f45a3f2-2e7c-a4ea-6e3c-6c858c54da8e,1
1d3ea452-16c0-4481-f9d3-b21e61881064,78f2d9b8-bc63-424a-5c6d-1b9ab8477e39,0
36312ee2-7c1e-edcb-75f2-8c80c10407af,c0fbce31-1187-7867-043b-c469d666b35b,0
c1dae54d-60f5-0bfb-2ce9-900bf5c573e0,c0fbce31-1187-7867-043b-c469d666b35b,0
22926187-4651-c448-2091-40c3e2304ac3,bf97888e-6b0f-3743-4d44-ec9b6fb69fb6,2
684d2b12-6624-11ee-49c7-6b58c445fd52,bf97888e-6b0f-3743-4d44-ec9b6fb69fb6,2
6aeb22cd-815a-9215-d87a-fb0a2e19bea9,bf97888e-6b0f-3743-4d44-ec9b6fb69fb6,2
cc1265ef-2380-6ba6-6f41-300da4434b48,65839a8e-0a4d-3253-b9ee-4d9e3feb9acd,0
0b5177ee-584b-6fa1-0b16-f5073119f91c,4f22809d-99af-0f70-57b1-3d6a324dbf18,0
6650c97f-4bbd-07a3-1806-7da3442391be,4f22809d-99af-0f70-57b1-3d6a324dbf18,0
18eeafa1-59ca-030a-4105-a672869dcadd,1ab4d6a2-976c-7822-2a87-6c2556428448,1
51b34730-758e-5abb-3102-e4557cd60e96,6fdc1e1d-514b-470b-78e2-93cc1aa450a8,1
79a1a119-86f6-5750-ba9a-aa3a4c384359,199f5d6b-34b1-8ffa-071d-26b974941406,2
3904a427-477f-c118-1a12-5932792d88c9,3232dcfe-dab3-eaed-d3f6-9c46452d42c0,0
10881b81-2e0f-550d-6fb0-03db13320a2f,c7df8550-8635-d5f2-e5fe-3954e774a3c5,2
943a9719-d75c-04a4-fc73-ca3c8475f418,c7df8550-8635-d5f2-e5fe-3954e774a3c5,2
78d39fe8-6fec-d824-533f-e422846fdc6e,41ad434b-c6ab-bbb4-ef24-b0ad60b44d92,1
16f9242c-fb64-c092-7a56-159862f0b14d,41ad434b-c6ab-bbb4-ef24-b0ad60b44d92,1
c3f7273c-a379-89e4-d27c-101036c29237,b5cd6f6c-f600-881c-0e71-b584c99f52cf,0
6875ce3b-fd92-9864-eda1-2795cb678b79,643dfd58-bd38-a459-cb86-1be55d585041,2
f4aa82bd-1d5b-b449-67d1-42333b265e54,643dfd58-bd38-a459-cb86-1be55d585041,2
fd82345b-1d33-a9e3-83bd-af2ecb118f79,a8b54bda-4777-792e-45db-24b39d01a0f6,2
d0c82af1-652d-0ac1-bf6f-79c44f70856b,35a9436c-340b-443c-f2a9-7cac0b27df2a,2
3d77d545-e449-bc94-db32-f8b18085d432,c03f769a-1471-9810-a096-1ab0b022a3a9,2
c2651a12-22bd-2fe0-37e9-ec9cedc5603f,bf9a63a3-c571-79df-ffdd-11829f6a6e3e,0
ae8446cf-fe4a-d4dc-99b3-80ebf5dc7e50,ab38e6ca-feec-3337-2c56-b06c35791677,2
da09ec34-c438-ec3d-c3b3-b5f8da3b96f5,82189eef-ef0c-fd4b-59ec-f9e29f886fcd,0
5367cfda-b823-a424-0d08-cf5cd480ea85,99a1aaed-6aed-add6-6387-8a36034000ae,1
1d15a440-eb15-66ba-d5d5-28f2bda5e411,64441ee9-7ade-f858-4bf7-8ed286a278bc,0
e9a8e60a-06a7-953d-29c4-b1ac76864dbb,915c9eb1-fd6b-51af-fb87-d718a9f538f0,1
6e3d31b9-f273-0638-0fb8-93afb0b70846,f76612fe-3f63-f5c1-8a44-a46120334102,2
9325efa9-1620-e9cf-e7f3-c4f8ef0e9ca6,7702e958-8ba4-be3d-81dd-bcee1d245818,1
02c40add-f532-0204-6035-a4c4d6e09ddf,9296f6a3-c7c2-fe3c-666e-1fcd5fc5ec05,1
4758259e-b6a7-b723-d048-289fde399376,8a82f772-adac-e848-aa46-e9cf6b708919,1
e753e233-9e2c-cead-dbd1-a86dae0ba842,556b1316-b0f2-c5aa-4870-dff3d7ddf189,0
e016386b-9cfe-5ba2-ab1a-e4dea7cca807,f6b686f4-54a4-5beb-0676-6ac992e40ddc,2
05b1c5ac-e62d-d78c-2c1c-573c4d124055,f614050c-5a2d-0036-a45b-c82a86fce45c,1
4eff4ae8-d622-e035-a891-f0bd5034634c,da865c8d-b5f3-90d5-41bf-bceb3f7036e9,0
6beb6466-6621-aa2c-d1f3-cfb28ef81bc4,3437eacf-7079-ecae-f432-3ad59cab5a16,2
6a71f6c2-8235-2446-d0ed-4ca82a1d1480,448fadde-aeb0-bec4-317e-b2ab4cf745ff,0
06c53542-209b-4a4b-4e81-8afe8f34de31,8bd13d86-00e8-5eae-544a-8a4153a7e23d,1
0df68859-6db5-89a5-9686-efff1eb23fc7,1532c56f-be67-d56c-7b43-7c802a0e112c,1
99a17886-d134-7520-4780-df1918d0a15a,1532c56f-be67-d56c-7b43-7c802a0e112c,1
9049563b-73ca-e584-7b70-1baaf29d50ca,c8bf44b4-07ea-a461-b51b-f2dfc0acc64e,0
a3308755-b50c-b056-8d5e-e1281f572d4b,846b1e2b-0175-6550-945b-6b0d0a2878af,1
1bb4a823-1bad-a0e9-6bd6-42007fb89ff6,8adce5e6-1b63-76ea-075b-bef5288d6295,2
0e1beb44-7b51-4e5a-1d8d-20ceabda6f27,dac983fa-8750-9ab0-dd12-b08e605890c3,1
e370752f-26ae-cd97-7d02-a2dff52733ab,c9886af2-b69d-97be-896b-072d7c92a625,2
68c16099-04e8-2a18-a832-e59efb9e2945,dc94aa40-f8ea-fc03-0f12-9291b45a41ed,1
92a8ed75-70f0-d1d9-5993-159dac5bcbd0,a3e0b6f0-9ffa-19ef-366c-e16a9c36e3c4,2
a5e2ee9b-0a42-5778-0853-8322f7ee80b7,b1e9e9cc-75be-3f81-0dc4-e2e058f5db40,1
b778c012-576f-e2c6-3313-0036d3bd2fc9,5a1a2c4f-59da-d1af-5210-7b4709e33dee,1
6a659aee-5fa4-7d0c-3800-c7c673831f0d,5e67d469-5455-9093-c43d-eea7bca4f8e4,2
e75adb44-3d67-d5e0-b140-4592555df2b1,de2fa756-0006-f226-d3db-1ec727b3ed2a,0
39dda263-9a3d-3b3f-5bed-bb3fafb1aa0e,985e185b-fef9-9914-59c1-b653fd8faaf3,0
0cb1f225-abd4-af48-e3f3-aff79defd6aa,cb0868fe-d229-1d8c-1be6-09c32b9ea2fa,1
6bb9ed19-7ae1-cd6a-b353-a1b568921a23,be8c7375-9ee4-694e-184d-273627f3a38c,1
836f2827-f600-bf0c-a38e-3b75d1385a2d,be8c7375-9ee4-694e-184d-273627f3a38c,1
26557b2b-242f-3d25-325e-e6b75f4885aa,53dbfcb4-721d-81fa-3ae0-bac8d565d319,0
eae553c9-56ae-2207-3be1-a61071145384,53dbfcb4-721d-81fa-3ae0-bac8d565d319,0
03e02a3d-451c-262a-810d-de108db6e5f1,eec21b22-50db-e711-802d-c61dcc5a8f04,0
4c69659d-b220-9c93-7079-5a015f1bb9e3,8425b9e9-ee43-0e7f-ee76-c0692ca19d70,2
f6f69632-c0b0-26aa-b0a7-1f173c8bb55f,8425b9e9-ee43-0e7f-ee76-c0692ca19d70,2
13ce26fb-06c8-d356-cf87-b9073789d005,0a1ca4f2-6830-169a-20fd-d8116222af1e,2
db153591-b666-7be5-dfcb-d009def3529b,3feac16a-ff2c-78b6-7722-414340af0c3b,1
b3452e31-a60c-9bbf-dfa4-fbb681cd2e45,671023a3-9275-3c8d-5cb2-1dff7f9f7cf5,0
fa694578-14d4-77c3-dcfa-480901870619,95075ef8-a929-64ba-6815-4f55db2a5107,2
9b8c3a9b-5f33-84fe-201a-cd85b1547f42,97c76374-515d-83a5-407c-c898ed50ec3f,2
6881538d-ccba-78ae-d8d5-4a0a310f0f19,b36c042c-2938-7de0-48a0-05fa920b84b3,0
75ca84e7-8aef-aaff-a8ad-92458dc5a8ca,28980790-a09f-fb12-531b-7ed7fed18343,2
075135b1-48f0-586c-1450-d5169468a763,f87816e9-af67-6f66-793f-3af4cd11a567,2
cc327487-0b37-1a3e-a079-cf8514373df6,379cfd28-bd4a-f90d-2119-bc3f20ac0e99,1
3ff1a6a2-edc4-7324-19e5-a2d3bf1f3794,379cfd28-bd4a-f90d-2119-bc3f20ac0e99,1
830cce3f-2f59-7070-c799-c2805ff58801,93430a6a-ffe8-671c-0420-98338e3a5dd8,2
7614180c-ddfb-91d3-bff4-9717946208ce,ef8befd0-ff8e-c90a-6f7e-6734c24a6fc7,0
65fba0fe-38a2-f01d-ae27-cc01246f622b,31c99aa3-977b-a40d-f7b6-eb48aaf1dddf,2
dd612cb1-62a7-d1a9-d9bf-3fe0327535f2,9a27212f-7b4d-9c28-c315-7f9ca128576b,1
570cbffe-ffef-a51a-ffe0-03c9a68ee4e0,0554782d-efab-bfb7-4860-73c967c01cb1,0
141a51a5-615e-bfe6-978e-186175f7e497,49bae432-626d-24fc-9aee-d8fb9e0e57ae,1
aa37fb16-12db-c75d-70b2-d9d92603c97e,5e8ead5f-193e-2946-9467-ce9c50ec5e6c,1
b25efdee-ee72-3d33-bc57-f84884ff94b0,959c5b98-d1d9-212d-fced-732a0081d781,1
115901a8-8a91-8680-69cb-ec9fc9f2d574,040c87a1-8162-8725-0148-d4dd7d7ccbde,1
e80e9858-d32e-8466-d754-97c3a0a6f2b8,4460d1df-b3b9-2fd2-5900-5da85fc850f2,1
ccaede11-c18f-8260-9bb9-698f384b35f5,bdc2dada-35d5-7400-f614-1558cf42db65,1
62dd32e4-15ab-ca2a-b6ce-a560b020ecf1,45b3f580-f3dc-ccb1-a0eb-880558dad2a1,2
ab3733d5-bd11-ac94-1272-93c5e9907bb8,0359021a-bce4-e412-e64e-e755cd4a7d10,0
4ac5dc31-fb58-74af-afa1-839857df38ba,b85fa571-39d2-ae42-0dcc-e7cbe3b2c405,0
663e0125-92e7-6bc7-50be-fb824786dc9c,0a9f2f4e-89b7-f72a-6a33-c6097aee6fed,0
4dbe3c70-06fd-f839-1760-405ed45401fd,0d887ecc-6ea9-75d0-5c9a-3fb9ef902ae8,1
bffcedcf-ce1f-7a2a-7a4b-e40903d2afcc,95695241-f6a6-7987-8ee9-1d5691430b65,0
26c62a99-cac6-fa20-f28f-5dfe334876a0,1eb3f80c-ad61-e76e-28cf-a8a62b886325,2
10992dcd-e5c2-5e6d-e9b3-fc271adbf38c,a2133ea2-ca2c-b08d-4247-547fcbf9514d,0
a9105ae0-f9cd-47be-50fb-82b935887a20,8f78a2af-667e-d1ec-894f-5a8401f3a49a,1
e948e921-416e-a1e9-dad3-9091b2e900a0,6ae936f4-0a20-c0e2-95cc-f2a577dc9fdb,0
12ce7a08-eefb-0cff-c542-dcf12c1e966e,45f695a2-810b-d8be-ee61-12d139d1489d,1
253a0d18-65f0-cb99-d86c-6578225b5af3,5eef7c99-caf6-a100-7b36-6eb2ce10705c,2
70e2d9a4-5f17-ab18-2096-e980696e497a,15d160af-e33e-3743-8995-90ae98f391bc,2
55f7b5d0-33dd-21b6-b1d4-2dca8410e6f3,2d445abd-2e4b-4d89-e1d3-32648d68b0f3,1
ea17c2e4-b428-560d-7c1c-6360dd54c42d,14f0bd35-9cfa-e1d3-9a27-a96b11ef9383,0
7ef7beaa-26ef-e12e-4177-ad6cd1f47f7e,ea218f45-6e9b-3030-c409-6419fa79f52f,1
817626e7-557b-6753-6949-087e7431e287,ea218f45-6e9b-3030-c409-6419fa79f52f,1
1b1bd939-ab44-0b89-e6c3-38182a8b9422,49699ae5-4b43-0056-e4ce-1e0a59c86c8a,1
899f9125-1a39-0a13-caa7-cf4ab1cbab1d,e20841fa-d567-6558-1d2d-62c5a8f675ba,0
f187eb36-c9a9-477f-ed99-0fe2b42345d5,e20841fa-d567-6558-1d2d-62c5a8f675ba,0
072d5c86-9806-3e43-56d1-fbd7fe5fc023,128485f3-a3c2-0978-e9e2-f33cae0c92be,1
c6f36029-2001-d4ab-d24b-aa04ca07f5b6,db65d4d5-8966-0221-9315-1a64fad378ba,2
39e47d8b-0a4a-ee87-b429-02ff6b617320,d7f6195e-5cbd-d4f7-b4bd-20617bdb25c9,0
1d31c273-ecae-586c-cdcb-8cc36345263c,d7f6195e-5cbd-d4f7-b4bd-20617bdb25c9,0
83aa3e84-df17-ec5b-7b65-e82ee602000d,e51e17c1-627b-aa71-9bb8-d70ee00e2742,1
4d06160a-998e-319d-a8e6-56e837c3cf24,c5defba7-b988-3ea6-0f1f-8984c73c73a0,1
15b9552e-4ed9-705e-0267-f76d9756b640,c5defba7-b988-3ea6-0f1f-8984c73c73a0,1
68f64b68-bd51-2e9f-05fb-e5b0bd38ac66,b85d7282-5a90-eba8-41a9-18dfade4b161,1
3eb38c9c-c24d-1eba-1caa-a1f888beafa2,024707be-b1bb-b925-62ad-53baf5a6b527,0
610b9fce-dac2-2fb6-1db6-e6d4785da313,024707be-b1bb-b925-62ad-53baf5a6b527,0
68536ef5-488a-a6a4-7029-3d445970e275,a1202dd9-555e-fc72-5e6d-8eb8b8550aba,2
c0f61619-3c7b-bc8a-35da-14c8e98f638e,c184e920-c56c-4f1e-414e-43948e28c33f,0
6cb35773-da0d-bedf-fced-0ba3c1308e3c,c184e920-c56c-4f1e-414e-43948e28c33f,0
b8323905-15a0-840b-0099-8c4151fb2816,05ea09ea-2df6-dcdf-1b3e-b8227a6966eb,1
d5599770-95eb-6659-51ad-7b31298d89fb,c781c53d-e705-e53f-4cdd-fdf263fcdc03,2
298c042a-c82d-c131-3967-9b48dc901b05,07ed245e-10e2-9e58-d46b-184c4a34fd8b,1
487a8c8a-6a3e-3508-6aab-34522bd90583,8033df7b-6d27-3e20-684a-fd6df91c10d8,0
4932cf84-c94a-021b-ffee-5bc0a371961f,cbfd2801-582b-13d9-6e4f-8d73c4a009d3,0
74cd0a4b-00ac-9547-f234-730b8dc27801,1d65ea4e-f4b9-5f53-2369-8c05434bc4f5,0
c14e805e-f604-c2d2-c40c-a0b07ea2d702,28b31125-50a7-b5d5-cd95-707ea284e7c6,2
4b674e61-42ef-d529-df8c-b994a316678c,ff5bb294-82ce-b3f5-48ba-45925f418bc9,1
c6d9dae2-a25e-4d52-4565-fe2b3bf971a0,038acce3-4aad-e6c4-cbe4-ec68d29d6a59,1
90884804-4325-a2e4-92c4-b799b1b14ac1,ab780ab1-2d46-b94c-f524-9177de091be7,0
d2bdd857-ceda-b98c-bd22-1a07fdeea5b4,296ff0e0-4c37-6116-1858-ce36b3c31991,2
8be43cbf-6f20-47d9-8c46-1872a0ddc064,aa8805d0-46dd-8087-05a0-9a34212302c9,0
e94293b0-f5a9-a1c3-faa9-5aef6c15afa7,0261acb6-5078-f762-e0d4-7e57b651d266,2
05e5591e-e79d-1664-0251-3ea0fb6278fe,ca67f94f-da0b-6eb5-b85d-74620ccfbaf4,2
ecdbe915-f21c-ee3a-f655-1347d8fc0060,ee9191c1-e273-123c-dc08-faed7a1621f9,2
e562aabb-149c-5692-54e0-e05e0f4f5b90,e2418c62-7c1d-397a-02ae-99fb84246755,1
5e2498c0-02ea-bfd2-c62b-5bcef916ab7a,962ec6a0-9e41-d672-017f-c815bed590cc,2
7930bc26-4744-7941-9969-bec50dd07c35,b29cad4b-ab42-dfe5-48ad-ccedd69267c8,1
af38558f-8163-1c22-b68b-e49cd46e4e31,2ededc90-0f7a-6356-ce6a-e25a4774344d,0
1e3d360e-3b66-fa74-a272-a6246fd68451,635a73b1-99ed-202e-20e6-21312e7587e4,2
2ecb42e0-1455-aa8a-80b4-a2d38b502237,81d057ce-4ad1-d80f-ff3e-94c01e755850,2
617437ff-d075-3d2d-e468-ee6672786a09,c02fd078-458f-61a1-715c-2b538f3cce05,2
8a4d9052-0436-69fd-5beb-aa1f2b74269a,c02fd078-458f-61a1-715c-2b538f3cce05,2
327ae6c2-04b7-8461-b6c6-15b3f9af77f3,54d5747f-b94c-b7a4-bb02-b119804f540f,2
1975bf8b-91b2-71cb-8772-8d2b1c2af64c,b447c5e8-7747-165a-3510-afd4eb9ab293,2
30b05194-523e-8d3c-1df5-f09ee1fa16c9,d33a56d3-8008-eaf2-f99d-15f351d48dde,1
af6380ed-592f-d14f-f9d7-5f5e0a54e64d,2f07b774-78c3-b45c-c0aa-a87ebc8910ae,2
de20f586-0725-195c-0e93-cd9f06134c47,c270d51a-32e9-24a9-c844-4877f9b2aa2b,0
613b329f-a885-c7b2-f9bc-dd1ce28fec18,213f5815-ef44-5db5-4cb6-b7b583278dab,1
516820b3-2be6-9d6c-6916-b20de2a38019,4903b8d5-acd8-8159-9d77-e1b13209ed79,2
0fc13508-dc8f-6abc-2d23-157ae9b3b24b,cbeaede8-0252-1873-227e-90ed4475ffb4,2
98639277-32c6-508c-e7e1-98b4f9dcabb2,e9dd5599-c525-ed0f-2e17-bf28aaf9d29c,2
38469113-f903-d809-54d3-bad6a9864d6f,027c23f6-c2dc-1334-7ce8-0d4d710814ea,2
75105bff-8fad-d69b-3cae-dbf3d41fc106,62bd4a1e-b3d5-732b-a8cf-a7b4164132a2,1
0c3c0816-6dac-27fe-911c-c38ef2e926eb,38f11937-b274-e1cb-6441-cc7089e65807,1
244d22b0-5c5c-085b-0956-681c5e3c0a13,12fe39ea-9e67-8c3c-95ec-44cecfdd90a7,1
0fa21694-f826-f7b1-aa60-a067f0fbbb51,93a36f6b-2472-4072-a0e8-5a23005f6aa5,0
e8da382c-7277-5228-67f1-54be9164fda7,3380a004-202f-ca20-cfc4-59a6c454f418,1
0450e728-056f-027c-b2d4-afbdcccf1c34,3380a004-202f-ca20-cfc4-59a6c454f418,1
abc32f01-1ca0-89ad-600f-233f367c5db0,0f315f42-9104-e5bd-099b-a6ff7544c3c6,2
ec64d2c3-f6e9-b4d9-99b4-a31907937af1,76d2f35a-70ac-8ac8-2466-ef24e4072415,2
f4f8589f-a776-9fb6-bbb5-a0f7c3ac247c,dbbd00d2-c420-418d-02d7-8362c69b8546,1
9394b5bb-0519-d458-014e-5ed6092f289a,3a171e8c-2823-6d44-5c3b-065de4420f2a,1
98b6ec9f-28f6-076e-7928-b6ad8cffc2bc,e63d988e-4fbd-2760-4a9b-39d26202cc29,2
301a5155-74d6-093d-27a6-33fbb778284c,3df2e042-2a84-f051-2b2d-6274b8688c97,1
ff4b2bb0-d56b-19f8-f00a-286556af53bf,45dd16dd-372f-4f47-a191-688dcff845c3,2
341702f1-827b-11ab-76f4-4c6709e6615b,9a43fe19-9360-989a-1b68-718b665b83e4,1
288aa9d4-5738-de97-586c-3a9d3ae2b6c1,e27ec2c8-7960-0768-6453-657a571789e1,0
436bcac6-c788-f1b2-4d3e-8278cb0bdcf4,66acf021-1309-3e85-9a49-a86d54537424,2
6880239f-e846-c9e5-d248-6bbef9f1ca15,856472a4-9571-1f1f-1ef4-8f9fd01b92fc,1
66a4ea86-ba1c-9536-dc15-a44bbf2d38f5,5d25260b-d800-443c-161c-d2bd8de3632c,2
5300cb04-de33-0e0e-497b-948f2e707a10,1e178b2e-1630-9509-d1ce-b83d306ec4bc,0
ed3f0b23-6b35-d302-3ffe-a200580b37ad,a035ed65-cdca-1698-aa89-3cf451cc6ef1,2
e5430695-e2f8-6b15-e88f-9563e6df2ae9,dfd916d5-74c4-0043-d87d-619de02e24d4,0
abc6097f-7ec6-9314-53e4-dd8bb9051891,dfd916d5-74c4-0043-d87d-619de02e24d4,0
3a2ad8b6-2a51-3ec4-55a2-07f4c2e522f4,dfd916d5-74c4-0043-d87d-619de02e24d4,0
f8a91159-3167-a834-b782-983da117c4c4,828a1cbd-f527-0ce5-935b-1d88159d91dc,1
1f537a20-0e60-33c0-eccd-0bad5858f2bd,828a1cbd-f527-0ce5-935b-1d88159d91dc,1
4bddaf4b-5a22-aeaf-b1a3-65544128d560,165cbada-fdce-565c-3e66-0d361c6abc6a,0
9bf0772b-3eae-32eb-723b-8c4230f6b499,46c07d16-1f12-ddb6-4d7b-2a87f068d5b8,0
abda628e-d949-7970-ad49-141b7bd1656f,e7794c00-331e-1c95-c4e5-7c7a58067008,1
50f1047b-0c49-caba-a13e-a8d9b8fce4fa,d8a9c1b0-1694-98ad-55df-40ce4ceccdd8,1
3add1b6b-0339-b190-da82-7d454eadf71c,de323af8-7a66-df5c-7dbe-e88dcb07e2f2,1
27e53b0d-9317-bd5a-eaac-a70f0d01c58f,288eeb81-f8c7-da08-9489-1ab3cac18496,1
dcdda4cc-2545-d6a4-51b9-4419150fd266,3a7d3d47-6b3f-fba3-1b52-5fa1ca875bc9,0
82a7f4fd-884a-29ea-77a8-86b348b41db4,11d330c0-a18d-60c6-7b47-72a066878e42,2
a30de280-db14-565f-ca2c-997340954d1c,5820d24c-cacb-c234-a2f8-60b595fcd321,1
566f7aa1-a213-ab20-1db5-574ab88fbef2,d84ca048-a866-4127-1878-7def0fdef916,1
44cb572e-8e5d-54a5-58d8-c5780e30ec38,3391e6f9-a0e3-d82f-206b-6dc935a948cf,2
688f27e1-0575-5451-b181-8a61535f1e8e,c850ccb4-6fc9-bc21-61f5-af992cdd8bdb,1
af24ed86-4fce-1f06-e980-db4b5cb7463a,d559fb64-9f34-ef42-0eb4-0fdf2a2f1e84,0
24789a66-e98c-9c2c-7b50-c0884b5c3d5e,ebd6801d-5c46-733d-8d7a-fd0d453fc75b,1
5bc96054-0695-a2b7-2c21-44d8f5ed2f72,650d90cf-d012-1303-470e-254652c0b7e0,1
956f6f48-8161-e7b7-cfd2-3ac89e9f1156,0d9637e3-734f-d348-ba9a-116061856242,1
2883d232-8198-a769-2fcc-3cbc4fa245c2,1b3c3a84-8e0f-db41-d1cf-7d63184b6e8d,2
653cf0aa-6176-7fe0-c01e-3774dc3a19d1,c0c39092-b11c-e1ae-59a7-b149c55aa0cd,1
acda7f63-9abe-2caf-84ea-029e21b1994e,da3b0eae-8204-b301-4c22-c72cd82b125e,0
b31b8f76-4497-dfa8-7251-955ea17f1de8,da3b0eae-8204-b301-4c22-c72cd82b125e,0
99d6e1d7-e093-6848-e2f1-895a978018b2,f49e736b-feed-a4e9-26ba-8cf57c866336,0
1846f8c5-0da2-1764-b99c-ce5b4a3b5522,c32f76c0-1875-c7dc-c138-ae9a12259ad9,1
a747badb-6b97-fe88-1143-630b51ceeb59,59a8e4db-a5ed-7439-c15f-665892a49d5d,2
ae4eee95-03f9-49d7-fa75-0aec9691cd2f,59a8e4db-a5ed-7439-c15f-665892a49d5d,2
0bbcb133-f46c-40f7-eca1-cfa02a2e457b,59a8e4db-a5ed-7439-c15f-665892a49d5d,2
e71a7410-576c-3bfe-3427-3f855310d0aa,88881df1-07fb-e475-e75d-7dc45f42a2a8,0
74ec7086-ebbf-881a-0c42-c622746ccc91,ae9056ff-1129-c8bc-32c9-7251ce0e71ae,1
c62af36e-e4cf-cb3f-2189-9a3d6f70ed58,f3e5dd86-1c30-9aa0-1df6-ccc74777c5e8,0
f58e75aa-fe41-7334-3828-d6eb30b35fa7,efa3894f-557c-d490-5513-3c40aaeeb195,0
287ec6e6-7d59-c100-d3e2-f03ef91f18f0,8240d0d6-ec7d-a892-7daf-2d82adff083e,2
c5a74757-ce54-db88-8444-52108f565060,8240d0d6-ec7d-a892-7daf-2d82adff083e,2
2ac03af9-2691-8e8c-906e-7421052a3c6f,747b8921-a22f-7754-f32a-63742240f7ef,2
f9f8bec4-fe75-3315-7e1a-3da7b3015557,cb1e0ca5-316a-8520-9417-b63cd0bcdce8,0
d8ea0f7c-323c-1457-743e-e477354943dc,cb1e0ca5-316a-8520-9417-b63cd0bcdce8,0
fafa5f17-5641-d38e-5265-c48a69ff4013,97af54b1-58a7-b1c3-fe00-be1e7de36d8c,1
40e9dc21-12d2-8950-6418-8889e9c9c007,97af54b1-58a7-b1c3-fe00-be1e7de36d8c,1
e6f1e5ba-8cb4-6450-7737-7785df6e64f2,6380449f-5e06-8817-5481-a46b482b52ae,2
50ae4650-e722-0daf-9e19-d1222dbb696c,6380449f-5e06-8817-5481-a46b482b52ae,2
5eb4d7c1-3d81-dc2c-07d1-0d8158a948a5,4680bb1a-b6b8-7206-efd7-c4cc3fe87b6b,2
2b886d4b-36c9-e4ce-8ca8-f2281e2f92d1,2cdd0b74-6640-4234-5c79-44ee809270b2,1
71a4c7c1-8836-a10e-960e-c711d415978f,508d40c1-4320-e7b3-cbf3-334e6cc08054,1
1a3c3d7d-9989-533f-d37c-a32a762a888f,2bddfcd4-5474-82e8-9864-744aefe663e9,0
85de4757-1a01-92e4-480c-c3026aa6ceb1,d9bebf25-2e15-82c0-0458-b302668af131,1
9d591ba7-b538-496d-84ac-19a86e36b2ce,0dd46648-0b39-c3de-a56e-3e41a17e238b,2
c404ee54-10a5-7ae4-527d-ab6cda6a4962,b01ddefa-2357-d2d9-8902-78813171c486,1
c946ee9f-1f98-6982-57ca-d0d137191f7b,b01ddefa-2357-d2d9-8902-78813171c486,1
728bea7c-b385-c225-6edc-42c19aedc74d,e3d3b36c-8866-452f-6cec-30892c753a63,2
f5c4f8da-af1a-b3f6-93bc-0c3cfaa58dc6,9b01f255-854f-8bea-f2c9-967d003c990f,1
b74c6b59-9520-0fe7-2c47-7d7bec0ec8fd,c0d49971-5ae7-f286-a61f-d1d1490425c9,0
8ae16949-b42c-71ab-d49d-4761da6c1e13,2e986900-136a-0815-bdae-e1d4d9242927,0
c220eed4-24c4-7990-1438-8c4c37544589,67a9ab00-48ef-3ee4-41f9-bb691f85c51a,0
9a7d4216-7554-14d3-ca02-6aa35c90b0d8,c414bc65-37ee-21de-3031-ac9bae3a1a44,0
c86f5fdd-aab4-8d72-b95b-bdc148f76b08,1de83226-ee70-079f-604f-11ab65e10751,2
33927b13-94da-ae46-1aff-0428d1501318,c681a634-4078-68c0-b87f-855355bcbae1,1
5ae8a784-a8b2-9f1d-3175-60ec9f54ea2a,d4ec7945-b974-10a0-93f0-dd83d2666817,0
9ff36d40-0dee-2b35-1a0c-549c32290ba0,b3f8b07b-057d-f5bd-5524-f7bf5ee77c18,0
150c6323-cc7c-a82d-5cab-481c2bed9855,61d4fcbf-9ba1-8b92-e12c-46aa31120e3c,1
4c5f1ad9-bfa9-e21a-df4f-d79d65cd1da7,d10b0bf1-5e4a-ea59-7581-f4bdb35c39da,1
5d1e3364-fd62-5eea-5238-790541258ebc,d10b0bf1-5e4a-ea59-7581-f4bdb35c39da,1
781aac27-906c-65c1-7d09-43336a92c891,9e2b0b62-4c64-1b98-3b2d-4ad71d09a675,1
f026bad3-b775-cc1c-3e05-2d5cf977e604,adef5582-67ee-341f-0cfe-70c31de92083,2
bf525443-41f2-d8ca-5da3-ab3481cd31fb,553ff110-8b15-4b4a-c93e-f41e50559ea3,1
c5611e9a-7233-65fd-14c8-21b525433dbf,859154ad-c39b-7d92-5895-dd84fff44144,2
a1b914e6-5a84-f937-0d87-404f5457e562,b4518784-9a2e-55a6-8f77-ff5e0eb5e1f4,2
76be1d24-14e3-6120-4a88-4ae2f3a874bc,fab84129-161d-8142-b9a3-5ec7ea350672,0
f5b984e1-f4b6-74c3-febd-1f74c836fc47,27e3ef69-e455-3e3b-9050-3f1d89cd94ad,1
ed424249-8830-5326-8dac-4a3bd3a042f7,bffef855-6463-9d37-1e4e-871a2d895595,2
144bcd8d-6d40-61f1-7a03-40d968c9dce5,2d2ecced-bd53-d40f-8e68-f27a469bf27e,1
47279b01-c700-e4f9-aa71-f1dd39f6960b,27e23c0e-c7d7-0b6c-8bd9-30a267a87cdb,0
b01283f5-db80-59c6-f685-9d64b6007192,fdaddddf-a4ae-bb3c-408e-65e1f50cc1f9,0
8612eb75-cb48-c261-6051-1a3e0e28995f,5bc491db-f73c-3355-f8e4-7d465e0bcf44,0
8b9a8970-0395-faef-d1e1-3f47c90075ce,a55a92ca-d08d-05d3-a12d-ad0e87d96a8e,1
c5dbf0c7-ad41-8b3b-5de4-1238a05d8ff9,9db5338a-03cc-2aa6-8876-f80c1056028f,1
2c385d66-537f-401f-6d47-e69598a35654,99a0f87d-48ca-2d8f-5d4c-31c65ff35669,2
8bf49eec-41c3-0f8b-e2da-cc8663f60641,99a0f87d-48ca-2d8f-5d4c-31c65ff35669,2
76deb118-3b8c-4910-3004-aba5e6a144fc,309ed889-866f-e234-91ef-8a6d6ee9d6cd,2
da20eee3-410d-7028-8810-8bffbadb9f3f,6a5345be-f598-515a-c347-61dbb6f58240,1
e499c592-d959-2114-7ba8-b3720fa4847f,c448570b-a4be-85e7-ceb5-86f52b0fac78,1
29896a9b-76fe-7f12-99f7-dc26e0e9727d,bc9753dc-9de5-3f0c-1532-03310bad2375,0
ba9b9e46-4e10-0795-b419-181b81d3a1db,ebfeebb6-1b58-406f-8c16-495420672885,1
27e21838-2056-04ba-196d-9cdef0dd179d,a5ae057a-6d15-91af-2aaf-6912c50eaf5a,1
c545c111-8c6b-d50c-2ec5-c4abdf0d66cf,6b9497e7-75c7-fe42-0924-1ecbffda90fa,2
96840e5a-a74a-852c-b824-2ad3e95da1b3,71a1dfa9-6d6b-3ea5-ed12-da26f31f1564,2
1e2c6bcc-1309-6300-4d15-380ca95ad2d4,14e06c7e-5fd9-447b-ff87-16adb00682ad,2
2219770c-b22a-022f-49e3-4839183a471b,49876b5c-871d-560b-c1b4-4780778e14fc,2
f1194826-4c0a-fe47-c593-ea2b92237b6e,c72b4421-0d14-d5aa-80ef-d4ad336af307,1
cb069abf-35f4-118f-d0fc-932145dfd8f4,4d003b8e-01cd-f512-7f46-2371d8020f8a,1
2dbf7e81-2ef7-baa5-247a-25280390bd10,2c629e80-755c-233f-4643-5198105e875c,1
6044564a-5c88-5596-7f3e-8c9c33682365,f1ae9a17-3017-67ca-52f2-c272210f8416,0
8f80d8c9-6a0c-5508-e154-5de5c8de99e1,ee10dd27-0437-9371-fe04-1f2600009a97,1
d3fe3768-ec8b-3052-6a42-9225d9ad081a,9ffa9cc7-11c9-418d-200a-e4526647a0a0,1
0bae3254-ccd3-dd6a-6031-b275b9ce6154,e1429f0e-62f7-ddb4-26f8-18935c39d57b,1
31f83db3-ca74-e08f-e44a-70923e50f014,14cf9a5c-fa8d-a011-81ce-ea8957bb564a,2
659a6c20-3ff4-2fdb-0587-d2b731ba4945,93310c0e-bef0-b196-f85e-8fe26571c782,1
94f79bb6-3f73-a34a-1b2a-f7805cf84d5c,575e92bb-2dc8-b0cf-a4d4-b6aaea2229d4,0
68cf0eef-805e-7015-5c3d-d764ec6adb22,575e92bb-2dc8-b0cf-a4d4-b6aaea2229d4,0
c15317b1-e65f-5ed2-1d51-840f7ef34f6e,f7fe35ed-d76a-2efb-938d-1783e4e776de,2
2679311a-e95f-5bb6-4718-92cb1a8fe70a,22ee5be1-b731-a408-5ade-b9b4a36d7e72,2
3a11c3aa-043f-d049-bf8c-258be4189a84,775b90c9-513f-7cb5-e430-5e0d8eaf6b2e,1
618384b7-fe07-c1d3-3269-934151ad1f51,775b90c9-513f-7cb5-e430-5e0d8eaf6b2e,1
6ff6d1f5-2338-9491-aa89-80722614e56a,95f41282-11a8-f32e-3039-0d6bd83c3f27,0
a613327d-c7f9-6291-8ae8-4db9a8505f23,ca92efa4-b50c-e9ea-e84c-278c3940ed59,2
097a5881-69c6-428f-6ca3-02486ce89918,0d5580e8-7b21-7977-279b-5ba47b40b047,1
617d1b1c-ec32-6737-1a62-a01238f17f6f,6b36299b-0d58-6cc7-ccdb-59355eb33d38,2
568bcc2f-955c-ef66-895e-b5ac3a2dfe57,6b36299b-0d58-6cc7-ccdb-59355eb33d38,2
9ee7846c-c9c5-e2bf-373e-55a0d48d5534,9f0972c4-cef9-d865-67de-91de895e1e19,2
4ef7fd49-b371-cfe8-c1a2-851a267c0003,2b60a059-4fa2-1d03-620b-45b70ba7b80d,1
a97ebed1-f21e-33c4-514f-dedabd6331cd,2b60a059-4fa2-1d03-620b-45b70ba7b80d,1
e78a2737-2156-35b2-3aeb-375253192b05,5bc740f4-17cb-bb45-b228-2cc63dce42d1,0
1bafc555-b6e4-f846-fdb3-776a311277e4,1a4c0c48-201a-9bd6-7c28-cec7cb800dda,0
84379687-e188-235d-e81a-81aab40bc923,4d80c175-0419-f8fe-d3da-e58b2cf3e774,2
7a4c85e1-62c5-b6f6-cccc-0a78dde49434,c777a5bf-135b-c293-43af-1b3be1f0c258,1
b2f6f00d-5af7-e321-e2e6-36a730edf8d7,c777a5bf-135b-c293-43af-1b3be1f0c258,1
b6912099-4981-d562-6005-6254bbf33d29,768f4914-ef81-88f6-a92e-90a864b3abac,0
edae17fe-9ca9-456d-edb4-39d5a8b43901,768f4914-ef81-88f6-a92e-90a864b3abac,0
d977a838-d8f0-2ae7-9970-0c20825db2f9,ebc385ac-3e2b-dc18-be89-48d8be5c89cd,2
9b720edb-366e-94ef-900b-ff73e1380c4a,83ef0200-ce33-bba6-e64b-9a9188ee167c,2
bb1e969e-97cf-7d26-663d-66e168e4a4f4,1fa2ec0f-5e81-f2a6-e5b2-55147be87823,1
6a5c9f72-27f5-ea3b-00cb-21c115809d35,d08ab755-d09b-918f-98c6-a6b4d3491fe3,2
b0a07028-9ebd-dae4-b4eb-41a29f038f4e,913bc971-b171-87bc-54b1-c5e2aa787c1d,2
3ecbd9fc-5dc6-aa83-109b-f73f2e580ea3,28987397-ef3b-417d-6627-552cde7ff6a9,0
69121197-8af9-b239-dff0-4a4f7991dd9d,bc90cbb3-bf5b-41ba-1fd3-fc525ac3d8de,1
f476b564-20ec-cd7b-eb4c-2996f0438a4e,aea3887b-ff67-9279-87cb-d3e58a209502,0
2fa06ab2-7546-7e82-80b1-acc836fb738d,fee550e4-a3f2-649f-c6df-03bc0e0c8fed,2
6c19d7ce-a6af-5a29-d8fa-f25c2b13cd1a,7d97869c-5e4a-5418-1909-dea65a112ceb,1
a0bb5b28-a92d-4df6-f342-acdde8d8e114,0fed4467-ea37-6a5d-b361-1befab6f181f,2
de814dad-e1b4-7fa6-54f0-3b2d627864f8,22517421-7798-4a9b-e1da-c5033454f29f,2
1b0fdc7d-f3cd-13d0-6880-013b916681b2,99baf442-67fc-440c-82a6-bbd3b0a798a4,0
64c85d8a-5213-aaa6-f50e-95d6fef7d19c,b8deb09c-d56a-7c1c-8000-ec7787ac4ac3,1
ed3ccf78-f85d-d0de-fa29-413d23733748,8b6a6f5b-7013-d5f2-bca1-8b2adafaa2ff,0
b5a21bd8-ad62-a389-7281-c46ee133daef,2935e0ca-623f-f2b3-55d7-e241c4369612,2
829229cc-41a4-8c7d-77c2-f89f86866ae4,98fcab96-dc8c-03cd-1073-961a22a04aef,1
39b32bea-dea0-f646-686f-833ff188f16c,4004ec82-99fb-b02d-d4f2-22d775ac845d,2
09fba67e-e76b-4e20-b6aa-af8c0843fc71,4004ec82-99fb-b02d-d4f2-22d775ac845d,2
3d8a6157-a44c-8a72-14bb-f7f405fe3a4a,0ac7b395-6c4f-028e-c73b-648176bcf904,0
f45cc203-ebcc-6048-3df2-ad38dce26f34,df11270f-16af-4e91-8d58-94def999939a,0
fd0b9a6f-97a1-c4d4-22a9-c56bfd30e262,2067c00a-5ed8-352b-b9f8-8154561348c8,0
37e786eb-5173-9031-af2c-62cb0667624e,edbfa53c-2642-85e3-eebc-c71feda7919a,1
75bd852c-6a8d-5905-4936-090622189de9,c5d2f4c4-fbc3-ec8c-e536-106500748f92,0
cdc68648-2c01-cbe4-5ddc-6f73b2069d69,c5d2f4c4-fbc3-ec8c-e536-106500748f92,0
6bb7db6f-1c44-c94c-5ada-6ec1280526dc,88ce7897-fdff-a917-4a27-d623415c6174,1
52f16c99-1b88-09b4-d914-ce03700b9c17,7e4a9b3f-5c58-94e3-bb36-2a494df93825,0
e2d3f365-e58e-0040-cce2-5b401424548c,75dc5029-e4d8-6b39-67ee-e951b76761f1,2
be00a436-5c2b-5157-cd79-673745673d5f,3ab4363a-aaa5-1546-6440-712e513a993b,0
27e6e771-3054-a782-1885-8d8e4e4d111b,e7a8f4a8-de8c-8f84-39cc-9ee870175893,1
c9c195df-2f33-cf6a-1b49-3aa87eb13bbf,e7a8f4a8-de8c-8f84-39cc-9ee870175893,1
828e968b-e4e0-18a2-45e5-d0e4eeea56cc,fccd36b5-9beb-a2fa-866c-64e04bee2fba,0
e68df02e-6ed3-3a50-caa0-51cf2aba89de,8eaeb403-6a16-40fa-7eca-9af2b02b9bdd,2
efee5a2b-8bff-6ff0-37df-97ff646aa577,8061c19e-771b-7f15-c617-5bfea8c5aa4f,0
fae3a825-e882-4d1d-4646-9aefb8a763fe,1ebcbc27-25fe-dfc8-02f1-b4b401856fdf,1
5eec2eda-f93f-2209-806d-b6b1e3f6ba06,14f74843-359d-12fb-5943-36ac1af60f94,2
1bca28ff-f96e-e8f5-cbc1-9b759124d267,c6405989-c58a-d789-a9c8-a1d7c3889f28,1
57562406-3eb4-15bd-f211-22e9478fcb7b,bde7d38f-b538-05db-b33a-d27c3f5c380f,2
0445239a-fa32-2f65-f06f-46661ae1d75e,bde7d38f-b538-05db-b33a-d27c3f5c380f,2
31c7c158-5280-4759-dd74-d0383e8d1935,acdc43f0-21b2-a33f-967d-767072ad7fcf,0
1dfd5f2b-211c-c084-5ca6-f16dd54a84a2,ccde5793-6181-de8e-43ad-9cba28697a6a,2
e17d9e19-f1b9-7681-0635-9aa756e4ecc1,ccde5793-6181-de8e-43ad-9cba28697a6a,2
a1176b3b-7cc9-0dd9-fe20-873d57f96dd2,dd953edb-bcd7-8753-66a0-fb295a7577fa,0
16b5449c-a2b3-ca98-b5bc-128318629ed3,7083282a-af14-ad89-be9e-a1fa43057ade,0
0595d649-b10d-28e2-42e7-06d5d8421490,100756bb-b494-e0b7-bf1c-ab84a145c647,0
b9355202-c47c-98a7-5588-fe515b4aeb6c,54556908-d759-7c8f-cac7-d6e952070de8,2
f94235e0-6a67-f82b-4dc2-8488cbc5dce9,8039c784-d751-9422-16e1-787112997604,0
6f400df7-7f6e-f5e2-a32e-2921be050e1e,1cf57ca8-c2e8-57b2-550a-ad20ebf2a30e,0
06ace62b-9437-0965-d38e-8f47c8652e4f,fa7701d7-103c-021d-32fd-d21652d8c3e9,2
86e4a6b1-68b3-6606-9956-1a424c7b7a64,117b3db6-1fd3-828a-d0a6-5565836c8429,2
472ae846-cf7e-39a7-49cd-9c79bbec4d0a,77872348-0888-6c65-eada-aae7f58ca3bc,0
dd21a7cb-41ac-669f-91d6-7691e3e7963d,ca708df7-ef20-646e-0cb4-e5d6d4a4872a,2
879b4095-f069-2073-7a81-01ec405f41ab,ca708df7-ef20-646e-0cb4-e5d6d4a4872a,2
5fba18a3-85e5-29cb-167b-fab05ce7c300,4932545c-02e8-169c-0438-6aa61e483bf7,2
78c48748-027a-ed78-2977-796d0559b400,80fca981-6744-555f-2d58-0c4ea661e0e7,0
2dd682bb-7216-3731-53dd-cdc604b15970,d5b2950c-a405-4461-5380-04cdd88e5c50,2
4dbd76fb-cf12-aac5-98b3-25fdb8a5f15a,d87cc74d-bb30-1f52-3e97-ab5bfb15c7c6,1
c54232b5-59f8-65cd-5f1d-b3ec68eaf68f,8f9f1c59-1e04-461b-e18c-20a4ead7e86a,0
c5ac14d6-0dfb-21b1-acd6-075419119a94,251b8e1a-4e5c-9281-849a-e5af63c7f413,2
a920be89-78a4-4413-7fe2-ece61c1fc108,61cc8ae0-4a83-000e-fea9-74ab2b180067,0
a3727ea0-9832-16f4-d1c3-c59e7efca834,ce09c0c3-c319-8019-c233-165034d0fe97,1
75809855-890f-ddd8-e57e-23b78b649703,dcd034cd-dbea-93e1-cb11-35fe434b3899,2
3874db7b-3e37-8a60-109a-8d9969d33527,b50d9667-458f-c5f0-5654-4718282bccbc,2
8765a6b8-7e3d-c828-ef71-2164a387eeb6,9aa63dc9-0fa2-ba5b-f555-1f50209e25a9,2
327b5490-0fdc-7643-d3f5-8661ff5a64bf,9b0e2977-46c5-fafc-c2fd-1d93d49711af,2
2dd08f17-c6f6-ba58-d32d-48118f82102b,d610b7a3-4507-97c1-35aa-5d134c5bd5b5,0
48bebc12-f6fc-e301-149a-69b41cb5995b,fd406672-c6a2-3aea-d5e9-057c199ca5bf,0
493aaefb-dd7f-c691-63d8-98a63e13790c,c8f1336e-ea9f-12f1-142f-23c68572fc1c,1
83b5e73a-dfc3-6d38-750d-8f66749a6e7d,5ef67847-4197-0d3c-a870-75924b9f9a26,0
c0d07509-0ae5-1b58-ed39-725d6347e50b,87e35b5e-48a2-b094-3c10-79b7750bb860,2
2afde116-3b7c-d33e-c728-d06b8f9a9351,07724d40-7726-fb3e-b470-2dae87c2686e,1
596ad2c8-8db0-368d-4a4d-f56ea1a9556f,8c1110e3-b2cb-9423-7d0a-3f455d61e208,0
2133bbb7-b903-9909-9cab-063a4abaad1e,f2f5277a-81d5-2fbd-486a-ddb3dfde64f4,1
c76e2c25-d039-06f7-b29b-50803c6c3ac3,7dd5c78c-e33a-7f2b-aaad-785f809a5ae4,1
4d17fb9b-9934-f255-dcf6-966e9b9f598a,536fff87-66cb-6602-75af-1e032f9c0300,1
aafd7810-8302-7bd2-7c6f-5ef60f7e8a94,41da14e8-1e9d-e0d2-57cb-3ce31c8586fd,2
60e3dfa0-88ab-f940-ad52-aa9d0be8f1f7,c526eb57-86b1-bcb1-ffba-89894d515c75,1
11ae6a41-a60d-450c-3fdd-da3eef7f3be7,968178f7-b83e-a2b8-16d5-1e74a2139d86,1
3de2516c-3c4b-b235-8800-77ace0434ca7,350d73d5-b963-535a-ac9b-374489a4e1f6,0
3348a2d2-0156-341f-885b-9c6220bab878,c9eca94f-a461-d7a9-169a-debad48f04a4,2
1b677046-54e4-4e7a-9cd8-30c1cf531f52,a722f039-bc46-75ca-8796-71bcc0c4c706,2
864b0c1d-3af8-bc40-a2f0-70a2e81dd767,542e3b6e-f7aa-e482-210e-9cdbb0deb91f,1
83e4ff79-b993-585a-aeda-fdfb59d6545f,2ce17318-7d73-5143-90a0-d63e319994af,2
7d4ff53a-85d7-415e-72dc-608334290597,3a7f3da5-7e14-497f-d8bd-5de7b7d374b1,1
aa678e52-4fdb-be74-ceb4-e1a0792b8b25,fcb5cb77-74ae-1b71-6b6d-9c8934d58ac9,0
51604ddd-fad5-787a-0a30-89c255d61874,159b1ce0-41aa-60cf-0e22-7e09579a83d0,2
0600b155-d7b5-bc1b-04ea-edcfa4ec9229,07242213-2102-17b1-7d7f-6ae30733b54b,0
dbc4bffc-7960-fb56-33d6-7a3531ee1deb,d51d5387-469d-8a69-2563-c1333c5c4341,1
8069266c-89cd-6cb7-c1ba-396a38dd6c5a,0556d068-a7fe-5a31-b42b-6b21ea4c3c47,0
002346c8-4fb6-f21a-aebd-77a09246d95d,95886cc3-750a-bbd5-4ba0-a3d4a9914d55,2
3cc7ff1a-f6f1-90a6-67b4-7ba445653377,03ef26f6-d68f-ae75-5d6d-c4f0662cc089,0
1b9b2d9e-3174-ee27-4aa2-c53f74ce1add,6f752a1d-fee8-15b3-a29a-af96638a5181,1
4f995b88-a827-b21f-7e59-ed02ee28751d,04dd1a67-2156-8fb8-64ce-b69e2434d46a,2
07637df9-127a-2224-fa46-8853ad7bcbc3,94542630-23ef-22d6-12ca-a16a207f5952,0
7354de7d-5a95-4084-ecf3-fc9b96a258f4,e4f6f14f-e5ee-c7f5-5eea-129d25080a89,2
93497e93-790c-0518-bc45-00be14072b61,e71478a7-f409-b330-70f4-afd627f50f0f,0
29f98d09-4481-3fac-1d3b-d07210416fc7,7b95d980-1eea-6563-029c-668fd9eb3abd,2
bd877f42-bd02-51f3-52c4-44ccfe31cf6a,2378d8c3-ab9e-e891-1187-da61e6ec7f51,1
c150d5bb-376b-a830-62e7-0dd6afccfb4c,3a86707c-99a6-b9a2-72d1-800f20d647f9,2
5780cc2c-a0c8-b160-66c2-166f91b1146a,fb6dc22d-78f6-6687-28f3-189e35f2c729,0
2fd626c1-4a45-fa54-bb5e-ddb8a60ef41e,eb57b011-aee9-1307-02ec-02733129224e,1
43063e06-4891-765a-cabd-c6d18f047353,825761dd-0638-7703-286d-db0e691c81df,2
47cb2b78-222b-7c94-e511-0134860b1fc7,42d7b328-e91c-c31d-db08-d28713e3fb0c,2
8e4e73d5-d087-d79b-0782-0d4ba4ec0265,dc1a10b4-ba2d-4e9b-3ffd-d85b62d022a3,2
c5f7830d-5cd6-1505-60dc-8948adf5bc36,3ccbc019-3a78-9067-04ac-48e5bfeda42c,2
83c53e58-b0b4-27ff-9cbf-5d5257b52f00,a4a9d1d6-322a-9797-42f8-5b0e8d65f6ca,1
52465672-0899-533c-46d0-241f49e64cb4,9ee07c10-7c02-4850-6594-22a7c0c5031c,1
12c1755c-e8a4-ca03-603c-24b556430e18,63b4fcf9-5c10-fc6e-7561-0f391c8480e4,0
da44c412-05f4-0c58-7ebb-113f0d82a3e7,fcaddf23-7b0e-dc98-980a-30a0446f93b8,1
c6c572ce-d486-75e2-c4ec-5f4afc5d8052,00998e99-5898-8275-a2c3-1c1f595cd1c6,0
e67f45a9-a87b-cb4a-0614-863742913405,bc9f00de-6efd-bdbc-854d-bee92a36d849,0
31697c6a-f05a-103c-7f2e-2f17ea4c77b7,cb010f83-fd63-97a6-d9e0-ca49847bd06a,0
e38be478-6746-3ef8-6859-306b9e924fbb,17a70b14-9bfb-6c11-6cbf-62bd46eaedcd,0
14e8d57a-6537-faa1-ad86-b3961c55d1ef,f16e43b7-4ee1-421b-3ca1-431caa8c5fe0,2
0f6fb95d-bfdd-17f7-7db4-57f244c0e0f6,c31e7440-346d-8fbe-6fd3-3262935ecca6,0
ccde7e20-d705-1b62-1fc3-edd034ff72bb,8225e8b5-60fc-1ec8-c1cf-d23f5eff2f39,1
0a457c57-672b-9ac5-add7-dfc7d3b01550,9f0802f0-3d83-9dd4-69cb-e72fd93c5aa6,1
f242d3d6-675a-a4a6-6a1a-4618405a1886,6d317e91-ea9f-c91b-0cbc-7f75c57eeef2,2
dfa06a47-b9d5-f711-a476-c8ec2bcdb0de,504e622e-dea0-e8e5-79a6-5361cecf8f06,1
ae372dd7-cefc-c6fc-575c-4a4783a3b645,abef2b61-8ac8-2938-5a14-8cb2d523e182,2
0399b35c-8953-b45d-f7b6-5f411676ccb9,d7acade7-c534-710c-120b-231b07f8d404,2
e2f24926-f0bc-cb23-ee43-ed9f911ba240,d7acade7-c534-710c-120b-231b07f8d404,2
0fc2c1bc-cf0a-6148-a5a5-14331eb24d16,2d915878-16f5-bead-a672-ed10ff537079,2
7a7710b2-34df-3651-0ffc-46bc3cdb32ff,836bd59d-1a7d-11ba-147f-926fefc482ab,2
231f1963-1491-cac0-3322-d7c9a63ec18c,80a1f144-e14e-eb15-1dde-edab8435003d,0
90fab1a7-422e-ee18-0ead-84cfc9876c74,2cafe384-2bc7-7b5f-af37-09ee2a146561,2
23413cb2-c250-f6c7-c166-f8bc6510252e,395c73ba-cd7b-b340-6a81-7cda5ec275f2,1
c46879aa-1a97-57ce-01ac-541a3c33b2ba,205d4d62-3a16-bf84-2cec-9527a2add8ec,2
6f3f483c-e7f2-9e36-5b01-1b6acbdf03d1,4e512ddf-4c14-f7d7-d642-311a8897da6f,0
7b64bf1e-22d2-d58e-c942-ffe5608a4fda,41cef53d-7ef1-523d-ffdd-380791e3f7fb,1
2a8babaf-9515-31f9-9ff7-59975b578a04,f837fc9e-567d-17c1-1aa2-42e819f6408b,1
10b4a957-28fa-35c7-7525-fa032dbd15e2,52a1d5f4-6ff2-d8f0-1261-993b9e68eafa,0
0627b2de-6ee4-96cf-4262-1d07f0b70369,52a1d5f4-6ff2-d8f0-1261-993b9e68eafa,0
9527c58d-d14e-a841-c8b0-f9af7baa0324,52a1d5f4-6ff2-d8f0-1261-993b9e68eafa,0
e2d7be1d-e026-b36a-0d9c-ce2356bbdeb2,0de6e57e-f34b-de14-af7d-b5c12a0bc53e,2
371754c1-4594-28d5-b6a3-a8ece0f6c11e,a23b194f-e0dc-7218-84c5-88882938048e,1
5373600c-b26c-d22b-8552-3de28c5735c8,cca5879f-4023-5657-e5a0-d33fe08311ac,0
ac493fb4-d66a-249c-1388-855517e80b46,9fe55e4b-866a-a87a-ea7f-29769c75f39e,1
2741afb5-f681-6706-5f0e-e70a13cbfe52,1aa99651-4e90-c937-091e-c52e551d6a14,1
051c2b50-e2e0-d15f-9ee7-320558c1dd54,13078303-9134-3cee-8009-27c403786c63,1
fc301cb8-b4a0-6843-4540-05c9ac6abbcd,9f1d76c0-6ad0-fb82-993b-a47c69ec79fe,1
a0cfc5d5-37b5-e211-80ad-d948ff378d08,1b8e4cf3-aa76-f2d4-5691-a12057fb4151,2
98aa63f5-7598-4bf5-e6ad-692b8f70aa12,1b8e4cf3-aa76-f2d4-5691-a12057fb4151,2
01589193-6efa-979d-96a3-76caafaecb82,85948f24-50cb-8006-931b-e523b2836023,2
6b11d6c8-39a0-6e43-2979-684ba3c20321,8ba9ba41-6d42-986e-4492-fbdc6694818e,1
e84c07ed-eee9-3573-c19a-e2d318a3e1f7,d0e82761-5e00-2722-263e-802569260b07,0
151c5267-8c87-4cb9-e8df-275f9cbc56ee,d0e82761-5e00-2722-263e-802569260b07,0
ba2b4f87-f4f9-3130-bc39-b18f01f2ef31,c50bfd37-a494-b544-c8c6-1a624d3ec6e1,0
198e1324-21c4-163b-78b2-772b35bfdd85,a755c3ed-5a37-0d0d-2902-f4d893f15ef5,2
f12672be-d1fd-1573-6c72-babdc4a0a666,a755c3ed-5a37-0d0d-2902-f4d893f15ef5,2
dedf652b-fb68-455f-3f95-ef2ad02a3662,22459182-4e5a-a3e4-a92d-44d718c8af25,1
6f7f2805-c6a7-310a-ad23-aa90467bf321,be5f5eab-4056-33b1-322c-0e32bbe45c7d,2
6c0bbe8b-651c-6ab9-f9b7-6dd5e9bc2d63,6d69a619-e17c-7d17-ffc3-96d8d926ef83,2
2d0090bf-a6d6-4e90-0d9b-7f1908af4d6e,4ac90c97-6476-a7b5-7854-7b5283a1656e,0
52ff78d9-74f6-6a13-6e2c-1ecd1af04ec0,7f78e03a-d39d-7f76-06fc-deb9c96faedb,0
2a8f0636-3df7-6eca-bf8f-76ede88820dc,b9130360-ae52-aead-b000-f3ce0ad9ea9d,1
ea8e2a29-7a3b-7b3f-696d-3caac2c5accc,33f39098-f981-4de1-9b90-d95956d4740a,0
5540219e-0843-dbf2-0bcd-fe2f2e0dae1f,78981048-fa3c-831d-da33-c4461bc399cc,2
b4db71fc-ff81-a00c-9289-3cd4bce14947,f554d53d-d462-8b33-9695-ad45630e5dbd,0
9fb981f7-d993-e786-d036-8e1695841505,1cadb1a8-dd38-0683-2334-1a6bbedbd70e,0
59dfab6c-81d8-5e62-81bf-39cd144289c1,1cadb1a8-dd38-0683-2334-1a6bbedbd70e,0
c3787c93-ac48-9054-87c1-5cac483eb7bc,1cf77c81-0d08-62f3-8350-5d5c5d7b9ab1,2
09eccdc0-b239-07cf-4bf2-e0de1e39e258,135e391f-b0c4-11e1-f95c-2bfdc8f7af85,1
12fa9b4d-258d-aeaf-db92-87c09edf4748,0de48948-76ca-55f4-b431-7c8d0f8c2091,0
76758f54-a309-3ab3-9222-4a8a27a7af68,6f9601f0-f033-a37f-25fa-e68d7a700fd1,1
1cd602f9-2b10-b2d6-c235-11e3a1291155,1965a21b-6d3d-5520-33fa-36960e48f23d,2
c63992b5-2295-6341-d693-a76ac562608f,70b173c5-7a7b-69b8-faa6-6b8193dc9f8b,0
ca569fa1-aae6-eec9-6c79-7be325758cf7,e1a4b779-f3b8-8a9d-1264-c3677c7efe1f,1
0cb7f508-4796-d7d1-42a1-fde2f28a1ceb,2ec87940-672a-7d3e-0cc5-161ac34d04d7,0
0263e551-04cd-fc21-25a2-5c7770118b5c,15bf66b9-8253-4416-f0bc-7a9c701d81d5,0
c5175c6f-9770-900b-6d41-2974622f15b7,9c4fa7ac-ec37-ff22-dc0b-a1f03aa80fa5,2
716f5d6a-99ba-ab56-d161-093a3daf6c29,b3bdd69e-0c82-efc7-e8ee-250985a36185,1
b7a476d7-6b95-1896-297a-41758e370fa4,cddb4b96-f5f2-9100-876b-55adad4644f7,0
4b9fb600-1e69-0293-10bf-c79495b0ac06,50c838c1-aceb-a55d-1658-9319a060a196,2
ae4257fc-dc8b-41d5-0483-09bd3bc155b6,b3c67a0a-417b-1f59-74fa-29909eb99a4d,0
d60a2566-31b4-de1d-3189-b05fc2916a34,b3c67a0a-417b-1f59-74fa-29909eb99a4d,0
127e6497-4fd7-6138-88bc-1468ac73f108,bf784a6f-bd2d-4acb-c8d1-44b064623dcd,2
f1754d40-7b4a-89d2-78da-8315d609115e,bf784a6f-bd2d-4acb-c8d1-44b064623dcd,2
e6bbe801-e065-edf6-3b98-a9b0f58a7896,fc90ac02-7d3d-bdc5-e0db-c031f6168ead,1
21aa0283-4e97-cbc8-0ecb-87bcc3799425,9a6830b9-695c-5673-0bff-a334a3d2405a,0
0af1b4f0-3665-a79a-68f5-70a7bc4c2612,0e2a8fa5-c840-80c5-4537-6403329cdd6a,0
c45a1e31-cfb1-be9b-9a6e-dffada7ea3eb,b732776f-6b4c-b744-66ef-0a46ad6521f6,2
daaac49f-c7c3-2436-d924-702542f8af2f,7fce3f19-e635-1790-91a8-09b49af86607,2
58cd8d91-9d43-5b7d-7a72-9845de8b78ad,c35918ec-fa96-bf75-39e6-a3a45b042a99,2
41b8a0bd-1b4d-ff01-7756-103dbb3adfec,82f46de0-56a5-933a-c6e3-3adf60dc5259,1
82160a37-0006-c1e4-6218-781c196491ce,f72193e1-5d46-a373-be50-0536cee6897a,1
6a6714e0-fa07-74dc-0ca6-44e9c7a06dff,e4a8c1e5-0724-ee93-3a74-923d152fa944,0
7faa04b8-0957-06e0-2764-b38ca26a47dd,e4a8c1e5-0724-ee93-3a74-923d152fa944,0
e42820f3-eee2-6889-9903-dc2caeb67b3d,2cc6739b-0590-d4e7-5b78-566a7accf5a2,0
841814a6-ede9-5919-b13e-9a0bd3eb57fb,9141c89b-fd4e-01f7-f644-f9188f0cef78,2
dd72e135-750b-d6cd-bb54-a342945315b8,d3d364e7-77d0-15d4-050d-e8259341b6c9,2
f0e9fe63-9077-c529-a720-12422ba5da03,56614e88-6631-88d6-1ae3-fafd0421d75c,2
6a2a3624-cfdc-9ebb-a2cd-f4e260c491f8,f8610862-3474-9b61-b3ff-db5a6b8558a1,2
82ed1515-4c26-3e17-4340-27ad6de30126,f8610862-3474-9b61-b3ff-db5a6b8558a1,2
c57d56e6-67f4-38ed-172a-4e790971e398,3db2ae81-072f-1cf3-511c-8bc7de66d1b6,1
f73a7222-a05a-09db-8b09-ab162757965a,5b6a35c0-e994-d50a-87d7-cc8312f54953,1
3d14c1b1-5b8d-f9af-95cd-c1ef32ebdbc1,20fe0cd0-8f24-e0c5-f652-2bb954ea8d72,0
5eac7668-04e9-6416-8db7-9038d3998de3,20fe0cd0-8f24-e0c5-f652-2bb954ea8d72,0
b0ea3aa2-c7e7-8f3c-0dcc-10fee3a63e30,20fe0cd0-8f24-e0c5-f652-2bb954ea8d72,0
9d5f8787-5b48-dc1a-5424-efdfa336e9d4,ebcf3ea5-1bec-4ba8-23c0-967b8d6873ae,2
57937a2f-45cc-15ef-2f29-904a061fa71c,a8583d1c-e9f9-b82d-ae17-c784584fad09,1
b98a78b1-c955-4e05-337a-f503482f7b4f,88e633fd-090a-86f4-6602-d5f6b93c23b1,0
ac2abad3-d600-844b-b541-fa5a167c8014,62687885-2dd1-0d60-ab32-6ef47f8fed6c,2
739d16fc-c039-e576-dfcc-4ef59cebe224,62687885-2dd1-0d60-ab32-6ef47f8fed6c,2
a7775156-ad86-95af-ebf0-e7eb3272e83d,b59cada7-0118-be97-f98b-c858c98ec90d,1
a9c9e17b-44f2-7a44-f8a5-6364f40979b9,a8311e9e-7200-0d4e-acb4-b14caf82864f,0
23772ce7-eeab-ca45-3632-2f75d05e952d,260a99f1-7aba-75aa-208e-1dd43a602c13,0
ebb645ca-27df-c17e-148a-4d1d02ddf6f5,260a99f1-7aba-75aa-208e-1dd43a602c13,0
5ec23ea0-63cd-ee3b-09ba-ff8a0928a9f2,5068bb30-18cf-154a-ca9d-d5e01bec1ad1,1
1e99affd-cbca-a7c4-2e27-56bac9aa1a27,5068bb30-18cf-154a-ca9d-d5e01bec1ad1,1
98c3890c-42fc-ef9f-0181-34faa12bdee4,570f0443-753b-36e1-cfee-5aaae4a95b7a,2
d322810b-55d7-e21a-cca0-24205298dab0,ea005b15-8683-dd46-9378-d81e493b60e7,0
068d889f-63f9-8c2e-1184-a808c03ff703,c2c99961-1d61-37f4-f934-f707e9604b63,1
0db9f80d-c9c0-aa63-f1de-f5820b8b3e34,e1dda7dd-87a8-1516-0964-39840d3e87e3,0
2b5743e5-8ba6-87a0-53ba-1daadffee5d9,fe4f2a65-f025-e993-dbbf-28b3e91a109a,2
26633502-6b44-b67b-4cf6-32ea62ca88ce,1cb2a081-478b-8eb2-2b45-533c88701fd7,2
872f3c30-9c95-a0e6-de1b-bed2c2cc7f19,a4b42f3e-b23c-59b5-e569-c4679283d175,1
68a838b8-01f5-0fec-8285-d25b9b842c45,c22ba081-620c-50e1-149d-998af1e2f12c,2
9b24f14c-96e3-d758-5efe-6d476db1d808,711b9259-9d90-ee11-ff1e-c9d93c1b4d12,0
551e173f-ed20-9cd3-23b2-bb49ee1beede,711b9259-9d90-ee11-ff1e-c9d93c1b4d12,0
7bfed9f6-d9d0-c350-aff6-83727d9f383e,93364a03-e6bb-a775-ff6a-5f412f96e645,0
df7febce-309c-1f3d-3883-527efad5637f,299d8f80-ad67-0db2-52fb-b2cd6c855739,2
5bd42159-92d3-3a0f-9967-432de2239454,b42fe8f2-f1e9-d76d-3643-a0dfe9fcc3b0,0
856b5e36-9320-3824-2f95-7c792a97e7e5,4a4bcb89-702e-d12e-85f4-c7804cbfa069,2
ce1856ad-1a4d-04a5-f299-2f790ab53f9f,41e3c552-0c8c-dd91-07ff-be1a6675adbe,1
3121b37d-78d3-bb62-28d9-509c5d1aae09,21d43ebb-c153-8c29-f908-80c15d0a1702,1
ec78dd4f-dfa9-78e7-9002-ddc6454b530e,d357c1b1-364d-92ef-5706-f45ddb2b8b67,2
38818c53-bc2f-9306-8a62-8d66e9a75389,d357c1b1-364d-92ef-5706-f45ddb2b8b67,2
de6c7ace-1a81-49b8-a098-2bbe2da021c9,9bc8174b-929f-3d2c-e586-29c4b633f161,0
d89c1a22-3ba7-a743-c1dd-af24f97e308c,5936ac29-9744-f5bf-8eb4-2c418484c072,2
fc0ccdcd-5f9b-854c-26e3-24f560620c61,2ac9b93c-d178-95a9-69cc-b2a2b788ccd9,0
e4b7c8f2-1a74-5096-b975-098d23285e2c,fb73c39d-e1bf-f4ab-e5ff-7f4a97ea3835,0
af35624e-7c5c-f7ab-acdc-ee9bad07d8e6,fb73c39d-e1bf-f4ab-e5ff-7f4a97ea3835,0
c22c837f-1a9d-98a0-a090-70d24825f888,70df84d2-351b-990f-47f0-6efc42fb09c2,1
99b76bbf-c765-6b20-a84f-b31d390f5148,3b8aa900-9cbf-f902-f5e8-185dfc8d8393,1
d669c1fc-0604-33ea-0351-9633179f6c93,ef828292-f1e4-36dd-618f-411811cbee78,1
4783ec11-a6e7-1ab6-8c9e-98b8a2bd790c,9f600500-abbf-60a5-3a56-be27b1c9225d,0
d7185b83-25c9-7b43-13c2-13ea1aaf1a89,fffa85de-9877-b7ac-8854-7a8b966835f0,2
76fa0058-6761-60b0-8aac-9e63d1a7dbf8,87050fd0-b8fb-a75b-314b-3e04cea3e097,1
62460127-7e2d-a41e-ca6e-0681d34a730e,cda2053b-a918-a524-92ae-eed04fe37a1f,0
7c3a6fe0-9804-882d-4603-1790586f346f,44bf7652-e0ce-8025-d72e-782a4eb34c52,1
59405b85-03c5-7a1a-46b3-cdbfcd8405d6,bada6b27-738c-a0bc-d50b-ef03c275cae9,1
6fd1e74b-0b02-989c-e6cc-ea761a007bf4,c98a0a20-ce19-c92c-a860-d2437e488c02,0
234fd1e2-eb02-7d3f-b16a-dfb2005cf22a,c98a0a20-ce19-c92c-a860-d2437e488c02,0
67826a52-0a1b-fefa-2a22-bd14621c150d,b2646315-94d0-1e13-ece6-982c4a9bf5dc,0
3decee0d-13d8-dcbb-02cf-e44dee5ffd4c,a2546f9a-7613-7574-2ff6-35e3f10e0278,2
4fb3a6ef-4076-7d24-2337-e4d613008a17,2459ad14-ddfe-d8de-a136-54f7554b20b5,1
9c9159a9-bc6c-4fdc-48fc-89e623d7647d,08ad5bd0-cb1d-8e60-e708-75b4f263d2fd,1
c588f3c2-54ff-1a01-4be3-e89f2d5b7250,08ad5bd0-cb1d-8e60-e708-75b4f263d2fd,1
55ebd650-71a4-4d90-0349-c7416dac27ba,292fbe52-d403-7eee-51ba-c20dc7a8c365,1
e3ceb77f-db10-c1a8-4d67-27ef8a623ace,e195f982-341a-b4d9-f4f2-d731fc163986,2
3e1510a2-5faf-be6a-8e5c-a58095c40f24,9c9141f1-3419-d655-ef5e-cb50f85d15f4,0
3f9e003a-1dbc-53ec-42fd-6e67ec7d7092,813eb66b-6923-6cf6-4535-0e8d9bc6ad46,0
dee00af5-bcc7-d23a-f73f-e31e6ff3b847,813eb66b-6923-6cf6-4535-0e8d9bc6ad46,0
718cc72a-0920-9b1d-cdb2-9f4c708dcb4e,d78416b7-9283-d65b-7c8f-57d80e6ef2af,0
3f28dfde-c799-02bf-7907-56d9bafbfb9a,b3cec167-d50b-3694-bdeb-7d513d1d84f1,1
5a5f24dc-8925-eaec-6ec4-ee82dc697f77,a89215ce-b616-71f1-693b-256be0f2e22c,2
07cdb334-8736-7be5-a42c-dcdce0f339fe,a89215ce-b616-71f1-693b-256be0f2e22c,2
deb6895a-72b5-9c93-f2ab-3203e2ad9b0c,0e15b64c-7999-a3d7-a681-aa96637ed2a4,1
9a76380f-c9fa-48dd-8a4d-5a30879f6540,572c89a4-6ec4-2df6-7941-21eb2764ec56,0
3cc77287-fa8b-fdc1-9119-1b5ff39ad3a4,815ac6af-c017-03d5-da2b-6b0d1ca8641b,0
a1a775e9-0d60-a8b9-cbd6-a62c99e6027c,6fbd3235-09ba-91ef-858f-85467fc873d7,2
2518a89e-2c9a-93f6-a5bd-e4db3f9b3ed1,a2d968c2-566d-01ce-3f5b-7b390e4d099d,1
44075107-ee32-c67b-a029-740f8ac98f1b,a2d968c2-566d-01ce-3f5b-7b390e4d099d,1
9e372fd2-19f6-c2c5-7f12-57c11b8ff440,a2d968c2-566d-01ce-3f5b-7b390e4d099d,1
ba83748e-62c7-5dc3-5715-50b8542c299a,0333f78d-d943-7ecd-f73a-f235995afab6,2
941496b2-70f9-34b4-b589-a5a7bbb7b1b1,0333f78d-d943-7ecd-f73a-f235995afab6,2
3b0e58b5-a4c8-4252-d374-4051e312d3e5,070435ec-5222-5aa5-547b-df6598ed9f00,1
b8c9917b-0927-cec2-a021-3e2f5496ce96,32112f4e-b9e3-8d90-cf5e-c8d34fbc6f82,0
6a949844-1dca-0699-549b-b6cd0a448e39,fe00d2c9-010c-2105-8bae-d069d26c2291,0
698c23c1-97b8-01ee-ef72-b50a79598ba6,b26a4f3f-f0b0-cc63-2aef-d84d9605a353,1
c2d9bdfe-d62e-8ef9-480e-2254636a55b5,fa144969-be5e-ebfc-df39-e0f461320737,2
bdce60ef-b650-f4eb-0f16-2f83496f1341,5951cc22-f4e4-a4d7-2e6b-a51415038a73,0
922d0972-1ef0-e692-e844-d389b7ae837c,5951cc22-f4e4-a4d7-2e6b-a51415038a73,0
bf5c797b-330d-92cd-c82e-bb7057652b32,38f7040b-9abf-7142-6e69-9e4c7d3e0a12,0
f667237c-317b-b8a1-baa5-95b1dc3edc1b,38f7040b-9abf-7142-6e69-9e4c7d3e0a12,0
91ef46ab-9dd7-c73f-e039-a95c4051c495,c46e9296-7a92-b5e8-238e-ba8ecc6b2363,0
c71b723a-4cfe-524b-4e02-d6d8aabe2f07,c46e9296-7a92-b5e8-238e-ba8ecc6b2363,0
0247d4bd-9d69-ca51-7bdb-cd36e8ef7132,9a815208-b239-89bf-71bd-285e685674c4,0
b9eb4725-901e-2463-3931-0449dce118d7,8015f4cc-db72-7627-42e9-97c59176b94e,2
f189ab61-e743-6171-9ddc-107aff7f4b85,626dd8a4-516e-729a-ae49-913b32579243,0
de846cb0-8bc9-878d-a338-f64a5a1e29ee,9a080b81-529f-a2df-d47b-d9df99daebda,0
20816353-33a9-02c4-002c-00348abbf819,de48d5ab-8cbb-37a3-858a-ce0a1e0dd684,1
09e23f71-cde4-0cea-afab-189400509fb0,0230d88b-b190-50e7-33d8-b359a8e7dd3d,1
418abafa-cd94-2ef9-3991-0dd1da1376bb,527dd1ca-bc77-10a6-477f-4e357753761a,2
f400e44b-d94a-4e46-d03f-814372ee7300,58adfbb3-1fbc-0b0e-506d-fc5e17faab8f,0
6ff4f377-c8d8-1ea3-3f58-541368fb371c,d7c01584-2cf8-748b-a2bb-fb4593ad8de3,1
ebc96d89-88b1-8322-0107-cd96efa5c873,1c44684e-91b6-741c-f67e-2605ccba7b8b,1
c5db790d-d415-d500-48cd-ba2ad794b8d9,772acc5a-c0cb-d829-7253-320b6aa81dcb,0
3cf7208c-e308-3e27-de8e-1d466a95fdd2,b76ddc22-54ea-0a0a-aa44-eb593bce27c5,1
41401514-abfa-cf5d-4fa1-272474a84958,c28ad361-21bd-31be-c024-4095c2667d52,0
a7093696-fbf1-05b5-3957-197ea532a96f,7d4d4812-8300-774d-b90f-973561fc2a55,0
38e0c572-373d-bfac-2f07-3ec54fd203db,e5f6a149-06f3-c7b0-ca12-593c369eb303,0
c3774c5f-0a35-6db6-17f1-65536b585ed3,82ea4529-7337-184f-8a80-b5ac720dbfb2,0
1045583e-c7c2-4bae-3864-dafc68fb5ee0,2655122e-d899-3c64-fe32-a6d675f2c01e,2
d8a338a8-30af-fd0c-1d06-793a0e3159ec,2655122e-d899-3c64-fe32-a6d675f2c01e,2
9d301455-526b-c2a1-27f9-f87fabfb54d9,85d12b84-81f5-8a6e-a4c9-ba07ee342259,1
4f581dbe-76af-f05b-83a4-e7712b0a4532,85d12b84-81f5-8a6e-a4c9-ba07ee342259,1
21303402-10aa-5917-217b-c1fc1ba924db,b28d0428-de24-d438-9b4e-9e5cf715156f,0
c3dbce91-8a30-ee50-44f6-5000acab0c77,b8de2f7e-ce6a-49e1-76f2-4490ad30c8be,2
b6d54ff0-9586-4e1b-6aa9-045f4de02726,eade837c-c9e1-f0be-1a88-ce4c5e31a023,0
299fc456-a439-df09-4a34-d3351a29f329,699c3583-f39a-7fba-d05f-f43aa7e41482,0
f2c7561e-bc5b-bf2c-aa99-d6b7770594e1,da918c6e-529f-b7c2-8a1a-2f0a0488379d,1
a3d285ce-2e91-8600-536f-4e56fadf38bf,da918c6e-529f-b7c2-8a1a-2f0a0488379d,1
afe74346-ef5c-f23b-924c-669dcc233e7d,540cafcc-189c-1b48-4dc1-62a87a1235e4,1
1db6bcef-a7c8-67ca-a280-b417b9d80f85,ebfe80d2-d750-f20a-b8ee-8d63f81e01e4,0
d8a9d81c-e511-0347-d697-87aefac3ac2c,57a5107e-a6c6-b0b5-0153-6daedfb768bf,2
3031632e-74a4-b304-ebf4-d337ff554eec,c75f84bf-683d-0ccb-f064-709135b01c2d,1
0b0b553a-0ed5-ec8d-9669-39809c7b5d2b,4b546288-3823-1bf6-36b9-b6bd4a71caa7,1
6d122ff2-34ae-d34a-f580-0fadbd4fcb36,4b546288-3823-1bf6-36b9-b6bd4a71caa7,1
242b6ed3-1009-22e8-89ab-e866b8f5aa9a,bdff269c-e00f-f8f8-733b-a3871b981895,1
6a6cefbd-f852-c68d-16c4-d026c9e737d8,b2d3c202-e78b-66f8-5fac-1756fe082da8,1
004bc5e5-38ce-0eb2-4ffc-075fbd6b3144,b2d3c202-e78b-66f8-5fac-1756fe082da8,1
92720374-b47a-b55b-9609-08bf8714912b,b2d3c202-e78b-66f8-5fac-1756fe082da8,1
7ccede3c-1319-764b-13bc-05eb65883031,fd79b63f-e701-e27d-cdc3-c181eef59d5b,0
eace9dd2-b90b-0267-322e-00ebb93e511f,a9332f7f-517d-d976-64a0-0dd594c44f4e,0
51bd009c-858c-c5c7-940b-fcfb346db518,3e0de1e0-9b78-85f0-0ec5-1a417f8ee175,2
054aaddf-7c2a-c9d4-b914-1509cd15a6e9,fe769f6b-2554-4c31-2e42-e7b418537698,0
09e582a5-7b03-ca58-c3a8-e896ff89b5c2,7180a953-44de-583d-ec83-d66178d611b0,0
d3d4b252-7954-2fb2-5c77-24f95a14af8c,a1603a31-bb9d-f766-5ea7-460e0a79ca95,2
0cd65d7a-e17d-79ef-6682-c8832a8a5347,50a4fa66-c5c1-e971-e317-0f1797accea5,0
304cdead-f7c5-249f-4b64-8fc9fcd605f4,59eef1f3-9487-307d-3a03-ca1d9078b51f,2
95adae3c-ce18-dfb6-afdb-9be08b1b5086,08210b91-281b-cc17-4734-85096727b200,0
bb1c88ea-8e8c-f843-3d69-c3081514b2e6,08210b91-281b-cc17-4734-85096727b200,0
5d1c0aee-236c-579f-25be-4c4220573fbc,914e0672-8695-2313-114f-d503b76a5153,2
909268e5-879f-69d6-815f-c581afbffbc8,415516ef-51e9-a410-0cfc-220563cf9952,2
d8f236c0-3488-06c4-c6e2-9cc8049ad87b,415516ef-51e9-a410-0cfc-220563cf9952,2
ca5a441a-c26b-1d14-86c4-077c7884f918,e59ce9aa-19ea-5c45-c196-02ff22c51b37,1
52ede8ca-419a-909d-aa42-0699ffb1865b,0868e4c6-851d-2e36-b74b-6e5618c0b481,0
36fd4d17-5810-e882-e1db-071e7764086a,f7d18070-b2b1-815e-41a0-30b9f7a03d62,0
ec902bb1-dcd5-bfbc-c5c6-cffbd859b71e,a78ea693-fc96-55ba-cee5-7e24cb6bb8a7,1
927ca939-a01d-bcd9-b0eb-d9fdd9622392,8c8a1589-229d-cf78-6ea7-4d602eb4e1f7,0
ade40432-961b-cf66-0ce0-6f0e04ebfc6f,4c1d0cbf-b4a8-69b4-0f57-376bffc527fe,0
c295b9d6-8c5e-e8f8-fc85-63868bbee406,a805d8a6-f6a9-db3e-ecb7-14dc44e0c58d,0
d429acea-80d1-a55b-4b17-7938eea2452e,b7d3a57f-7bc6-ab2d-deea-6eb75f9f9513,1
503220cd-0c9d-7731-4ba4-87fbef8f1ac9,0ac8a5a0-a335-6219-7c3e-03ec58a87866,0
c3207510-fc16-7a58-f1dd-56c39c4ade41,4e0c21bd-2330-aabb-52dd-4771e656ee3d,0
5687cfc4-2413-0535-e596-12568e7c2958,a5ac4ff9-316e-8338-40da-40ec8e1b8ab0,1
2430fef2-f9c3-40f2-9868-7eb1db0d00ad,da28c5b2-bb3a-fff5-8286-f78e1fac1504,0
91165f0c-d301-4172-2575-752d9f533894,22816664-5736-a7b1-d7be-9cbab86e8226,1
61357712-96b4-7fad-a48e-490bfce28f03,4bccaf9b-ad91-bb57-6e6c-6cbd64a4db7e,0
c7b76b29-d825-0c24-45fc-2fe5d36361c4,042771a8-10a0-5004-cc70-ddada526d049,2
f91d5f9a-8bdd-f25b-519c-e30cef41f6a2,170b09ca-f655-31bc-0b8a-261028213f4b,1
d4d0c37f-6895-4c59-9778-2ae327682ac3,e9ce0c7f-1f42-a3c7-8a26-c79db3495ca8,0
8e5d67a6-675f-7bc6-d00b-ec9482567e85,848608df-b3b1-5d6e-2f90-66ebc28d6f73,0
7f0791f6-a9aa-3e5f-5203-964e3d7c2bef,fd8b0c93-86aa-5ea6-6a75-6ac8a23da69b,2
fe3dd735-6baf-a733-eda4-430f3e1f1fe5,520f0d4b-6aea-c784-5490-9f8cdcada2fd,0
bc922dd8-8355-6289-464f-f572beeb20e1,520f0d4b-6aea-c784-5490-9f8cdcada2fd,0
e2b516ae-ad81-ee8b-159b-bf9172ef844b,e38f133b-f0eb-afeb-1a5a-ef9bf9151797,0
c0ad96f8-3be0-8fb5-12aa-2cbf79761701,6b504cfe-a241-43b2-38db-0cf4cd98ed47,2
c90adca4-5cf4-66d5-5ae3-56d42b8c25bb,e36ae37c-2a82-d9fd-c5ab-aa6afacf074f,2
1f52b875-4d5b-0938-e0cb-8c1a9ca332f1,d8cee6aa-d09e-3da1-c23c-22f19da2d5f7,2
eb7eaf48-8b60-040d-785a-1892e0390a47,6c4692f3-e85c-efc8-c728-09c44123b972,1
df0d8c69-e82d-b1ee-0616-ab28d0798106,f9584577-08fb-51f9-e4e1-5dca2c3c51cd,2
61ea2327-573c-b962-e4b9-f6446c2cf9d0,4a467f12-17d2-f5cc-6bfe-43f5bb73b95e,1
f99b2031-80f9-e524-df21-0b896d3c6695,6c137d7a-342b-3d91-0c3e-843f5ded5597,1
f53bb7c4-a24f-658f-0c1e-3dc15d18880b,b08bd58c-6c79-55c2-6f34-d8bbce6f1a7e,1
fcc11df9-2c77-eca1-0666-b3f7b5aa4c7c,79c552dd-6639-7593-69ec-10767d3f6f23,0
327a79bf-24ff-b5a5-4c29-6431ae3ba88b,ce628797-8df1-09ca-8fa3-f6d470da8ed7,2
16026941-5d96-db84-83eb-e52d62ab5e80,538dbce1-fe15-3e17-d786-d52ca5fb8cb4,2
830c01c9-c6c1-22fa-8dab-cbc4192f53af,7a7699f8-c733-0c01-fab9-479fefd7ea8a,0
8681c200-650e-f9bc-0f4d-65e9af83430c,f30d3806-c650-fb7b-567c-6b824b79ef55,1
4363c29c-fff1-6ef8-c03e-b839bb508495,f0e37af5-fe40-27ee-70cc-9f98ed860ea5,1
eb46079d-61d8-e687-3bae-862f690ea6d0,a3af404b-06e3-a470-dfe6-0d6be78e55f7,2
050c9cd4-630d-7dfa-a5cc-c8aeeeaca9f0,ae0a4f04-576a-f2f6-497c-abf58e8ab236,2
d2fecdcb-a454-9fc8-ad90-8356db3f1cf5,88a7f5a0-3cfb-0ddf-4064-d7d8a23effd5,0
ab907a86-d611-60bf-4746-0954e8e7a8ce,abac560e-4e81-aa53-c6e1-06a1b64e5069,1
ba57fd73-6f42-e4fa-e57f-062aeb72b306,1deccb23-df91-e5a2-59d3-d6e8ef9102ba,2
b44426fa-04c4-65cd-f4db-64d5de82b609,cc0cfb5c-bfea-bae1-f105-33472920a26e,2
0dcbf873-fecf-c439-d095-b671991e1dd7,64e367c4-853a-ca67-6c4c-81a4d754fb8f,2
0e949b57-1e10-887e-df43-8e364aecab79,4c0da251-0d2c-30e6-9b29-f98c3ea579df,0
d2c25679-e168-be8e-7990-719e8ce5e88b,0edf21d7-77f7-a130-f4c2-cfc50f8ab197,1
2d441e2c-abcc-fe07-26de-c648575ad117,0edf21d7-77f7-a130-f4c2-cfc50f8ab197,1
922b4896-c613-c540-fd54-d0527a130568,6c6c5b79-1ba0-2360-78b6-24f7914f724e,2
06cfb2ff-55e2-7b95-6510-2056510e2143,2e64cbbf-ecd5-1ae6-3cf4-6795dd133d5c,2
bde56e2b-5f86-99a7-1610-87f547aa678c,e22118c4-c4bb-d86b-bd74-31c3d52a2534,2
64067cf4-b5f4-8c84-a8fc-c8735f0674f0,cd994a0c-e37d-4539-e340-44ee18310683,2
1bbbbc21-6315-157f-5f81-fe0fdd9aadb3,5d55ca66-29bc-0970-5433-e4903d4dfa22,2
5d933860-1135-30d6-ae39-3e8e72696fe4,5d55ca66-29bc-0970-5433-e4903d4dfa22,2
087d0a69-c581-431a-3c92-32177d686120,e2627160-21cc-264d-0eee-61382fb775b6,1
96aa8eeb-69ac-eb56-bbeb-2853bcccdbd2,bc4e1b7d-52c0-fce2-9cc9-478849f4674f,1
cbcdaac7-d7f6-c1e5-0386-673f3c02a95a,51a45910-77c2-6d22-e3d0-e169ef39089e,0
9a6833d2-5c7f-2647-d19e-f72ef184e102,4d10beb3-488d-cd27-137e-cdada9ab3cf9,1
28911573-6dcc-34e8-0e39-64624bd77666,f9a97f44-95ac-42bb-59da-4f9628922bee,1
df1fcaeb-f4d8-8419-4c49-d8fc0c9fc053,d08602c0-8a02-83fd-b141-e52911198069,1
d866e99d-8de8-09b3-e82a-63d2cadae893,3e3254b8-7202-384b-f9b6-fad211394e21,1
fef0d7bb-c148-f9a1-de7a-d589f37e427d,5d828430-69bc-bfea-d43f-472a329c1106,0
898a6b1c-4145-784d-bf36-c7f2593dd1cf,49f316a0-fb26-2638-7c40-732af70bea37,0
20cb159a-6377-edca-6340-ad466f223b68,71d98703-4955-b701-06d1-92288ee02248,2
8fad9572-4451-781b-6209-e0745c925935,f0f5c855-b049-abea-2694-04a2cef87073,1
c2eaaf80-8e4a-f5db-a6f0-2fbfa50f1f89,6934cea4-13e7-f21e-0a38-78bad8e40d5d,1
f9718abf-e1f3-331f-3962-c605a1801133,d61b122f-ec6d-394f-b60a-5199edce58c2,2
b0b68c01-96de-ebb3-094b-ea2e35f75530,d61b122f-ec6d-394f-b60a-5199edce58c2,2
73e2af0f-2b33-ed3b-318a-bdd7f1c2d1d5,ed03fe4a-ce6d-f0d1-8939-48c875cdcf34,2
c7bd08d4-2902-ed8d-e142-e6181a882028,49445e53-c515-c92a-9af9-c8aa604d1717,0
37cb6d2c-3915-2ab2-87ef-c430df6099f5,10d09502-e707-ff62-9acc-1cbfa31ed52c,1
dcf8ed79-a639-5e26-0585-67c4a6758ef1,15a02af5-202f-964c-02d7-b66d4edeaac5,2
4db3fc0e-99e4-e634-da4f-bc735a5444fb,a6f1c7d7-4c1e-b528-80e5-bc25a811d712,2
75565477-ce67-c0eb-98f0-720eefa94e45,9f460a1b-174b-3634-a637-9da73fde31cd,1
8fff8df0-279f-01ac-a3a8-786a602e0bbb,7fbefd0e-f960-c1e5-ace3-f1b3d7f5ce66,2
865591af-810c-b3f1-21da-4cd3b3ef9a4c,0df5de3d-6c97-9aad-7619-be0a91bb2479,1
74224c24-d1cf-49c5-eb91-f1cd124c0640,0df5de3d-6c97-9aad-7619-be0a91bb2479,1
cff9bbcd-45eb-e9b8-ed74-915a5d5cfb02,4d2e577b-ce70-59d4-95fa-49929b933193,0
b151071e-c20c-8d5f-059e-68278af9215d,ff73c461-176f-83bc-ca4b-81320d1d3986,0
d5dc6442-8d7e-1295-2480-4789a1a5a701,b6aa1e6a-67be-5d12-ffaa-a68f85668c3e,0
fc8190ac-60c9-b276-a575-88303107c8c2,b6aa1e6a-67be-5d12-ffaa-a68f85668c3e,0
151300c9-d9dc-ac22-470e-9ff47802d290,b6aa1e6a-67be-5d12-ffaa-a68f85668c3e,0
849c764f-8bd9-5cf7-a344-11b1f02ce623,01a5cdde-08ed-ef0e-e87f-7e62e99fe052,1
96120857-aab3-4dd4-8993-a475fe395f55,01a5cdde-08ed-ef0e-e87f-7e62e99fe052,1
7fed6f59-2ebf-2635-60b8-df6dfc03f613,7041f9f5-c271-2044-5e5d-736f8814b4e9,0
4ecf562b-75b6-e75f-005f-590f02182ba5,1692cc55-f284-4615-e75b-578c5576c34b,0
b21143ba-be3f-e4ee-8dbc-f9e8cf7b5d3e,1692cc55-f284-4615-e75b-578c5576c34b,0
5e3d1234-6007-41e2-4c4c-249a387fca1c,50b67a54-17c5-0c13-a854-3a611daa696f,0
f699f98c-7874-4e31-0e94-9444e01c555b,50b67a54-17c5-0c13-a854-3a611daa696f,0
d186c394-68d1-e0df-c055-340b44020bd7,35a6e2a2-c4df-136a-9e19-04fd50a4fb41,2
f939c9d3-2f0d-261f-1631-05c77ea16475,c6a7fd28-8b6c-1c6a-2733-18ddbcadd758,1
82b522c6-c629-95b1-c9fc-642a5e3d8f09,e1a42663-bb59-6c34-8967-4547c651a185,2
ac6e1e3a-cd04-d457-02c9-2aedefcb701a,72b46d1f-897e-d5a5-e360-259e69895413,0
cee9094d-5af9-96bd-0f0e-b8eb4230f5cd,e86777f0-7525-d548-6208-d9022f7e1909,0
52926a85-9511-331c-9920-b90e1c68d13b,56f7afde-9c65-722e-ec40-0f74d5f01f5b,0
ae7ffb22-d405-f219-76cd-4bffe6c1f0d9,ba0c9472-aec1-3d5b-d832-33a97149cf44,1
a94dedbc-b452-55ff-5c84-b28274b48015,a82520c7-dccd-bad6-9d9d-d9add895501e,0
ce3dfb14-d2b5-dd9f-bdee-ebc8da843086,4d2389ee-77f9-bd8e-71d9-3a1316f0535a,0
3611b289-46dd-a2c6-8223-bf38c7fad455,4d2389ee-77f9-bd8e-71d9-3a1316f0535a,0
c60b4377-8e8d-fcf2-d27c-79ccf8edfc33,a39c525f-b17f-e420-1b95-98033b445698,2
58c82dd5-5e59-a82f-1b33-085170f86147,09e2b066-59e0-373b-179b-2ccb08369991,1
d9a3061f-6b12-b3bf-78e5-d4c4bb0483ea,ca3d8a14-24c2-b8b1-5b8c-0e60422d6969,1
3fa0c898-e498-74d3-a280-1a12d249e0bf,8e41b4a8-98d3-e516-1f52-cdae155427a0,2
25743287-53c7-a8fa-df48-a3fffee0e573,fa5fa8a6-9501-1e0e-7fba-b9957a3cb04e,0
787c140e-64a8-810b-c5ab-a5d0faaa9f36,458594c3-dac2-1dcb-fa8e-b767358b8721,2
55d86759-14fe-a498-7621-82967e049a63,4c1aa124-f2e3-2f08-b129-3442eccbc91e,1
74c18d27-6718-45de-c8cb-fa87e3421f47,d9b1802f-b1d2-c141-ee0b-f4776ff022e6,2
916a44bf-386d-986d-7749-fcdafa84e247,eff7cb03-0723-c98f-18eb-5d587258c6c6,1
721ef072-434a-b5c4-6920-a2870840a511,bcade5d0-f536-27e6-e42d-94c8516a4f21,1
737e0ca9-2b7b-076b-61a5-c9f02046485d,702e1ae5-c77f-2777-05e0-1339a2870898,1
cab3ce99-0713-e591-3fc9-90f4860ea1b5,a4669073-e240-6f50-a7f9-ab342d5463ed,2
d63c8bbf-7fc7-0d82-ada3-2102179fa93b,e494dc93-7f67-294a-395b-0389e69c2b5e,2
26597f06-76c4-cc71-6433-238bdda6275c,48a7dabf-667a-67f9-3fcc-3b126949abd2,1
3860c1eb-eeb4-ea8a-4cb5-711467b56448,65ab2d52-452a-c5d3-2274-1a6f9615e2eb,2
214886bd-dcbc-7408-8d56-8a8619542d7e,9ba49856-a486-cfae-7e31-b3a8c9e0b3a7,1
bdc0bce8-57f4-7599-c5f3-a4f2227ce01f,6b0de790-4b1c-c0e7-7d36-f6053cad6ab2,2
ad0d6ea7-12a6-2e08-9064-78a5c4376f0b,60b0e1d7-008e-c779-d9f7-0d00dd905dc9,2
0531a6f4-9cd7-e50f-aa38-f64f8639fc29,c4ff5249-109b-db80-d54b-86f1a30075e0,1
88903cd5-d88e-a8d2-a50c-f27501dd21e2,cc6198b2-e4d5-8836-b771-f0a3d9595e61,2
45df9709-1195-4b65-c89d-3171829bc66b,f00567d5-0768-258e-4b67-710be0009d28,0
4847ea1a-cf8f-009d-b464-13705fc938c3,af12d6eb-cdda-9587-2382-3b7babb5dea0,0
ec1b7911-54bf-62cc-f1ed-7689dca042bf,a58f7da3-ec3f-a6b2-6369-f079ef26bbc9,1
5e15e10d-a974-d6e7-a4c6-e4e56c4de94a,f2d4eb74-4fa1-069f-e413-85cb4ff82f5b,2
7cf5f895-00b5-26f4-f4d1-294b03f400f1,f2d4eb74-4fa1-069f-e413-85cb4ff82f5b,2
483a8330-13ac-0190-4cb6-f67070cdc739,f2d4eb74-4fa1-069f-e413-85cb4ff82f5b,2
b4f74a6c-f828-e0c7-39ec-3f09d51f3218,e6047a61-73ba-fba6-ce3f-f14ac7cbe2c1,2
c4776aa2-c208-51a8-ee7c-098c1922993b,e2dd8d29-87b1-aa23-0407-00537537707b,2
65cfd924-afa9-4098-218b-cce30ef6299d,4a35b5d5-68f7-ff5f-f2a1-27a04fef5b2f,1
1c44171f-1c1b-1b87-195c-6206cbbfbe8c,c0fefc5d-1cc3-9685-16ab-b02c1eb3bfce,0
a974ff48-9a48-02cb-1162-6814bdd1bad1,792ae758-b3fc-0b08-c58b-91ec0e64f7f0,1
da92a4f6-b797-4940-3700-12de9fe3133b,be0c5360-6245-9892-3618-f449773dfce6,1
51fcfb37-4442-b5d9-ebc4-8fc78d524208,f04addda-f3e1-d9c4-50da-f4688ea0205d,0
170fe34e-ea65-9d72-6d0c-dfe10ed1e56e,3ec6933e-6acb-d643-5301-9e6ad754dc5e,0
61cacc16-128d-67ac-b9e1-ab173464c0e6,a4f8342b-6cb7-c0dc-e320-ced63de63123,0
b05e4465-c58a-4ea5-0141-3ff57d63fe78,cacc1f59-e120-8588-3e5a-57ff400fcd19,1
d7051af4-9bf8-fc1c-3b2b-7934363e9904,1558346b-2094-528a-0a93-831d1ab6f050,1
1025a335-38f4-2f66-bfda-aeee18983f32,1558346b-2094-528a-0a93-831d1ab6f050,1
8e50fb0a-44e7-3113-ca31-029ead4b1f64,f434148a-94d4-2646-0e84-cf3503bf491f,0
640384f7-34b3-d92f-9236-f2e2b74549b5,d8b639b5-dda3-3835-0a1d-d74135eefc46,1
7b74a190-f8ad-2898-2b92-74bd991ed359,bb91da06-f2b9-744b-fd4c-5b7510c73685,2
7f093bde-15c7-ee90-42a4-11a50d18830a,f993de40-1169-b11d-3906-a1bd04860134,2
ec565e06-6b3c-b584-e428-5c58e6630c6d,96667bd0-ebcf-1ff2-ce10-c28f6c628db0,2
5e568ef1-28dd-7790-4417-24ed485cf49b,d9f4ce40-c875-a65e-fd89-171d409c2c6e,2
eaff2d31-43a7-5502-1ad7-22a7355eb226,ac3d896b-1730-57af-74fd-13bd73a60c80,1
5c813364-9228-e6b6-bebb-27c2e90f6c32,ac3d896b-1730-57af-74fd-13bd73a60c80,1
e7289c06-6fe1-8cba-3f74-dd31235ba5a9,da2436fe-b1eb-9ab7-f01c-00e8c734ec42,1
54ec9740-0381-6205-ae9b-c1085570a027,93ea20ff-cb26-2ce6-9d07-3e0b211940ab,2
b8483281-9088-2d33-fd98-05805ba1f096,93ea20ff-cb26-2ce6-9d07-3e0b211940ab,2
5251a51b-49e2-82ed-2327-271a3274fd8d,eac8c49d-61bf-e014-2784-0a10e6c05311,2
647cdd18-bbe8-e7e1-456e-80c893d3eb6f,eac8c49d-61bf-e014-2784-0a10e6c05311,2
709df46b-04ed-3229-297f-c98dad62678b,25d745e7-88b9-478b-42c8-ccd7adda7c3a,0
1902c59f-d6f9-2970-2dbc-0d48437bdf13,5a6a01e8-bd98-692c-8f71-b93368671c4d,0
509c7bfc-8865-2adf-1532-c24446c8c70d,e9879f19-31e8-8948-c947-979ed619e962,1
460dcbf2-5679-d21a-ae79-5898b54e068e,c67d2b48-d377-def9-ffb3-05106a489510,2
5acf376a-70e4-45c8-6b26-0fa2871a4cd4,fe0f3203-0801-0566-004a-14a28213fc6d,1
85bc662b-1eae-e91c-c515-0869f2b1db72,56dfde11-0e9c-8242-26ab-9338f9ec662b,1
41737180-9e2e-1fc1-d92f-fa274ce5194d,3699b35a-3ba8-0170-ece1-b509cdeef253,2
c7eb3c6a-f04c-08b2-1357-a552076bd2db,15afe7f7-3ebb-5d18-c37f-4ea0cb71cc17,0
83ce02e2-3876-4c77-8491-d409c5509428,3895fdef-2ddf-8fb9-72d0-4087d34dbc7e,1
5004b578-66d3-97ef-3f76-6e916b65515f,d9145ac8-d11d-fe2b-7135-89822ab221f8,2
276c0afb-3527-ff50-90fe-51cfe1b62c98,9e1525ce-34c9-c2fe-d652-9c38d212f83e,2
05924e6f-865f-b543-1dec-b51951301862,6dbc66bb-a804-40bb-115b-ecea2e528788,2
6135ffc5-75a3-7dca-fae8-fd00865957b1,6dbc66bb-a804-40bb-115b-ecea2e528788,2
4a5a525c-5f5f-4179-9ff6-0729ec09b36a,38571095-d867-b438-309e-ab0319682fd8,1
f1659cdb-34fd-82a6-5f07-dc56c0ead41f,0cb23dda-58e3-2e34-6f22-496369a40f7d,2
702d6a6a-9711-172c-37e6-105929944cce,0cb23dda-58e3-2e34-6f22-496369a40f7d,2
809eb345-cbe9-4c85-2b13-244853303989,4c195e0c-33a8-89e6-4196-3dbab53c9847,2
18a61009-cdf9-0a98-2940-6191f3b94933,4c195e0c-33a8-89e6-4196-3dbab53c9847,2
774a3e28-7d84-27cf-ae03-278646532831,a0c11628-8bfe-73b6-78f3-1553b485431e,0
e2511887-d598-3475-45e3-b61b16f01c20,86221f81-7eb3-e6b2-3c08-9dcaca7cdbc2,0
9b391bc5-c644-5c87-e70b-c1f5a35e4806,54072e81-4843-a574-d8c5-4451d8f2eb89,2
ee44698a-ec2e-9bd5-8123-b9fb8a345dfe,2e606bc7-9c19-9f0a-d722-b883be0a8f34,0
b67a0b0a-7ada-0fd9-18b3-b8b84fedea8a,2e606bc7-9c19-9f0a-d722-b883be0a8f34,0
1eb87dd2-2538-a093-6a3a-1e5f625ed197,65872c68-b87f-be80-ce44-d9597ce42680,2
74e408cc-6f3e-8530-8349-2c55fd60bf9f,a732000e-eb74-87ce-87a0-34fc4a75ff4f,2
b9c3a90c-4293-4cea-a0e6-5520d774643c,d74b1841-0753-ae76-85e7-e62511220411,1
a96fc7ac-f90e-703f-d9f2-fa9b89c63a00,ba033f67-84a2-246f-2b86-405357dab921,0
0a1b491f-edd0-7d6c-8345-f6c4c4e322de,eaa9ec66-02aa-04f9-f97e-1658eebc9966,0
99df774d-497f-35b1-7a81-ec2835361123,f2457759-2a7a-43d0-a05f-c4b5d11d81cc,2
e9bc032b-3e62-5618-2811-ce207ca7b896,7eea0101-c587-8058-1cab-f29f53edbe7d,2
149cc3c6-4dbb-614a-a6e1-ca48e5a34adc,4b1b5882-7a17-91e0-50f7-d85ef830b34a,1
11fcc112-6f7c-3e5f-5ac0-a6458897032b,26083747-0634-c9d5-2ae3-25895f5a37dc,1
47ea3cc5-79b5-b269-da73-9b94686002c2,905d59ec-b223-e547-dbc9-a77fdbc8e26f,1
3cef00a9-11f5-1530-f4aa-a8715a271d4a,53761967-2a94-a509-26fd-8658387cab21,0
9854c532-15e3-b603-1b72-c559460f4434,2c519048-7b4f-2a3f-a119-6823ee0fba3c,2
85568a23-1c2c-66a2-f1aa-1e96871a06f4,9e05c003-ad6e-f28e-bbf2-b2cd4385e9ed,0
10c1e09a-7a03-7a96-2bc8-7973e7bc0b17,143ae743-24dc-e11b-b2f9-f23c3196b1ed,0
fba610f3-5f7c-c99f-20c8-b050d4bfa20b,740922e5-6b57-95f3-28f1-74b5a9c5d164,0
dc96a6c8-eb4d-61c1-90a8-a797d5cbf378,b4f0c25d-96ce-230f-e797-63e69bcd534d,0
1df01244-643e-8faf-aa30-faae6cd4a74e,1fd0a369-c799-d0bb-d8ef-718e89afc1f4,1
7378a395-ed9f-dab9-6e5d-2948dd550c4b,1f06e44f-ad3c-fa8a-4a01-fdfdaf4caf30,2
bcf802fe-efc8-379a-9175-5a46d611568e,1f06e44f-ad3c-fa8a-4a01-fdfdaf4caf30,2
bdc408d8-949b-b31a-6e30-4ff6981f19d6,fd97d696-dfdd-66e7-90e3-4c96138810db,1
8256914c-e703-c4f1-01fe-0e7fb7a4128e,fd97d696-dfdd-66e7-90e3-4c96138810db,1
58d163a5-85cb-18c4-2ec5-f34c1356a998,b458b58b-453f-6a79-99db-5bdb2f5249c8,1
45e6b974-2bde-1da1-0c12-55ffb5166825,59064cbd-d18b-bb1d-1d62-a563f908bc02,0
040380a0-7452-a4ab-eefa-de73a7fba29b,942a81ac-44ba-c4be-0332-4a882b06def1,2
590159f3-0392-ebba-0c73-7e0017d7765f,942a81ac-44ba-c4be-0332-4a882b06def1,2
33148df8-4447-6419-e87e-6c1dfefa98ea,246aa810-28b1-eb6c-341f-acfea513dbc3,1
61d76bda-7bff-8120-bc54-4872aeba8f90,9e9d135e-50df-31f1-51b1-2cb0ee889530,1
09284a05-dfcd-3415-4fb7-7818d83f16e6,e771d180-3076-a7aa-360e-77f87dbdf66b,0
76d01c82-319f-964c-1be3-40c8d863e45a,a152482b-ef97-f115-75bb-57067ed0f65d,2
cf1ba87b-8ca2-492e-2e89-bdf4fc4b7531,a25c28f6-abe3-7307-4492-4155d59b07b9,1
6649b6f3-c257-f9be-9edf-84276337eedc,c47dfba0-4070-a010-86fb-fad3b1408357,0
7a6e40f3-254b-f59e-0c4e-10c83378ad3a,c47dfba0-4070-a010-86fb-fad3b1408357,0
6fe2b19e-46bb-e0e5-f0d6-d07d33bbd832,97151282-937d-2359-3e10-b2f0929ff81c,2
42a9ab73-647e-5aa8-9c87-67445289220f,ca1d3b81-cd84-76dd-5675-7d7b2d54c05b,1
2d9af783-69c6-8991-fec3-8f81c93fe40f,f6a410ab-cd3e-3437-d453-b05ba27cee00,1
7da3918b-0e05-b9bf-3f5d-322964d7107d,f6a410ab-cd3e-3437-d453-b05ba27cee00,1
add55763-9211-744f-7f02-d055d62d8867,89b1a1f2-5694-1183-95df-7c2b550407e4,2
1a6c4d63-1c82-b9e6-2de4-f975e82031cd,1319d321-12e4-5ce4-a8ef-9e0da11e7428,0
dadc1f85-7b05-3ae9-9585-6d4301674f87,06ce788e-201e-c8aa-b771-716757877f25,0
91750328-359e-fc10-4dfb-3948a0c365ad,43e49ccd-77a4-d9b8-41da-a67dec5920af,0
c31bd94b-84e6-fdfd-fdb0-3b12cecdeacc,14bdbaf5-c94a-dc73-09b9-83d1cfe27aab,0
bbf05ac3-19eb-6f09-260a-0998ea12546f,70143efc-7f6b-51db-49d8-094528e23e42,2
58966d32-9ca0-dd7a-a7eb-483004bbc515,88ce4866-f02f-0b4c-4fc9-e08506d20cb1,1
460bf324-d508-b0d4-aee1-53d891289e1f,88ce4866-f02f-0b4c-4fc9-e08506d20cb1,1
73c2db62-ba23-686e-5989-c8e01e034ab6,5f2f244d-6278-c299-a6a1-e465ded80e71,0
5d0f5bc2-8954-5a6b-80c3-f9cb60f8d6f2,5f2f244d-6278-c299-a6a1-e465ded80e71,0
2d1acd6b-9558-fb91-cb23-3387c8caeb09,8b76b335-de0d-ab77-3ee8-3a4f58afd71d,1
1b65697c-cc77-a76d-e79b-e7784eeea055,d6338a0a-ade2-875a-9d19-012d9de63c60,2
6e3052fb-4e63-1bd0-dce0-3a59d684bf4d,0efb9761-1aa4-445c-2822-073344db0948,0
da0386b9-4e3f-1945-82a4-3fd1215d16cf,8046d76c-02e6-c2af-00fb-3a117763d32a,1
9a5e33b1-d382-1fc0-aeff-60185adccc9d,52e76ecb-3532-93a2-1829-0574fab08f0a,2
1b7bd228-bf96-f3ff-ec2f-c68f9bf61eaa,52e76ecb-3532-93a2-1829-0574fab08f0a,2
e1f2812f-7292-aeae-f5db-e59a7af1665a,527545b5-ed01-e8bc-2fa2-64819b9dde23,1
79eb9315-1fd9-10fa-748e-0c6da3d5278f,fdc92094-8038-026b-f8f6-37ef32221dfe,0
ab13e395-e032-c663-d934-918407c79a89,fdc92094-8038-026b-f8f6-37ef32221dfe,0
dbefe451-b767-e17d-bdba-2877bffb2ab4,fdc92094-8038-026b-f8f6-37ef32221dfe,0
9ab75fee-3269-861c-887e-c9e136f0c612,7dd0c2eb-27b6-ea03-1a69-34ee7615eb69,2
333bf2be-0515-63e3-11f8-d86e7189ccbb,1cc87590-056e-5e84-2819-86b5c853ecfc,2
b980065a-4bb8-24d6-49e2-da30a088302a,4ea486db-0af1-6649-39e1-11fb9e64226d,1
cbc83262-92c8-64de-7a3a-9a0cf447da74,4ea486db-0af1-6649-39e1-11fb9e64226d,1
49aa0924-3e9e-f6a2-408a-d8902449ae52,4ea486db-0af1-6649-39e1-11fb9e64226d,1
b920aef0-d088-5e72-1988-57e74790cda3,27149e6f-c049-81db-512a-8eaa4990ef4e,2
719931ad-23c6-8783-1593-e11d9c58413d,0ae249c0-5fa7-0449-0846-8fc9b6d0a8f1,2
3d294d40-9e16-293d-170b-733f7d80d53c,517d3c50-9a53-f91e-dc47-9c1457ddc1e8,0
80363d92-43a3-7371-5230-82b1df889b5a,2070fd24-7f48-ccd0-b995-c058042867f5,0
379b3f11-333b-61a3-d77c-968babae1777,2070fd24-7f48-ccd0-b995-c058042867f5,0
d8d4a416-52f4-9579-cdcb-603a36cc7e58,646f7658-1ceb-d9de-09d4-2123254bd4c0,1
4eba7a36-8901-4049-b3f1-5ce18a590d09,a051a6c0-12ee-7c3e-2860-4b4aeebd28fe,1
98bf1163-755a-ae1a-e46e-53cfae5d5dfe,d737bfca-4df9-ecaf-193e-32eeab5f03db,1
01c442af-bcb8-546a-f78a-fe5c1bcfebb9,d737bfca-4df9-ecaf-193e-32eeab5f03db,1
81e8c773-e36f-5926-9a90-c49d0ddbadab,8aa384fa-5cc5-816d-73bd-a95c0eb6008c,1
9a7bb70c-eb36-2b28-b91d-7023aff69c99,1dcf3794-a987-7660-28e9-25d361d04317,1
c5b9e38f-8356-a68f-67c4-1ef66fc866f2,1dcf3794-a987-7660-28e9-25d361d04317,1
af9f1391-930f-4211-e1a3-4b7775f07a96,13d16e8b-83ed-3e58-6a53-077225a2b003,1
cee7b2ac-72bf-f08d-6a6c-f5a483baaf21,2cce03ae-50d4-3a06-5a91-2eedd6aa0deb,1
4214cffa-bd16-c351-0ff9-e7c447a95421,49091940-fc9c-bfc8-acd5-78658d0d6ce5,0
b4514aab-f1c2-b586-f8ce-f1d118bf5127,23581ec0-eb32-3501-2a53-0452dda0e336,2
3fe60435-e55b-cf7e-04b8-efc1e84725c8,8eace03a-3989-6797-e4d0-1cb9e600e070,0
9ecdd393-e798-b7c6-0cc3-4821358fb058,4b92f2dd-b39b-46cd-e4d8-04e0ba92cae2,1
e7316eda-730d-2de1-4f13-3aea1c786ce7,6d16b00f-d685-4a60-4db5-b95fa6295c26,2
95e0b911-dba3-a5d7-4190-8106c16f75a4,a39c188d-4e78-a426-1ed7-4855e736abcc,1
0ab474de-d0f1-2c43-57e6-26f061db6b22,79d3c2c2-ff1f-e8f3-8f2f-27978dacf5c3,0
8b986f07-4af9-b90d-4ed4-a553f1ca120c,e0603cac-9c35-da8c-b8f2-f16400a477e5,1
8249c9bf-fb20-6056-5577-c69322b40cbf,ac048afe-da37-7638-e70a-dfa785175c80,1
b80141d3-50ce-3d2a-f04d-1de3064f169c,96aee65e-194f-a1e6-3ed7-72ba6660ae89,1
86b109cb-e3aa-5e25-128c-bf85355a5df7,80926721-4bf8-bc9f-20df-d365fa5a9eb1,1
7bfe35fe-afc0-1cf3-4a77-888e0d42c238,18e43e15-7206-5dfd-309a-d27722e23dc3,1
842ac6f8-745b-41e0-3b92-70134e45fc06,faf6be33-c3df-33cb-21bf-61a1f73cf9e2,0
262c8280-99dd-c5aa-dc40-d0809a909f7a,a519a115-2e40-856d-c831-acdffd6b413b,2
3e982ca5-4d67-eeaf-d4b3-1e07c2c08019,74ac6654-e168-2970-b02a-ea8f3ebf7b85,2
23347d82-25b7-6cd1-bddc-829ca50add92,09332c3d-ccf2-d251-a880-2ebdd18e64cc,2
976176b2-1b11-d5ae-17b8-aea35c682bc8,433d1b96-06bb-daf5-873a-48a040a802c2,2
6ba43708-9f3c-637c-682d-93ea033d90b9,a45f2fe3-8a17-1dd0-5230-6714a0ebe214,0
82c0fcf4-220e-f06a-d2db-4a3586ebdbdd,8d993127-d3ab-6daa-633b-b1d63824bdd7,2
a6b0584c-8cfa-26b1-621a-e00df4e0b677,04d71248-dea4-d7ad-2ae1-83454b9f7d51,0
0801e951-f041-269a-0ec1-19005e8cc62d,8a94d267-0074-1863-f352-eebe88685ad9,2
81ee8e93-f667-3047-2ebd-e6da6384ec09,389b3366-5a29-12d9-9476-e8e671a6769a,0
7d27d641-2e52-3dba-5702-7a7821b4f3f4,389b3366-5a29-12d9-9476-e8e671a6769a,0
e8e13c18-7810-ab44-b60b-eda5be3d6dc1,89b9ab9c-963a-69fa-6779-0f13d019670a,2
1062623e-a0f6-7b77-e1e1-02bfce9a0515,2cbd1b39-f54a-b103-49c2-79de112b8ceb,0
3914a945-3577-5081-ba68-cb2dc3cd9094,ab571938-4c7d-b8bf-d4b6-ced8f7e0c458,1
eea009e3-0727-63ee-bef5-eb31ea62eb8a,d6574015-597f-a23a-a55d-76e149163b27,0
d4959ade-5085-f083-5edc-c790a8333394,5d0bcf49-34f7-9c10-665a-df7632986848,0
f8f4a7f2-8b81-85fd-42a5-1ce8fb836eda,10b04936-7e3c-0332-5f66-9b52e7e9fda6,2
49235203-5c0f-1286-fd07-3c798931c031,b19b081b-042e-744c-e892-0597a7ab097a,2
0663e49a-34f9-5d09-28cc-59c19f499291,b19b081b-042e-744c-e892-0597a7ab097a,2
7b1673ee-612c-28f0-836e-204abc1fce9a,1edd5e09-e669-b609-5d62-d9fe094a1f32,0
be75ce02-17d9-de1a-2d63-ba8c917f3bd7,03f199fc-cc3f-5a3a-2984-407b6d240034,0
18b44895-e0fb-3797-2bce-f1842dfe5bc7,b25fe9a6-2b0e-875b-4a9d-20e7a0895c22,0
5d017a55-7d81-f488-1442-5b448a98a69c,dcf5da1e-beac-547a-5389-3a08490d0522,2
28ab912c-c168-8d5a-23b2-77e398091bd6,dcf5da1e-beac-547a-5389-3a08490d0522,2
b694abef-ef50-523b-7fb5-d7118c8c99f1,8758343a-e1a6-6927-5b20-3ada83ad7bc1,2
1fe14279-b886-b43a-3861-ecd05a30864e,a2f18786-5171-bcc9-bfa7-4e9ef98c30a2,2
c6e45694-1df8-ba81-0d27-35f59e3ea9c1,6f77c7e1-6aa1-4a28-65b0-58ddfd17e0d6,0
215ba12a-32f7-65e5-b416-75acc15a0983,8aa0896e-d73b-962f-404a-bda1b0a077ab,0
c8508c97-6c0f-19e7-1545-27128f9d9359,86af8121-2571-2095-5bdc-6c21193090b7,0
5347a614-9a68-112c-70f6-bb737a988e27,86af8121-2571-2095-5bdc-6c21193090b7,0
49f26c4e-60b0-9bb9-340d-bb2d5e984ec0,8c28e0c8-90a3-7521-30f3-6fce075cc2e9,0
80942169-b9dc-2984-02bc-cbfd4f36e0bb,0565a9f6-09db-243a-997f-f2c0b2df3dcc,2
3d136058-bc0e-1987-6de5-df1626a56134,8c34c6f9-9187-815c-c16b-80397160691e,2
0a0dc0ef-ba19-2f01-46b0-914ab903657c,6d7ee6dd-7a88-49c4-9574-6fe5e00c0d01,0
cb4d7e56-7959-ff86-6298-3b41fb6782a1,6d7ee6dd-7a88-49c4-9574-6fe5e00c0d01,0
3cf0f6ca-db09-0248-5120-4f54f11a1f7c,915f162e-b2aa-17b7-f9e8-dfa276be0a18,2
c2dedbd2-4483-660b-292c-4cf237f06ce8,049b83b5-7904-adc5-6a1e-6c9ba651f687,1
2f98f86f-f758-41ab-4066-4875019b03d3,8647458c-5014-df3f-d05d-e8daed581fba,2
d441b72a-6ad9-bef0-4a45-4f6bd723651a,8647458c-5014-df3f-d05d-e8daed581fba,2
e8a79d86-3570-c4c1-8a4c-a9fe45c89bc7,fa01c94a-a44f-6549-eb92-5c8c3c372dc4,0
afc1f992-3692-942b-4e5d-6065b2a349a3,62c5daf2-314a-036c-044d-5c91c3524e87,0
0bd32dee-81dc-c677-d37b-604bbd3088f2,bcc4e2f5-4947-831b-8e60-df8098ae1f0f,0
e5d771d0-feab-da36-5922-bb3fb2fe4459,bee95748-e1f6-d226-be7f-9d74be35dadf,1
f9bfc4ce-a1ed-39e4-e74e-736fb1b0ead1,bee95748-e1f6-d226-be7f-9d74be35dadf,1
a0419598-512b-efe8-86bb-e2ae391a3449,179a7bb8-5677-027c-e113-6eb33e24f66b,0
57b390da-7e0e-0107-bacd-121f792c75a9,e23051c0-e94b-e6e5-bcd9-ccd92c21aa60,2
3c781a69-4831-a497-1e95-772903348966,2977d066-abc2-a2d6-1b96-93e4b32370d6,1
c8e1e52f-8a1a-392e-31c3-97a4a7136b4e,b7a2af8c-b756-5725-69b7-2817adfe3105,1
c0c6db74-3b04-5e05-5c1b-1081a4df130b,d4c647b6-555e-9c38-a8d9-17613703e5b0,2
923ba6d4-682c-b576-fa3b-96e145ceb25f,fc48e502-0e2f-4ff4-1664-d45f53bc1466,0
5d42d8bb-d4e6-cc89-b66f-456d8d4718bc,fc48e502-0e2f-4ff4-1664-d45f53bc1466,0
3625b41f-adc5-0861-4213-809510596f27,abb41e7e-967b-89db-3301-87f46288a18e,2
8cf2b4ea-6d77-10e3-77e7-e61064f2ea18,abb41e7e-967b-89db-3301-87f46288a18e,2
6bc5f415-26a1-3e77-5084-5f5f04d9764c,a94e239c-1872-2005-9cb5-424b10fad5c5,2
0fda334c-9b8d-6a7d-5d8c-a6117ac8e5b4,e9c91a4f-d8ee-e8b8-21a4-9e8a2791b817,0
3fd656a8-7333-f4b0-bfe2-9d1729346214,decca8aa-3284-9344-fabd-22462c82704e,2
6895fab8-6cbe-6fb2-57eb-77274a05b6fd,bf487761-e40c-b609-ca08-c3902388e43c,2
0cf9c8cf-f6c7-8ae0-401f-14b08844ae18,bf487761-e40c-b609-ca08-c3902388e43c,2
777a8d8f-1891-f035-8907-e063f857afc3,f9658073-2032-ea18-a639-344fc41dfbf2,1
c33a8dee-e84a-054e-444a-0cf1a9c03bc5,f9658073-2032-ea18-a639-344fc41dfbf2,1
1ab6242b-7b92-f90c-ff90-a4ff219671fb,ad9e69af-8e2a-5d07-29f8-7137dce87274,1
48ce5678-a4aa-d6ce-0c5b-0a099862b87d,0a2b6ca8-f78d-a344-dae1-c07b9c621621,1
d7b2d3d0-4acb-dc17-b515-ec0076f830d0,67412673-e5e6-3109-85d1-d114939257c0,2
a0dc7d72-ec8a-5dc8-4a42-60dfa5d2e3ac,4be5423b-bdb9-87fb-5452-e08c2e8efd84,2
d07a6e88-2416-d1ca-a93a-d0c9d66ff358,4be5423b-bdb9-87fb-5452-e08c2e8efd84,2
4d6b6528-bd58-45cb-28dc-fab5e981b81b,7702b6ae-91cf-c1e8-5092-6b8afd5579bb,0
cf0bdc52-6e31-f0f1-a2e0-7e77038ccf2c,71bcce2b-d202-360a-2e7f-2cc4b530f03c,1
d9e5e329-0f1a-d2d8-f484-dd2e59dd5de3,20a1116a-daff-4c3c-50a2-2f8b0e7299cd,1
4ed0a202-3b8a-77a4-a01b-179d1e3e42d8,65a1b2ad-59c4-19f6-7a9d-7ba607b2b26c,1
0eb31e7f-3353-4510-9cd2-9e5b7707caef,8e4e6f3a-b072-d3ff-2c7a-27c7656f9fd9,2
6a868a23-a4ad-c414-b2ed-20cc2f98431f,2cb95e1d-e7b7-a461-0c52-c94dbded6368,2
9c0737ad-fbff-9b8e-04c9-f4b1afe126ee,2cb95e1d-e7b7-a461-0c52-c94dbded6368,2
64d4e5e9-78f8-041f-13dc-ca92fc6184b1,2cb95e1d-e7b7-a461-0c52-c94dbded6368,2
31feef06-2087-45b9-f238-225b85fbd495,24737170-190f-72fa-678e-1ab2313ad8de,1
a7a22274-768b-dc9e-ea50-4c21b5740d82,cba55228-11ea-5c40-8efe-1b49e6ef55e9,2
811f826f-040a-be92-95c9-5a5b07994e66,1fc7e739-31f6-b38e-64a1-b2d016ec33c6,2
94481f9d-b1bf-3c66-627f-09816219bfc6,65bb911b-4e76-fd17-86d5-b7372943541f,1
74bec588-8e1c-cf89-dc5b-2a97bcd0c229,07f4f3fa-5bf5-4d72-77e3-d01af94ab31e,2
3cb3a9ba-52c7-d1fc-304e-2a8ec65aa17d,54592b25-bf96-2400-e335-704191adb2a5,0
bd4982d3-3dea-a2ae-fe83-f7e9c69cd85f,54592b25-bf96-2400-e335-704191adb2a5,0
34ea02ba-8c5f-ee06-51a9-5b466c04bc9e,0ca2f74f-d9ac-8800-107c-6372ed271394,0
f3caad57-967a-2c0c-0886-64e319a02cba,1d5b3374-b52e-1900-31b5-464c809ba45e,0
3753ffc1-64df-62aa-e2f5-965ff13ef452,1d5b3374-b52e-1900-31b5-464c809ba45e,0
b9d56a13-d43f-fb66-2cd1-dd56bb23bab7,3a82badb-56d3-a704-382b-802446b3ac6f,0
bec50f7a-dabf-4c56-89ca-316490d8ea1f,16624d41-2a80-caee-7f9c-ec918a8f79bc,1
ff9a09d3-e58e-c1c9-50dc-d1c8b13fa2af,6e28edb0-3481-d934-afea-a3e16fb6ffe7,2
f681b3d8-f23f-8c45-5061-78325de3e12b,2034255f-0a0a-09f3-1119-ec189ecb8031,0
c77aa830-0e02-355d-c97f-450d5f560632,aa73f63d-ba1a-ef30-4071-f4def2a734da,2
f9bc6fbc-fd9c-9fd9-9caf-1bd71d2f8d19,aa73f63d-ba1a-ef30-4071-f4def2a734da,2
f068eeee-5470-8212-5391-bf70ff244268,8b77100e-6fbb-2d27-230b-e715a6682a16,0
d4425ff9-6a2d-c191-95f4-48cee984a443,a83e644f-6fa8-a26e-ee64-f71101d2e21d,1
0bb3b4ad-b93c-4a6f-3f6e-e2bb8b0b6765,26addd81-e5c0-b5ee-8c13-d6f9e7f4413b,1
9a6745aa-9d3c-2c32-6cb7-fdedf91a2944,a826b6eb-bf8a-2fcf-5699-667455df5736,1
e46d4864-aa3f-b333-7d04-05b19790f98c,cdb10f37-82d1-41c7-bbc0-56efd7980184,0
c00f9110-11fb-7575-42fd-2f54534d40d8,b35d236d-65b8-73d5-78e7-f1d84160e56b,0
4ff46f4f-131f-aea3-d34f-755b008d6966,35b9fd5c-ce30-dd25-cee6-fba2ad47b164,2
fc6bbb3f-c121-2c3b-681f-3a697f0052dd,25af2468-2ccd-4c4d-fa23-edc1f52b6ce5,0
1bb1ec67-78a7-f474-72c2-92a8b35a3bb3,02aae4e3-a065-bdd0-0e00-c0d428f95ee9,0
d0409535-8f1f-c94c-182a-c5786c1059a6,7518f64a-7001-9b03-f1c5-ca10d0473bd9,0
7300abc1-4027-1df7-944c-2ae6a6f39501,c39af360-5460-cf59-6cc7-7121aadbb3dc,1
f77aee28-335d-5854-ebb0-a4193c25337a,b6ae9735-75e2-adaa-9c52-79f86f3243fb,2
a32f8ea3-87f5-a8ab-9f26-3aa761dec01c,bc4d0b1f-175e-353c-18d6-c0683691343f,1
6a263931-d519-52ac-84b7-1746013f069c,bc4d0b1f-175e-353c-18d6-c0683691343f,1
84d4f371-7cd6-ef0b-f73e-f812df3d28c5,b9fc5db8-e286-2037-1e99-a1b8aec3d987,1
c59179ef-9131-c4d0-5db5-f4a2af5cb900,53c021ab-06ff-06be-9104-55dbca148a46,2
452dba89-61a3-a72b-9ec6-08eeec4ec1a1,0fc881f0-70c0-50dc-f526-beb6340a1dc6,1
8b51513c-76d2-3d31-1e44-fe5830aa676d,56f65435-3fc2-12dc-e524-1dc07294a767,2
cdfd6c1b-ec84-e1d4-5599-746969a5b4b2,91680942-d6ce-3114-6bf4-ac565c4ab7e6,0
f50cfea6-3318-8284-aa98-a2cab86525d1,0e7024e4-3ecb-f029-301f-6e1b343d25df,2
2eea7fb8-3296-ee35-624e-543ddd14245c,e5bb2951-87a2-685d-f037-5dfc18ceda94,1
2b9a6093-ded9-2599-449f-eb3cce0c5039,a8e6d8d6-0154-a911-7a35-8272876db7d6,1
cb388768-fe16-7d9f-e298-dce67d9c54f4,915a6aba-c7e3-cb27-b549-cd31481ab915,0
2216f74c-222b-854b-b25c-7f537a7441dd,bcfa6ccc-edac-d2fa-c876-ea0755886e17,0
dc8cfe10-8256-2449-8c49-e73696f56212,6fea744b-71d7-fa39-055c-40ef77d4eded,2
07edf5f0-9832-af70-9b47-84b93925d3f6,568100e8-0dfb-4143-3f5b-d46fa701c0ed,0
545e7bcd-852e-ef42-5e34-2079ab8ed4e9,3dce0138-9d8e-2b7b-3518-69b82ccab273,2
3fa81458-7f3c-6fc8-3a4c-bf0eabaeac2f,425a6c64-a153-3b05-488d-01a502529e60,0
da6b21d7-752c-af47-0817-fd7d10f5db7b,dd6f4f36-d7da-8d53-2c30-b50c40914c22,2
4c5756c0-0f8d-1885-9225-d8d4becceb03,9df5f824-2bc8-7ab0-e00c-5dcd07d44f1d,0
3c8aa39a-8ebb-1451-5b12-14345cba498a,e5d70ea9-d9ab-fda3-7314-bb045e1cffd3,0
80b4a648-8675-7af5-f071-78b9b483e67c,e5d70ea9-d9ab-fda3-7314-bb045e1cffd3,0
eaecb836-53cf-5fff-2456-67a0e30d9c67,e0f4a101-c0b3-6c8b-7fc5-a0d994a34c1f,0
2905aef0-4a0a-b221-b54b-577e125e10dd,2174c190-b449-a0e7-a405-55b1106bd351,2
a1890279-3311-b311-ac5b-0f25ce3dc0a2,b88afd9a-9c8f-7496-e15f-4b91ca089ea1,2
d24cee48-d9c4-e3f4-cea6-bd5dc9b61f8d,8cd032db-db67-4a32-0008-badc83e2f6de,1
989295d9-6feb-65e9-b0e2-6410445dda02,183a388c-9331-0fa1-8061-089bba6422c1,0
5ed5809e-cc17-b35d-c1c1-b3674eedf47c,4ae69ffc-6b5f-e788-57f7-328fffed30fa,2
2b3be406-f490-9e0d-8aff-4f8afefd8106,a17d7fb3-2070-f62d-6458-36caf07f73cc,0
d0dc869e-da9e-906d-298a-08bf9e47b7a8,a17d7fb3-2070-f62d-6458-36caf07f73cc,0
40f12f40-471c-ca31-828c-786e5a1f8c4a,539e7ed2-04bb-d4a8-c4c6-8e50d9c544fc,1
3a832515-6d52-6958-a04c-8704c3cd89fb,c8f3ec4a-c48f-41b7-5a4f-e911a6015377,0
e4932b9a-8030-89f7-a7ee-d37812d14930,d24489e6-172b-4fa6-78c4-bb4eb3fcd878,0
d0ffef37-522b-9341-4f04-b2d32bc98e6e,71d8644b-65e8-02e0-7fdd-01bcb077d120,1
308706aa-0980-7a85-d403-968042f88a59,276ef292-0de2-a7d9-1f5b-a4be1115b2de,2
d5a5285e-b1b7-a926-1f84-6b01419ca3b6,276ef292-0de2-a7d9-1f5b-a4be1115b2de,2
d05ad7aa-a584-99ad-a809-eb35a0a677bc,35a606ca-fd3d-62b3-22d2-06a94e84ed0f,1
5eff2808-d081-606f-4198-956fe719d27f,92fc6351-30e6-d23b-13de-cbdbc78cb6af,1
63052193-6f2b-97c1-5329-98be3a404f16,6f126259-15b1-0766-2dac-572ffa6a2605,0
cb2bae62-8f50-edd2-54b6-915193b99221,833b1b89-cf3b-0b2b-5bb8-18acad3995ee,1
a0f3aec9-f150-53ab-194f-57607618f81e,93104943-b3d5-9c89-4c5c-9dbd81e56655,2
4ec2d53b-5c02-d219-aec5-81fed112c6c6,776bdd1f-7f5f-513f-01be-4c07cc5ae367,1
f7d40fb1-60ca-a9ee-717b-2e0fe8ad14c0,776bdd1f-7f5f-513f-01be-4c07cc5ae367,1
c7b8c1a9-8613-b34c-6ad6-fc31d529681a,30fba271-3055-b455-ba0e-c7b0c787bf1e,1
08b2f739-6082-a9df-b18c-fad43ca505e0,0578f305-d8e2-fc9e-abb6-3c862922799f,2
daf5f02e-1cec-fa17-e6f2-882732d13c75,051f520c-5d8e-8b68-23b1-ca4fed378d48,0
07770cdc-adfa-5fd1-f43f-bfc84d8aab67,a38b96da-70d4-ba84-5911-bff9b5d60e45,1
47a9d80d-b1cd-b738-59a2-4c82347a1d30,c7ed1491-4531-600f-be28-65b835f5facb,2
45f1fa5e-55ce-f3f8-5b42-def9c7ec779b,65403d12-0837-c065-55a0-5fa5c60a0a3d,2
e8491b65-0bf7-3f27-d8db-40578353cd33,2c578251-ad2a-9197-3ae0-2b93bc591954,2
a9cc5cf0-f612-8346-77a4-b5d1b85256cb,43102199-21d3-b8e4-3266-494c002c5222,0
ac41c242-076c-c8ca-d908-4701ff03c8c7,540b16bb-9662-ba54-39a5-cb6e6750e0d9,0
07f491a9-14b4-eb9b-6986-fe5e06db601a,70bd375f-2be2-d6d2-8729-0fde405fe21b,2
7dd2539b-39b2-1bc1-dc46-1a388cb344f9,8bb2f1f2-2fff-b845-9880-5556681c2b5f,1
4812a3e2-8711-06b7-7fb0-9a84c0116de7,91660605-229b-84c5-1787-c2bc13d14610,0
2e447e40-47ec-da51-ca19-c2da2bbde58b,abc3574a-cbab-6ca8-8907-dd4aa6893bb6,1
73c92898-a6c0-3edb-b00f-c6c79457d370,133e4d1f-8925-e8ce-2674-9c761508b4bf,2
6e8671de-2b46-42de-e48b-a466c7b75c92,eef5630d-144e-e6d8-e5bc-74995bede637,1
b546b748-5bec-5307-a70c-32999768993e,3432aed0-57f3-274c-05e3-4960b1ade03f,0
6581623c-6a34-7754-7655-0109105fa6b7,7b38d1f9-e422-8170-5db9-2b255dea0e25,1
9504ef97-1b41-05f0-7681-79cc090cbe1a,df8c380b-03f5-81d8-3b20-e4738a62ec68,2
accacd50-a3df-c611-f6c8-2901bd042883,8bd6a2be-e4a0-68ff-7d03-f4eae5471471,2
d31eeb91-9a47-c6c9-515d-91083a739ffa,c395c14c-2b32-04b1-cbcd-a3dbb4f707e5,0
f10accf9-2fec-6be4-ac4e-33626ce5bc59,a271f798-83fb-2767-c649-8c08cd31f2bf,2
a849fef4-4f96-2cfe-4736-41fd8351432e,0f925883-59e3-7ec4-82be-cde9f11408d2,0
19162103-524e-e428-9027-b50dcfbf77f9,9699f649-3f7f-673b-399b-3c528d55e68a,2
044b1167-0809-14e5-efe4-5eae6328ce8e,34190ae8-953c-9832-f20d-52471a6840e6,2
a6202237-63a4-0225-6237-6fbb1f1e9e12,e27b943a-1318-02c6-ea03-9a5f3c3f7f3f,1
df65cadc-5988-e3f1-50ac-52d5748c895f,e27b943a-1318-02c6-ea03-9a5f3c3f7f3f,1
44390168-5857-3c4b-a056-642652d5e3f4,a4d4235a-1507-a3e8-51c3-b8e10afbcdc8,2
26cee126-e2c2-f8e7-428f-ae07b53d558d,44a24b3f-aa3f-a460-4458-2aeacd80a3b0,2
355a8644-3863-9828-3f59-79b18b29402b,97bebc60-c208-2f7f-5ac3-1c18d181f1b4,0
11239732-4c37-9ddb-c8db-9369a6ce36b1,12dd3754-4ca1-e49d-56c7-748d4672fb3f,2
ac62027e-c937-f8c1-bac9-d099c461e5f0,cb79663b-0ba3-f829-7ac3-206ce8939f0e,2
51352d02-067f-2bac-b02f-59e31c58be3f,cb79663b-0ba3-f829-7ac3-206ce8939f0e,2
a8a3fdee-ac86-ffa1-400e-3230e937c77b,608927c4-c76e-a3e9-5b23-a1fb7cea6db1,0
ca1fe8eb-f5d8-b5ae-320f-61a98195423d,d417446b-f812-c6d5-f759-e8d6766c8d89,0
6014f2a1-3d3f-86f7-cece-75f455b46f25,d417446b-f812-c6d5-f759-e8d6766c8d89,0
6df71923-1d05-6a16-ac1d-4ac81536b86a,76651361-4c4a-ca88-ef98-b7ff7c0c7b11,2
f2ed655c-0ab1-41b1-e238-1573e09e64b5,3c09b274-056d-386d-7d99-d3e0d42dd77e,1
6b9e25ba-47f1-8828-6624-1d5639df0ba0,886a40f3-4c75-4b5b-29e8-37593e12f615,1
2cc6e8dc-6efd-83dd-cf1b-ae97d1f37d74,bec5ad82-6b7b-91c9-4356-ee6312a83bb4,2
10ca3db5-ac2d-898b-7ce1-5114af4e8dd4,15fdae55-110e-b773-eaa1-adde47a280e9,0
efc0b131-b419-29df-a894-cf01167d0c46,15fdae55-110e-b773-eaa1-adde47a280e9,0
a5fc9d9c-6779-6afb-0074-2aa944785704,f7fd4318-8e4b-f85b-b0a5-cefb8b9aa6c1,1
da0aa532-b2c7-60f2-1a27-a5f2677dbcbf,f7fd4318-8e4b-f85b-b0a5-cefb8b9aa6c1,1
9d1de7d2-40ef-1276-e175-05beddbd3b53,7ccf2dfb-8400-d251-7e66-3febbebb9361,2
f09c0b65-5303-7b21-f94d-d17fb3437e9d,52522d9d-be6e-8057-7304-110feab7f391,0
d7778690-dd14-ecf4-0858-fb68574262c0,365fb952-bf9e-dc5f-07dc-e6f6895ac016,2
321cc044-5929-5819-c941-fc6bf43b18d4,fb4bca44-0a73-64de-a0b5-c167bd4a3a92,1
8a54d833-ad94-78f1-f636-79d86b1349c3,6a873a35-af69-f68c-590e-1f568097ff96,2
cc30ea1b-9a74-15c4-abb7-25d52212bb7f,27591b9d-5c31-73f5-84d4-0c02e91b4b39,2
138dd7d6-d13f-957d-68c8-145d4f8edf7a,ca205dd5-a0aa-1de7-dd5f-6f4b7c9a017f,1
13be17ec-478c-701e-20af-fd59f327db31,8e9195bc-1533-bdd6-4d0a-e4010d43241b,1
01562f03-3fc7-1a2e-62ad-4cb093dfc992,4094fe47-f7d3-c83e-237b-007183ae2707,1
0cd382d1-37af-ae7a-d1d3-3df64989f4f7,102ec37d-10f5-5c24-b488-97c7746a6864,0
217accc0-f865-d710-7065-286a02bd1765,49452688-a992-872e-1cf7-883be24a55c4,2
9375f9ca-3924-deb4-4328-e80e3c2d314c,80f15d7b-b6d5-225f-e5d2-5cded4573ea2,1
6bd840d9-17c3-8e4c-68ca-a2329bca55f7,fbfeb8ba-575a-f664-c177-db3a375ea8ea,0
67c59aed-6f6b-1a68-0610-a6dbfcb1982e,0a8d9d52-44bf-7d0d-76cd-8ca0b9a31f51,0
b6022ef5-1632-e658-8787-ffc4a000c5af,69f8bb68-dd35-ec22-c6bd-f809134a2290,0
30af0ace-916e-839f-22af-466c1e119022,4a505625-d80f-09a1-85c3-7459d4053081,2
459613e8-7876-8239-850d-7d95cab48f9b,1adceb5a-4316-fe77-7c2e-ac37b0c1dc19,1
3e2e9473-ed64-492a-f7e4-77ff91c9e57e,6aefd65d-b057-a9aa-2221-40bd557388a8,0
9956f35a-76a5-1538-6f0b-b7abb6a2b1e8,3e1bd333-c71f-1720-8b61-7e7ef08a2c32,0
2ec0f8c8-f558-e768-f5df-c3e435570949,5f06d1de-2b91-850f-e081-34c2f55de491,2
b1e743f8-bb21-2340-b71f-fecafb3fd8c6,65111d7f-1e95-cb10-447a-90c6f3e541d8,0
98f54dd9-bd8c-1566-343c-55b0b5e2ccf0,d21e11b0-b29e-83da-2f2a-80220fa3bf91,1
28c8f862-6b89-cea5-a59c-edbca06eb3c3,4677be71-980a-44b9-747e-7fa81f45f7ba,0
9a14c00e-9364-38f0-daaa-66727c6e0520,660b9102-5e58-335a-5ab8-95ff3110d865,1
5c81b5e9-8c39-b044-1665-bed356f25648,ec730068-8fea-9d26-61fb-a0d84c7dae61,0
9b97a677-26e8-e641-3709-827761d4bf87,3d037788-92f9-134a-f00c-790de0a25e65,1
46fa4053-ccc5-b2d8-c9bc-e8d6a3b65afe,19e51148-4e00-bfc4-a2f6-1acc5537cba5,2
1f7bc1df-19da-62a5-664c-9f54a0f00595,710ab396-3892-7f09-34b5-5d8911028a22,0
25d47966-d5e3-2437-ffde-475cdc759f84,2c399849-5e6b-a191-1828-2d4f97530999,0
bf05fcb2-e957-ec64-dc61-e1bf5db643f3,99b9ec57-376a-3ddc-957e-be3f917ce756,1
02b862e6-b7ca-19c9-19cb-24b4c7937fae,0ac65018-920d-3ddb-4745-f1283820ab1d,1
ff6e33fd-0f0f-cf56-8dcb-61729c4f1ce7,1b329a92-46ae-36bd-4309-2d45c1b27bf5,1
e25d74b2-15a6-e27a-ebb6-7b9bc558f4b0,1b329a92-46ae-36bd-4309-2d45c1b27bf5,1
5ff40404-00c4-e043-806a-a0f888ea41ea,a3fb9991-85f0-b3e0-6608-7e0c2407e96c,2
1ca7a622-08c6-28e0-3144-480daf36b28e,fce28982-4044-f0c9-2af1-5bcaf5e04b4a,2
de877079-f651-8cf1-68cf-04c6e46b32e8,7aca2feb-9248-4016-25ac-9e2d17f66d50,1
4987b925-3751-963f-2e1b-e75c1b48abee,7aca2feb-9248-4016-25ac-9e2d17f66d50,1
51cb79c2-4597-30f2-e64f-207e5c56635e,dbd3ce2b-026c-be9b-7324-b04421eaf168,0
dd7b6db5-ad21-9b0c-9384-9faa81cdeec8,92d3dbb5-8256-6114-fdd3-36a6cc42164e,2
85da95c4-e502-7b1c-0d0c-293bda8ee27c,04815f9b-54b9-a4dd-840f-82774b22138e,1
bacf1c30-cba2-110c-9b15-00779a1ced6a,6164a2d2-868f-ce25-0546-2ad7904bed65,0
ff855ceb-9f77-47cb-52ee-201291d9a590,b21bc7f6-abad-db67-9e60-d803129ac4cf,1
e19af63e-4c9f-de4b-1c64-a8c0d9f5c577,7995cd0f-f0f1-fdec-4dd4-025463b0498b,2
81eb3d29-ef95-4dcb-375f-6d3ea11127bc,dad3a73c-c62d-a049-f8f1-86783873cb8f,1
69eee3a8-2444-50c9-a83d-2fba0cf248e3,ee5e134c-471b-dd49-5a99-9bd2962641c8,0
92c3255e-8bea-269f-07b6-7d0ed39746f2,ad167c89-cb7a-a8b7-5ed1-175b994cbd83,1
c1a8ae31-edb5-36ce-71ca-4aeb398e0626,1a0f2a0d-703b-8ad2-a5bf-ce84c0b6e863,2
8e3d3442-9e1d-8dad-4de9-66f7c19c95ff,caf8e8d2-992a-7e0c-d588-fe182df86966,0
4394af89-bcb0-d750-1ebe-847eed25ec1a,ba87b80a-13c2-a147-35c8-d235dc0dbe58,2
81ced2d0-d0f9-efbb-b9f3-5b3cc5981909,2a27073b-bc15-fe50-09c9-e6901f34875a,2
24f7c391-b9ad-5cd1-5f34-8e7c6b8afe5b,5fb6eb63-b1ce-998c-7b76-bd01a5f58d46,0
c6d04dc3-ddcf-5ed7-1904-d94159a0a00e,5fb6eb63-b1ce-998c-7b76-bd01a5f58d46,0
a17b90a1-062c-256d-f6a1-d322d53b3b65,5b6d29bf-3b75-e4a9-3450-70919017c34d,0
e9c35aa4-b1a7-a730-1b97-25e2e09742d4,5b6d29bf-3b75-e4a9-3450-70919017c34d,0
9eb48cc0-c179-b515-f647-b6fcda28580b,2acf5cdd-940c-49f9-ce5b-acff54e2c741,1
8864bf32-be6b-48c1-6beb-bbb10e0fb10d,b2537deb-9e01-f425-7cb3-b66a4c281bd5,2
38d321bc-cb42-7004-f185-726ca69c3945,b2537deb-9e01-f425-7cb3-b66a4c281bd5,2
30c7762a-b5a1-90c4-f74c-657eabf80698,b2537deb-9e01-f425-7cb3-b66a4c281bd5,2
9d24d3f7-afa2-a906-fb8f-048dce020322,b2537deb-9e01-f425-7cb3-b66a4c281bd5,2
18663434-76fd-e615-77d6-bda05956b199,6861624e-3ce4-3b00-865c-f64c30d46f93,0
3516a904-94a8-6da3-6f7d-bd4d023d710d,4ca478aa-57bc-21dc-e0a6-94db48024bee,0
548b5222-5026-5eeb-896e-5bdefcb5b337,ab8dedde-a0fe-f615-535c-12a889313861,2
33b32b4b-dec4-ec67-5aac-43438ba99374,ab8dedde-a0fe-f615-535c-12a889313861,2
da400b6b-79df-1dcd-dd10-a1e932e0bb3e,bd63bb1c-f2f4-1b4b-0c30-267f78b81402,0
37de8283-e0f2-1624-4d9b-74de793e615b,bd63bb1c-f2f4-1b4b-0c30-267f78b81402,0
55e532ae-8fd5-1d3f-af61-c4e1832a559c,629b287b-903f-e44c-ceca-12dc3ce4736a,2
c3144d0b-1043-d9d8-f319-08537875bf29,20ac6235-7a53-f4fc-ea98-5e3fc449d1f6,2
a22565f4-c2fc-eafc-25e8-cf04d0f00fa5,18c756c4-e0ab-8250-ac2b-e9736e5801b5,2
9ec5c6b6-dfe0-207e-845b-2e0397cbe80a,18c756c4-e0ab-8250-ac2b-e9736e5801b5,2
56e99549-0a7a-21ee-cc3d-f899404545ea,5438ffb0-0d1a-02f1-0e7f-7abc39f98496,2
8b6cba8b-4f34-5679-1fb6-9fc3d8e4c7ff,8c92fb71-d2b9-759a-7b51-9ae0ef8c8582,1
d97ab575-a200-c601-e284-76307bf16344,00815ad2-9900-852c-f6fe-0d2240c55e80,0
4bc0b65a-ca0e-5bef-d5b8-15eb93d487c9,00815ad2-9900-852c-f6fe-0d2240c55e80,0
6ae9df3e-8b77-9cf2-26df-d0ba8a246dbd,9c179c81-040e-7993-bbdc-99e54bbcde31,1
3bdc5568-7f87-3323-f1bc-1203f57f9d46,99102f9a-ecd3-28c4-4fa4-59448b281f36,0
d59672a7-3d45-68ae-5e52-52f6b206f548,951d1c8a-e7ae-d61b-007d-05d1bd9d6135,2
dc5f5275-b9f0-b41a-3079-724431ff1171,78bf2de0-9df1-5b24-10c6-13184ca4a735,0
a4792727-05f9-296f-b656-9b6828a8612e,31e7d966-ae1e-b3f7-651b-328313204d45,2
28c20b01-5cac-2f3d-f0f4-f66b628432a0,1cbd3d5b-d558-d67f-e56d-9cf89f7aca35,1
4a4de335-96e1-96df-13bd-785282edef42,0f1297ce-4968-b9f3-897c-3a235a13b8bf,2
0a83e051-5564-d185-1e07-b3f0025f9cc2,5365e620-9d7c-87c8-d8d7-808423788941,1
63132ee7-da94-5075-a3a9-edf675d17549,5365e620-9d7c-87c8-d8d7-808423788941,1
a8f30975-d267-84a7-3192-e767f1253fb9,9b1d8d6e-6ec5-f291-7d51-9dc2e052a46a,1
adeaac20-5034-4a59-4edf-73ffb0fe3666,d7e00a38-b745-8a39-f839-cf2e26c97105,1
8960a9c5-6d08-1892-2039-9588d24ae644,d7e00a38-b745-8a39-f839-cf2e26c97105,1
6ddea57e-6b04-a7eb-d5b2-73497cac6bcf,77e5feba-0c25-4bca-fae5-5e982ba04dcb,2
5dc0bd7a-4b49-7d86-6f9a-9b244ddf213c,98a090f6-49cc-3ee7-3660-abeca8485138,2
fd4ad934-896d-57ad-13b2-df74c2be7aee,d1ac2021-87dc-6014-8a8a-edf47e363f52,0
79ff4e32-1c08-c7da-f735-50062b7da63d,56923f2f-86e0-efc0-489c-39bde7ef829c,2
74bac1d4-090e-c7af-ebd4-0165576243f4,79eb4430-c609-15db-6228-f9f736ddfb3d,2
ec2ffcab-ea67-ba1b-4306-90c6ffcdf08b,79eb4430-c609-15db-6228-f9f736ddfb3d,2
68db81fb-7e2f-93a7-b8a3-ef282ff440d9,237ee2b1-1725-cba0-465b-feb71960493c,1
2d2d54f0-aec1-4482-71d4-9f5506faa5c9,ec651c42-d410-63e2-5cb8-09ef08440ca6,2
14b6af19-e811-3386-a916-5f49b63ac807,13335892-8be4-8933-271b-0fa6c6da010c,0
4920ee88-bf81-a846-bf07-7a85abf0d664,07acccee-f0c7-cbaa-83bc-61cf53f55a92,2
f0b7ba37-0f88-4a2a-e524-08a19598833c,b5dd2d34-b1cb-2184-190e-00da9cd15755,1
69613b47-a0b4-5fc8-2764-eb14dfb7af1d,f49279ff-a1f9-a44f-75a5-e40f71874f49,2
3bccdfeb-ab66-8f61-f2e8-df477c92fa45,5a3d6f06-cc00-1fd5-aa14-a79c2593e7d5,0
72198d40-1b66-9176-ab2c-d8dbd497f613,eb501e3d-fe32-240a-04ac-e36ec25b1139,1
15d431e4-135d-cd84-f83f-e307d446940d,cce48c8d-df24-f8fb-d7c8-b5e3873c9d80,2
26db62a9-9ac1-5730-72bb-fca3667c20cd,7071ca58-eee9-86d8-23a6-bee653fa8783,0
0c1cc557-068c-8c58-d31b-1a5f2de88f42,cae8de36-9069-2d79-1bd3-7e4063d17998,0
f93cd7a3-9956-cbe3-882b-11551f47806a,5a80d44e-2651-33cb-5c84-2af932bc0731,2
e40a89d4-c197-6bce-6b7a-9746b98b765f,8ab55b54-946b-cc90-9c6a-9c49aa9422dd,2
3162dbdc-ec6e-c263-6f96-24abfeb14589,8ab55b54-946b-cc90-9c6a-9c49aa9422dd,2
128d03ab-300d-ca97-3c35-ea7a90663fa8,a60b192d-a611-07c6-6985-f7308297ebcf,2
ab29a191-fcd2-32fe-26c7-088d1f5e68a9,a60b192d-a611-07c6-6985-f7308297ebcf,2
e4837e20-f0a9-5a30-8565-db9dc27aa852,6db3ce58-406a-5cc3-5af0-c4a2c24e816b,1
9388b8e1-5481-4af4-9602-7180f695bda3,010d5e8f-b896-95b0-4e48-cbb87e88b835,2
9ce87bc0-0c44-2688-12d0-ed5b377a4348,010d5e8f-b896-95b0-4e48-cbb87e88b835,2
b7dab473-4d7e-9c37-93e2-8ca614947d6c,634bec2b-1748-81c6-89a8-9a80f2b58059,0
c02fabae-d514-b89b-ab74-965a2572fe15,3303ae30-79a1-df49-5c31-d1cea0bc6b7e,2
3895e107-dbf0-fccb-98e5-c2d5d86c0184,20f1295c-e18f-4350-78f2-f5df366ea5a4,2
3d402497-a604-c3d7-2c66-10bb962271fe,f7f61cbd-c361-7e7b-c796-ab29c2a69b7d,2
fa3a4c24-5df1-95ce-1c32-fafcc5a0ae1c,1dbdd195-a0fb-7e61-791a-65fab45fdce3,0
8db58f24-5dea-9f54-12fd-101a68749689,5a0a07b0-83d4-0d5c-2616-c914c712d7d4,0
eefdc400-bec3-dcd0-65b3-e693cb806f62,17c92a16-14f3-2e7f-817b-c8dbc209a1bb,1
5f395eb9-2e30-6012-6d8b-d6e6aef0f48c,6ee15599-418c-2b2c-0d1e-95ae1cf3948b,2
c3e70d6f-2e11-8310-bab3-80f934424532,48ec1f4f-7cfa-62f6-82b3-5cdf7aa90022,1
dd2314b8-a18d-98ec-7071-20a5299350bf,bf4e7072-00b4-d29f-f6de-e944ea21b76d,0
b0641159-d07d-131e-f659-4b54f2fadb67,4f4d0c77-b11c-0bc2-efbd-865ba88fae6c,1
a9c2508d-3989-3d3b-fbd2-a5c794bc2fe2,4f4d0c77-b11c-0bc2-efbd-865ba88fae6c,1
ddf67ce5-7390-2545-ee20-239e49851367,d8b339b0-4c00-3bf9-74fd-11e6c91ae1b3,1
968a7a36-c4da-4bc1-cfb7-51afb0b33c80,ecb90e27-d962-447c-88ec-815c3d5b65f9,2
2a5b5d5f-abdd-f92a-353a-6f7239b12228,cc87bbaa-483d-a088-d9bc-13501ece88eb,0
be7af1c1-34f6-efe3-d05f-be83eb9f295e,cf28cbc2-4107-1f60-baad-c5a9fce98872,0
eb45d86b-8b2c-9e41-0ca5-1d8767a93f31,29d697f1-1e2a-a24d-0bde-1b0a4914c217,2
b4cb27e1-667d-7a01-e3f0-f16ae7ca1efb,29d697f1-1e2a-a24d-0bde-1b0a4914c217,2
23fdab35-64dc-ff96-cda5-80130472d22d,f28a5ad2-eeab-7bf6-76f6-07e752c0e65a,0
df1cb021-fae4-79ce-342e-3ef2d32b2ba4,0ed00ab5-16dd-390d-f892-f8cc8cd6e18f,0
f34279f0-886b-e450-ddac-fea51a3193b7,9e60549c-549a-a43e-187d-a6e69e15708b,0
fc9cdba5-78d0-bbf6-dfdc-6adca5030e6c,1f24c099-219a-4aed-a25b-169f4c913ad1,0
91496be7-e0ab-e0c5-e5fb-44a9445f6500,8715ea3d-aeeb-4766-8280-0cb4e7e6a1ea,1
f6f98dd4-ca3f-d07a-3485-0bdda2a47170,a85dbef5-dd2d-5fa1-2a54-a8fbc525bc37,0
719fc0ba-84dd-8cee-ada8-67856faace6f,1a2740b9-9375-0bb2-4985-4541d00fa23b,2
28a2de58-ed9d-5fca-0199-3923029098e9,40076752-7efd-fb8d-0eca-1fabf711a076,2
2dbcd01d-0fc7-3981-a59c-9a760babe553,d121eb35-e2f8-c168-f8e6-2c9380f21a66,1
ee4bf45b-8382-6224-162d-380b9a2f4e45,d121eb35-e2f8-c168-f8e6-2c9380f21a66,1
4eaea9b2-80f4-1dc2-f4a8-0e2c6f922dad,551c2998-ee86-c076-fe00-2e6a3b6095b9,0
5fc52728-d167-4a5f-6979-889bf4243802,dc280b6e-eedb-075f-aa25-8cf4d460caf2,2
ff22609d-0d7b-95ff-b181-1c80cc469e46,0c20f4fa-3d49-2513-542c-e12c707c279b,2
085bd5ef-5714-ddd8-0a2a-5de208956535,54754e9e-7f0f-eab0-0398-8298711c488c,1
5274b73c-59d5-0e57-aa6e-f6a02ea8cf55,40f10655-6c0e-26d8-537c-a627a0f66e06,1
63c98015-2e41-f150-a8ec-4775f5f95567,498776d8-b88b-d9ba-a8f3-645e973f7386,2
dad10639-25e4-c272-d797-e366c1924882,e03f0032-6c28-784e-9ac4-c6068ef748d1,1
ee7a2321-11be-f8d8-1aed-d6b3e4d9f93f,049d5435-78b0-7030-8259-850a7dddb596,1
cc17605b-fdf1-f950-5e0a-08f5bc89d479,3c38b779-d22d-be7e-97b8-a1bf190b1415,0
8c3ab982-1940-997e-fb62-d1c716aa0f40,98e13969-a9a8-14b6-8fd0-63e9e9e824f7,1
35ac292b-3458-68fe-b92f-4fba356f2406,271c5a02-2602-3c79-9f19-8ad199242261,1
e02d1a43-a3a9-23c0-b7d3-da0420a546d2,2bc400dc-65b3-5fc1-a9d6-db078bc7a30a,1
9d481a39-699a-eb53-47ee-21c284cd9c1e,6b3ea94d-7315-f7be-882d-02cd04131cac,0
63c8a292-926a-e7bb-9dfa-a3c1aa31b02f,b88146d9-cbe5-2bcc-1f03-21a16aa24654,0
76764daa-6d39-1866-921e-07d8de1e0bb5,91b4d72b-b44b-ab3f-bae9-695bef7af004,1
c65e6904-648e-d979-598b-210158c35814,cfda57b6-de81-7152-4b8f-2af141387756,2
e5be3ad3-7842-ae5b-4776-9a9b932dd6ae,c5bdecb2-e647-5e33-ffbf-f51bda3cb919,1
c34f0b51-0ccd-0d86-c653-3c891bd30ebb,d14eec5f-08bb-da66-2d34-26f62d846876,2
48b59ed4-a9a6-2523-ea72-2c661b21ada9,bc2b13df-1083-7e39-a6ae-52e234d64511,2
a5f88535-eb17-b0b0-afe1-b0a5ceaa255a,65fca363-9277-6971-3fe1-12c606e531b6,0
4defd8fb-beec-892f-bea2-8dffd771aede,af4f6e58-0ffd-72d2-c4ec-f31630a21fd8,0
6d6c9715-7370-54e7-0161-ef62ec1021fc,f849310e-057e-9979-9047-112fb2dad794,1
f5191dad-4b35-0896-7f67-3566bb9ec6cf,545d30a3-847f-a55f-2716-b5b17a282b8d,1
5f889704-33ee-e72a-e8b1-321635bd3999,ffa8ee69-9d8a-bce6-3457-2adf62033fc5,2
bf85e34a-ce93-604a-4f73-730ae40e503a,0a5ec9c3-5faf-6f91-bf0a-0741954d4dc5,1
49a54b1c-7a07-f53b-b57d-289c7cef1375,f5cf4dcf-dfde-3ea0-ae00-fbe9bad7c314,0
4e81b513-b394-fb15-d41c-1ab674a4b070,6e98a45a-1a4e-4cdd-8477-7dd9a1ed438c,0
ea941db7-0e33-a514-b39a-f80e986417b3,9697293c-9f54-d1b6-bb58-3fd60a1d2002,0
6a0f2c79-bffd-a512-a1de-4b6feecfc081,05642042-fc64-1e4a-29e6-0de67f1f63a7,2
4cca38a0-1343-83d5-1fd0-0532fd0ad712,56b4aa4c-f0a7-085e-80f0-3a8114276b9e,2
ff0b3510-6f12-ad25-7f55-1189e9ee4ac5,4170edbf-28e3-4db8-dc31-736fd7d47c66,1
6e8b415e-f09c-9c3a-2788-a747199f2d41,1aecb1e7-175f-4ce9-792f-c1a2a8f56fc3,2
08f96a12-a54a-2e13-e0f5-9671c0098543,57e39667-3a53-b3f7-5d04-7c7be7448d9a,0
574d8866-7bc6-2c35-42ef-65d97d850bb5,5182a38a-bf48-bfe9-2f18-958626fa8537,1
ec70aa4b-6a85-d49e-86a4-de52d3edcd2a,579bbc6d-b680-a57f-2155-42b9a6a910f8,1
8fc5e4f5-4e2b-a0c2-99dc-b6fbb76573eb,a0594f40-c826-9017-d684-d4e3232650cd,1
833be09c-162f-c902-3660-730da933502f,43b0ecae-284b-7558-d762-7f4fb5e60e45,1
56ffea3a-b1a6-b364-5b64-e15d6720bad5,4ba1c879-7b6f-ec75-4db2-2ca75440da04,1
214f9d12-19b7-64c3-8303-9df9db5ad0e4,884ab303-05d7-23e5-3e3f-64f13cefe1e7,2
5f61b73c-1e48-0dc1-4ca2-ef40bb433063,6c8febb9-ffef-a204-e30b-cf0bf653f300,1
f1a0cd49-c070-1bb6-4a79-600ef6c81207,c10c6721-1077-ef41-1b74-b706a78c04eb,1
e0d09541-d9fa-7f11-577c-7ca97c414094,185d8d2c-854b-4d8c-f8a9-321723fd871d,1
c933ee82-b946-7184-d0ac-187beb371e6b,761c5d96-5ba8-84ea-c8b5-27534d900266,1
b375ce72-0e9a-c1a0-fe75-397f4b16b575,fd961d08-2a9c-f875-8cf7-ed67be18a84a,1
fd9ec9b6-f6eb-4eb7-5423-12567f96832e,56d5e883-e399-444b-3543-c5e9f1a1882d,1
ce729346-d72d-687e-2c77-3df082005ceb,3c931bf2-1355-253f-78af-26f5c29cde56,0
0b2a3e0a-6b38-25b2-3079-90654a385461,2e876c0f-e27f-bcc1-3459-0e2527f5c3ff,2
4fbe8911-fdf1-f190-18a4-6ad708c7b6b9,e6d10f9c-0d8b-f15f-3c19-3905b95a81cd,1
27c17448-b76e-da54-b87b-f731395fa478,c3a0f513-f7bd-ce00-f0dd-f79d9e8a1486,2
7ab8a41f-641f-bcc7-3780-ef01c55014da,a0c7ce9b-b9b6-6ff5-bf78-13895495344d,2
7817771d-786b-27d3-2c10-a88227c02240,88230311-c7c6-14d1-3bce-bb2487b5b5f0,1
b28dde2b-5bf8-6f0a-b1bf-09a5471729ff,615844b7-1f51-9713-2b64-bf8d3ce0cf07,2
65f7d880-27ba-2dfd-b6fd-08b801cb07e9,615844b7-1f51-9713-2b64-bf8d3ce0cf07,2
3e47ac6f-84ef-968d-6fe2-cf6631646418,2d092355-9a23-459b-2859-67cf9141d5fc,1
daa52b13-7a6b-9b08-a305-073bd91ddd55,f1d89060-a4ae-87e2-0921-ac1169c54ea2,0
1f1eb672-fabd-e961-9a0a-67673d5df370,a8e2312c-d59d-4355-8aec-e5b3ea7f1d2f,1
ef7a9ba9-33d9-470d-e986-52ecd69cc7df,df0b0cd6-dc56-01a8-1c20-bc9a25f5e4c4,1
2b8a0d22-e96d-e699-86db-2725e045a36e,db1ba509-c7c7-e4a4-1130-935c90c7d2ba,0
d54e25b3-fc13-d384-41ee-2047b8b513cc,d40ed291-e9f0-2444-f36e-0d1ce3d590db,0
2941949f-defd-93e9-ea49-b94eb8a86ab9,2e9f94b0-9a58-916e-cf87-fbee51df85e7,1
a23de4af-3724-0f22-a4be-603b639160f5,a2a82d45-a387-4ede-be82-1092fdd1d099,2
6695e542-8a1d-59c2-ea70-7cfd130bde97,eb527d88-719c-29b0-866c-42c07055c428,1
6527fce4-bc4c-37c6-33e4-0a63bdbf941b,c0c78a25-9f7a-8d78-792d-effa03a77d2b,1
9a667780-d08f-508c-8bfe-efdd40881d12,c16a8700-9fcb-0144-2da4-f24be999ae4c,1
c65424ab-3d85-0ceb-7fbf-685509703cc1,34eba5d2-2c03-c3d3-9c6c-8615d3ee03fc,0
5ec67cfd-dee9-cf62-d1c2-38dc430db25f,2723aed7-ffb6-bb3a-c7aa-c454e74ea36d,1
277653da-fb4d-d5f1-87fd-f98d944df6d9,dfa896c0-259f-102b-390e-34e70d47b4e8,1
a838cfd4-61cf-5a88-9de2-5d7cd0d3b7c2,0267f4cb-699b-8e7b-1b22-675243c18dee,0
c9e4623d-12ae-4cc4-9d33-f94661913c84,d3db97b3-db35-3f1f-c231-bc6698ce3381,2
7c5ec1d3-5aec-d24f-9ff9-edeec8e2948e,aa3cb8f5-12b6-b56c-8093-f2d17551b9e9,2
ce9e36a3-73f6-8fd6-55ff-246555c0bef7,e1e4e463-4ac2-090f-ec1e-9d01d131df05,0
99c20374-e9c8-7af6-c4fa-858c176ab8bf,216932ec-de1a-a38b-b227-4270747ebddf,2
26763ad4-08e8-c62d-3021-059c7ec7d4e1,fbf9341c-4146-2533-a345-f881715786de,0
d6a87294-9ceb-a2ab-0e15-b34c2d5c8ed5,92d51a82-e58a-cc11-3b98-c10563b970e8,1
fd17adea-d3b1-d3d5-940c-0e2c33c5fe5e,d2d05df0-6050-be0e-1c0b-e6f9b9126917,2
67269c64-d2a5-4451-a015-3f1e3ea42f21,d2d05df0-6050-be0e-1c0b-e6f9b9126917,2
a9a83376-b094-1b26-ba35-c2e5a43333a1,03fab0f6-c1d1-2d54-2eef-be02b106b450,2
e12b05b7-c943-ee59-551c-3d9c4ab5fc91,03fab0f6-c1d1-2d54-2eef-be02b106b450,2
3141edee-57c4-66a9-af3f-5aada60a3c8b,8d65bb55-c00e-9a06-ba64-427e0b85a414,0
42fc0bf0-25a4-68ce-dd4a-9b3db161bb53,bb726ecf-9659-2444-2e3a-c735d7b3c6e6,1
6c8d5374-2ddd-65f6-7ef3-5bcfceab8124,3ce6b10e-bdbf-8d4d-0a51-5e9ead842bb7,2
8ff13031-dd73-b89d-dded-9fe591b4ccd0,b851ff15-2c53-95fd-3183-96f0819180d4,0
90244959-f7be-8b99-e87e-55ccd1c8a778,d79a06f7-d0d8-f5b4-533e-ee8e5861f225,1
2d6fc5aa-16fa-05b6-4796-aa42b9964114,47c3e613-0f21-49d2-4ff5-2c7f518f61d0,0
38e4ce70-1aaf-886f-053c-0b291543425e,0e330c78-055b-f7e4-d289-d6395f511dba,1
ae47a69a-22a6-b6e3-6da9-a24b45b47b8c,0e330c78-055b-f7e4-d289-d6395f511dba,1
0f35df20-20a3-89cc-1bbd-d65d1918f198,535fc9d4-b86d-69c7-eabd-60070b5a3df8,0
d16f9cd5-e542-4eac-1a58-b7072b9631cc,5f79f391-3f2e-8347-4d50-9941c5c1b04f,1
9fd737e2-4f1c-17d9-efce-03e9582ea6e9,5f79f391-3f2e-8347-4d50-9941c5c1b04f,1
440c5af9-08d5-710c-a73e-7f7385b90071,f5fc6375-cbaf-f606-5ceb-cc4b46f4ba68,0
a980902c-849b-fbdd-e96c-520eb18abded,8ea932c2-ed74-2297-6288-ef1cee846e0d,0
939705f6-a7c0-d5c3-9277-477afba0f0d9,0f5a6877-bdd1-dfa2-ec59-c1c61db44aeb,2
4002fc96-bf30-b411-8919-06f98d94e2ef,cf39ba65-1831-fc3b-324c-0b1bb7a22818,0
1818f806-1db2-1e18-13d0-8cae120837be,4d553a7a-77cc-d725-7dee-2cb1661c5da9,0
d23dbaea-616d-831c-4026-e8183d0a03e2,232b3499-355c-1bc1-ffa3-25df742b51d4,1
59b955cb-bd45-174d-be73-a8babe3a0e80,ec25616f-e709-1145-f5bd-63c2db1c1def,2
c6aad35f-b221-557b-6d72-a1878283e472,8f855369-aa1d-3f14-0032-ac79066599fc,2
f51f88d6-e8ea-3c05-8d27-e5b9766d90d5,770c7127-d539-f1be-72c2-575dda9fa771,1
b8ece764-c2e6-d414-22b7-fc41759693ef,3682e0f0-2e8a-fde9-251d-d27af02a84ff,2
302fded9-be39-c7ec-5922-62b2cee18f54,3073c47b-b7bc-abdc-2f37-d56f3c5566a4,2
675d8177-a4c4-e4de-e047-849ba05e34b6,6db738a7-3ddb-d9ba-47e3-11d39d111fd1,0
c59386dc-d7d2-2de9-92d6-4466fd436638,c3f40cac-8b3c-7845-7d8f-e06edd568b9b,0
4cfca2cd-c045-58da-5ee1-d82d32b3bee8,25835676-7356-3e71-1330-dce1f6065b61,0
89688677-b85f-b6cc-8ed5-22f780a57281,6d3c19a8-33b8-cb76-eb91-d5171e24f73d,2
5b9315b9-d140-5d83-2bfd-69e6c057ddb7,94de3b94-1750-3ac5-9709-470cd7f49534,2
f96617ab-95a6-213d-957a-8d9390090def,94de3b94-1750-3ac5-9709-470cd7f49534,2
85ffe2f4-abf2-4f81-6e83-572867b74112,7cb8f376-16dc-58a8-aecc-c1aeb5c451e8,2
305bd2e5-a8ed-f758-1786-10114baa6b5b,13c485e8-0ea5-400e-6cb1-e6a766f34320,0
6b7fcb17-a644-1992-489e-5ab2a433f1da,b49e3995-5b5f-f7fc-8361-617dd81467a0,2
cd503698-db22-6cbd-6113-e6e0ea9b5f75,2cdd5524-2222-0840-841a-10ebc3a3ccd6,2
41dcb469-025f-7051-8741-fa9e4f02777e,817ca5f4-d7da-68be-3b96-70e45a9f60e4,0
ade6045d-369b-e517-5be8-149cc9610c38,3542a8b9-0db0-ddb9-1338-0d40fb808ce5,1
ae277a1a-3a8b-9098-e000-66d23c819e21,87883feb-a6d0-9edd-ff59-6c657551bbd4,0
e7e8fb4a-f820-0b2b-ff06-6abdca343d5e,080f5a95-a70d-5e5b-f4d8-954ad5c2e134,2
8bc8958f-5119-c31f-e0d8-6df601578d7c,080f5a95-a70d-5e5b-f4d8-954ad5c2e134,2
ea644414-7e94-1b38-72de-2feff8c4ae42,5f6f360b-3b2a-ae09-0443-b2d4dfb7ea2b,2
fdf5fc56-0e0d-bbde-c3f6-1a29dca2070d,5f6f360b-3b2a-ae09-0443-b2d4dfb7ea2b,2
541e435d-b349-c0f0-73df-0a1ebb4331ef,ee85bb22-00ac-9a8b-fd84-6ee6e0930a2b,0
708e21c3-279e-6abf-9fda-925d2e7c38f3,c9a0ec81-38c5-45eb-1398-98f1a6101184,1
feda0627-78ba-85da-2467-ba97b0adb5d2,86d2f655-1a71-01e5-7675-758580cff1a5,0
5d367aec-cec7-d0f8-ec1f-04d4f1021224,306dd588-6dd3-de71-1602-60ead13a44fb,1
9476b412-30c7-bb2b-ec1f-e1064e634d5d,e63c9346-4d9c-9ae9-f3a8-96d458f2a826,2
fdb9568b-7a3d-80ef-7b77-172e5ebc082a,d42d83cd-eeb8-de37-d485-0f4a82964a94,0
c453f745-f82b-fbc9-2374-b571f20f0ac4,9c23cc12-7d86-0778-0cb1-d7ed565dbbae,1
2e8ab927-eee7-d928-0bd3-a5390ac085ab,08b2e633-8242-1f86-781b-7dfa350bb147,2
c2b176d9-0404-88c4-3c4c-77f2315bfbe0,0bea013b-9ed1-7b3a-b805-35b5ae76bf3c,2
373f9b47-ce13-f28d-b426-a3f843d4bfad,6b76e547-e7ae-9745-6fba-8d4c38a1461f,2
72782a53-ec9c-538a-dfe8-1e98c839ffbe,7d62dd95-6df0-6182-15a0-66703f08f2c3,1
d3ba997c-46e8-9173-73cc-8b7eb5a926a6,e31aaa3d-9fcb-bed5-0baa-06dc4595eb24,0
2ab84c8b-cfd7-844e-96e6-a90ccf8b1984,6ed80867-c089-0863-0a44-75618fdea5ee,0
d4aaa9bf-ce1d-7e7f-577b-7cff32e2de58,715025a2-7d75-213c-9cdc-9012e1d3b912,0
18f69546-760c-c884-6a40-f148642f53ed,715025a2-7d75-213c-9cdc-9012e1d3b912,0
f3f14697-dbab-e488-cc09-337ba825ba31,0b650189-a343-316f-4cb6-c1c2bdd1b24f,0
435f0e49-2f97-c885-2666-8ff954957a72,6a8b7ee2-667b-036e-0d0f-d056c51c28b1,2
64bec7d1-83bd-b77b-4106-9ae5176b214c,aee05c1f-f554-5c0a-1c1c-32fc77e6d216,0
d625e585-a24f-6528-e879-429277841ee3,0d9bc8e5-4f4b-aacb-0eb8-77725c722f05,1
7f931e43-9751-b501-026a-73cddd24f5d1,5e5da473-6684-18cc-6f67-47e835385922,0
da01fe94-c433-f7d4-a34c-fc4a88d44819,bacc5659-f938-b24a-cfe5-29b3964eeeb9,1
a23749c9-25c9-ff72-3812-12311ce81290,90de7e47-8349-1fca-66df-5b4b5f250ead,2
582ca448-59d9-712a-8079-fc9ff869fd49,f77858f3-2f31-1547-71d3-d1ad686c789b,2
c694ab18-ffff-5cc3-8f97-3ac5f175d8fe,a715c50f-e4b8-4419-6c8d-c8023f0a7232,1
70099a15-b454-cf8f-aa0d-9434836c23db,dcfe53a0-5603-1ecc-e7b1-19b630b71596,1
d744474f-a048-7df9-6eed-cae0bf580b13,cc020390-4aba-2c81-09dc-4fccb060eac3,1
903840ab-e402-81a3-14e8-aa8badbed95f,84545031-baf8-3ab3-f60d-36abdc5a4e63,0
6d8a8c88-8fe4-df4e-45a7-0221f6b1a856,07d1a390-9b10-71b6-4942-db34cbfc096f,2
615fcaf1-07dd-1c7d-01e8-332ed3195204,35f0ebde-0960-88d6-797e-a72639362c70,2
4914237d-13c0-a34c-43fb-86c6370baa32,c14d8b44-cb5b-82e7-2cb5-89ccd982f6b8,2
abf6482a-bb3b-030f-0087-5ce801c5dd15,c14d8b44-cb5b-82e7-2cb5-89ccd982f6b8,2
de673df9-609c-cbbe-1798-5e0aa5f0c55c,3d615b13-3c73-af15-1039-f72556b2ffa3,1
4cb5fe66-41ce-446e-edb2-5641d61423b5,34a3c3a8-8ab8-7583-0696-49c0667111fd,2
dace20fb-2064-6e72-e54d-91a5ff7d61b1,20b674f3-e344-9f4d-ec3b-3c0e71546d8d,0
3c160922-ef13-c09b-fd78-6e93bcf807ac,0d4e9dbf-61ae-c6d1-2192-afadf131984a,2
395dc892-1809-8c57-c737-f26b9e843af3,44cab8b7-643b-d2a4-33eb-b01dfe837f64,0
ee9126c2-b675-da8c-9ef2-8b6607d82287,f04cb383-22c6-54b2-c048-8f2af6d91cb5,1
5629d927-7946-d5a7-6ea2-791061706390,f04cb383-22c6-54b2-c048-8f2af6d91cb5,1
110d25b0-be18-1e80-c3f3-96372f66b376,1e56cb88-59ec-b754-3e2d-314aa139514e,2
ccc619d6-7490-a6cb-c6c1-54fe4b25c42d,07917fdd-1ce9-5cb6-9ecc-3894459228ba,1
967c75e3-7fae-21ae-0355-d6c30a5671ae,af7c550d-9c83-bfca-84d4-34b7ac8875f7,2
fd3c834b-0245-9e93-3353-f974c42ed9c7,4fd8c56a-c387-b95b-4388-42f628ff3d96,0
b974a3d1-1e07-be57-18a3-e38d211c7dce,9ed155c6-2385-b55f-2a71-79d6e06440cb,2
927c21a9-705a-9786-8350-c4fed58ae5b2,9083d978-508a-3f5c-ebb6-8cd65906878d,0
dcc3de1c-1128-a78d-fd4f-9fd5a2f635e1,908305e5-af8c-05e1-8cf4-6efa67a56da5,1
19fbe01d-1600-2d82-1b96-17bc5252d597,6c1609ed-3a81-e322-5ab2-e9fe60a86082,0
01f790f0-46b5-bf8b-c7f7-a8229ed90167,ea13ae61-37d6-2719-4f78-a754a724f96a,1
8722862a-c917-f371-050f-d677ac8038d6,8927c69c-20c4-2a5b-14b3-cb299f2d93ee,0
ea98f6cc-a2dd-7c4e-4181-01cc51e2cad9,c74afa95-5a9e-b8b3-8933-b77ed5e2674d,2
1224678f-7506-3495-1cd9-ed985442964e,5f4fa79e-3ca6-9718-4002-25d3d9ebf618,2
33c93c3e-677b-4418-b02f-2ee5aa2f0a3b,2b758a3e-a6a0-ddc7-2320-4c4cd8e84998,0
b638b911-03f8-3956-6fbb-019eaa3b19f2,cdfa5897-a0a6-b00a-6560-9554ea586cd6,0
b7068c81-86be-e47a-baa6-078c63890354,cdfa5897-a0a6-b00a-6560-9554ea586cd6,0
14e82907-12d3-c002-2bd5-f7322f315772,cdfa5897-a0a6-b00a-6560-9554ea586cd6,0
88377588-394e-6883-a2c6-d2913ef3cdf3,4a4ad7c0-5ce3-0544-af1a-49a24d41eafc,0
b06bb5c4-d206-fd8f-2dcf-b88f41a70f71,6e4e3790-df2c-2b94-7a80-974acf2758db,2
5dc2ea79-c58c-991f-ecaf-0dffc6c0fe40,b1f70a89-6944-7101-f895-3032bc18a8c6,0
18e3be19-2e7f-a034-9be0-90f655d74e0c,d6b8e0e5-c694-f2c2-dd36-1507a922170d,0
25de39e7-c359-91dd-9eca-efa8baa81150,73cbaba7-5b8b-2840-e9d2-2ad9908368ef,1
466553bf-d1fb-2832-42c8-02876d85d5c5,4e1ed375-dd2b-042b-1b15-935565f3ae7a,1
d541aadc-47e7-7753-4be0-1ee63a312fe4,4e1ed375-dd2b-042b-1b15-935565f3ae7a,1
9fd9c525-37c8-aa24-9e30-75229598d12d,a0ce235c-f443-f2aa-25f6-d826c5ce10ab,2
29c0bc31-6844-e5e1-6adf-10ee000e71e2,4fea54e4-8c76-328d-0fbf-322be2041095,2
a329cd29-0ad2-ffc2-c593-ddd12267230d,e248e301-e97f-cbe1-2604-3357b574945d,0
700d4030-0e25-3411-5971-6e83102f96fe,620d245d-3b00-3979-488d-93583c0f0cd4,2
c00c8493-d52d-9754-7e5f-cea22ff06e6e,6514af9d-80b1-4bcb-ae8a-3e50b3e35faa,0
c7d63c0e-adff-7861-9032-fb38cd4970f2,6514af9d-80b1-4bcb-ae8a-3e50b3e35faa,0
5b182fde-5c4c-5db5-f0ac-03c7f9c33de1,c75daa19-ef4d-07ef-85fa-ec37453a2fa4,1
55c81e5e-c115-1430-4a64-7f0bc7145fab,2ed2bbf5-aba7-242c-8d3f-209e8b8b96d0,0
0b0538e3-4c02-5574-1446-33fe8f18c180,c2158d67-4230-e3f5-b0be-90817e61c58d,2
510fdaf8-f84b-a3f4-2fa0-3ff0dbb48f26,06ba0d41-ade6-bfa4-0418-254190f3434f,0
c1ace990-4cad-8965-1a14-69420cfdc560,06ba0d41-ade6-bfa4-0418-254190f3434f,0
c067b680-839d-1b84-6f35-f9f3134afa52,fc7f0846-9d37-744a-e102-b1041e2d531f,0
695749b7-6d4e-6d19-1db1-4ba5b80ceac3,f93a9197-514e-ffa4-9c77-e86c77fbd620,1
94dd92d9-32cf-765f-8ab5-7a58c0c09a97,abbbb2a2-9ea9-7a99-c9d5-53061c177ccc,0
3c8ad726-cb1e-7abb-7f29-93a2c4401d3b,01d3d861-4ef4-6872-5214-6ab099df924d,1
add00e1d-9a07-a477-8a30-072856d236f3,3e9ef78a-8f39-db33-3a98-f3cf87228ea6,0
22d79037-f195-9b72-8fe6-7cf30e381835,1daf6970-4556-f906-71b4-5f10bef1a7a1,1
ac43a338-a504-7b14-a13d-350faabd4b7c,1daf6970-4556-f906-71b4-5f10bef1a7a1,1
c7c3885e-afdb-e50b-049f-8cc614ee7dec,1daf6970-4556-f906-71b4-5f10bef1a7a1,1
5d5309c9-9413-a4c9-1647-537269eb674c,753bbe09-c571-245c-d1f2-d97c47279cb3,0
0bd7d25b-60bf-8145-32fe-108ed4abf77c,9ef29c0e-31e2-42ee-b961-6a1b036f0947,2
739f2e07-3bdf-d770-6d91-a0dd19008adf,198aa5b2-10d6-da8b-3bb0-31b6e8bb1393,2
a1fd7e1a-c1b9-716f-c111-ae114d9f8f7d,9995d186-eb84-059c-0168-d1b6cf154bb6,0
aefebc1b-ff56-d687-0311-a6af750b5c93,edf5b342-bb09-4013-7100-bf662fd15f06,1
68657653-8ac2-e6a6-d623-b38c1e99bde1,c7cfd4b5-a9c1-1e4a-27f7-cba1604219b0,2
3a1685bf-78af-2c78-36b4-165a462d8893,368f948e-4c4e-fd47-8baa-852b6ba53f87,2
e80892d7-1941-7b5f-8d14-0757cbf1f3ec,27a8bac3-131f-b46c-4795-1fcb65386f8f,0
1b7fa3a0-b8ba-c98a-7ebb-75efa5a1eeb7,14900199-400b-f286-ea0d-75651a9e06c7,0
8e345f68-a6f3-dfea-05eb-efa0a9cdeca6,14900199-400b-f286-ea0d-75651a9e06c7,0
11a75adb-d292-2baa-0209-a8bb48846391,c266f74a-3d92-7b07-5a7c-862299f6844e,0
4581a042-faa1-c15a-57f8-4d06d0b2ccd2,c1d5fd09-5708-de55-e438-67cf2300d0cc,2
18773b11-e385-a57d-33d4-0fb2bca6b0ab,9b1db8b0-8cbb-03c8-906b-65fd3fdb0525,1
760d05f0-dc15-bee2-be35-7d93d4bb02b8,c06f9e67-1e99-0c73-34a5-f069c0623e72,0
b4ec9d7b-6eb0-ed25-b3bb-05c04c1d4cd0,1a11b20e-5344-ab04-c358-4402c9d929be,1
b6c972a8-c47a-bfac-f830-169a46e9e814,0f82f53d-f0af-f708-35a8-15d68b2044e9,0
7083b0a3-7065-874b-33c5-a0b6037cd863,5ecd9277-3dd7-4209-e2ad-f5c39c6a2fba,1
ebb5f91b-6c52-eb4b-0abc-f779e149aeff,9e0de033-254f-5cfd-47e6-14e34f5975f9,0
1e9a4679-d762-5a99-cb06-c4fbf9a4d70f,9e0de033-254f-5cfd-47e6-14e34f5975f9,0
f50557fd-0d04-c825-3531-e6f5156fd90b,41223e7d-638c-00e9-f2f2-ad2f17319d89,2
6286ddf3-35a1-e7a8-0a33-48b6702a50ba,8dbffb41-dfab-9255-9586-c8a139153743,2
2ae8df50-0c5d-0f9b-ace9-7cc3932fc97b,8dbffb41-dfab-9255-9586-c8a139153743,2
284464a2-3778-596a-f0af-685c9d7d68ae,7bd5d37f-809c-44f2-8d01-6c774f3102f8,2
58dcbbbd-721f-54f4-45ca-c680e99fa11d,99361f31-4809-1ff9-e640-44eef65bb918,1
fe9f2a31-bec5-1b2f-f67a-eb1742e015f7,4e3c72a6-0d9b-3a53-13a4-b1e080073614,1
b5a91a26-455f-9bd9-ffe5-a6803aed793f,dc66e849-ac5d-e3c8-e6ac-1d9f352a824f,2
61236dc8-3176-164d-79fa-34d43456bad8,62a29ffa-5f8b-f798-e976-660eb1478b38,0
1eedf06d-6825-0633-8d86-d3c816f956a8,408d98ef-16db-3732-61cc-68ec201387ed,2
52f0240c-a10b-f9ad-c3d5-436782483a77,c11d3941-1c99-c15d-1063-f79766ef5ae9,2
c8742407-28ec-71bb-2da0-e5f5162c235f,27e5924e-6e52-89e6-c327-757dbea93ac2,2
26b3591d-8d0a-b733-9571-c4d8c06eb2c3,af58c59f-d97d-8ca1-5172-f9ef4e17b009,2
5ffa0a5f-9fa4-2433-9def-47898c80aea4,de6fc351-0852-1507-d664-b7b6f0dbefe4,2
1d1127c0-87be-76ef-aa35-fcfdf41b2aa9,1f5edf8a-ff86-72a2-ad45-5d22b1da3043,1
14b61b78-fe77-4f87-6435-b86c3c47fcdf,5f9e7b7c-538a-7803-4d91-a39d09fa6f85,1
cfb56086-21df-9cf0-0ac2-ee5a1a6315f3,e2d6d5fe-37fd-d6a0-ebc9-03cd77215d22,0
77673423-119b-ada5-e91f-5b9b2eaaeb51,ce8240fd-58f9-9b75-fce5-aff36b9f9143,2
61fb6865-2665-8fce-58ad-c471d48e0c98,45286c52-928c-e46d-2ae4-41ce805670d6,2
c92614c7-731b-dd75-aaa9-ecab114744f6,45286c52-928c-e46d-2ae4-41ce805670d6,2
2fdd0379-b778-634b-354f-189723d00dc3,730ea493-ad44-b5ae-28ba-e2c3c882c4d6,1
5e8b38bf-32f9-f132-c38b-ec436ace80bb,44bef7ba-38e3-2a26-6e3f-abef3f9563d6,0
df30bc64-8233-de99-0f23-2667df010cd2,d6dfed87-c464-4c89-0a1e-85112ae12a90,2
21760076-3253-c601-b93c-f5526ffd9e32,ad47963a-cc46-e822-f921-cb915224b185,1
9683a622-6c82-4110-c7ef-69dfaa3aa4ec,01c87ba1-af48-5732-b737-7e940d07304a,0
79624f38-0dd1-2547-a09f-24db52f43468,01c87ba1-af48-5732-b737-7e940d07304a,0
5b4a74e2-1a4f-adc1-1e19-7e622d7dc714,ccfa5b8f-6ac1-72bc-3e5d-8c93250fb818,1
bd7f46fd-2cc4-2472-60bb-3e6b90dd6c32,7f7a2615-c8e4-4530-5018-1380ef4fb5c9,0
42d650cb-494c-d5dd-bdcc-5cdd02cab95c,93de7625-4313-fcb1-5a80-6d100570c202,1
148a5394-c8d3-8aa1-cbeb-df47c1212efd,2a7f07a5-8081-a68a-3a5a-612ae2350a02,0
3069996f-efdb-a7a4-1049-6fe43250506f,1ea0e636-aa7f-4263-c8d4-2534e04d4742,2
a683a297-496b-de47-45ed-54eb9e087878,f19463ab-14f3-2a40-d42d-8a78272de9e4,0
e4401759-af5f-3b10-e8b4-4581cfa7ad43,0b464df4-6b7c-83ec-accf-4f62c583b2e1,0
e6b38461-fe10-cacd-7b5d-d4a0a773a658,28c183a4-c831-6348-50a0-ebafac81554f,2
322574fe-42c4-c49d-6b49-a31ddf096d66,1057d482-65c6-a044-c8e3-e0acaf618de6,2
53fb6de9-1419-4503-dcd9-1c8072880c6f,943aee5a-1970-bba5-9a23-a192c50abe64,1
e335ac7d-f053-b4ca-6422-8f24e516bcad,5e5bb30d-23ca-f670-4d27-69798aabfceb,2
5f321273-63f3-d535-bbd4-4e0ccb13782d,536625aa-dcc5-949e-a935-6085cfd83081,0
94c54d71-0f20-d053-5e1f-c91fab2760de,97c5266e-fdec-bb4d-14d7-e24d2d2f1eb8,2
0199dae8-e19a-1451-2d7d-dcb7a06b174c,3a9138f6-edcf-fd39-1598-8a35b2f56b52,0
86ae5b2f-296f-f49c-c5b7-9183fc8a1244,a7e3565a-69e0-a991-d419-bd707d95768f,2
9c3d9f9d-6b8b-1354-454d-6e2d7473dfc3,77f203d5-349f-ec96-faf8-5fddabe26565,2
c4f13461-b1f6-2c5f-53c0-d09b186a0dfc,316b52b3-9f33-4ef2-5678-599c913699e0,1
c1a304b4-d0c6-495f-1090-a6d543285c5c,c9db3f60-5cb1-9bb6-c2be-7804bce5cb66,1
2877a63f-d1a2-33f4-7a46-32782c1c6d95,b8b211e8-8d69-c62d-13d8-db4c704e6ede,0
0cd64af4-e17b-2040-940c-3fe46df79c0e,d9ee27a2-3e44-53d0-509c-621244c4f039,1
56133271-b2cc-8a33-6b9c-490f2b663307,2cf9b151-dc62-ea28-5b36-22c5db02f142,0
28e38048-fb2c-d81d-6a2a-75430916f8bf,71e8b82e-8a62-eea9-a792-fcab8ef3268a,2
8a7b0767-41a7-2277-9e33-e407c8ccaff5,ac315e0b-b2f4-af26-87c5-2c969d8e923b,1
cbd5642f-a206-3194-4a38-21b485aa0cf6,fc1c1799-d597-6a6c-275d-be6e51dbbd96,1
2a69ff42-9546-ff4f-10e3-e94b20d1eff7,1a80c45e-c13b-23a7-2c84-e3294596c834,1
3e9e78bf-4698-2bb3-e52a-e3cb54203cc2,d5c12d75-fc37-84ac-006f-ae85e1a11b44,2
1000826d-9a62-eb30-2691-0f1f2b45cb7b,be597a5f-750c-d9e7-bb71-d7bca3aae132,2
a3469efe-69fd-49a1-046d-8b6722ebcb21,be597a5f-750c-d9e7-bb71-d7bca3aae132,2
b315606e-ad02-7947-1398-655091912ff6,76815992-4414-bd6f-1f1b-4239e0d1e97c,0
4de34435-380a-0616-c451-a903740d034f,97064802-8487-64aa-a806-3837811ec770,1
9ce06567-8524-d1bf-400c-f5f622bc839f,7504d975-5b4d-688d-1599-5eaf53a01748,1
9d912357-326d-8ddb-9dcf-e7df6b6e9ef8,314fbd97-8d07-1df1-7786-ea219a9916a7,0
d2121cc8-d55a-460c-44ae-d1ffe76b39be,f3b99948-183d-b0a2-0d82-efedfa6da243,1
9a9d5f13-18a1-39fc-0848-88f63c3a331e,f3b99948-183d-b0a2-0d82-efedfa6da243,1
8c54f02e-d241-3e74-4e50-4b65e72102e7,41e5b944-daa9-1529-25cf-5f06b23f7dd2,2
aa5280d7-dcab-3f57-f24d-076dad19b259,86beb593-a718-e4d2-153e-e8b51fef50e5,0
144697a8-7e0a-aa95-a712-2736fcb25967,274689ff-37af-56aa-0a0f-f1b6a72dee55,2
2271697a-2831-b88d-03b0-c8285d2e1d5b,274689ff-37af-56aa-0a0f-f1b6a72dee55,2
75b61ede-339e-0a0b-1256-06eca29030b0,11d68b91-d0a6-7eb2-a8ec-f2cc75a88dd6,2
3ec0e909-a55c-db9b-ee9c-83f7f088d306,d5426c64-2406-588d-c4c8-f89624f212c4,0
f100b244-95a9-3728-278f-0d4d02c047d3,276295cc-1686-3af4-ce58-e3a30944c6bc,2
1de4b736-2427-2413-0c76-944cfeadaa5d,5908e062-306a-4215-9dd6-dd674530da40,0
720936d1-caaa-bee4-0f7a-fb2a41db4d3c,54ec4d5a-d75a-041c-4a2a-da9de01ad390,2
6cc5bb29-fb5f-395f-d541-d94bf3921360,3d9cbc5f-809b-1978-0505-1c9cbaf21f6d,2
73c3bf59-949f-73e1-60ac-23870ed9e74b,b9e851ae-3213-0010-da31-77d50c70d45a,2
a72c8a0a-e9f2-5ba8-4560-d8e6b2ee0ce5,826de4b2-a247-3708-94b1-445965aaca34,1
0102fda8-640d-fcfd-8d1e-9f8bf891540c,b2676e06-04f9-b26e-346b-764301bb5bf3,2
6a3463cc-d94d-c1e3-2a04-3d4faf1b7e6e,47e51acb-55d7-cbdd-f136-4a601efce2d2,1
49d99be9-ad26-0854-9614-13cc2e19e786,8b5fca6d-1390-f72e-fbd0-58244db25344,2
901963ef-8bce-9b9f-de32-43baa6641bf4,6fa4b1eb-60ec-7bb8-7ea7-428d6a8882f1,0
ca6e145a-6fc1-f1c0-075d-74d4cf795c2e,cb874c58-2c8c-b3a6-8f90-56e7d0311a36,1
70999cf2-64b7-1ef7-893e-99a006fd5a2d,ca28f8ad-74ec-847b-5557-b8fd7a2dc9a2,1
27b70fe4-10c9-28df-5d3b-778752df8c5f,c35f3ad0-6e68-abd7-75fc-ca79c570d320,0
031eeb5d-67a2-c2d2-8d49-fc474e6f6c57,884829e8-bbb6-fc0d-e80d-1e1b89c6ff22,1
f88db9e5-d8cc-0892-e288-6f50c210be87,0a0ae553-dde6-ffff-db7b-7f89f462a037,2
63963624-ae09-ea2f-ff6b-7c69ba4736df,542f7a92-f2af-2068-29d3-a56abce20e55,2
d35c6856-c19f-939f-9f68-5f8796bffee8,13bbaebf-e8bf-61c9-cc20-ddb7f523b4fa,0
7bd9bb6a-2ea0-84fc-ae5c-c8e10ad7861c,286572d8-7069-8939-1372-9f6bdc0be510,2
250cf93f-c76d-049e-daa3-f9e465585654,c07adc51-e7a3-c6a0-9d06-97556f817db3,1
af5718aa-a9bd-a422-1390-f4de969ce022,2d9e10b0-779a-1509-2bc7-dafcb22f8e25,0
41706368-88c4-ff74-35f6-324184502c1c,67d5202e-4f08-cf6d-5d9f-67e4dbd5eb07,0
a409789d-a3c4-6a83-26fe-87cc056ac2a6,7626e183-3494-63e2-db85-983408946cfc,0
00c212e0-35fe-0659-70ff-c5c674a453ad,80b1a64b-adb8-e41d-e495-d381e3d8f29c,1
0b130ffd-98d3-abb7-936a-90f95bf78215,467445f9-d09a-fee0-586a-618b28cbd715,2
a0f50323-3689-0c34-158d-fa7c42b6861b,d060a66f-6c8f-0827-6fa2-0926f9c6fa07,1
15ad25b4-d095-df1f-9d0c-e00d5544ad2a,6f9dbf51-bf93-c975-4856-8b2687f3ec6b,0
4c8e6743-4deb-c068-afe3-a862c2aa4265,399163b7-58e7-5240-dbc0-df965e76c7bb,0
8786f84d-8b26-b0cb-b0d5-5ca93fe9d6c9,399163b7-58e7-5240-dbc0-df965e76c7bb,0
bdd7f178-f418-b56d-89fe-922d562488bc,afdc72f1-c7eb-be8c-1790-d17e874cf494,0
ab14dac5-2667-65d2-561e-50c2d0dfb45f,77aa9442-c6f6-aed6-3375-5ca9ca9dc8fc,0
73807d4c-8e74-fd41-18aa-c5fb2cc85914,864b6eca-c79c-b510-a010-2beeb5aa9d0c,0
06f52144-b6f4-64f0-7f63-65590359f74a,864b6eca-c79c-b510-a010-2beeb5aa9d0c,0
860aec7a-2860-5f44-6e24-4d2e2dede0f7,47eeb12b-7216-7701-0416-f7984b8e95dd,2
a443ad35-ccab-a0b4-636c-b298fd0f07f6,0f9fb025-4300-e0fd-d028-337a6d2038c6,0
471b2808-bfa1-c74c-f84b-bec8e2f1bd0b,8823f825-b084-87c4-3962-29fe5a2f98b7,0
e6f501de-a0f5-d161-59fe-d73df4c2df69,4bacdaa0-494f-0f5a-cd37-b861954f1fe8,1
4b060dde-dca0-2be1-a9c0-19b7e4e6cb88,bf2eae67-4d82-ad4b-45e1-9012fcf9fc3b,2
2b3efa30-15db-b0bb-dc40-81dfa3d9372f,de092a8e-ff40-a329-b09d-c52933753f25,2
e923921c-42de-f0c8-2b0a-84acd1794b25,a27e5b69-d6e1-b867-a349-00cc405c3b08,2
44a4b8c3-9c52-1b46-b91a-d48969b41567,4b0c374b-9763-860b-d6d5-e04615122c48,2
c3b46227-89e0-4492-b25f-1231e597b902,f4ee7a87-bc23-5e60-6416-ded957fe6f6b,0
4970a88b-5758-b638-1f2f-10f7cb58e5c0,18aa83ba-1025-b3b4-cbc5-436c3d840c42,0
0086d4c2-47a7-5512-ce10-af45d14baccb,20883315-7361-930a-1d60-7926558287dd,2
69ec98c5-f5d3-7723-a127-858b6cafd2ab,45946402-9297-7020-4356-6e78882316e9,1
d11ed8f3-1b94-324f-1d56-20db26633b31,27d728b8-e899-6a3d-3446-32d1860cb7bc,2
873309dc-7062-0c88-19a1-a49b8cd1052a,cd491ad1-4021-0462-d93d-16ed57df4ce1,1
62c2b7ea-a7d6-8c00-0055-c7f8ae046cf1,17d7282b-3fc1-2498-4cfd-6a46541dd77e,0
0b4083f2-681a-f929-211a-faa7fcd73f88,a96281b1-4192-c6a6-3452-12ee8c23557f,0
a6b157cb-3b21-8349-2171-d1cef6595e98,d42ec3c5-8b67-d57d-1283-f552f4a83557,2
0e33a875-c76c-602d-e1eb-8f7c91d86d2b,037aae8e-a699-1d3b-448d-9f11d8b15a6d,2
8bc8cd53-be0c-df0a-a2b6-c7b48c7a625c,f7076526-2a73-9cb6-01dc-4261c4c9dc40,0
4b506cf7-0503-1c83-8dc3-aaad1dd76132,99575fe9-737f-b209-4b0c-19cbb2f847f6,1
7280453a-a45f-5b71-244f-999725f934db,99575fe9-737f-b209-4b0c-19cbb2f847f6,1
6715f0bb-9b9d-823c-f37d-a55153f4bf99,e0f892b5-1188-9f45-49f8-79967be7a62a,0
da5234e5-9246-aedb-8d2a-1694a34b0229,13b02f72-ef1b-2d32-5983-fce20d6795cc,1
9696c381-6a43-2302-d2ca-1e30d561bba6,1a4503c0-5104-8767-47b5-5de5ef7d8903,2
a2ab84f1-ca15-460a-227f-ab77ba62e8e2,4f880b3c-7429-df7c-5ccf-f2d6f09a8e90,2
69c2d68b-2597-d0a1-2663-2bc19ead3ee4,d6db3b06-95d9-6568-8ed8-f6e91ca30cef,0
ee905217-44e9-0147-e886-dcdd97f7742b,9d4c5ba7-10d4-ebf4-7701-cb17ffe630ec,0
efb88f1e-f72a-dea1-e18b-e90067263a53,649355f4-6e75-39d5-ccd2-c5ad29387287,1
852665ee-dc77-6ccc-d836-f42f3ece7a57,941433fd-c69f-6b62-1263-9fef65aa1e85,2
dcdd278d-b6b8-b1c0-d84c-713dd354165f,1e19bb41-e89c-61db-6d32-ae93bc3fb4cc,0
820ce168-17c1-5aca-1968-3d46a6d6287d,1e19bb41-e89c-61db-6d32-ae93bc3fb4cc,0
c9829b47-4555-e6bf-17a7-59121e39ef56,8a0d2db2-8e2e-2c00-d720-15915fa5d002,0
53029e03-5e0e-d8cc-3398-54122c9ccaac,d9298873-2af6-e7da-b75f-2b39ba8e8f15,0
315d67eb-5769-12cc-eb9d-95e7f122f93d,b30a712a-99b1-7a64-bd9d-7d5719c5932f,2
f1f71a61-defc-c6b4-aa8a-ed21d14f4e26,21546ec6-e28f-483f-6efc-b695ba1724fa,2
f7d7911d-92ef-4336-8126-cf5137219b62,2290b104-2954-4bbf-a27b-edb385e4224e,1
73d8cf86-f04c-9993-48c0-855055628a0e,509f5a26-bcd9-075d-3c6e-d87242371e21,2
5e40a43f-c769-bd95-acd3-d52dff44682c,54b6e6c5-805b-2e42-0402-2f82fe847f4e,1
3fa4b9de-9c93-02cd-7172-0b146ebd586a,0f070d67-a031-fae8-0eac-8680126e6d10,2
9d23f7de-4799-a4df-328f-b9feccf0701c,8033f4da-4165-093b-b025-7e0ce322288a,0
12cdaa2e-e177-e8aa-7cef-edb03cf7ba4f,c59e1d69-93a9-81ae-4a57-e8a58ce0173d,0
106ec8e7-8998-ad1e-b6e7-7354c56dbaa2,c59e1d69-93a9-81ae-4a57-e8a58ce0173d,0
c01ec807-1594-4ab4-9ad9-7fc708a7bace,01459e92-a095-956e-057d-e524d43eee27,2
cda329bf-07b6-f053-4e64-c3333f1b0de8,d566163c-8b1b-2175-a39a-18395139b450,2
a6d8e228-be1a-c264-f21d-1b776ca9f222,d566163c-8b1b-2175-a39a-18395139b450,2
23100660-877b-aaf0-f3c7-a6478ca801c3,741745c4-1ce0-af8e-b9e2-bb04f5185e2c,1
165fde9b-84d0-01b0-da63-6314d4592080,e764a3b0-eb9c-cbaa-6879-606c270f76dd,1
67706831-4a68-cfdd-dc57-bc4f053fe4ff,00cb2739-c9f1-755f-81cd-699d88bd65e0,0
94715c42-3f9b-2397-54f0-1dacecc8c389,b272a62b-5f04-5305-ea47-62abb073905e,0
d4bfbcc8-7022-cb98-3f50-a75d3cb11d65,498c8597-db33-46f5-264c-c1fc16d2ed6d,1
f5f3c635-a87a-8a59-812f-ac6d9793aeb7,5bc2c88f-45a5-11f9-f0a4-4e3bcc2eb42a,0
53aa716e-be79-e29a-c76f-619166611119,0ff1affe-5b25-6fc2-2ae5-ba6275deae26,2
dae4915c-a8a2-2cd5-39c9-1acf022c5729,4878f6f6-6c28-35f7-03b5-df5eaab4c362,2
0894dab9-7b45-d1e0-c19e-87b57d92709d,e3c0c836-3908-4127-a235-91f2581dfc98,0
f5e3fb5c-5aa1-2118-0bb6-efaf7a35193e,6b856a2b-d1b7-9971-db56-aa04861fa140,1
fc329adb-9433-cbda-5f26-daffd99a77ec,b45b5392-2143-9801-ed71-61cf8b7b7d3f,2
fd190bdc-fb9f-1b95-dead-2300401cdc1a,b45b5392-2143-9801-ed71-61cf8b7b7d3f,2
7c5d32f8-f57b-7ac8-0be2-b9882a11c185,a6f0277a-a0e3-6122-2748-95dc7e95be08,0
c050cf83-587e-f1f6-6a36-c0de51297593,b8cac3b3-1175-d6c5-ebbf-ef60b6813e4d,1
6c46aaf9-348b-8012-4468-e414fc2a4294,38455934-f08a-7821-ed1b-5796d44b142d,2
b38b9ef5-b23c-8f8a-0ad9-6ae3b9cf5fcc,aa32dfdd-927b-d144-fdf2-9628856fa42f,1
cddba316-643d-481e-a7e7-280bef95fe45,4eb50220-2930-02df-c35d-37d904699c0e,1
ae12b6b0-f105-e629-2cb2-04869ca3b1ad,da32a6b2-be0f-b7c1-43f5-4200197402f9,0
7e90f36c-1753-d422-c48f-bfe81a77b942,da32a6b2-be0f-b7c1-43f5-4200197402f9,0
29edef21-582a-7993-311a-cf81e6062e4b,88dd2014-bcec-2881-7cdf-115c6c1ab560,2
0391a37e-4397-6cf9-029f-00b80098ca59,88dd2014-bcec-2881-7cdf-115c6c1ab560,2
f076a0dc-5c77-08a8-7e8d-d1a52ee6bd93,de9c83da-7fc4-9772-cb56-33d31596798b,2
be34dbda-71cd-2405-6135-f7fb317c88fc,38da260e-a7f2-1572-b7f5-93cd5873970f,1
4f9bd18e-adcf-e248-003e-adeb77f5048e,5ea96d94-b33c-39cd-7c62-3cfdccd730be,2
24fb35e5-5d32-4242-4e2a-94c1346f8cc7,94d8878a-c1e1-ebb4-95cb-36ce5c902b07,1
7862ea90-0ec2-5543-b2f7-5e54976789db,253b4c4d-c6ae-1477-0fd9-21aa5a6b6f01,1
beb03727-157c-18b5-5341-b962ba21468e,7b8e123b-c41e-d1bc-3195-8f0209f288ce,0
8d623b89-2330-c726-7983-1c81a16581ff,9980bdb1-b2f5-c243-bd88-65f5dc3ca057,1
43760440-1690-7173-d456-8a268803fb6d,134f8798-3003-8f61-e0a2-bd4390ad23b7,2
fd1283d5-95bb-1b99-4e50-23b8f20cb0c5,fc81f284-2c50-9cf3-cf95-49f19c526cc6,0
81ca3cad-570b-1e12-6aa6-a842df1bd20c,9b443ff1-4bbb-4b46-c741-97dedcf74b90,2
ba19c672-d0e7-f253-0882-4244df0274cb,2cdca578-c165-b4b2-d9db-92140ad6a437,2
3efef1c7-9ca3-1973-cee5-0e7afe96c6e5,c1b6401b-0db5-2de6-c3cd-69fe990439b8,0
ab8fd694-e74d-6cf9-c1aa-7e2497af62e2,2b410641-425e-b0f3-195a-05df16d1c28c,2
b3e03f12-76a1-3608-200c-cb08d55908cc,370b7728-e737-2618-7acd-e1d5042692dc,1
a925950c-3178-df79-c30b-d41aa8e73da4,d1b6af9c-88af-577d-651d-ebcdba0044f2,2
be7e3977-883e-b003-72ad-5643837ac1f0,0dd38a23-dc88-42c1-aa76-a2b14b5342d6,2
a363bc24-df6f-5aa8-1942-206ddf09d078,6f489422-7c43-0062-6bbb-2c16b344f870,1
9c747cae-ca28-258d-82cf-1589d49e45aa,276cc35c-2ea7-1d51-4826-16761af2cf32,2
6fe822b3-7272-e956-c77d-057f49cba8ce,b38e57f8-a8aa-f46c-386f-6a81fee323d7,2
705bec09-3af1-fee6-b12e-c25753786668,e34be076-a597-ae99-4070-bf7ee24337ae,2
38bb7155-60f0-ceb6-f316-1e87a2845493,e99a9b63-e63f-d908-f302-9b37a8379744,2
c10276f6-24c1-19bb-1c90-1d191cba4359,79f95187-9b2c-6de3-a045-46aa13d431b0,1
81596df4-9d94-26a3-9721-ec598a2ca98f,79f95187-9b2c-6de3-a045-46aa13d431b0,1
ff1c431a-13df-ba73-c964-68a6a2653e2b,2829604f-9dc3-3e24-4372-0447199d9da1,1
4b20879e-ec08-cbf5-7c11-64af6c52d574,2829604f-9dc3-3e24-4372-0447199d9da1,1
1cd7eede-5528-8ff5-f916-ab5abb3852cc,1d66b2b3-e1d5-b5aa-6826-7215444d59c9,1
c548107c-87d4-265f-96a7-ca67d30cd7a2,28641157-abcf-733a-79af-a82bff540b47,2
204cfd10-106a-ed0e-a698-f69005a329bc,a10705ff-4ada-77bd-a75d-0b6961540eb9,1
d74a3d81-57cd-d899-6bf1-6d019661bde7,19f1be5a-122b-4ef2-ffcc-d4549f86e954,2
8089b05a-d2ea-9cac-7e52-0ea0ad5bbedb,f57e8051-374e-9fb2-aa53-3f26b9cf4e8d,2
0e2fde64-cad3-0f59-2587-33db2ccfe34e,f57e8051-374e-9fb2-aa53-3f26b9cf4e8d,2
e7818e99-11ce-67df-06b6-5de7db380262,816bf31e-3614-537c-7908-65e0bed7104a,0
623c901a-e8df-7c6e-ae6f-7cce94822846,816bf31e-3614-537c-7908-65e0bed7104a,0
abd421c0-c53d-0578-7872-92949c06eca7,816bf31e-3614-537c-7908-65e0bed7104a,0
0dadc1b0-e678-6d4a-16c9-94da6cb1c0a4,b3e3d556-3c0b-67e4-5782-0a494e6b2baa,0
26144849-005d-d601-45f3-9b25f3b4f9d4,51714f27-3567-100f-96e7-b3ba2d35178d,0
e1f94e1f-0fc5-07e9-87ff-953c10848ff9,07f3b0f8-4547-5f63-21c0-2b196cf11551,0
e7beb661-c067-cc08-ae4c-cd00bddd605f,7778b104-4f78-db58-0794-bcfe225a63e3,1
9a3e4d1a-62be-4375-de98-a7b6476938cd,7778b104-4f78-db58-0794-bcfe225a63e3,1
2f3c1ed1-1450-cd65-fa7c-c7c646fd17ec,a34b4562-b65f-a65e-69b8-738006a72429,0
ec1510c7-f521-517f-50a0-392ed83eece9,a4b168d6-766c-c2ec-bb6e-cb26288e3652,2
6bcfca8d-a362-e0d3-23b7-aa7ed55c7c25,b368694d-936c-e47c-1bf5-9f390ed0ada6,2
e53e1f86-e5da-e13f-1a3b-744ccc691406,d08896dd-508f-3481-1d7a-7d2b30d73f8a,2
2a75d6af-0cfb-e41d-8f3f-04f09d5a246f,791b8e20-df91-c9ad-ff3e-8849a4138db8,1
09257ca0-d756-8535-56bd-b506bea75b13,bff29cfb-088b-1594-1f05-d410d7483c54,2
587cf005-4c5d-e106-98dd-55a0ab23106a,bff29cfb-088b-1594-1f05-d410d7483c54,2
cb498f44-2a00-ccab-41f3-02929e3300de,fcd6a0c9-d858-61e5-b6f3-f6ef397abc63,1
63d52786-5627-d58b-4492-64db962a4dae,c988f450-0907-11a3-e9af-437ce5978501,2
994e9345-d9b9-d0ef-07e6-1902856e28fb,9e16d823-c52e-1bf8-0dfe-31b41ed139bd,2
cf91535d-ab51-605c-cf93-778f7fe861fb,15284d00-76ea-5cd8-3ef1-56f5c551aaa9,2
501c026c-c68e-d852-a018-8e7b90e2bbe5,64d9d80e-74bc-ee33-e06a-2a5cc7a91c04,0
ec2addaf-9296-5f7f-4314-34ecc48b9ba6,1af866fc-46a4-0780-11b2-87fc3431f721,0
b344d0fa-55a0-ce2f-fedf-390a22868360,5d95bbf0-1b38-5661-8ce1-83c991319dc1,0
08ca7309-5c18-72b7-322f-883e9b87c67c,3bd7d776-2bb9-02f5-b204-8aaf826074a3,1
99197d27-46e8-e2dd-0ce5-a064c6e5d5e5,3bd7d776-2bb9-02f5-b204-8aaf826074a3,1
6251a285-1a1b-53c6-ef65-9d8b568ca9af,c485626e-79f1-d93d-7840-02198021f0b1,0
c00cbd76-8c19-948b-3a88-11297f13e2f9,e4c8df53-9e54-bf5a-0105-7818d62bbec2,1
51920741-ff7f-0c79-7bf1-68e98e27edb9,264e0e6c-7a12-5298-8f5a-fc68accc2f0b,1
48d3602f-8fc2-5bb4-6b37-e8814bfc9b89,264e0e6c-7a12-5298-8f5a-fc68accc2f0b,1
6efad04d-67fa-8e73-5590-107c0634b3ac,264e0e6c-7a12-5298-8f5a-fc68accc2f0b,1
3fac9744-2164-5982-b941-01794ef26e3b,df585f4f-da3c-b58c-2e9f-247cb3d86031,1
46ce84d1-dfa5-c568-f5be-39197ad366ba,5454c161-be30-765b-c6c8-0e1621805557,0
81a32856-dee6-ff88-e0dd-2a252ea7fbb6,75e2e20c-6536-2788-4b34-95ac6ba1a5b2,2
87f7b4ac-6cba-3958-bce1-7643ea832a53,e95dde38-c109-c897-3749-0d0da7049866,2
3db9d997-f157-d550-a4c2-38a6f9024095,1cd011d0-9068-f469-67ae-57ee1669cc32,1
aea1f2da-7fee-b2f6-4396-ccd5b467b5ad,be8961ce-ec8e-6c06-9121-6c89440bc904,2
619ee7e3-1895-7305-56b9-e2a477bc2552,9092ac11-fd04-3f68-4acf-1386fc3f73e0,0
358a42b2-50c3-52a4-fae5-343e8d4e3573,d79bc3a3-3b20-f3cd-9af0-84b4a2c25e50,1
c372a6d4-4f5c-3a2c-b10d-1af882ba1d51,73ed5cd2-5254-fb21-8554-f7037deb0cbb,0
e59fb7cb-939e-9445-511b-f9e0ddc0b842,15211f39-9d72-00e8-3ad0-c809935e577b,1
3bfc0353-90b6-c13b-538e-6422b989acf0,e4e66e43-c119-2e6a-6ec4-3a7fe9c960f2,0
8300a5d2-ee5a-4e49-8774-3bf1d8b3d6cb,f2c86595-e45f-8368-8091-d15c4e489774,2
d01b173c-a1be-c5fc-ef76-ed3122819791,1f6876d3-a00a-a35d-061c-58b9f9f6791a,0
a6cfe62e-0360-8bf0-134f-1a8cc7dd3d7b,ad294341-c080-aba2-1e2b-5dfa744624de,2
9b0d45cd-1ac9-e912-704b-2b3226551cd0,ad294341-c080-aba2-1e2b-5dfa744624de,2
1f3f3ffb-bc74-46a0-52a4-e08c1338cd05,e943fff9-8932-262e-b100-25a492b2afd8,0
f8652bae-84a8-bb7c-4043-0d2f8ae25ce9,c7feae93-ffe7-c237-ba8c-298c86639a53,1
7b2c9c8e-eb94-9e9b-1927-e66bd3e75a77,c7feae93-ffe7-c237-ba8c-298c86639a53,1
7b7881f3-cd86-6ef8-d831-2d6fc08cd205,74c85fbe-d545-fbd2-ea8c-be1846394e49,1
e26a2d3a-9c55-ac50-4572-06e91d9b9e0a,a1a0ddde-b41c-c10d-ba05-b890adca03ed,1
729e00ea-f413-94db-b511-e8304e4d4769,b78df386-a4bd-2576-bcf8-16cd069f2fb0,0
1a3536f5-95de-691a-fab7-06f864a2d485,aa2a8ce1-6890-d73f-0a6c-143851ce791a,2
1155a194-e75a-497d-dc3d-4ae27446da73,0a608a90-5fab-f4b8-c714-d026d57be6ff,2
0503e5cd-d7d8-a1e6-e3b8-c506ec3da029,e700b02d-4d67-f42f-a697-d9eda75b3636,2
f065fab5-f033-f62f-6de7-5ff2bb06d1cf,ce2a76c4-fc2f-fd0c-b4c9-cfcd55abcd35,1
2e15361a-3a35-0e07-7e25-2a1e3d4635c9,54f078a3-cef6-3865-39d1-1a60e600a710,1
d9fd3b04-eba3-893e-de81-5349de6f98bd,8d2ead88-bf19-6e72-b015-c732db838fd9,0
15bdea2a-fe99-3f64-0e59-da560a1229a6,feb49f19-bd1a-c09e-c8a4-443b6b0abdc0,0
e949112d-aae4-224b-46d8-3d7b5350f60e,feb49f19-bd1a-c09e-c8a4-443b6b0abdc0,0
fe8cf65a-6698-8cf3-cc5b-acdd2bd6b2ea,feb49f19-bd1a-c09e-c8a4-443b6b0abdc0,0
ecc80aef-927f-b2f9-b4af-4f41c5d05b36,06d1a120-e2d1-e006-84b8-efc68b1b225a,1
5c1e51d6-33f9-032f-d7fe-f95eb5d6c75a,93690e03-466e-59c3-b028-235884386907,1
15d34b30-7c99-1583-d588-5c430f5ac845,81f17c3e-dea8-07b0-351d-74e78a0cbaaf,2
7b412bc8-f1ab-e023-f222-4af6d3136bb7,b7b9fcaa-ee02-7bde-53b9-1b0259d2610e,0
21375ee4-6142-5c2c-3a9a-4eb21f7183ff,9c0ca98a-7973-ac7d-c7e2-d2b3f2f24254,2
efc0c4b2-8048-0eb4-2e6a-cbcae427ce1b,c077c3d6-9af2-49a2-fb75-26c108ef745b,0
9a136d43-bd11-9c62-74a2-3457e6f28558,99008b4e-6025-31fb-fb88-0cd903792627,0
9af6d79d-5f9b-4d07-7496-70b8641325fd,34776b05-7db6-83f6-006e-eeed4aed5151,0
36ceb656-213b-2871-8fc0-6dbfd10e5410,503e86be-49ea-46d8-9b4f-56586f44efc1,1
4c5bc7f7-f04b-73ae-a2c7-d9ea1b981c9b,3e8098a4-43a3-db29-fed4-cc6aecebbd9b,0
7d06c70c-a2aa-aa80-6f04-354f33c0f7e9,d665272d-0495-5ca9-7b35-456ce73ad009,1
ac74fc09-2fc6-6630-e352-eb987e0a104c,cd87a2c3-80c8-e0e7-23a4-48f3c1072f0e,0
959d9400-0853-8d58-fc31-426188503a7f,7d953805-1e6a-cdf5-0be1-fb761cb21b15,0
d3db98be-ca4a-f3c7-7c60-fb69eb592ca7,fa3abb15-728d-2289-9443-6c69621405a7,0
084fb7df-0a67-348c-63f1-7c8d6a4428c3,5f9da562-1631-07db-3265-0d5081053b7c,1
90ec4b09-44fe-a2eb-f045-5a14e8a7ebfd,baf959e1-6d43-222a-6135-6a7049473fa0,2
3ef2630d-40d3-6799-4449-72f985e384c4,6fff5b86-35ae-4398-622a-5cfac9bdf769,1
22b172d3-570b-051d-c706-860b101e0b0b,c0c38339-168e-eff3-6cac-0ce75c9cfc62,0
f5ad4e34-68b4-5bb5-13d0-e0f21c87176c,b37d11b9-f6ed-7116-dd38-86354a820e7e,0
cc15eba7-9f8a-6d8f-ea46-5573db8205d1,9ebf534c-c69f-d838-9340-ea4a534028b3,0
804d4915-97d5-77e1-968a-e43f092cd5a6,3992e10f-9fc8-2ca7-a4bc-cf32c16335ec,1
c3ae7cf7-5d8e-8812-006b-4ba6c001a7d4,3992e10f-9fc8-2ca7-a4bc-cf32c16335ec,1
4ecd0cf6-5085-c29d-894b-ce8661fa7992,4be1bb7e-aced-9215-35f1-f39c55c72b48,1
2a1a20e4-4777-21f5-9d19-49f6a62aabcb,272ec38f-e8b6-2e0c-0c97-ecc5a65f11d4,0
e6ba0113-2e6c-75fd-30bb-415507392768,53368c21-77f5-c2ce-0a65-245d0928a2a5,1
ebf94ad3-5666-3c91-ec28-a9ebebd2a61d,93a97d63-cce2-c137-9472-a4d94b462691,2
351d062a-ba73-e570-743c-820d1ef1964e,f388adf6-0bf9-38df-b8a7-46dc66956819,2
26235e7c-6211-8c89-74ea-ced72c7e0128,ecae6bac-30d8-6dc1-c91d-ab5d1a550a95,0
b0b14b14-93e7-dade-5609-89ba62825eaf,1dd0e9c9-0e44-1bb7-e0bb-46e77237dc34,1
636709d7-1d4d-75be-4d56-faee745b34d0,bbee1cf2-752b-4ee4-0c4f-d8f773eb1d14,0
d4494615-1dc1-b7b2-1bc5-e6bff5c09288,bbee1cf2-752b-4ee4-0c4f-d8f773eb1d14,0
ba3a593e-9c08-ec3c-5550-51f38ec950bc,29bb5e5e-8702-e731-2870-bbcdb8f13f58,0
d6758da2-c1ab-938f-902e-4df2c85071d2,1a539b9f-ea88-d40e-a5fe-2b2f92aa57d2,0
c989f9ff-33a2-e153-c8b0-93988f8b5763,1a539b9f-ea88-d40e-a5fe-2b2f92aa57d2,0
1c0962e5-add4-3068-b43a-796505d8676b,5659e7eb-4822-ce96-c1d8-1a9bc09b0129,1
e7627253-8e17-08a6-28f7-a4dc5baf25dc,7819f524-d2a0-6b93-69ce-6235eadce379,0
b22b3664-29cd-52d6-5985-abf29609b877,0d132554-66d2-ff98-7df0-75a53718c84a,2
8fe8f21e-25ff-b315-3667-e120d52a4f38,d1a6d83e-2b26-93e8-0bc6-f42f5aebd213,0
a754ecf3-d1a0-91e0-c85d-7a831e419ffb,72f58d93-85a3-b839-ffa9-6749fc37369a,1
79a704b7-8141-33d6-543a-614778477fde,6e62726b-c6e8-82b0-07a6-78602c90dd1d,1
a7358caf-116a-f303-916e-1d0baee3128b,49ff1bcb-6b26-2204-53fd-da69c8799814,0
bb0dae7f-bd92-4e6e-04dc-88ba86496df1,e691802f-5d7b-f82f-a2ae-8451c2e215b2,0
d0186236-edaa-91d7-9a9c-3414970b1e6e,d54d3bde-3d11-946d-f471-1b781105d5e7,1
18c69352-f8a8-a623-6251-3b7792e9263b,c3947205-1ed9-2380-3f1c-7e706d34cdcb,2
6ff6bfce-7199-b5db-a743-25ebba016ed9,5da1423b-f61c-3d32-3861-2f3d5ba3d176,0
9319a4c6-5ebf-575f-d23d-86145516078c,2c6b1268-ebee-0813-0a7d-69ddf5cf79ce,0
55f8ad4b-ac17-3fdf-04a1-748f25dd44ee,2c6b1268-ebee-0813-0a7d-69ddf5cf79ce,0
fe906479-9320-4b72-f26d-a9a9e8224271,67e474ee-2b27-374b-399f-abd0ae45a6e5,0
63c56a8d-dc99-4c64-2b89-7f66c6769e83,cb539d74-e0c1-a603-4f8c-9f7fcbbc770f,0
24b0446c-9a6b-4804-f03a-dffbd783e4bb,338bc0b0-07d2-f4dc-52e1-13aaae61a60f,2
3899ec9e-34fb-7a58-237a-269e2debe7dd,475919f0-420b-fcba-ac24-f5ebeb33a3ee,2
c4180bdd-4776-1748-1354-603719202316,a7a4bc8b-ea59-73b6-4c8a-5605f3dc0088,0
b7cd096a-507b-6a34-c82c-d1b221510485,962837c1-af72-a578-27cb-5a64ab67dfe7,1
b69487ec-b90b-68c2-decc-86e7510f5f08,b16dae58-a4ad-015b-f110-ce32c0053a14,0
a4beacea-f9e9-e206-fcc7-3ecfbb917f13,fdf37884-6368-8b62-9d60-c18f4fe9e467,0
39faa974-fc23-7c10-6d50-4d7886e78ced,fdf37884-6368-8b62-9d60-c18f4fe9e467,0
f5829dc0-ac3b-ef11-a074-db235498ed53,fe635f15-5730-6203-2a85-8281f3ee6871,2
918ef527-3140-9264-039c-b5a415ac0e74,89acd621-9995-b74d-2202-6c9657ddc86f,1
28e04f35-79af-d358-b423-d22fe8eb8406,89acd621-9995-b74d-2202-6c9657ddc86f,1
5484e22c-45b8-687f-86f9-31197563972e,caeaa45c-1aa8-f530-ce24-496ae3c02cf3,1
4ef1d9bd-1e2a-f144-cd99-06cdb1083d4f,b5cc290b-de6e-91b2-af03-ad76f0041c36,2
b07668ac-fdcb-38eb-b92b-157f13b1dbe0,44b9408a-454d-7a18-8999-25b3c777b40b,0
60ae44bb-b717-b4af-51ea-7d2518b72a70,671e0487-4923-5210-5f72-18c8fdf9a507,0
a291bb14-0cb9-9a7c-5e8c-daf2aa8a9d14,2962f386-9aa6-6732-a8cf-cc99deb3dd8b,2
005a8442-ad22-5896-db1a-3cd793f39d77,01891195-f0bb-25b0-a55c-81e1f4e2fff7,0
8628cd08-ac92-b415-adf4-f531b7073b27,04de5c5d-199d-789d-a046-20c0186d0182,1
8705b30c-592f-949a-0610-3d12a40d9598,04de5c5d-199d-789d-a046-20c0186d0182,1
45b475ed-324e-27d6-5e80-2d53d72d1de0,b64d5af1-297c-4c25-a1f6-19806bc976d1,1
fdd120c0-e555-d137-5742-ba0a9843ab81,b9d5902b-e34f-6bc4-3512-9ea3a315f849,2
edcea1b1-b88f-2b8c-41e1-023e6b607125,1577bce9-914e-57d9-747c-0a5a33a1950a,0
5b99155c-0fc3-4184-4f2d-921205f4987d,8780cf7c-f77c-0fd4-e585-466bbea7609f,1
516518d5-dd93-2bd0-e393-84aea8a1f898,ec9480e5-5d67-b2c5-39c6-dd5442ae7c0a,1
af33b437-d949-c74c-872d-5f5293be3b34,d96c5927-4b98-19c5-4a7b-36f1d85d6ff9,1
e926b94e-1f56-41f8-f44c-5cc85bfbdb5e,d96c5927-4b98-19c5-4a7b-36f1d85d6ff9,1
d49acd1a-4cda-e499-2400-7ab596a15d1d,d96c5927-4b98-19c5-4a7b-36f1d85d6ff9,1
95de5018-ce46-74bc-222b-cb08f1c6eeee,d96c5927-4b98-19c5-4a7b-36f1d85d6ff9,1
7fffe8ea-7f09-9983-4e5f-702614aa967d,adb5e2e4-66ec-787a-feb5-91e3a7856f7c,2
f04727ba-92a6-fc5f-e883-42b572139b7e,29d86305-66f0-0c12-a473-08395cb1ac98,0
ef8ad455-a777-0941-6694-48c331effd62,91d627c4-5f78-a0df-dd3d-92af888412bf,0
59ff973e-de2c-d17e-0432-a629a4c26c18,d942ac3e-5d26-6cbc-b346-6bb8188dfad9,0
05a5d271-98c5-f402-0fa3-f043de4989ec,5fa3254d-4e6f-e4c5-7b37-31a2cf42f6e7,1
6868ed55-5438-f5db-9418-e87be184f173,b2ada9bf-4922-b900-dc91-16635687b0de,1
535ccc09-f148-1a63-98d9-8b5ac15378ee,6c8a50d1-81a9-7501-5049-fef52f27b0ce,2
e390684b-5bf9-b92d-3726-bb1a24d1042a,7f5aff4b-ae6e-cc95-a15b-8151d75cd558,2
e106abf8-b547-f468-9bec-f5fb14dd1964,19b963da-a141-cb9d-8ab3-abbba9161715,2
4e986cf9-f359-c122-0304-65590edc1cd3,1dafbe90-8c10-70b1-840c-e6013a93aa39,1
21a5e23f-ad25-2c0c-5984-2415e35ba16c,5c319e1e-28fe-8c87-042c-d59c977d2126,0
fc6c9d2e-0d58-1cb3-a38a-907d16db20df,5c319e1e-28fe-8c87-042c-d59c977d2126,0
5e896f39-0a19-b756-1522-c895f2bc6946,7d688648-9edc-8cef-e2dc-35579f14ff72,1
3782994f-1d71-a870-0f1a-13e9a6351020,8955dde3-4880-5da3-f77f-9e961fa55f16,1
5fbb1139-7080-155d-9311-515a35e888de,c3ee2795-3aa2-9183-6a6f-f5d9226d1f13,1
436a825a-6128-579d-f513-d1e6dad1d646,ac754057-29fb-6aa6-afc0-9aa3ab0909c4,1
a4e474a0-8c8d-7c8c-62bd-5f3d3a651a98,ac754057-29fb-6aa6-afc0-9aa3ab0909c4,1
a1673bb7-7e53-4aa4-1221-f586cf85e17a,5e1d7c20-769b-a923-c6cb-98037055950d,1
3c2343e7-d2e6-062e-f69f-58d67dd20e79,69255a70-8843-c3e3-8b4c-29dc5d48e8e4,2
9970bbc6-f112-4416-cb7a-4c7dc18cbc28,3ae38a83-3d73-2f18-7324-9e63c0bbed45,0
6452f877-5f30-fa8e-3a89-7e5979ae7a1b,2b2c70ae-4f61-de1a-d352-65452b6877de,1
fc3207f1-ff90-2a5b-d7f9-07ac4a268414,74d67ef9-e781-7e57-a62c-c5efa3366617,1
119c2318-b30a-6882-9679-dbb14fce3f89,95f90ca2-919e-c93b-4a9c-fcf274fee5c4,0
c6d2cece-58ad-73eb-f5e8-c3a8d044d694,22a4ac6c-e325-1bfd-eefe-fa6ea595cbd4,0
1f890886-f1a9-b431-06ab-60c147ea978e,b3a36751-c3fc-def5-1c3a-97f06f9d1c66,0
e9313b8b-c0be-5327-bfed-0a8b9b617af7,ff81316a-657e-7067-7ac9-c0dad17eb53b,2
ad54520d-ea15-6299-d3a8-b57c9ea472e3,5b865d47-2abc-b87a-f4ba-c131cc33bd27,0
a99d9f02-bd72-42c5-f36f-fa3c3bc41616,105a9452-4716-530e-3fb5-56db199fe87d,1
82540866-bc6a-7d68-0472-4e5fe44a97cc,7197f1a1-c815-dcf8-c5a7-03e2939dcb67,1
a39beb92-7528-6f7f-961b-6867249971c8,0392ec4d-59cc-ba9b-fd57-3b7cc8c6248e,0
1741eb1e-3d84-75f1-9a47-616444c2acf7,0392ec4d-59cc-ba9b-fd57-3b7cc8c6248e,0
c0ce6c05-8ca8-645b-bace-32feef2a86a5,d956f04c-c143-6bd1-99b0-32ed4e2d1f63,2
88c5d18f-5086-d38d-bcf2-b7ac5fd1efc9,0b1f9d0d-523f-e99d-f1d9-c72bf0841055,2
89869a6a-bdb9-1a6d-f07a-2a53cd63b363,e8a951c2-7fba-3b53-c5a2-8af05903a609,0
b40776b7-239a-8d48-d163-b47bd351cf0d,ab8e6659-8a1e-cda2-8618-b049191e9c9f,0
4559c536-2893-871b-c35c-666f7e899c76,a22aea32-51fa-8721-43b5-d197213fd4eb,1
9f928bcc-d497-9c5a-3ddf-183d3344bb1c,f9d2a179-acb4-ed9e-7c2e-f07df72b8557,1
d930b475-0d60-e311-9f6b-9ba115c878f6,9c4654ab-c527-85ab-ccfb-dee3cf520939,2
3d6f35c2-488f-b80b-a9a9-f000113478d9,9c4654ab-c527-85ab-ccfb-dee3cf520939,2
ee568345-04ba-e121-3f11-389ad2098c8a,6487cfd3-6415-d8d8-bf7d-1c34c0af16e4,2
71d85467-4f34-e2fe-aabd-a83c3a3548f6,d6de1041-97c8-4ebf-3813-66898c3c4782,0
13ced11f-92af-ef93-f5ec-aa6a2ba0dbcd,41236c79-d62d-16b7-9207-50f38f50d6e9,0
44ee8ff5-49a8-472f-a7f9-daba2fc651f5,41236c79-d62d-16b7-9207-50f38f50d6e9,0
58d6fb0e-6b16-17fe-73b4-296b7c21209a,1e6726e6-5210-2cef-2f1c-b01b272a16ce,2
6854af4e-ab64-3355-c184-1c1ece8ff896,03dc9ef3-7e18-a8eb-70b6-85eb500ec790,0
f974c736-a94b-a3ef-8516-0300d7e518f6,3898e2fd-4f6c-19f4-ccfb-4802a2d8bf1b,2
5cd3c423-4982-dfa1-82f9-b46d397b679f,9ec7c52c-1f82-e950-8daa-0293501be1a1,1
38d65865-af4b-5afa-1716-81905eb1bc01,3c2cdf6d-30f2-e1ac-8803-0f6a41d8b13d,1
d59d6750-577c-0872-f54a-9aa009546da4,3c2cdf6d-30f2-e1ac-8803-0f6a41d8b13d,1
4b7d3edf-2353-91b6-ad2e-3faa92c754f8,ae0391ef-96a5-6826-441e-711a0724e0da,2
2e36bc08-a320-c36d-ff2a-645aa4ae5b7a,59e48810-36eb-16c6-c36f-faf9dbdd5318,1
113656a6-d120-0e80-9b91-f4268b1a1e8a,1d372961-00ab-293b-614e-9aed1f4abec1,2
9af6d6d0-e59c-d6cf-ce86-9f9ffa86a038,9c2bc808-361b-1cd6-4e45-d12f90eda89c,2
82a99a24-7353-b6f1-d421-fa86a0c43aac,9365b6ff-b57a-c79c-63c8-0e52b4c0f7a5,0
f25988fc-dcaf-8e0b-0b3c-b6d9ce360936,b92ad73a-1294-ca55-084c-0db52be5e902,0
2af11075-fb11-7dee-f310-97ee89bd1a20,327a6372-c89b-f7b8-ac1b-d57561841225,1
c9e225e0-6a00-894b-1317-916736db750c,76be1a05-5837-1fce-cbfc-1949b9288fd4,2
20963a52-c6df-4e9f-393b-271b28f1a5ee,b8f56249-2cc6-0adf-a8cf-5d05370571f5,1
bdc7624a-3582-a0c3-be29-f6de8a3a0a90,e63717b9-6235-535f-a634-64da10bd621a,0
4b8ad146-478e-6981-fcc0-d225894014a5,e63717b9-6235-535f-a634-64da10bd621a,0
0a4c6e70-de04-69b5-ce21-ee9d06ac5f7b,300db725-c762-cbf1-dc13-60f346940f3e,2
b2cb5925-d8ca-2534-e765-be7083622340,e430d740-8133-885d-1f5a-258c2bc69cc1,2
b7756636-c9fb-ac2a-8638-d2675c70cd87,f7f1e8f0-a212-d3f2-6563-42acca92de67,0
9779fd2b-8799-fb0c-7c31-12ba939704a5,4ed48b70-d35f-272b-1fea-0318ee8fafbf,2
73e10570-be8f-68c0-d716-eef883da0a00,1be27b1d-7a3c-0db8-623d-1deb04a2f2d3,2
3ed2bac2-7f95-4404-eb2c-0ecd5c628850,49eb8135-5aa4-65f1-d018-cc5b6e58e56a,2
d54049b2-f0f1-e1c1-c2c3-0eae6f715599,8787e8dc-6f2f-dc55-3a89-012fd7e32af4,1
22a6e812-c2a6-53f8-8226-6ceb272c9cc3,9d43700c-05e1-6bb4-7fd3-9961391bac8c,1
a540c5db-8a71-48ed-83a4-c4438a6ee427,8e76e5a0-b1f4-664a-d3dc-abc7cabb5cb7,0
9f8ed4ac-6071-eadc-7f21-7f20d9e774c9,f7f849b7-ebf0-bb2f-b1ac-9ec558acbeb8,0
27908b5d-da55-4bab-1bd6-f4da9c10330a,7639d71a-3e33-db81-1bfb-c4148b657d25,0
1a4a10e7-5adb-3ffd-95c5-c54a2ae656c8,7639d71a-3e33-db81-1bfb-c4148b657d25,0
3cd98852-26a1-93a8-57b7-2a8d28bab063,6d7f1307-9fba-77e7-760d-873ecebb0e04,2
59ce0886-cd86-775e-c4b7-e0e85f54a6b8,e2e8e12b-87f5-8c2c-7af1-8d230198fab4,0
40ac6849-5906-183f-b1c6-959ba7249fc3,92d40ee0-be95-771f-48ee-02c4f47be3c5,2
bbcd71d7-e110-3254-c589-42485f9a2872,05d89229-4e75-282c-6750-8fbf155f708c,1
2f45b62b-657c-f234-d422-aa69a31bf19f,6edc577d-d009-81b7-9ab7-68e55fe052d8,1
b149ca1f-ce03-cb27-9464-b34e9b2a38ad,6edc577d-d009-81b7-9ab7-68e55fe052d8,1
e8551a86-f338-203f-597d-3250d82a74de,e6505d16-a2df-f601-6e35-dc11ab43ab66,1
9b6913f3-e8b4-e2a8-a7b6-a4321f0bf4e8,e6505d16-a2df-f601-6e35-dc11ab43ab66,1
bf794d15-d81a-478c-1ec4-4a448613c6b7,f53366a9-321d-32bb-4b66-fc5e1557d47c,2
6dc35dc3-70fa-a3e6-b53a-f15daf05c834,f0efb030-092a-4c92-d51e-407980ffe212,2
e6cc037a-e575-3bef-d48a-772684ad998b,f0efb030-092a-4c92-d51e-407980ffe212,2
ae0641ee-6df1-0020-a282-7cc9008ed2e2,f0efb030-092a-4c92-d51e-407980ffe212,2
ba45e3dc-3510-55be-021a-01eef57b035b,84673865-9619-d46a-e58b-7b6cad101b26,1
00516ded-8f0b-54f6-d412-d2af90d08d53,a25309d5-5515-efd9-d5f5-2e456abe0fd0,0
45a64728-3ff5-405a-7776-944a5477133e,ab198500-2923-ece6-7d9b-ba286583444c,0
e8355c67-9d79-39db-e251-dacdef31d77e,c47585ae-0497-b1cb-8779-2c3027c03aa2,2
bc7dc2e2-af1d-1870-9466-9ea14e443ba5,eeb2954f-8e9e-48fd-6707-06c520f17fa9,1
89ae964b-4b3b-33ad-31e2-10154a61558b,5b9e9969-63f5-2c21-da5d-e83ed291b8cf,2
68d6c1a2-60c8-3eba-fa90-9be599650946,5b9e9969-63f5-2c21-da5d-e83ed291b8cf,2
b3c5ac39-87f1-5af7-52f1-29ef87a17c65,5b9e9969-63f5-2c21-da5d-e83ed291b8cf,2
e7d0d629-33c0-0a3f-8311-e925a38b16e8,8cf78c58-6034-9268-79d9-dc93452ff08e,2
83cf9a66-0a05-8b55-052d-12592c0caa9c,c3358b60-eba8-b443-8fdb-f916e171464c,0
181694fd-b7b7-2dd4-5072-b4ab35de73e7,392d00e7-c2e2-ec48-55f2-862d43c88607,2
23e8fcc4-ed83-21f2-022d-5b5192f98247,22f6bb99-3f62-06d4-7574-3e46906b3278,0
c1e767da-472e-22fa-f9f9-05107b08889e,36f3474a-2dba-64de-8371-9ffe95e8f527,2
415b7ea7-faab-835a-ad26-c8cd599184d7,717f66f3-52c0-164c-f0c2-dc686c09fb63,0
050bb623-4099-bf51-3422-c9693490e91a,8e01310f-ad68-4e81-c4f7-ffb4daeaa69a,1
59403ebf-a458-4426-8266-83227cfb5425,98589072-4fce-9e65-f847-1cb50293d7d5,2
35679da8-5478-cafe-e584-8854a603b587,faad32df-3c42-bd63-50ad-d748d3a3b6fe,1
5eb98a70-c090-ca38-471e-b14417368915,e9404967-dfb9-072e-c945-a027f308dbf3,0
60a0e08e-68ba-c905-b418-3f0372a95764,55f314bc-08a1-f5ba-c78c-c6f5a0b2e48c,2
99c5b601-b57a-ccf7-9424-b0892d16572c,1bed449b-7846-cd1f-6744-c279fccc8969,1
3cd8fe3b-0491-3fde-594a-acc2df655a43,69df1053-2bfc-1cbd-a77b-f93d9536b366,2
bf375de9-328b-eed5-5ebf-7fc4d6fb14c1,4b5ed943-4541-f8fa-5fde-ef39b0e7e1ea,0
aac4c5fc-f497-f41f-e824-e6dfd578dc0d,4de8e432-ac16-4be8-3729-c108091ee6d6,2
dcd08d9c-f7a0-2e08-14ec-dfd202aed7df,a85ff67a-bf7e-e0c5-13d9-fe0745fb3be6,2
41db3a52-cbc5-e798-5dca-6d4a89ccd376,9feee117-2e6c-a9ec-c64d-9d3943d32ed8,1
4ec814f2-ef51-3390-846d-f79885ca340e,14b94ec3-56c9-bee6-8179-d6d672ec17b2,0
ca0d222e-a338-58fa-7e63-a0d90a368905,dd989297-941f-ed98-6e15-603aeefaf713,2
d0429544-34d5-f07c-74cb-12eaa150f5d6,39f92650-4064-92ee-0eb8-c71258eb27fb,1
9862126e-c3cd-2e6d-24ee-33500afd3874,ddc70a65-eed3-c00e-103c-03afd53958fc,1
5be64d45-7acf-3c2e-ff7c-0f986c35e7d6,ddc70a65-eed3-c00e-103c-03afd53958fc,1
613cb712-8e89-f8c2-613a-ee42949fd8e7,eea065f5-a668-04ba-7ef4-bf4fec6069f1,1
35f63ce4-4b65-3fbf-8710-f45f6484df8d,7306ce68-a6a1-18a8-87cd-acff89071c4e,0
07ab4ea3-8529-464a-8faf-608852b64ac3,c174cc99-fb7b-aa50-79c8-82d1b8f64243,1
85e280ab-54f7-5b13-3d12-06cfb3ae395d,bc40cccd-a69d-b1d8-f6da-afe0fc310572,1
93dac449-fc5a-3513-6ac4-c167b5210982,bc40cccd-a69d-b1d8-f6da-afe0fc310572,1
fcb7128a-776d-bc83-a43d-fb7615bba64a,425b3965-47d4-1366-0966-0902cbbcd3cc,1
c75b20aa-6bd6-c5c6-6cdc-14cd830aa776,a4759d84-762f-1779-e452-c88c2c94db99,1
a415ae27-cbda-fcdc-77f6-0244a3824356,d3d540e1-293e-714d-6c34-d7b74752029b,0
79bb9d89-8183-4dcd-4ffa-4a9564da0e9b,d907ed5b-1fb0-284b-7af6-bf07fcd19850,2
3b2411ea-52b9-7000-4a47-274b2d4ac7a6,f71db527-0425-1c79-5376-45931d3eec2b,2
4cd2aa2b-8f48-5b34-7b01-4151d1664fa1,972e2763-f70b-b18f-92bf-1efa64e5b65d,0
4b3742be-f6ad-a55f-79fd-57c88d3caf58,17aa63d8-9f37-db0c-562e-5a7718f33e55,2
6f2ea510-4062-437f-e048-8ba2f60cbfbf,17aa63d8-9f37-db0c-562e-5a7718f33e55,2
867ee12b-656a-25ff-96fe-81700acd15c6,3b046a54-f713-1289-4c43-858762f48493,1
91b5cd67-21d9-3233-c8e2-261ea650a9f6,0ae0f89d-69dc-02b9-43a9-b5e10c907c40,2
edc59be0-91cb-a40c-d028-7dc250171fce,0ae0f89d-69dc-02b9-43a9-b5e10c907c40,2
860e3f1e-ebc6-cc56-9900-54862c0308c0,577e1626-7534-100d-9a05-e2ffcffeaefb,0
84ca75cd-ed4a-edbd-eb4b-ef3771fc7a1e,674adc74-4431-d418-fb78-bf7911bd3dbf,0
2864fae4-45d9-50c3-6d3e-1492259b73d3,b323c027-d3b8-7fe4-f5b1-afcc4f469f38,2
243818a4-843e-f6bf-dbdc-c3cfbcd77194,0bf385c0-6c6a-7d19-1dfc-e48cf2d49c77,2
e5629a84-2cba-d1e1-5c51-c269b9cff1bb,30fad6f8-8b67-be93-4551-846ee865b0fc,1
787a72c9-942d-0c4d-bd78-afb426d8ff1b,0e11f219-7144-38ef-d899-547999e244e6,2
7a7aab69-031f-a6ae-3f6f-1c5228d3c30e,6cd28465-5229-3c1f-f3a6-526b899bdfeb,1
b978bb60-af8c-1b2f-1727-eb8bdb61dda2,b5ef0d2e-2b53-731c-a8bc-91a63f394090,0
f26e7768-7fa9-876e-4426-1ffd8c4c88a2,fead5d4c-44e5-9f27-ec2d-135a7d41e7bf,0
51e97cee-9575-0c7e-ef6c-8a35e70646ed,f514e728-2d03-4b6b-06a7-1b8964d396dd,1
79a92b37-1ec5-4c68-8502-d3f8af8eb39e,312893e3-2c28-d170-f9e4-84420a9cc3a8,0
345d7b75-0edf-0d5b-3fed-5c579e8ce3a0,87f981b8-7851-5324-45b8-a8b175de304b,2
92e9c7d9-7176-1d70-8162-7c1265b497eb,1253a89c-ecd1-d76b-c36f-3d1fd0971971,2
e1a27c14-ed77-07b8-8c83-2bf7603abc26,bfce2737-2ef9-9a83-41d5-ea0ae0c7c66a,1
fcf5bbf4-4055-d809-6421-bd6161319273,50cbc632-b58e-2dd5-a522-f1658fd6931b,1
ae0dda08-03d5-51f9-e91d-1e9e99ffd5fb,84616ae5-959f-fe4b-1231-3cfa652c7054,0
0e24d01f-264c-15c4-558a-2e3d4d718858,75a3df31-14c7-2b36-b0e0-23093023ac4b,0
fb05b46b-5466-3a0b-aa01-638afe77e318,7ff34cf6-dcc9-067a-ae75-fbf7369c9e2e,2
ad70481a-d617-bccf-1302-34f41a34ea66,c61cd1ea-b02d-960a-184e-6c8b530ddff6,2
b6cc3986-34d2-55b9-49ab-66aecd14b308,1d02bfce-d04a-f805-5ba0-d7727399b21e,0
58fc25d8-083e-8629-cff6-f2668ba2c9ac,3a3f946f-38c2-e996-d023-be3d0ded84a1,1
0ca81991-370d-f416-88ed-49e1f4ee25e6,5f9d3f8d-f740-9ca8-e0ee-658ade961764,1
ee4bc13d-2b9c-043e-42cd-1a7478d40dd1,9fdde639-bb99-24a4-575a-6bd64d6ad850,1
32f4d39d-2cfa-1e21-6791-397b07ed77a7,30c7f25a-a5a5-db61-934b-17841df5cb55,1
53b09ca7-a281-bd42-7955-46d00d5ff44a,e34f1725-98ab-462a-4230-423562472283,1
aa9e4e6e-0ffa-b602-ef1d-bc494d59d225,3376cf36-340c-299a-5e0b-1b556b2a319e,0
c88b195e-1884-66c2-9784-b6bbd5540175,d835975c-e3c3-29f6-a265-3efd8486f4c4,1
897e6ef5-7f2c-ecf4-db10-4fde00b0d63b,d835975c-e3c3-29f6-a265-3efd8486f4c4,1
3f99d399-b396-b953-aa88-046dd12638a8,8c24f1ac-4847-5c2d-30ae-535e7b38f65d,1
01bf6b40-e4a5-6ff8-de38-d6226964a768,8c24f1ac-4847-5c2d-30ae-535e7b38f65d,1
c68589c1-4291-baf4-8a8d-674018be2a90,f398b7f6-56d7-6023-e32c-da21861a3a10,0
a22c47ac-a6a9-4871-39e7-b8712c976988,f398b7f6-56d7-6023-e32c-da21861a3a10,0
546758d4-b53c-d6c4-0e9d-972cbcfeb61e,4ab11bbe-ef97-126f-adbd-2887ed0c1b67,1
57c0518d-9e77-2aab-e825-ac3c762e9e4e,9a85bb60-d8ee-57f6-4019-ab95c0047990,0
d851093d-5c47-7cea-d9d9-3b092104e0d9,8d4af19f-b982-9fa8-52a5-46b7eaa6e1cb,2
e06f4b33-9cb6-4a31-bed7-9d0bf3725213,1cb7049e-dce4-48f4-a49b-4cbcc0625e8c,1
34dc8446-3b49-6137-1cf2-bacc841a4b98,a2d86164-9c05-dd01-2140-0819e9c6e14a,0
59a58d0b-f8fa-ca7c-513b-f5b9023631bc,a2d86164-9c05-dd01-2140-0819e9c6e14a,0
1aef53c5-be87-5315-2fcb-9d038dd13da1,0fdee52a-f3fa-670f-1b25-d1a72724a31f,2
def16964-1838-0a2a-ac09-fedd1043635b,0fdee52a-f3fa-670f-1b25-d1a72724a31f,2
58993649-7392-91d6-2c4e-a3d4ea15c495,99b915d6-372c-45f4-50f9-2b33473d7d0e,2
c7177042-255c-f725-0572-7c2c47eb603d,8c491110-771e-1116-58b7-df21b5953f97,1
db7b437a-e466-3efa-422f-f9837ab16da2,4801de2b-1dee-a666-cae5-91b03438b3f4,2
c9ede7ae-61d2-234b-95bf-61a73309b112,020ac65f-8e8f-e45c-5585-8854478d390a,1
5c3840c4-111d-94de-32e3-5b7549b0fb7a,6361b163-9066-f8ae-341f-85cb15be15b4,2
8c426385-73aa-9ef7-e49f-085e89d3867b,4402ab1b-4c21-d1c3-b837-afc333f6e44c,2
e4b09013-6958-ad39-4900-9b158074a7d6,976c3bc5-ce4e-f556-80fe-c172fb7ed114,1
b7a2aad8-f7c6-b3f5-3959-a0f0ce5bfc9b,812f5a1e-e4dd-3f4f-3000-152acb464d1f,0
24b5984f-a2a3-3800-12a9-a50e77c0bac5,2ff77f33-bb7d-990b-94e8-0a934fe1e873,1
d16b4dc9-f91a-404e-aa97-623e966229ea,d5253897-4a85-c565-1bcc-7b0ca221acbd,0
14b47558-cd53-3425-0151-4977c4f1bd8c,d5253897-4a85-c565-1bcc-7b0ca221acbd,0
6fe90deb-18e1-e3bb-3397-65115e3de277,e30c5cd2-8abe-9565-0e18-88f7e3f48092,1
23c77c14-cc6d-17af-52e7-0f115deff904,3171af1a-8903-0658-b8d8-70a499afb423,2
0798fd7f-1fea-99b8-cec0-fa81152bf829,7b155081-dd52-44c1-e561-3e7c5ea927bd,2
d72c3426-882b-1e4e-001e-78d7efd185ee,7b155081-dd52-44c1-e561-3e7c5ea927bd,2
f234af9b-fe3d-d004-9915-730fa4d97251,f059722d-f004-5339-6375-327e865e5705,2
6e420974-fc4e-7e93-8096-5305004b8427,8970de68-e5d7-6a72-0de1-dc2d058f7f22,1
c7501443-45cb-d8c6-eac2-165aa55a6df8,b162b9d4-951f-dca1-f188-edbf27b4b608,1
20efe324-3336-a31d-06ed-330655a36c3b,3511e27a-30f1-83a0-082c-c7a3445339ec,1
90526154-8119-b39a-2894-09d29e49720d,1c0ed73c-e6ad-5c3f-adee-febdd77a3b6c,1
8dbc94ce-2e80-3be3-c4a4-72fd3ae94a12,895263aa-055f-2b10-e8d1-03778c49eac1,2
ea6138eb-4d9c-224b-fbb7-467bf03db00a,d2ca1888-6282-118d-41e6-0cd7f194e6dc,1
f586883c-7d05-194f-fe3c-499bc3f41ab4,d2ca1888-6282-118d-41e6-0cd7f194e6dc,1
e778362c-96b2-9a20-5454-09724322a6ca,efb77af2-d8de-7459-5ccc-ebf24e4ed22d,0
bd732540-ccaa-7f39-82c2-f16cd737c133,efab69d6-63a4-bde8-a05b-87957084c331,1
84077cc5-29b6-886a-8420-f24f865cb979,68d307e2-f4b1-9b9b-459f-276317a8681a,2
da1e4a1c-2a42-ad99-c1e1-8a1a8db11781,2ead4857-ee96-cbeb-52d4-3388257a966d,0
85f097e8-de9f-55ca-8a0d-2bb080ae7323,06c6ff17-6a9f-5628-8e6d-ec1f9b09f85f,0
c063349c-4d7b-562d-68f6-6d156f502649,06c6ff17-6a9f-5628-8e6d-ec1f9b09f85f,0
8736e67c-93a7-81fa-c34e-1e9aaf5b8cbf,27311738-ebe0-d3ae-570b-eddde5e3cca0,2
7cdc3a35-3962-b538-2faf-b33857cbe88a,27311738-ebe0-d3ae-570b-eddde5e3cca0,2
8add3601-2063-b09c-d304-31b85e549bde,a3862488-0803-9be9-ef23-0023f8cce02b,1
1ed2f5de-e666-8fc0-2d8f-fc52a8c40da6,a3862488-0803-9be9-ef23-0023f8cce02b,1
90c04f67-7f73-eb59-d634-27e00b25e98d,d32568d2-b624-07f7-151e-3563c7224716,1
69bc9768-fc80-8eec-7133-c5774f2aef2e,8f07b826-c533-eed6-04bc-8fd5bbef316d,2
ef567168-055f-4e39-6cf7-f67308ac426a,ddb7f199-2c5d-2466-10c4-41667259f123,2
ff24dc35-5bee-0b19-dbd6-66947d0c90ea,ddb7f199-2c5d-2466-10c4-41667259f123,2
99cdef6a-2231-0559-c18b-584bcdcab5d1,e239c74a-d2af-34db-c3fd-070e1f123cb8,0
75e725e1-b6a6-02d0-65f9-0f4a65a12b13,87371308-5946-c5b1-e876-e13f56c58fc0,0
2b8fc97a-09f7-6cf6-bd6f-98698ad2aaea,87371308-5946-c5b1-e876-e13f56c58fc0,0
5ff1e419-bd3e-5584-eb4f-17483b366596,74127c71-2475-9d3d-1e2a-cfc17b31d0db,2
d85862ac-6aba-5b9e-afbb-e26c92d47079,53a16556-4af8-ee9e-a35a-d3edb600e35c,0
84a5c4af-7593-db08-3a2f-e082edfa1dde,111ccd3d-78f5-1a31-3477-836370bd80b0,1
1f6522e9-0b5b-3a48-ee82-87ed6a1045af,111ccd3d-78f5-1a31-3477-836370bd80b0,1
484375a2-fbb2-f064-0cc2-4701477c0551,855f6dc3-3ad7-7e9f-5c3b-285641d7b4b7,0
f9bdd2c4-a359-f570-18e7-dc5bbf399296,fc870cd6-7483-b049-8edc-cb8add119777,2
b3aa2e2b-94d2-16d4-46f9-603a255b8a6b,a431ac82-c3d4-8952-3dc2-41de7d47ea55,0
dbe7a0cf-1902-c894-67e7-9315fa40c0c4,57703b6a-d048-0361-a3d4-9b4af5948fa1,1
43dc4624-84a7-1be2-e0cb-141972d8a0e0,08c9ae47-1a27-0916-6d0c-01fffc8fcc16,1
351a3874-0c52-75c9-d565-517a3317b424,22ec06d1-3628-a84a-b67a-1248559af05d,2
366c3ab1-0946-fb74-dbc6-69718a22962e,958123bb-b71a-3fd3-28db-3edde4315d7b,1
ae634aa1-3244-d365-437d-4699f4db1945,f1a8cd5d-83c2-7279-0879-3cc1e2897aef,0
168c49d1-03c2-28c9-8283-6b5200d06940,adc8bf34-f0ab-7ede-a0d6-bc4af686db15,1
56c5eca2-9330-8765-12c1-1667ec96ca29,2acd43d7-af93-738d-9bb1-215df7ab66b4,2
49a63ffd-3ebd-afc1-c6c1-cc03202f8112,d232033d-fcd4-9ee2-8eab-a58f3af89fe6,2
1b626ea9-6615-69eb-b6a7-16696347ae18,d232033d-fcd4-9ee2-8eab-a58f3af89fe6,2
bae770a6-bd0f-6500-651c-9871a5163878,2da7342c-58cc-74ac-ddcb-0d7e25497713,1
93d449b9-8034-73d3-9044-270d21ba9e89,b8c4ef73-db20-a9d2-2281-c5e772b23703,0
556e137b-518c-3faf-a1b7-8aa526f4d9eb,8c0b8eb9-f826-5de3-842a-929e28c69391,0
2347612f-d65b-711f-8a49-70e052aa81c7,cba84c65-d535-b9f5-df35-5d4b68859f3a,0
21b880d7-facf-dbe7-bcb0-f77fb82fb462,913cf8cb-8455-aee5-bbc2-ec1e9fe2bc91,0
06b36cbc-d4b3-03ae-356c-194100e6d169,27c5a76d-2494-ac15-9883-d186947f90c4,2
3255be48-0ef0-1b1a-fbef-8bc041571d50,27c5a76d-2494-ac15-9883-d186947f90c4,2
e97b1d9f-391d-3083-c5b6-b3e4ec08bd4f,e76cd6e1-86a2-fe00-e9bc-41bed9a91400,2
6ac925b6-0668-b2a5-4359-342a220796bb,84c6ee7d-7d6e-15e2-78a2-88f16a7f14e5,0
74c79556-fc93-faf7-cd7e-5d1001c0ecfd,f057b702-a04f-c3ca-1213-436eb46a0495,1
fa3c8da8-9495-1625-759e-91d7b4f716f7,f057b702-a04f-c3ca-1213-436eb46a0495,1
0dfbf881-c911-f2da-8876-2b1f771e95cd,e2db244d-d699-09c7-8fff-4ffe97bc363f,2
1c5e0aa0-f103-aa3f-6359-143f45bdcb6f,0c5dae52-c558-9a83-3be0-630b489bb0b0,1
a228a234-31ae-9f41-2942-1d92846fff7d,0c5dae52-c558-9a83-3be0-630b489bb0b0,1
8708f115-e0de-a569-d081-94b51d49ade6,21959d2b-859d-9b8d-8210-7bc9e758e01d,0
360cfb0f-4249-7796-c58b-c4263750cede,44a06633-65ed-516e-2b2b-b41b5c0928b4,1
fd9c7ef0-8369-5d65-2db1-da14ba7e39ca,34638d3e-43fd-8365-f902-e4eb72a35e6c,1
c7447257-634d-3987-346a-833210a83eaf,0438a134-1c3d-b1b9-0221-164369a20284,1
ef5b78e5-c7eb-16d2-f8e8-1ec4ff23274c,d55ea72e-ded7-33a1-931e-c3b77aca19de,1
6492ca56-78f8-2b40-ac66-4f04e57575a2,fbb738b0-cbb2-ec32-133f-c722e2c2973d,0
3505d165-d7ff-818f-abc9-652ecb9aca4a,111db6ec-e6d1-3f00-ed81-b0c16309f34d,1
4856760f-2dfa-aac4-f32a-c265cb037c34,ec2372b9-d834-5d58-18fe-031517cf2c85,2
64731b08-e5a5-282e-a0ac-ca6b69358ae1,c05d04a3-109e-2bed-2142-3f2132137a9d,0
e4a6a36d-beff-f477-c43e-10460ae22ffb,b7f5e661-951c-57c2-feae-336a6340ded1,2
3bd567cf-33fb-a5ec-8bb7-f5609ec341ed,2b6b3eea-589d-61c5-7394-4e0b867a390a,0
64a755e7-718c-5b6f-dd65-5dbb51665c83,25968bb3-48e8-8706-90fe-47e6da39d122,2
2fd29f98-6ce4-b34e-0215-eb9e80c6654f,35f92236-7ab7-0409-fc14-181675eed457,2
d6ae8be4-c8ba-e623-95be-bf3ff3dec9c1,eb41db9e-839f-09de-f1f2-a733e45c3a83,1
a7a748d9-bfa9-755b-bf90-301e9bcee766,5786bd80-41ed-8037-6d89-80c9c0a197fc,1
941a3639-26cd-bc2c-7675-9a2247b2cdc6,5786bd80-41ed-8037-6d89-80c9c0a197fc,1
ebfa8169-792c-b9d4-7d75-72e0056dc0ec,34f82939-cf5d-2827-4a68-3bbcb28d0446,2
9654df3a-9138-8a99-c741-13ab47b5a19f,3e51a74b-5220-379a-541a-d4d2190b7e9c,0
504560c7-a244-3cbf-7296-d6c29fca3681,aed08972-6432-4e16-2489-eaa05b9f666b,0
42c3decd-99df-124d-af6e-c57499107b31,9050b06e-e880-f1a8-2044-c92ff997af75,0
f361462e-7028-43b5-ba94-e8c08aa163b1,64ce80fb-f845-c04b-fa1c-0cc62e92b27a,0
178a66c8-8149-3d85-3eb1-1fbfb750d0f4,3208f9aa-541c-06f6-4874-4c64687a3d74,0
ffc77b33-dd94-87f3-6c3f-286924720c7b,b52acbb3-90bb-75f4-3845-1454235b4709,2
9efb05b5-1cae-0e60-8f75-ad473951601e,b52acbb3-90bb-75f4-3845-1454235b4709,2
cbe71783-1826-0c2e-7c71-c80cd5869325,64f19a1f-af17-93c4-cbb1-8e321629d7cc,0
a4e83b87-4397-db1a-d99e-e6b575905594,9df34c92-ede6-f556-969d-2a233021d815,0
08defeb1-1f39-06c0-221c-b74b45b8a5bb,9d8fbd5e-29c9-029e-3bb5-9fc9767e9bad,1
3c40f0ff-9209-3168-28f9-66dced16f5e6,9d8fbd5e-29c9-029e-3bb5-9fc9767e9bad,1
913504f0-86c3-c336-cab7-8830e2480cab,81f81333-8d80-009e-473e-d94dc7bcade1,1
c2687837-5535-1335-bb65-4e30a1b0fcd3,668ed9f6-eb15-fa9d-9668-48cdb99a3a6d,1
e9efc4ff-c985-e6dc-2f5c-ec4671750214,ad7f7d4d-e9a7-5ae6-9f3d-207bf4dd1207,2
57762623-0e48-e0f2-079b-3a6ffe8d1c63,ad7f7d4d-e9a7-5ae6-9f3d-207bf4dd1207,2
877fd767-2703-09f2-52f9-3bae1dc2e3e1,d4ab8cc4-3fd9-2963-2b11-e2ecf9567575,2
d9f97bb9-cbfb-83bf-de05-ec324f5c2d0e,39e40a11-3870-d6ea-2f06-8aaeebe6d230,2
03d32e62-f510-6475-6e81-93e8c0e2e643,b8826fd6-6645-7443-2029-543254275b5a,2
ac2e073c-c4f9-9d17-2027-29dff479ce7a,153891de-af6b-f9ec-1385-6585d6a9f158,1
665d00af-fc8f-4375-bc55-17b762ab1e2c,153891de-af6b-f9ec-1385-6585d6a9f158,1
866c0257-b3ee-8312-ca67-75cccc9687df,126d24be-a5be-8571-92cf-25d6005179a0,1
023e7fc3-b113-0388-0c5a-3766a3ff24e8,a19aa554-6ec8-0e30-89a8-57d3715ec676,2
6077b541-f168-41e5-21eb-a47bd78519a7,4a6b5bc8-39da-50b8-4137-340fdbe2d941,1
cb576a16-71d2-3c10-c5a0-db0e9dfdc2d4,a9a46e0a-fb31-90cf-376d-0af40710c337,1
584c5d5c-bf0a-7ed6-5944-56180fd52c6c,65f5e1c6-8029-d6ab-9c43-a34cd616a029,2
1806bf74-7474-60ee-5931-c5e71eca5784,79b22a72-d5f6-0241-cbba-ccdd8d0b7e7a,2
eb62865d-3cf0-8efd-eaff-e554cc704391,938cbe3b-a3f8-eefd-750b-b469249cf4b0,2
edbe5679-6ecd-55c4-d74c-8f821330b3fa,938cbe3b-a3f8-eefd-750b-b469249cf4b0,2
bc3164b8-e666-4bdb-d6fe-c41d11706017,fa3fa1a8-991d-6282-0906-c24973889f51,2
06b92bed-7170-9ddf-ea6a-104c0bcddb46,efca31d8-2fa6-d478-80b2-b540c7c6ae4b,0
42017a2c-a442-fabc-0d3a-f858280866ed,b6166405-dcc0-0196-7eaf-81c4b5a21090,2
32362cab-c9af-bd0d-cc1e-36a8617b3413,d0684458-5d58-02fa-ecb6-44aefbaa83b3,0
d1a85391-6b59-23b9-50a6-32ebb04672c8,bc8ebd97-acbd-7eeb-8ed6-0caf7c9416a1,2
19fa76d5-f9a5-2f85-ae44-790b10cb1e53,47217407-32fb-2aee-dc20-b3bd57ad1956,1
e1638e56-cc3f-628d-30cc-c8706f11e8d3,3e7688df-e4d2-19cc-7927-28cb857da8c8,1
16580bb7-bb42-8fc7-2cce-bda7730f1333,b773fb7d-582c-c5c0-0f71-b858f02cba52,0
165ef5bb-3bbc-88f6-77bf-c8451f13a55a,a8643c9b-eba3-4e19-e94d-c13d333990e0,2
16f1d939-9d8f-237e-31ef-2852eace155b,07cb023e-6098-d311-7bed-5e2a34fd3eae,0
cc20976f-4c1f-9595-bd95-8bd9936c4f46,464d46a3-ab0c-396e-5f02-1788e7c48a4e,1
dbe69385-5d07-85d2-51b7-339c85290e5e,464d46a3-ab0c-396e-5f02-1788e7c48a4e,1
18e2afdf-7fb6-484e-64fc-d154cede0b29,3599ad07-34e5-03d8-7d69-6db02dbc85b3,2
4fde9051-147b-8666-3f7f-9496698c0d2e,399e2bf3-8758-2e37-121e-769f9effea73,2
78bfa512-38a2-d688-b61d-4b0cca45175e,b61323bc-c144-545c-d008-fe80d365e52c,2
2688ff26-f42f-0ba1-4a1c-f5e269d923ec,6a267f44-ec5c-6379-8b14-3014e31165c0,2
5f20ec68-0563-fdaa-dfc1-f3408438a789,ee3111e2-8337-96c0-ca55-44b2255e63b9,0
ca4ac1e4-0d70-60df-491e-0dd911f97c7a,ee3111e2-8337-96c0-ca55-44b2255e63b9,0
f9208875-9419-fe6e-a715-76148fdbce44,1f7dd63b-8fe2-624b-a603-fd273ce587a7,2
