person_id,split
ddd9bbd7-b896-5a0e-0ca4-864d768ada6d,train
427ee4ba-613a-eabc-5c50-98e5fd99aa9c,train
60b03109-d5a3-5edc-f74d-1213c1855b2e,tune
7fc705a9-8268-74d9-3727-1e534d6d35cf,train
97bbaedf-4bfe-8fdb-d963-d826357faaad,train
77ff772a-cd79-ba8c-2aad-f8c69f8b645b,train
84cf9bca-100c-0837-2199-97e9a7ccbe50,train
42ef4c0b-55f7-f5b6-278d-fdb06cf4e6f8,train
b89fb3c1-4fc8-c1f5-bdf3-396177a8c0bf,test
fefc610f-2a31-54c7-41d8-ab843b59daae,train
1001aab3-0fdd-9137-f170-477316ea203c,train
a76907da-f3b6-050a-e34e-4ab9410aec44,train
a8681bf5-5c76-8346-2d42-8d135eabb922,test
19501a1b-6956-798f-bea4-18e5b470d372,test
e2b2f46f-dc09-98c3-f490-3ae76e808805,test
fe082324-2638-856e-9a68-d8a7b332c569,train
7954a1dc-c344-82fd-794f-de62eb6592e6,calibration
d5996e6e-4a15-3d4a-7e88-7f32387cbcad,train
4fd31963-e4ab-c58d-0872-ed7312b13550,train
71dd7d02-0a85-1371-a27b-a558d1b6aafd,test
f90c2133-0588-1637-a6f3-797f7c53b66c,calibration
2bf8f913-6724-cd22-2f2b-6b9744303c3b,tune
d7b71171-5906-c782-e618-d37f227113d1,train
d0125a79-78ab-b40c-4f29-b45aaad219cd,train
b2bc6d13-f9bb-c355-dfd5-b8dbc6ecf59f,train
9dc760e5-d142-905d-3562-a86c24946417,train
bda08b93-5b3f-fa7e-79c1-d703ce0d7c24,tune
dc05e8db-64e7-4340-818d-1c533be3a5ad,train
93bdea70-3bad-3c96-44a4-f8f1f6ef839c,test
4d891547-ebaa-1a2e-0b6d-1a5225e29149,test
09adf16f-7eac-23ad-9044-89c55cfbbb99,test
d89cad9e-54a7-90c1-b1ae-2bca746cf7e4,tune
fd5c1ca1-2bc0-fef2-73e1-6cf073b8d5bf,tune
0c3f39ed-bc68-6937-8a56-ce642c0b112f,train
dff74f07-10f1-da39-811a-eb820608dc9a,train
788ccb17-8d38-a61c-73a8-cf7389b108e3,train
25fa22ce-0fc5-4e2e-0443-4b66ec0aee84,train
e11beeed-65fc-59dc-ab57-813d4ea7e564,train
fa1be0dd-fb15-e1a9-d947-4bcd8690d024,train
4e9eac7b-b7bb-08cc-bbc8-f7eb845374dc,train
64eb0189-774e-dcac-e9c7-404a3bb164b8,test
73770c62-caa8-f389-dac1-a65ed652cd7c,train
2c94abc3-051c-fe97-4f39-465ef2ea691c,train
0c9d83b7-28e6-8ca2-69ca-095ea9650ce9,train
3f6f5afb-2884-3c5c-a6b0-d2f213f6dba3,train
dfed12c7-282a-be6a-13d9-7326eab18b7f,train
17be6a9c-1aaa-7bf9-8ed0-77e02e88311c,train
b33a725a-a334-3dab-3f4a-d94e6b8d6aae,train
77854af8-ef71-f926-f26f-c7be4875a842,tune
79561211-95a9-f943-8deb-c34053aeb995,train
b9e519a5-d8b2-ae15-3444-9d3e4bd09e8c,train
1055dee7-59d2-003a-120f-9e3587f9112c,calibration
386307d0-4947-7f2d-bf53-e5f4e4e6a9b5,train
014a086e-ea50-49a4-e1b4-cf5beb547411,train
58ff0eb2-ac34-4abf-7069-bad1f3c9d876,test
70d7deb8-328e-c6a2-3063-2836679e2ec8,train
3538e114-1d3a-5c30-36d5-3207c61d7572,test
9b318b99-2201-d47c-6bc1-3143e046a966,train
598c862b-c699-de26-f5a3-c5f4cd53cca4,tune
549249db-3c1c-4e09-3fab-a9dcb91b2ba8,tune
ae993b82-ab0d-767b-2fb1-485b3aacd121,train
75696ebc-3793-a425-58eb-139f78628385,train
c873aec9-45d7-f9d3-c03c-271284eba2fa,calibration
2c753c68-3181-13fd-f16f-444064c10463,calibration
77851f74-842b-0e50-fa63-064ff3f5666e,train
290ae9b6-3d04-4113-f6eb-a335a98c892b,tune
d289a91e-7232-3e7e-611f-34a3f448b472,train
c3a2c3d7-7fbf-5989-08b6-7139b359e57b,train
356ca04e-8618-ef14-d8c5-a8471c7cf366,train
aa9c8cbe-477d-ad61-cbba-084626e1f0ba,train
3c36c38a-d3b4-f7a8-cb6c-c30f0529f138,train
b42c077f-bfc6-8da7-97af-7451bf1c53cc,train
4489fe65-9de8-0755-8974-1c726921d4cb,train
cc974e7f-f890-1591-6aef-a25559219026,train
aec1d228-3599-910d-ecfc-3e59d02aa84e,test
7d9ceee9-a8b9-f946-7d76-7bf5c484ad05,test
affdf1fb-7fd0-4b9b-3fe7-d09756293d09,test
67478ca3-6b9a-e65e-cfb3-caf80bfd7379,train
97567f6b-20cc-27a5-77b4-27df8079e830,train
4f22b12b-d323-7363-d93c-f017944e5f85,train
d5dd094a-de08-27cc-8acb-e082180efd61,train
59a3a9b5-32ed-25b0-8afa-f678211ae747,train
c71707cf-f295-2214-258c-3d0952dc911b,train
318a9e5a-b17f-91a9-8aeb-e91bfd8e989a,test
1f6eaf69-cbc3-a47d-f6d0-90b8b473f6f9,train
91c1c21f-dc50-e2ce-0e4d-9f062df2bb3a,train
e63e0f98-65be-cbd6-1f32-7081b997c261,train
193e6941-64c3-0ae5-2756-881c7624af45,train
3d5c8446-3e42-b305-dbe0-7235d35c2bd0,tune
a4b384b2-5396-1688-f2c6-bc4884a59694,train
16561e15-70f1-998b-9823-75d98c569604,train
827f78af-f270-a5bb-64b0-ab03ddec6f83,train
b1ec0e6a-4e6b-2cc9-8d43-bb1e1445d87b,train
cfd49116-310e-82f0-1542-ee59c1ca2f4b,test
50106430-b307-72de-49c0-710007bb3030,train
0e871828-4f01-cb71-0013-92911f3107e3,train
232d295a-5b0d-eac8-ab7f-508183c2094c,test
983fc038-684a-a447-d057-b987920fd82f,train
a45362b2-2935-cda6-5a66-8bbb3e3b3eab,train
84547869-33c3-7add-11f3-70e8934ae89e,train
d8321229-9717-fc57-f573-a814a6cddfb4,train
49bb0bc9-fb7c-232d-b540-e09d43a7dd0c,train
0cab3dbb-7abb-a4a2-5f16-1236bda37c3f,test
91ca1032-a2d4-39da-ef1b-5f175980f5d3,train
7cedecb7-da2e-f869-575d-f8620c0d5899,train
92ac8eef-771e-78c9-41ff-8f7018615ec2,train
109852e9-9a26-d4f1-35f3-98b676a9966e,tune
431faf52-989f-a263-17e3-cff13566ab3c,test
94d6ebbd-bb37-f75c-f3dc-5819e7b64885,test
8481d589-fb58-9bcf-3823-0373517d16f8,train
244fe106-c255-f4a9-a824-8c01443c45dd,test
94de3fa9-8ad0-330a-a75a-9ad266e861b0,train
12a393ca-208c-97eb-9801-b0a88f237004,train
ac25d660-8349-8e5e-0aa8-4b159c5bf0ad,calibration
82d6de24-2217-8be9-a924-8dc53bc57fa2,calibration
ce583caf-1a1a-6d71-4c46-48d064387d4c,train
7ca26ed0-6673-f5d8-7323-b46044ad8d0a,calibration
7c15cbbe-5173-fb0a-f75a-749211b0ad92,train
91b9757b-4e03-bf41-f224-a4e4e987fb39,test
2448ee1c-7db3-6c8f-400b-84936eaee026,train
78d713a7-9a03-c14f-abdd-38e42e0c17e9,tune
5ccc8b2f-099d-9827-89f6-e02489e40718,train
a38a3f44-faa7-cac5-770c-b2a6ef5cadca,train
2465c57f-a8dd-a3b3-d855-7879f8dc9d18,test
771258a0-da68-1c75-2b96-88cc7c30d74c,test
8bfc6efe-0442-6588-1bf9-f3cdcc39cab4,train
f5d19f32-7c22-e3a0-7658-c53bac588b33,train
91a0c183-1682-2e09-e4b3-502fce6cf2da,train
dd5428df-32a4-6c67-2e67-8c0f07b0d9a4,tune
84b41aab-bd6c-15f9-80c6-0c14fceedc7a,train
018a3c24-a6e1-40e6-559a-6a6cdb670dbb,tune
cf3b6514-3404-e9b2-3d1f-8f0a4c726fa1,test
637ab9e0-079a-ae28-8133-dbc788b56f5f,train
fd029ed5-aede-8ae1-4b13-670fb15eb11c,train
7c764b94-f02c-aee2-876f-ad629a177dbe,test
17ca0357-fd00-0821-3de2-7f45d727bbf7,calibration
0827a176-dc71-c1e7-a54d-bf783f31b0aa,train
c4174bc1-4fd4-4257-9ed4-5203b4f00ecd,train
24f062ed-a8d6-1f6c-d27e-f18d346c73c8,train
caff50d1-2157-217a-8e3a-9d8196953be3,calibration
7a915c16-2a6e-89ff-7df5-c94d1977e56d,train
299be73a-78ff-3f5f-b5f4-ab9a85dfffb5,train
7fc31210-5580-8355-d692-e7f90961a69c,train
f4b9540f-75aa-286a-54fc-e604834b1b83,train
2a02648f-5389-da68-6c0a-984124b223fe,train
9c04cde7-bf00-7a56-eeb4-3c45542ed821,train
e673d468-bbc6-e9e0-1572-4a20e2ba7c79,tune
0fb41fc1-b4cc-27c2-7445-26084f8eb7de,train
7251b122-c873-3dcd-aa52-b6cf5d477dc9,tune
d74dac32-0d60-2077-4d9e-0e1f168112a4,tune
2ec1e50c-5e86-523f-3729-8cec6f8c200d,train
9326603e-2d54-d875-b078-f621e31c65c3,train
cc0a1cb3-57ee-37fc-2f27-a650d8197420,train
e4257632-f703-becd-80c4-078a2cea6885,train
1f32326e-337b-4cec-f510-4f3b10825c12,tune
8d8edc3e-79be-b2fd-43ba-8a19146f16be,train
9b44c6b7-e138-01db-7d00-8d3c3ac4d500,train
92141b9a-4606-4302-888c-213d2ed105fe,test
e1276a85-c3b6-fda3-6530-75bab0980bea,train
95ef2297-72bb-cd5e-92a5-3bfdc12a4746,train
8a13cdf5-25e7-3dc1-e8ad-7a2c872d6a1c,train
6e832809-e1fe-9da0-eae3-4432c265a2f1,train
a8f8cb52-5c3b-efbc-6550-eb5a3dda7387,tune
22e792f3-1969-1210-cd62-7cc4f2e7e062,train
dc33238d-3f19-04ed-453c-df8cf0c97f26,train
08c3f204-f064-8475-9a8c-20461e3e5130,train
badc4ec6-ef2c-dfff-2d94-84c69f7fda6b,test
cedd77bb-7051-3197-9c8e-64e3aee5fac5,calibration
8533b091-0ef3-b834-c79c-7a50b63fb343,tune
2617bdbe-3b8d-267a-252a-73bad53dee7e,train
e0baeb89-c05f-ed74-741a-409957d4586f,train
27db2739-0ba8-961e-09c6-8b5817862187,calibration
369e8f1b-9bb9-a64b-a3e1-638cdd8abb0f,calibration
8bb7fc70-0330-e3f4-54e2-68c424ae418b,train
836ed02c-6524-8b78-6ce6-4991be3435f3,train
daa7200c-53de-4a67-7f6d-bfbbbb001a25,calibration
e62817b9-df47-98e4-bb66-446e8faa097c,train
6155469d-403f-92fa-4ae4-78b76b535fd2,train
dbfc5563-c24d-dd2e-6c0d-2908dd4374ca,tune
334a29ef-17b9-1416-df21-f48880086543,train
c5b501f4-2b0a-01ed-b004-17298bae781b,calibration
f9617828-e94e-78e9-4916-380afc91f89a,test
2904f4ad-a64b-5036-3ac2-f3ccbf748e1d,train
282e8ec6-6d10-9c9e-8118-15a2452d485c,train
eac4ca33-c341-6963-b9c8-6a4f65355c8c,train
87f926a2-b0e6-ff10-c258-fd337249167e,train
2bbaefc3-c36b-ea9a-2353-602eac02988e,train
7c8345d1-41f7-2b1d-916e-735773eadda9,calibration
7717bae4-6adc-93d7-ae59-317a5beb6e96,train
de61eb47-f311-60e0-b249-b34ff19648a8,train
8d55416b-65a6-3123-c323-a42b15af1f22,tune
238ac350-0e58-5ac2-352f-b8cdafdbaa16,train
5f202610-09f4-9e32-d570-ad123ad86301,train
85c638e8-8ab8-1625-f1d7-85d7e063b70d,calibration
d6eb4d72-b2ac-7556-2eda-fb9f20780c33,train
01208a94-472f-4504-7d42-232f5147fc9e,calibration
44b5057b-c952-05bd-b7ba-a1e9a06515ad,train
07786b31-e76c-18a8-869c-d933550702a1,calibration
2f35b30c-e875-e6e5-2241-612950e1b67f,test
db850d7e-a1be-d75a-0594-7b2549faaea7,tune
e8e7dda8-4238-7ebc-6e0d-cb01d04db3e3,train
1ec8cdfd-4f2c-7999-60bd-5168ff2183f4,calibration
3d5bdd7a-7fe0-745c-f7ea-5d50824437cb,train
4f2a72f5-593d-a615-b2c6-24d0015ec857,train
4a90fac1-8681-9831-eacd-67a1ed2f85db,train
8b1f63a1-3553-6242-c2e3-56a3a1a2c4c9,calibration
8a177994-5a82-b5e2-fa86-6f7730a7f344,train
6c1767dc-b9ae-9310-5fec-b4f0a43b432f,train
203338fb-c8bc-7c2e-6bc9-416ce96c1052,train
a71a892f-842c-23fa-0dce-644a1988a3f0,test
bd93c4fb-d18e-ca61-2cd6-c0baa2417533,train
e07a8559-661c-2cd1-d3de-0c7a8bf55689,train
94e4a2b7-c0bc-f767-7513-79b15143ee07,train
40324d87-4fed-0e4b-c9cb-56ce3740d065,train
580ee7fc-047e-8222-e683-1d137da4f5f0,train
2f1441a6-de40-28c6-cbaa-21598c2e2e75,train
02a2b10c-581d-55a8-d76b-78991d973427,train
0a212b42-7e68-b6ba-c268-611b87393657,train
585f09f8-7931-c392-1e99-daf4f95825a7,train
6cccf208-fcda-246d-870c-3ee0e6cf298a,train
8498120e-ae9f-9215-e3c3-2cee1c54964a,train
a60bc025-a276-08e0-7d8d-beb5490443ef,test
73c6565a-bea5-f10d-b2e8-fd22d5ef287d,train
7676c0e7-e173-8674-0425-56d93dc18261,test
a1fdd2e6-5869-b41b-e03a-6e9fe18f51f0,test
900448a9-f5a3-23c4-1778-51acf31b2126,train
0a607184-b582-5d44-acee-6a4e076a23e8,train
cddc316b-31d7-d493-4f8c-c8c73ddcd87e,test
9da8f130-357c-c482-39aa-be8944c1f952,train
eef8fafd-d19b-98a4-ded5-d5180e72d43f,test
18316519-1ca9-7e1a-f667-c3b98bd635ed,calibration
70c7f11e-f555-11ed-85d2-e9dc119d8557,train
69a1bcf7-58eb-4003-311d-5bdf32e3c1e6,test
49be5d15-7c41-159a-646c-d0cdc694d147,train
3356cf57-35e0-e4ec-328d-51ec15d7c4f6,test
452935d2-4899-e549-3fc0-8bbc5ec30c20,train
2b0ec720-fa2a-d9da-058d-04e8eb159e66,train
33942624-2362-d71f-64d6-defbdee76626,train
5c5ec6b0-6ba4-8080-e797-5add9d493342,train
3f2d113a-27df-f874-8371-ae7882d0989b,train
3820a746-49db-eafa-c231-222152e3688d,test
8739c1a4-5685-07b4-465a-91ecf8c343f8,test
db95e984-121b-8d8d-0d8b-c2c83978036a,test
a782fa35-084e-a0ba-9f76-ee7478d20ef8,train
69430fff-0851-fc19-ff01-846f3103a85d,calibration
8730eccf-cc3c-8020-43a5-ea2830d80672,train
429d8e12-30aa-031f-9f41-4935044d11d0,train
4fe18aa3-eae6-7693-7f3e-e52758efa6a2,calibration
156c1297-992c-5c47-fe2b-0dfc98b596a2,train
f1427c77-7481-8709-5465-a5ebdf093ffd,train
40d9f6de-4e3e-8656-9a9c-0dfff0cd8f5f,train
02bb6c6f-cc58-dfc7-5cca-6d97add88780,test
130a3072-b252-6dd4-174b-a0d0e6c50f68,train
d183061b-a1d0-7a94-ac54-55a43a72ed31,test
2aa88b97-51fd-4d82-0958-c51c872097a6,train
fe9ccd2d-07d6-97de-d47e-3e4ecda56570,calibration
0dca5e21-25f6-f182-81df-7e73b1d191ca,train
f4e1838f-ff10-6cb0-ee7e-21af51348cc7,train
f52b4dee-c6e8-341e-de5d-56e615bf6285,train
f9b8d66b-19da-74a6-87ce-5acca18ca9ac,train
abc5aed2-a42a-72ca-760f-5ff56a0c8dde,tune
59dceba0-e958-6509-1cc7-f1074419ea35,test
25c61b41-0185-0924-d086-05e88e8d27eb,tune
a53a1fae-0e93-2da7-1680-5b5485c52d24,train
724d8e1d-726c-4058-15fd-eb6c27ebabcf,train
792df473-6677-32bc-26d0-f5d0408406f9,train
747af22f-e82e-cf4c-aeb7-997c298eacd5,test
fd6155b8-61ce-cfe6-ab3e-b41ad20bc646,calibration
4258d0ff-ce48-86a7-ee04-a4412903fb6d,train
edf432c4-b730-3f60-4c95-7ceb8402810c,train
636ac0a0-01ac-a1e0-42e5-c35156f565a3,train
6e167bb2-5504-7268-aa20-d6f29e3634b6,tune
c9332996-13de-ae03-5560-9131d0983b53,tune
546bae0d-1059-3da4-f6e3-221c3d6fdc3c,train
f19a26e2-cee0-c51b-84ae-a5a12879e9cb,calibration
4dead529-b19d-50ee-0bc7-9553a961b468,train
cdc2f340-2e48-8e14-a38f-5f1a71724b94,calibration
ce0bd44d-c23e-4cd0-def1-db841d4c51cf,train
031535da-7b46-eb3e-0240-45606b761857,train
bb23bf26-4fac-aa30-a106-9c348c254a85,calibration
80386c28-60b3-8b03-7cbf-a8d11e5c2a58,test
89a6a7b3-b6ca-6f35-6b3f-07578a7696df,train
0c6eedec-ba5e-58ba-6498-ba0f3d713627,train
1bc8e0bd-88fc-b24e-577c-d4dd5f405a99,test
86f1e4ae-bdb3-df6a-f86a-3a5460b827bf,train
7072790d-30ae-2088-495c-87b0ff4afa69,test
852db428-28c4-88f5-b226-a991f8d5aec1,train
872d24f3-970a-1a3e-876b-a7d9555ee232,train
cf8daf96-83ae-7aa8-b83b-20af6d60e45d,calibration
2866d936-df6c-bce0-377a-8cea1e9c9320,calibration
7c9392c8-1e65-3b6d-ca82-6608b26558a1,tune
9454dad4-5722-5d96-bd0d-ad5dfe07d0ee,train
db9df0b0-4e67-4be5-b51e-da1cd52bea62,test
a9b62a55-b967-3930-e968-28ff84715b1a,calibration
fb5a6994-6f45-c8fe-4dc0-8251deb7f579,tune
0d37fa42-1a5f-9487-1d45-0eef9496439e,train
e5a1dc7a-0762-78c3-8879-d745c77fc0e6,train
cbdb24d0-5f21-24c2-312e-076aca900a42,tune
9e813cfb-4aad-73b9-a6c7-a2eb73009288,train
ab4463c6-99ca-d1b7-7065-8a29c32ce44e,train
872d8aa2-e495-9002-fc04-70c69b69d161,train
41bd3a38-483c-9bdb-5b29-df0afb5dc093,train
dd4d2dbb-f26d-c95c-64ce-49ea00cd1393,train
30403900-e912-9514-6811-45bd050b268d,train
96597819-dd42-2720-913c-d0603c8e585e,train
2f6e7143-ee7b-13cb-c0ee-6303ed811b4e,tune
4305e86c-12cb-1b46-bb27-bebb8b84462a,tune
0f527e8b-0ee8-4e90-0ee1-6748879627cc,train
42cd6037-90cc-fdcd-cfb4-e55a637cf4c2,train
6cdb9415-04e0-0d2b-092f-36c609b338aa,tune
1a804ba8-be30-e7f9-fbed-5647b26339f1,test
410b7c20-42a1-2c4f-38e9-829075d93e64,tune
91e2987c-a5db-b997-0d14-b4234d06311f,train
f3d4a5b6-6e56-46ea-d514-1585e0d7aa6e,train
f6f9f86b-1c42-dbb0-a3f7-7ebb6ef8fa92,train
539ac45e-ac1a-9fb5-8708-4a3bff500e7d,train
89ec47dd-f0b9-5beb-0a57-37baeb3624bb,tune
163c911d-78f7-5089-56ca-a759f6e7eb55,train
b5af9c97-c8db-8a3c-0a1f-8169bd1fb17f,train
3475ed70-b8aa-cb5f-d2b4-c9993b7a599d,train
1ea6ca87-3611-22ac-5cd4-554317a15895,test
5b01ada8-dbb1-c71d-9613-ef97a4fa2e56,train
e8efe842-319a-5b24-7b7f-4623d5dfd8bf,train
9ee2ba06-5c91-ea55-d8e2-af191b126477,train
0a672429-f957-3ba1-932e-0c74a5d86ebd,train
1a0ab87a-5f2b-16ba-0bfe-6b1879c4ef84,tune
2c6e6829-46b8-ba79-4e8c-218b170f5771,calibration
f60230f3-60b5-48a3-e0a3-b1116a596d32,train
b415c735-9946-f6dc-6cf0-1ee9e615d778,train
00277ea9-702d-bb59-c6af-5ac8771410b1,train
8656f7f8-1a7c-7bcd-501d-b97bb148a0dd,train
4d9ce6da-ed1e-2d0f-fdae-6033b20bd40f,train
01a66bc5-267e-06ce-becf-93733c00b47b,tune
d177cc22-454c-109d-a65e-3f4e8b673791,train
1a557621-888f-c221-3459-c8c5f0900e7f,train
d788d363-736e-e58c-52a3-220304a8c1d5,test
ebe28d10-a94e-08c9-9b2e-041efb600122,train
1afde074-6887-a76f-3c52-dda506751051,train
818ca213-59e4-7691-414f-4e1175cee63d,train
ed192727-9bdc-5653-0fa9-658b0f99fca7,train
4e4745ca-eefe-c105-598a-258ce9e2687e,train
bb5b52ff-fba8-da3f-c8c3-1a169fe4c0eb,train
ee617d26-0789-4b53-6b54-4dd5d986c37c,train
08734bf9-4616-dea6-8f67-388f1274f43f,test
ea3fea3f-636b-7c2e-851c-0bf3594348f6,train
ac7b23c6-d5c8-d93d-379d-f047631f9f5c,train
1bb96d4e-30e8-2aeb-5b83-6973df79bd60,test
c40b60bf-65fd-3b2c-919c-ade94e746246,tune
ac0922a2-20b3-351b-b8b2-f20641285939,tune
9a1f0431-1eaa-feaa-ba5a-f044742f757b,tune
61d8b3c0-a32a-8ab3-bc4c-7dca8df1a46a,train
cd395d00-e6c7-2e42-a9a0-b85c8348a2ed,test
a7d6586f-044a-c7a3-da48-7699c84b0dfc,tune
5ef59421-57ef-552c-206b-e33cf5a825f0,calibration
ad097d73-03a3-ef6c-c74d-2beb4777a00b,train
0f5e170d-0f72-738d-7506-760c2d9a773d,tune
13456a2f-4f97-447a-e8e7-231b2f7c1f6f,train
db4be1d7-d3ee-a724-9169-da9f235423ac,test
3a2ff664-3455-e5c1-5232-366e2fd2f15e,train
8269bd0f-01c4-fc20-1721-19c38eeaf57a,tune
e8e1e3aa-d9e2-0886-db1e-6d3e6c6182db,train
bbad4378-a84f-193d-0970-8120f9536b9d,train
e3f65a2e-2a57-7053-a954-e988599c1587,tune
f4f858a1-ec8d-7e5a-4f6b-4ffe04a258ca,test
3e620913-a3d8-0717-f5b8-99685bf0b4dd,train
470e5ea5-4e8f-ea66-bf32-1c7979b9de9b,train
8bd6a741-295c-4c06-0c01-0f79a6670d9d,train
cc14fa72-7282-4d06-f1cd-b1114b524f00,train
2f8f1b66-b1c2-7b53-ccc5-84bf879676a2,train
500cc4ab-6eb0-6c8b-63e5-fc8bc69326e6,test
cadf0ab3-8c6a-af7b-4a49-bb6c29cc1a6c,calibration
7fb8d4cc-0658-0118-762c-d38233600d77,train
f4b0b42e-3c5e-51a4-4342-f96cc09f4cc9,calibration
e7594bc4-3250-37e0-9c10-8c2e04c0ea70,tune
15419ad8-4125-5eb7-cbbb-d0269b0e942a,train
00be7a8c-177a-dc7e-202f-f7a430916e47,calibration
c51ef26d-b8cc-0532-4ec2-74f38599ad6b,train
79d6d278-c8ad-b641-5b48-b730ed019694,test
319f3999-d054-6fa2-c447-67ebae7549eb,train
f9664820-76a5-14d9-a13c-a18003ca2ddf,test
eaf1fb2e-4332-ff9b-c44b-ebf21224eaaf,train
c5bff86b-ac28-aeb2-5cab-95c78e63821d,tune
e62a50b1-7b20-ccbb-eb94-40392884b273,train
14fd2124-2cb5-cbca-4c2d-d0657946cdc3,train
50b9183e-7b4b-6edd-ecdb-e75887585cfb,train
8025fd14-1143-99bd-4300-b28363df2304,test
abe59d00-80f0-f26f-a4b4-82d010335372,train
2d3b4e7b-990c-d8c7-e860-aa774c697052,tune
16fbb177-ad05-6a0f-2d32-5ed1f08fc509,test
3ad51b3c-2801-c48a-557f-20806b77ab2b,train
bbfd3ae5-a178-bf40-793b-480874b1af5c,calibration
ce7a0487-a8fc-8d50-f28f-40442624f65a,train
81563300-ac2e-5228-ec7a-116c258fbcc0,train
4e8b16f0-97be-d774-79db-9ce2f80a0310,test
0c13bbc2-9e48-305f-f60a-071347619c74,train
054bd921-dc96-3386-5956-da0d6fe002ca,train
1721692b-32f8-56d8-1f03-10d66c6d292e,test
2a96ab97-50f8-6932-1e1e-79374f680dfb,calibration
66b0bf68-06ef-9c8f-939b-e59196d3dfc1,tune
c69f7083-bde6-4065-868f-7175e0d96689,train
2d705777-540d-ade3-4431-a4bbb3fc5f1b,calibration
3d2efc67-dd70-35cd-23c8-37ae7a2d56e9,test
35b578ea-6d07-d33b-b192-0b3308ddb0fd,train
b25c2706-d4a5-451e-3faa-4573667e2732,test
4177488e-159d-7223-a35d-68852a705696,calibration
eadd015a-a27f-cc9b-dea0-20b284d4b3fc,tune
d5d3649e-f727-66c9-35af-83a273be4f79,train
a6aa44e0-89bc-986c-78b3-93ec2d925cdc,tune
b6981fb3-9ba8-1764-731f-d4d17440d7d2,train
76f885e4-9d4a-281c-bcba-7c9bfb4b5be5,train
063aecd6-44d2-3fc3-8055-ae43f449ea30,calibration
64fff988-a3fb-7f7a-675b-b6e75ae89ab0,calibration
5c79552a-3810-7c72-c255-a0f94c0bd03b,train
822471c1-e528-904c-f5fa-2a92cae25bf1,tune
72a69973-b5ab-309e-a716-c14a7095b2a1,train
ff4804b3-1f3e-23f8-d379-8f0ef936c479,tune
b6048b1f-6370-b35a-ac66-8df1410d9742,calibration
526be175-49d7-0e66-455f-a86f0f92e245,tune
fba8c941-b7d8-823d-568a-4670f4957a60,train
3e36e374-a0f4-13dd-9ebf-d1f22922da73,train
57499a07-0801-c261-5504-b4b6a0116471,test
4dfbb023-4d58-1906-d01b-5457a4be5281,test
ff7f45d3-b2a9-3869-3ea7-3d8ca8a3307d,train
6f853b02-bb24-f036-b9d7-e1ceae970630,train
123f1a39-daa9-619a-70f9-86b6f55f61c0,test
394f52eb-3620-c8ff-284e-80d16f91b903,train
714ca3c8-5cf5-50e8-04f1-6c8141f0134e,train
f5478a33-f52a-5e92-18eb-666194f55c1b,train
e44e2833-b41f-1cd2-88c7-89684842d5a0,tune
c6f5816a-f853-199d-b19b-550dc90f0126,tune
af5ff29b-fb97-0e60-f964-2054b1227416,test
d463a16b-0ef3-3cc5-e6c1-90b45ca25a36,train
7a75a46d-07ca-d791-a449-069cdf3b139a,train
250ef631-3a3c-f60f-ee61-e9df7ff8a46f,train
cdba14c9-2478-fbc5-9842-14abb3ef6500,train
c7c3a9cb-0d68-f724-af8a-00a672107ecc,train
7194f135-7bd2-f09c-06e2-edebc5f42ccb,test
2b167539-44ad-81ee-3360-a31b8a692799,tune
582e83b7-65c9-da00-7736-4d7f7f5295b8,train
a399a2b8-83c9-1a06-7b33-427ad92b9cd1,test
c8d0450d-c819-544b-659c-5839873d32f7,train
bfeb3937-9bf2-993c-3c4d-31a1765ca8ee,train
4f9058b7-a309-5ed2-df64-fa3a26802ab1,calibration
731bbcd1-a6bb-533e-f685-a3fe36ef7b82,train
6f3a9045-9f35-6abb-1bc0-c149ba53e2e4,train
92f9b454-0c14-ea19-7ddd-fc50578da659,calibration
12bb5d7c-6fe0-2e3c-a0e1-ae895ad06caf,train
1e542a01-c307-3ae8-9b8b-7a7c054665ba,test
1d32f918-bf50-fe64-f246-31ab33b86025,train
d1dd43d0-e234-28af-28d6-0aa779a3287c,train
d5c1ab7c-5b11-ed2d-08df-c1a78c51bff6,train
e804929d-26b0-df6d-578a-14d96130e780,test
03a89756-cde2-4e69-ed8c-9cf32568118a,train
d80b59a3-4bf1-5c69-471e-df2e568f6e7f,train
c5b660ab-079b-f225-ce15-e84f68262e29,train
7a1ca963-263f-08bd-f3f4-971394d4e837,train
75e46393-2630-acf1-9e70-ac30dcd48fe7,calibration
503387e7-f3ea-4220-16b5-6c8664295ca3,train
8ca9e1cc-b38e-e947-09de-e64d6345ea2f,train
99a9de5e-8bcb-62d1-7fa6-d0df6f4ea63c,test
f3823f4b-e655-1c73-d12c-0d57daaa7df3,calibration
56340a27-efeb-950e-c1c1-36c84774fb95,train
c6961fbf-8c05-0521-138d-bb5899ef7850,train
5db35677-82b8-fe40-ca31-311287fa8e3a,train
a49b9dd1-8b6b-eadf-5db7-31459e3a339d,train
ce3960be-e29a-f6fb-98b3-711b7e41c9b9,calibration
a6afa26b-93e5-5dba-e846-ad5ad35618e9,train
ee68be0a-7cc1-4010-df8a-a0839272a27f,test
404619f8-95bd-38e4-0e84-0c854893dc7e,train
71e45eb1-1ea4-1fd1-b932-34e7406950c1,train
8429edfb-5ba3-1ea7-dad8-6ad340b2477d,train
1d8cac1f-fceb-8a59-be48-fd893473597b,train
7840678e-8c14-b82f-bddc-626e9fdc5549,train
5db4fee5-9029-aafd-b3a3-dadab0cf8720,train
e4c4a327-64ac-2fa3-9680-6b8e1e5293db,train
b8860b6a-6cc4-d5bb-182b-89ff3fc6bfde,calibration
c589bbc0-739b-6958-6209-769bbd0b0775,train
4cd754be-5b88-eb79-67cf-c384f0880117,calibration
ad7b5d42-4afd-a7fe-0cc9-a4e4fa037e09,test
ee8ec159-f83e-e751-3eab-2fb94d5d99ba,train
a606865d-a46c-eff2-f61a-6b68cf30cefb,train
213878f2-7db2-9c6d-51e2-d066d07ff4c3,test
ed9e3470-c5c3-5a5f-1682-ef897127c117,train
6629bd46-ed56-0a4a-a918-e7e823fc2163,test
d6fde846-640c-73e1-4690-3aa3bc53c27a,train
0d41da6a-0773-0dbc-86d3-4e517f34a3a4,train
d1df9c4f-a3d7-901e-bbca-03e7826c8361,tune
ccee8e1c-f8f8-5969-d2e5-7111e3f8bc88,train
ba624e47-6765-2d77-923f-965a1a9ef62e,calibration
e8e2361f-2f7f-f2fb-6055-031b32c6ceb3,tune
d8249ba5-88f1-ec45-bcdb-e3f40e224623,train
efbb6d2e-1218-29dd-512d-d1565fd676fc,test
8a9a8040-4ae2-ae86-8041-334919b1fa13,train
f8dd7a38-de07-2203-d335-77629cc5f952,tune
c9ad4fac-7dbb-0335-2ef1-c9fbdb6caa34,train
ef231d36-b5fd-fe38-9540-b455ba43cb5e,train
24a0bd81-3b58-6d77-98e8-44b9c7c42712,tune
67c6482c-e886-966d-2421-75ebd8ba9b26,train
6c5c57a2-2c37-adfb-6e80-a4f31f8cddc8,train
7dd7a3ad-e45a-1924-6226-327a073ee627,train
23fdee7e-dbad-677e-cc10-2656fcc608af,test
64dab2ad-888c-6a3d-881e-571a2e72513a,train
e8ed0119-0692-b65d-17d7-fc26c2042470,test
e0d526c8-5704-c617-1289-c216429d7c85,test
064430de-dd70-2cd8-0f0f-c8d38c1f448e,test
44d04d77-e0f2-a7e2-ea1b-9f0387d2e9a5,train
0e8025e6-2c0f-db06-5fe0-b5f12a248bb3,calibration
9f37eeb7-f53f-f77f-de75-f92b020a0842,train
148f966a-898d-72cf-24a8-7cda8eaea7b7,train
c1394496-ceee-a367-1fcc-fea4f41bb253,train
fa83df1f-ad26-a3d5-16dc-63f371495a71,test
887eea5e-2ad0-1ccf-15f9-2c4264a03832,train
45299002-8669-c37c-c993-1a2ce758870b,train
1de110a6-c9fe-041c-f276-705ade0f638c,train
e04db004-6c24-c2b9-fa23-2fcf4561b191,train
58d769ab-5587-266f-4863-742507d8e10f,train
2f6ebb61-fd01-f555-7df5-6463b477c94f,train
34d623e1-6f17-04ac-fbf9-e76efeb2e020,test
026e8795-12ee-ce35-bde1-08607aba9281,train
d88a4a24-6bbf-ad5b-0da1-f1e8e354b2a2,train
b7b2e61e-3558-f541-5ff4-e4545e4a103d,train
8d94c511-cdf2-0576-6494-ffecc2b0a6eb,train
052e0635-9694-f098-d81d-b6983cdcf067,train
ed749eda-a9f3-8a9c-40b8-024d3ea536bb,train
571fa882-6f53-db7b-c568-8d1ffa37e9cf,train
c5bcac61-2646-1fd6-ba14-d281d0223345,train
eca9b3d4-736b-8bee-359a-cf7e827946af,tune
11b402b7-74c1-26be-c775-2fb5bc06d5e3,train
0100c69f-637b-aebb-e8e1-ebb375bff220,train
e1c43072-9349-848d-ee5d-2504a919c5d3,train
ccf39ff2-4525-94c5-7ecc-cd8d2c889744,calibration
63b5bbc6-8cb1-1bbd-7818-9854e06320df,train
01e51963-4518-199d-3dc5-57f92d45cc0b,train
ade9bc96-0e1b-35fe-2e83-41469d7641f1,tune
b62919e7-2485-1acf-57bb-7daa7ef3ebed,train
b7a11e4c-9ca5-f447-5518-f8e2f98bbbf3,calibration
35e10600-e1ca-eadb-dfc8-f64af44afd2b,train
55e0b045-09e2-9374-3021-e8b164d002a5,train
372b6be0-d772-6b5c-e92d-50edafa2926b,train
bcb2de9c-5b0c-4c88-1859-411f515ce636,calibration
f49f4c4d-f5b3-288f-f1a4-4338448555a1,train
59e395c5-fa67-1736-aa8b-b8e338774769,test
82186957-5a81-cf04-5492-3462a5476643,tune
e6563937-4d22-ef1c-0a18-238a43242423,train
97051063-cf43-6694-a932-60d15d6d3019,train
34e05588-e956-a90f-4eb9-92164f736478,train
e30a3a91-1224-6bfc-6a9d-3d1d0b0fcc22,train
acc2863e-5e10-3763-32f8-ecf4fb9d3304,tune
81a22433-7cff-ad06-7a18-e13aa853bc9f,test
c8162857-9afd-d428-649c-b5314d8318e8,train
a8cb980c-1d08-585c-b4f7-5fd85ad25116,train
6e9d68fa-395b-aac6-dca4-0e78b70074c2,train
98bff564-c6da-8f37-72b2-0166735b4f63,tune
477aea55-7d3a-d2ce-91f5-ae506bbc1846,calibration
bc59a177-f57d-090c-8285-aee84a32c584,tune
19ad03de-59d6-379c-ae30-60575abe1932,train
86833d58-f5ee-43a4-d7b2-7a17667fafc5,calibration
5c53feb5-4a74-7057-0558-97e3439693e2,tune
89a995d3-bda4-1c7b-c77f-7f97a5358c72,test
0569f586-fd71-fe76-f6c9-ab25e7d6450f,train
1b95bf08-100e-1245-09b4-fe76cf85e506,train
ff6175ea-ac04-bafa-9a6b-79b62a5966c5,test
7d7f8dc5-8c73-1798-b4cb-ceef0906df5f,test
57cb7aa1-c30e-e5bb-4dff-c4dc0e1262e7,test
3f59223f-96b7-1a37-5068-6d7d6eb88c2a,tune
366d86fd-dfc5-1cbf-a8f1-8022cfb6a467,train
a13e7514-4d9f-f3cb-3d55-64ad2dbb7c08,train
381b20a9-678c-bbf9-e4aa-d8bdd70863e6,train
1168d70a-0760-fd54-e6cc-512a84c2edf9,train
b4daef3b-af8f-020f-34ef-940ff7b85fc9,test
cf01a49a-ef54-65bd-337b-4060be7ac98f,calibration
76fa9b2a-9afb-62d5-78be-0ca24c00e74f,train
9893d31f-f300-4d32-6540-a8940cbf47de,train
b3f3a88e-c934-47e5-8974-6d4aaee3220b,calibration
1ca80ed3-8e0a-b5f7-a7e8-1434e15a4e02,train
6d3d4c7f-2477-da88-f796-a9e8d302e054,test
4b1b3b7c-933b-e2c7-3b4a-115520e74610,calibration
03d38e4c-996f-9144-c6ee-3535a02b03dd,tune
c5a86607-6698-8e7b-3dbf-78b6f3f91d9e,tune
c87e3fb7-a711-7e0e-daf7-9dd6eef7d7ed,train
cb79610d-0b56-3568-bb34-7da47f3b87fd,test
14ec7331-e202-980e-7657-2e4ec465a10f,calibration
f70890c8-5e9e-db28-dc69-650869c8b626,test
78ee47da-ed65-8107-0077-791fdb40c0f7,test
64c489c8-c85c-1d6c-9746-143fed68b7ca,train
cbbace28-c765-55d6-ad92-d9392de0b09c,train
5bb2c830-c621-57b3-5115-d1ec7ed0af37,train
f3e84138-b44b-8037-2117-3b3298e53882,train
d3f153b5-3fa0-756c-bcd3-5bf8d61f6b1c,train
55979f8b-33da-72bc-76ba-fa96e13ba950,test
f936569d-9810-5797-42f1-cc08b43e5b1c,train
4b4d56b0-7006-0276-528c-21e8a571b952,train
de364bb5-2201-6451-4d0e-861bcc7e1f82,train
edccd4d5-2364-5e59-dc24-4d23a5f028d2,train
c0ce7a32-adf4-de54-8140-96304627a31e,train
89b9ad24-16b6-f1c4-64f5-a5757ce6aca5,train
0f51ae29-25d9-725a-b615-99cc8977118e,test
84317a24-50fc-75b3-efa2-ae13b19fd373,tune
171324b3-6bbe-a18f-8f23-37acadee325b,test
eef2e151-b043-c041-022e-f1507527fca2,train
684891a0-67bb-f5c4-cbc9-b0a5749c845e,calibration
caa314c6-60be-32d1-0a0c-8ac3a2455bf9,train
f5eaa9cd-a4f6-3fb5-ff77-2e72bffb91ce,train
fa7057ed-2ba6-871b-bffb-6874eb2cb7b7,train
ce5d2d0d-8730-5c47-03bf-8afbab10127c,train
29c7eaed-a7b6-ef12-9857-4043e6b6e693,calibration
29289ecc-c21e-6818-763a-fa0d6fa15ccd,train
a6fee21c-21da-ca3a-e80c-649c80778443,train
3f6d3ea3-4ac1-8a87-22b2-f19dea0555e7,calibration
39fd68a9-9ecd-0f8d-e8bd-18e71a26e7c5,test
806ffc11-4031-0f8c-e77a-2077d866bf8d,test
11d4b317-1da1-03e0-97e7-7f8ce1d9a48f,train
9e31d8ed-93b0-f0c5-fb3a-a4e88efa9d88,train
b6684fb1-d0ee-927d-d981-4e3b864961e0,tune
4d0a10c0-aa1c-9964-7d5a-68d7e0b15e25,tune
81e23ea5-caad-1261-6341-e7e88f12c50f,train
9e2b61c2-0ad8-c7db-607a-9ad8788565c8,train
1e002fbc-eb5f-596d-c972-a1d9bf958262,train
17d43975-233f-b888-e0bb-057846cfc062,test
8d8383ba-69c5-3944-ed33-f2c46e6e823f,calibration
19c5c3d6-c382-7dc7-9952-0cdbfe209f54,train
e4a6d260-255a-00a4-dd03-d1add85259a8,calibration
0c23388e-b5fd-68ea-dd27-51d60730870e,tune
de0f4ef9-8f28-06b3-a5fd-43bc80651c3d,tune
f19e2208-b867-ba04-ef40-481dd238bb5d,tune
1cdef3ef-e25d-2829-b1b4-cc3a518317fe,train
33d87209-7212-96e4-f951-72d2ace9852b,test
9d6c24db-cd48-fe3b-52a9-79386e051616,tune
f8fa7d29-a505-8c3c-2f99-2716b5a7629e,train
eb78e583-d9c2-fd30-2caa-b9ec70dfb815,train
acdaf9de-c896-8a83-2a36-f7fcfcacd60a,train
84249c97-013f-8258-d573-4899e4370d07,test
dde0016b-95e0-fd7e-c20b-9245824e3ad8,train
36eb6edf-40f1-9baa-9b86-fce7e8b06a6e,train
1ec2c2cb-f5f9-d59f-213e-a13000f0ec47,train
291a7f92-cfe4-f1cf-d3ca-092717a948ba,train
dbe8d3dc-121d-6a75-968b-5c9b87a1c18b,train
afecd29b-6bdf-69f7-e03a-f6442b852ebf,tune
496bf6e6-9747-e015-ad99-65f2aada7465,tune
e3d4ec1b-a7d8-dd8d-775b-10824109fd10,train
3b8af198-599c-d40b-e0a8-134ffe79f9e6,tune
cf86146c-d1b5-c689-e189-e8a05c35de8e,calibration
ad4adedc-5238-3f6b-ccc7-e72589a2b0e0,train
8ec4b55c-2af9-efe4-c296-8586dc043557,train
f61cc8ae-aed7-4500-a91a-f423b79577be,train
1eecb4d3-f536-7721-16c5-659d2249125b,train
7d6fd1ba-dfd2-2527-aa89-7b111263ea57,tune
1e222d5d-edff-21e4-2b40-d42f2624b611,test
46a30407-8883-dc0d-6d17-f2ce1249dfac,train
4482868c-686b-2839-22f2-1b566dc4d2bc,train
b032868a-4e2e-5d4b-a8e2-fc3dfca22c5b,train
351ebd15-7ac4-1275-9d13-c0c45ad5d21e,test
8f6b8531-f13f-7f08-2f84-2b33b9f35fdd,train
3ce45bf1-6634-227a-cb28-6a0322af15e8,train
3f697333-904c-5868-a4cd-4d22a2fae18d,train
ff6ffb08-24d6-b5d4-5375-09bcc69a64f2,train
80367e78-37a2-3fb1-7729-8e3a97ac0935,test
e6530bbc-39f5-4b67-18cd-be1cc1f505ba,train
f5e02d13-b80e-6ff3-38da-8741bdc0bf83,train
190bb734-3890-4d50-e1cf-27ac07ca5f82,train
c79c27bf-c607-ac1d-729e-0b3de4dfc729,test
b3082822-0d1d-f758-2751-06a8dbc63156,calibration
a4f60316-c973-1d93-2449-f3772392d94d,train
8ea365de-be68-9d44-5450-9bca9245b544,tune
6df5e318-1f00-1998-512b-a92666c243e9,train
f1dd7b78-426e-84a4-2247-84bd515910e7,train
4792902c-26c3-d3d2-50af-1812d557f580,train
a7b8b189-deb6-11c5-fc2b-357ea931177e,train
b16cb4fc-4f7b-c78c-5697-df374dadca83,train
af6bc7ad-afc0-17a8-64eb-3f7cf318734e,calibration
bcfe9e51-f5f7-4437-9bb2-a09079c9d453,train
3d190f88-2a7e-b903-e362-9290a167ec14,train
44db9780-63fe-39dc-f978-1d479539a149,train
b951b4cc-2fb9-cddf-ec2a-5355cc6ba815,train
18fcf825-9074-93df-6161-e7d2d619fe57,train
eeb8791f-99c2-a9cf-3501-c259339d8a51,calibration
6f631c7d-b62d-f61c-fdad-89943202422f,train
ad374a5e-c2d7-4240-e543-714486a30c73,test
f84706f2-89cb-bb4b-2ae5-0e1631b4976c,calibration
73d64219-35b5-6aa2-bd4c-04312bd9cdcd,test
6a838148-f4be-73ea-02f9-9abcdd5313a9,test
e5dc7533-f80e-35c3-5776-98d2ec8e01e0,test
0938b5f6-34e3-a9d1-0ff2-ee2c223b3adc,calibration
96866e7d-4733-2835-3e38-06cad3ad77df,test
078e35aa-24a2-2cc4-b3f6-56557e2b79b4,tune
70abedc6-296c-40df-9b68-92582a63c813,train
f1262045-da2d-fa67-c495-2a64e9a2bfb5,calibration
0d28fd88-8b2f-5514-d279-016aa6ef7928,train
f393d413-0e38-e054-de43-3c4b64fbfcab,train
9a72a47a-6621-7f1b-0507-7f362bb50cb7,train
2cf829d0-b672-960a-d579-d4af1a072ee4,tune
846b0ca2-a521-b88a-c4db-41cec139f437,train
e80edaae-08f5-68e1-c333-e91d52755607,calibration
a2d098f7-c560-c584-927c-942befefa551,train
966dea23-7b8b-6474-31c5-c7f2c57845bd,train
4169c423-960a-7bfe-5586-be091c61ad90,train
d1dab6d5-44a8-defb-1ae6-4502d84a2c1c,tune
ab3bcdda-1e38-94a8-f4b2-1b2af6f5429c,train
92986aac-ae25-8b99-e8d9-a679f10141b0,calibration
c6b1cea6-89f1-3eef-f1ed-4143f1239c56,train
94e0029a-88de-e0a6-9235-f8ed54a8b5b1,tune
ec122588-b168-83bf-9fec-8d3fc4cd246a,test
e871c756-636a-ce01-90b7-75debd926483,train
ec5e6dcf-e156-7ce1-0752-3b2694f873ea,tune
629e35c6-e352-f504-d2c4-ddd4628eef8c,train
c031ef01-fc1a-14ef-f5c3-0d7c9407837f,train
dea503d1-9e34-c73e-aa5f-2c56bdfe1c5c,calibration
de83325a-1fdb-ed86-baee-ae30eec51407,tune
43dd67af-3f32-7951-e338-953dcca3d664,test
a69b61d2-2927-ddc7-f50a-f068db831e14,train
5b551974-f6b9-1f75-6bc6-c3a5fa82b197,tune
ef77c6c6-5967-7162-62c6-3e8933116d76,test
e372b0ef-3a15-b607-8f09-1cd0e23357c9,test
253ee6ca-65ef-5fde-5e23-56220154dd94,train
bee3b173-08e3-ea43-3057-18d2d34f4d6f,tune
e4836c94-2ad6-8e38-e0f2-cde82cccb399,train
c9acf48f-62b2-0756-6c10-646011b89f76,train
130a2d1f-0695-5c86-bea7-2ca5e9daee8f,train
4ee92f4a-c8f2-eb52-bf4e-d0cf96ed16a9,calibration
b538253b-51a3-8411-64f6-0521aa15fa01,train
f6265634-fc13-1caa-e4d8-73fa06d84492,train
688885a5-ad89-fe43-80e2-bbb564dbb8fd,train
80cdf372-7d08-6245-72cd-cd6125d0236f,test
9b8afccd-0e72-26a4-6730-960af8a9736b,train
fe10848d-524c-0669-a880-82f91ee46bc3,train
d979a5ba-b63a-5382-0f6e-bcbfc911b443,tune
fd29a964-09cc-3900-de57-18d099808b1a,calibration
3a4ebc14-afa8-ca81-1e4b-5cee3a3b39ff,train
1c790e66-64f2-95ce-679e-054cb42c817b,tune
73c84b0e-07a0-f06f-43b6-804fe2687b66,train
7ae013b5-c99b-338d-af2c-e1e378324eb1,train
aa679c13-6477-3d80-2c23-4dcba6c47f5f,train
58d4552f-ea12-e263-7f97-1871af61fbc2,test
8dc99ade-899c-6613-13c7-31d29946df95,train
eb3f06db-02a0-c3f2-d65f-93cb27f8fad8,test
8d6d422a-5b1c-5cd1-7c27-12a0e6f733a0,test
dee8a340-c125-193c-7609-404799f1042a,tune
d0bf7eb3-8068-fa70-6c40-20716af28209,train
b8d904a8-6c1a-0400-0095-99aafc6aef90,tune
5f9f20aa-09b1-30bf-3bbe-e08723013030,train
6060da15-effa-a8d6-4ac9-f5a6d846c9c5,train
ac69094c-7b9a-8314-bc0b-838f13586c10,train
db7619ae-98e3-221b-96de-e91087cae0ed,tune
e334f8c8-ff45-1c50-68c0-e648cb165e11,train
f0c90a72-2449-5f56-43fc-d679fd50fea2,train
a6591125-a231-c329-aa5b-ad4159084e9a,calibration
194fbdac-f1cf-d21c-361b-1a02313b90dc,tune
2904001d-caee-b86b-7952-da3c5b5e7a69,train
de11f287-96a9-4f0a-9bf7-470b37e1e849,test
2614abe3-cfb0-8de5-5576-62e587800e1b,tune
b321f6b6-df25-2dde-f012-9105f3252984,train
ef8c553d-b87c-16af-e61c-0f1954e4c04c,train
a5bcaa62-d928-5003-4a87-4f7825d984b0,calibration
6142ab03-f236-a7a3-d8fa-75abdbf57b92,train
c1acde04-c543-f348-393d-b9e0dd81fcbe,train
11dc8265-fb0d-1daa-df8f-ccade949ae99,train
7da9ea8e-556c-51b8-f6dc-0bb32fedb635,train
7119c460-529b-14cd-51ae-0280abc0101d,train
2578c570-b77c-96a5-b736-eeed623a180d,test
408f213d-9b0d-c654-295e-a484b09bdbce,train
5d83296c-8cde-32d9-de1e-d1150ce5a190,train
07f2a04b-6d49-b04a-4b4c-243abdbce360,test
5001470e-5232-a0b4-52ae-13b497aabbd6,train
fcc33069-b26c-a3cc-dae4-97f9290fa29d,train
b7f5aa01-551f-b704-2bbb-1a0df2e6ca19,test
85aa12c8-2032-6830-69de-1d04f14a9ab8,train
807d64b5-2031-b068-6b4c-ca65ef202b9a,train
a255743b-8d57-df0e-84e6-dee5a23dc985,calibration
49a100ea-074c-20ce-bbb1-b3fe4ea519b4,test
154fa854-1b59-89f3-9f5a-79f91b69d6a7,train
4e7cf512-49c2-21ad-1557-03fa46f3cf27,train
b1205e31-a81a-2e60-fc38-001cdf301719,calibration
83af56db-19a6-accc-0c07-23ca01034685,train
809b22b1-7631-4533-82bf-d5aab6ea364e,train
43ccabd1-14fe-485f-db1a-d5a36c278e11,calibration
27e8209d-d881-fddb-81a2-36317a2d425d,tune
ffd054cd-673a-2bc2-252b-4ff1b1acb6bb,train
e584690f-3dfb-6054-27f3-05f3858f5eef,test
a5797990-521a-07b3-3513-827aa32898bc,train
cc15f118-c49f-5a66-d18d-75660e0cee73,test
d900cc44-9d36-d9a7-fb95-737322044a82,train
e52a6228-92f2-95fe-c773-0ad7cc17a5bd,train
f0e3147b-df8d-8a31-b21d-fd09bf51bd8a,train
849a0a53-f3b3-ce63-4eb7-1bcae3a6aea2,tune
ec21fc38-42c7-8057-b708-8ce696c55e02,train
54fb90f2-b995-29a0-b6ab-7dfc9ef1770d,train
92eab4b0-d422-f0ec-1809-a420b6a56a88,test
19334880-9599-558b-25a5-53f09e1bec73,train
16a2ae30-577d-202f-fa35-eec73bcf5915,calibration
cfe26bbb-c915-f87b-69e5-11058841abb5,train
a3d11c38-94c0-5a27-9b6a-de4d98eb7612,train
06fde168-dbb2-7140-25b3-feeee57b2685,train
99ca9e14-5bcc-b6e5-4598-45183f7dedb4,tune
27853d8e-f254-440b-fe8f-5527347ca650,train
9b07adff-cf75-ef90-04d3-ca74158b3aee,train
a605616d-7257-68c6-bfd2-420bf4367ca9,train
39376c41-475a-1cbf-8b5f-d1fdc0a57ce8,train
6c4e37e6-194d-4ce5-a966-81734e9fa1a6,train
44e189ea-736c-059c-7055-7203b53708b8,test
81117e09-208f-1762-d9e1-3bbd8e4bc4a8,tune
80c57e36-5cf0-15df-8f14-c9e8202d8130,train
f9d115d7-5840-49d0-89a2-b3be95e3f898,train
2c2e70b0-f8e8-1678-8875-ff4e96761291,train
4c9d6388-7d85-46dc-bc1c-b79e44d53202,tune
742d2cfa-a65f-f02a-5577-b8af5cea7f41,train
d574fa90-8e95-376e-e566-b8ecfd9ac25c,train
53045b6c-5562-bcd7-591b-fc9c06e23228,train
4f2d18c9-5fbc-f7cf-fa71-7ba466ff3dbc,train
fe0d3435-b944-4e03-6f14-00ee9d43ce53,test
d3f5d3f3-5cb5-5dcd-42d3-1f24218874d0,test
193d19ca-5646-61be-4971-989fdb8ca273,train
19e11c4c-e9ec-8ad1-2043-086b5fb3c8f1,tune
598cc4c4-b070-b95a-12bf-e6b18a0d2ff4,tune
496b2d53-1459-9c46-d9dd-d56082873df4,calibration
41dae931-3fc7-6470-2d5c-659968a02d07,test
3119ea09-d3da-cbde-5bc3-6cab88358a44,train
384952b6-a742-e43e-5b9b-acac79f28667,train
4f3ffc0d-6a55-7b1d-4c0a-392c05ee82a4,tune
b10a1e52-318c-16a2-0e0a-0f99637e9924,test
7a7bcaa9-9afd-4006-8861-09b8715b4451,tune
d0b3c7de-9b17-9863-3c8a-b6268697a186,train
ef030489-19b0-d2e3-ef03-fc1e2a0a1d13,train
5517640a-1f76-d526-4747-9610317e96d2,train
3b287671-af6a-f7df-9286-f6f72004aa54,test
77f55f23-c70a-7cd5-030f-1c487b01cb97,test
fa9f75a7-6522-c76f-dd8c-67fc9aa41599,calibration
8540e121-556e-5f74-a105-e44ea869922b,train
483be7ac-e78a-e431-258b-d2e5960c9141,train
aa5d2dcb-b80e-5e53-7693-d1d89c731bc0,train
453d0acc-e818-73b9-328a-b17c292b68c2,train
7d278ddb-fc62-96b1-b815-9c9948fe8ca4,calibration
f590e514-1d77-c4b0-d19b-65dbd928743f,tune
736b227c-ce61-6d9b-2fb8-e73b128bf80c,train
51bd4d4c-9ce6-69c3-90a7-28f54a1a67dd,calibration
e05f420c-08b4-ebce-ed71-e7bdb5a143dd,tune
a1304554-cdc5-0457-3e0a-e56eecf1bf2c,tune
3f692509-60c0-4e8d-d23d-c9e6e25bd4b1,train
d9ca8ec4-8588-0531-64bd-4878ac8cd750,tune
d6409d20-61bb-ca75-92ef-33d2fecb9dde,calibration
bcd7acfa-4244-cc59-4e6b-2c9aa3e431b6,train
da6eb034-abc0-091a-b429-38bed48597e8,train
462f0adb-794e-49d7-7be9-7d2ca1864c0a,train
cd68a953-e20f-4434-5a00-273fdc3f3d16,train
4bb9acbf-2e5f-5928-65d3-4c8e3a5e7df0,train
e16a35c7-9c5d-335d-273a-6a6098bf0104,train
3f55d491-5fba-bb90-764d-948bb11cf9d8,tune
c740c803-c7b5-2220-5f79-a1d846a50d97,test
31b3e251-337c-2eb9-14bf-d56516179940,train
ed9e638e-b24c-4cd1-cc59-e2eaeb78e821,train
4b51aa9f-67d3-1cfd-8a2a-17a5fccbf6c8,train
d8e0a850-3bdb-cef5-4ee6-8ece2e1b6af7,tune
c72f7b42-e87a-214e-e56f-a3b9d612649a,tune
b598278d-bca8-ceee-e952-84085651f42e,test
4daf7163-99fc-689e-dde5-58e61dc19e52,tune
04ff2b11-0446-d6a1-2049-bfeeea6839fd,train
bcaef909-535a-125c-583b-060dfcf61fc0,test
708cf15e-8d2d-cb75-2997-7c46fab5e09f,test
7fc3e86c-2fba-86c2-eee0-2c00a62e9bbd,train
0a500602-7684-6c3a-4c1a-ce2d958cf71b,test
daf13d9b-1c2b-025b-7292-3e0416630973,test
38712566-9c0b-da3a-e481-685b10ab9f91,test
4ddd3fe7-e7d5-e123-1f7c-d0534c60b36f,test
3e6d7a76-4098-fe50-e6d0-8d2a62578cc4,train
eda06db2-91c2-4001-286a-78ea1895022b,calibration
0431485d-1808-dc96-d868-03208de9f841,train
d1eb728a-181d-61fc-0f93-6b540346c66e,train
b7bcf598-1364-26f5-2adc-a360c9306083,train
4cd6e3db-b0a6-d8ef-e333-cf5ad07041b2,train
919052d9-800a-3be2-e900-dc43dc605e80,tune
29358c22-fe38-54da-ce54-6e523e4c4f5c,train
eb53a794-154d-b931-e703-98f380869a7a,train
f0ef9eee-fbd1-e42e-ea1c-91d9400ca854,tune
8dc6780a-2fe6-6364-f2ee-1fa0aaa50e99,train
3d6db4f0-4cb4-ae92-4245-a6169436bdb5,train
2d45abb5-9197-f4ab-bb33-00cccad1b1ee,train
3eaade93-5407-28d6-aa2c-ea2c26129538,train
50fdba95-b188-1afe-2dac-3daf09c5f3fe,train
0cedd5fe-532c-c6bd-b6c7-d0fa26b37d47,train
4dd8553d-ecfe-4427-784f-3d59b5aea089,train
1741d44e-107f-fdd5-1b46-bca04351c713,calibration
e5dddc4c-bfb2-bc6e-cc09-b305ab5139d8,tune
04cd7ffe-8cc7-8b26-b70e-6c750a56f504,train
84e5a6ea-2e48-add9-99e0-c91c499135f7,calibration
081d5c43-f3bc-021a-97ad-17c365b68842,train
cc09b48b-9a1e-be70-85fa-c0c08fb73f9d,train
9823ba8e-08dc-b58a-6a17-04152ec8485b,train
d915ccc1-fa09-4799-85bf-c837e7a6cf90,train
db5140ad-cac3-c74f-d41d-36ad89210e2b,calibration
9680f836-f750-aeeb-9a01-f0cad1c8b604,test
663a1f39-99fc-a658-cc5c-939709afcbac,tune
58a0969b-e9d1-3c73-cfcc-f70a45039394,test
43341dea-19fc-c48b-9d41-9cdcdda0e9f2,train
2c5b13dc-fc31-da6f-feda-222660389a11,train
7e7e6aae-bc19-08b5-5a04-c0c3b404e69f,train
3eb8ab01-b761-1e15-68a9-1506d728b7e0,train
276a0969-d214-7217-6c5c-639b70c07f3c,train
f0f7ef91-7ec9-edb3-8620-e4e25d3cb882,calibration
d6b67799-396f-3219-65f4-bf096d8109b9,train
d0ef99e7-d31e-b5ce-b6fc-48ae83fa45e6,train
7934d5c3-2ac0-9256-1918-ac8a60dbb733,tune
03befc02-7490-559b-7f0b-cddb1fc19e56,train
17748a7e-a0c4-805b-05d6-54986059aa9e,train
fd2a9801-e438-5318-330d-79b074457611,train
08047388-d2d9-0771-9706-0346038bb8e8,train
e5d35d27-9ae7-62d2-7ca9-e50ba55564de,train
a20f1243-02ec-be1b-fd49-6826467d9854,train
97fa8b55-66a0-8606-15df-1a39cb846f5d,tune
233b3f78-07d1-6000-690d-926f52b1ae6c,train
f91409de-5f69-3eb6-e485-b0f8d05fd668,calibration
a380373f-b90a-9b0c-0a4a-6941d5015077,train
1bf5a9b0-37f9-d5dc-e494-b8153a210067,train
91f188a5-a862-36ee-e0d9-127721863538,calibration
89eb827b-93d0-0ded-b35d-e04c78082736,train
af26aeda-9eba-0ff8-d424-1dbf16deab00,train
ff492e49-1422-b6e7-896d-c9af915cd9a1,test
a0aedf39-1df6-6732-a7da-fe502e9a9a4b,train
46bb66e4-633c-dd2a-f286-55711e51dc26,test
197ef8f6-3e14-3baf-f411-239dfc00a06d,tune
0996b426-8304-1762-dcf3-18a670ce2bd2,train
ac00f102-07e7-64d0-b490-0d105dd3bb6c,test
4e3c1e4c-8b01-47b2-8531-770e9d5f174d,test
92efb2c7-7e2a-05a2-ca51-a3b9151dad7e,train
c533b044-ba7b-6e86-dfa8-4202365ee6d8,test
1325b7ba-f96d-9ba9-dba3-520ecc9601a5,train
f2ca914d-3883-906b-9408-cba615fc5b45,train
8f8c4e8c-a637-b5b8-5fbc-c209a1fc0ed9,tune
80201d46-bee4-937e-3214-3fd1be53930f,train
d699279d-8d24-f51d-5403-cc5be5913d1f,test
6ccfa452-b4fd-494b-22ac-95515e6ab9f9,train
ddea9479-1417-d57f-7485-4aff359df369,train
ff135957-c401-1966-0586-31d71e9d97cd,tune
b41a5745-9683-6732-2df7-2fc211db2d3b,train
1752fad5-35b3-1f3c-3b03-0bd29dd988ec,train
7b1e8831-2385-cf96-3dd7-f3a46e2310bb,train
e182c036-6ede-27f6-209b-b55c4de162c5,train
0eca44b4-cb0d-6f26-e5de-cd190b6ccfaf,tune
251b2c23-f10d-6342-987c-378e8f13635e,train
130cff21-d2a5-6c17-6e37-434d11caf6b8,tune
9169290c-cc27-36a5-6d9c-5752b5ee9213,test
246463b7-3623-c61b-cdb4-3a6512830535,train
3917deb8-691b-e3e7-3902-21565fe59b18,train
3764803d-26c0-d3b4-0b80-9fb335549e92,test
966152a8-5c44-2e75-90e9-6ac9ac18eb21,train
98d85c2d-3433-e5cc-2dfa-7e21ac4610d2,train
3a639770-df9c-38be-1c6f-2a6757dd0e9f,test
2bcd5cdc-734d-7d2a-c37d-698a5d05f2c0,train
52f2cf4a-d014-12d0-44d4-9cee2cc2f35c,train
3318bc1d-4e68-6f8a-74d7-04c0278d9d9c,train
5a779310-333a-7942-e7b9-cd5826a84661,tune
23986082-1f82-5b33-f5de-13adaad554b1,train
d37f9eca-495e-507b-4c3f-4c4ab3bc4079,train
817ce96b-bdbd-02f8-5244-80693ae7373d,test
fd4edccd-0884-3151-72ba-73245e612085,train
9a85dc89-8af3-c073-962d-29d33e2c4b4e,train
c20a1810-2a83-6b57-d414-22794f09d902,train
fa6e4aca-3469-9b93-734e-a5e51a6d0755,tune
3b81a28e-7b3a-c5f2-b670-b92b694c2e53,train
824b1baa-71b9-2d18-3245-397f52303006,train
39292e0d-f1a2-0a8b-bbfc-6913ecd91856,train
54e67fbe-a7b9-6093-6ca3-c20a6bc83eb0,tune
d72a6029-5c8f-2e6b-4711-6fe89511155e,train
7cd0fa58-f036-99ff-4d12-8b579e5d1078,train
24dcf487-2d08-2fe2-7a3a-6f099179e120,train
bd2efcc9-5b9c-7daf-9d4c-8eab6cb4f505,calibration
effdcc0a-b526-6be5-cf72-afec97b3eb52,tune
0b361d61-c436-5551-8b52-96f969e54353,train
6589f918-f655-3309-1380-b8869a855568,tune
5071fb8b-faeb-fde6-d8f0-38d75cfc53cd,train
a2165900-282b-4624-0710-8266f490e40d,train
93efac62-8ee8-cc2f-8542-df46f7b8ebd7,train
3f777321-5aab-56a0-70c1-42276470fb91,train
f383dbc3-e9ff-7d32-a31e-cba7440fe4f0,calibration
d24e1d75-7c89-44c7-5c1b-6bcc42c11505,calibration
1440834b-5b08-d117-86c1-4efd0fff0d9a,train
60e50f94-c22e-2ad8-30fa-253ff339a27e,train
a6b78b4c-c3a7-6659-24b4-b560cddc1dde,train
4a5e320d-4cb2-98a0-a995-38cae70758e6,train
5c84aff8-2790-3b30-85ab-809285d877e8,train
a8059c99-cf6d-7354-54c3-57da76128de6,calibration
2ee82192-72f6-8b9d-90b2-02a9cea6a904,test
fe93d8ac-2b4a-e5c3-b0c6-d1ae804e0d72,train
cce92e7e-e915-3c7b-1166-fd793e812e44,train
96d3a1f5-5c1e-04d5-81ec-b710cd231f81,train
87168586-9f7a-fba1-ea8a-d5cc63a55c4a,train
93531143-afbe-39db-33df-0d7d4f205ade,train
a4be4a41-7bee-8c87-6682-95a8802a1287,train
238276b6-65a8-2948-16ea-d3cfa65ea962,train
c6481fca-b647-dd7b-8050-98321cdb9426,test
859c3a52-bd50-3ebd-8702-3574b99e7ca8,calibration
b79edd8e-ba10-b118-9fe6-1339bb66cd3f,train
24a6ea1b-03b3-ec8b-cc6a-d6a494364b5b,train
44e7d736-31ed-b135-0fbc-b923a7971266,test
a9ed27c7-a040-4990-3546-e39d2590831a,train
95f5e0ae-d285-9796-f49e-860a76ec35db,train
469c0f0d-cb9f-201b-570e-4bb74709004b,test
c39a5bb6-816c-b5d7-90db-42173439ccdf,train
3940ada1-776f-f2d8-5844-f8c6ebc6ee2d,calibration
24aa7e35-2fde-81b1-f7f8-af3007cba9c0,tune
e44a57c9-1c94-6e55-c088-2d50b4276060,train
367a8281-08da-66bf-923e-0dbe22c75e33,tune
eeb61e05-69ff-d7b0-c2b2-2ed49b8d12af,test
c574987a-d567-b668-04a4-ea8ea8cd8e16,train
16417c6f-50f0-583d-c4a8-de97162dd79c,test
b95c52c3-1409-05d6-453a-f7da5a78d6d4,train
74dfd7af-919f-3c48-11fa-e8e4d252617a,train
d8c0779f-cc94-ddff-b0e3-3d03cf585159,tune
7e4c4882-b462-f8ba-e6b6-8ac86746a6dd,train
1ac92541-5c11-db6c-4ef9-8a75e72ec98b,train
4dfb8776-2d07-e097-8344-3af2010b69b7,calibration
400be61c-2d3f-3f45-162a-1b83b6f56241,calibration
70c6f4eb-bf2d-63a7-f0a1-fe2a65a71f86,train
b760d22f-42c8-24c8-f14a-f2a1f699d171,tune
7683daf2-4cc8-6e92-e384-04fa11228aaf,tune
f1f52142-92b0-b898-f7d3-7da12a79dedf,train
d17743d9-60a6-2506-13e3-40967cdbaa9a,train
e37dce6b-4f17-65b2-2973-175b3b75d885,test
a3bbbe58-27e1-86cf-23a0-824bf26232ba,train
c1704915-1f78-4ef4-b53f-0406e0033b2e,test
34180d1a-ae43-07e3-1bfb-d9dac17377da,calibration
e11af0b0-ee6e-e669-e868-eff5a6b01336,test
1b0e5810-50c3-940d-21d7-39f47485016b,train
8e49a38e-eb73-fb43-a4e8-e887eb87324c,tune
ba58d643-b75d-4381-e169-f7b615340fab,tune
3103cac1-b525-5fbf-7b2a-f553d9680e1b,train
312b83bd-d990-8678-494a-120e6fb1711e,train
bb9c4222-ce23-830e-99a5-088d5d59f35d,train
64de2f51-79f6-e028-3390-5f3e7439758a,train
5bbf6c06-35ed-c9b5-9441-e7395d20267c,tune
98661baf-de58-8749-5e9d-efc55a8146e3,train
fad0216f-b922-7722-7863-6a7f8e8f05b9,test
7a7e1ba6-1fb1-0463-8ba1-889dc2b81079,tune
4a1b0b36-ba61-f267-4f09-74fc74be6806,train
a2fc612c-ddf9-d6db-815a-237160434d95,train
296c8d51-4bfb-eed3-3878-e709b86e6448,train
1b17a44f-1e6b-4b25-e3b3-f0a24c7ebe35,train
a0435a82-2f11-87e3-e47b-299cfc7cb7ec,train
3ebaa294-a422-5557-5cac-52a28414147d,test
043ab46d-acfb-d485-5115-b556c7a5c247,test
8307b05d-7051-b1f9-3b48-413574f1a816,tune
356d1336-f06e-fdb0-4e9c-8f1048c26593,train
b7241d86-c9f3-f382-33fb-89f64c19782c,train
d309b84e-2000-96a1-4398-afbc9cfd684e,calibration
9285ac6f-f995-e535-55fd-a98edc8c23ed,train
418c1a8e-2794-9529-4959-ad8e39738db9,calibration
36d470d9-9887-91a6-827a-5976bd4c40a2,train
511f6633-ab78-e0f9-b9a5-95b471509fcd,test
6825f1d5-40db-470d-3892-a24deaa996e1,tune
d2444c18-3b8a-26da-a7f8-7e63da3a3c0f,test
15501920-7c8d-f17f-b25b-7d1f4ad0ec73,train
6eed4adc-d7dc-abc7-74b0-26e787e63268,train
6ff2f106-f607-3032-d6fc-660be14acc72,train
d56dfe4d-9a0d-e612-2f18-939ac8d4f4bb,train
d9505910-eed0-70f5-970e-267fcaec9199,train
890dcf77-5a2d-79d9-71fa-07a4bee52fd7,tune
a5f452ec-cf48-f6b5-9be5-f2c6589e1482,train
d62ea4f4-5c02-4317-2fcb-2d99478d7dfe,tune
1e525472-55ec-94f5-5072-9bab03850830,calibration
b5197711-b7a8-4384-83bd-848139fe951c,train
af187767-9a61-7007-fe38-897247e66734,train
b3278a64-b378-704d-9338-16d2d44638e6,test
8dc5ba0e-c08e-029b-753f-0e5834277c42,train
8e8cbff7-871c-5385-54c6-537558078bb5,calibration
07456171-d957-5705-6543-7e3dfcc05237,test
74e36d68-2312-e978-17ba-13c98fdc94bb,tune
0adbc2fc-996f-8d96-6f99-c877076010f7,train
460f798c-28b0-03dd-6b81-81045cb5e6d0,tune
74622fac-abfd-9f1b-441c-b038fad216a9,tune
dd3f9281-f1a1-1eeb-711f-4b79f439175e,test
bb5f1dc4-144e-a898-a268-2f8db09b17c5,train
b7b37d9a-6205-9407-315b-4ddc8b06104e,calibration
c4c55486-fb5a-d7d1-21c1-524189e91963,train
e76284da-2cec-5f26-f287-482195403cd5,test
bacc3eb9-1ef2-6f41-1740-a83ddf0e7a5a,train
3e269b53-d1be-1488-956e-7bddc941a059,calibration
5d6c70e7-1f3c-7bec-3efd-5412b1da4416,train
64811072-0ebb-e1d2-5aa1-89e2a2f5ebc4,train
bad0948e-99fe-9633-9350-e6e08465073c,train
b2a5a136-bdfc-a6a8-67de-629bc2a12cc7,test
bf0b867d-d857-a71f-22f7-f4b46102a7c7,train
2e531533-e7d9-97ec-2ad3-b7d24e07cb77,train
8bebb04f-2778-87db-2b1d-5a73dfe4523b,train
7a42f384-3bb4-3c29-5c99-aa7a851e9a72,train
05a312f4-18d6-a6cc-d875-b53184c1d1fe,train
837b10e2-33ef-6152-dc00-338399a7b628,train
9b93cafb-f34d-a44e-aefe-5e538a5ec03c,test
34288cd4-b7f5-52cd-c6c0-5f27738ecd89,tune
f55df510-bebb-ad35-38b1-5294d893d764,calibration
0b207b54-c5af-04ae-8f1f-3e9d01c2bfd5,calibration
c28861cc-9735-56df-8fd0-3a4d6cae858a,test
2ea4dea6-d336-1e9f-c49e-4bc0de3cf335,calibration
305acaca-6a71-b80f-69a1-061e7e28bc78,train
41a42f9c-22a5-52c7-da32-e9205bcdbe8e,tune
2d7f277b-7ed7-8fb0-59d0-a805080b3b81,train
d6969925-4c42-bdd6-055d-51e69285b3e1,train
b2d3e863-2ec5-377f-ef17-9b287fcb5b0d,test
55d7ca5c-dac7-b4f1-4799-8e7575c2a111,train
fc5cb890-88c5-6fb7-fbe1-5d7febf5c19f,tune
f3866d8b-9e1a-9279-66dd-9f2c3bb427b4,train
3041426f-04a8-32e3-fa92-ca6f797765e4,train
d2703144-4861-b067-b454-4aa397aff97c,tune
79a48dfe-8a49-898a-1edd-ba287e89cf0c,train
4e336a61-5661-e9c1-0cb9-6013d19b9c4c,train
aa03b00f-2783-0697-ee20-b3ef1af2bf6b,train
e0e1cbd4-5b4e-1b77-7b06-d64e4c3e0949,train
d23c494d-2bb6-4f4d-d9c0-169049037d0c,train
798bed4a-093b-63db-8a61-ac0948bf4f5c,tune
d3504d46-8db7-f2ea-6714-de3c9cf80366,train
7238a1b7-e74c-9626-9607-50d87a9bd6e9,tune
b241ca8a-29eb-b1fe-93f2-83c9068cbb84,test
f2fec518-987b-e5f0-9e35-12c1951f35ee,train
795db26e-5b02-cff6-c4dd-1067c43fbcb3,train
a5fd3adf-7e1d-8893-7695-3c346b331065,train
44b1f4f0-8793-333d-8639-f4628a582f1f,train
4255a5fb-0681-09f5-fd48-45b69602c5cf,train
afc863e6-765a-96b5-be4c-3ed3adff97d3,test
98dee9c5-d446-d3e9-8702-90f322135b8c,train
fc95c74b-f1d0-00fb-8413-0a020c75ffed,train
91e629fc-1036-07be-44e4-eed7a5043c68,train
2c88a754-bbb1-4ea5-5fd5-c154bd54dc10,train
c812cd98-484a-a5e1-0a28-67e31b87e949,train
d9439e64-2101-f988-0eb2-ec79a6055ea8,train
21052883-0b25-4cf9-e8e9-569a5339d4c9,tune
fbf145b6-1732-3b86-c698-f4769d65c73a,calibration
092cc87d-d902-6367-b4e4-124344522ec1,train
72b2c586-d212-5c74-5a4b-cad801c0db8b,train
e993841d-ff6c-f651-a6f7-ef5cf031d321,tune
55cdf649-1d85-f37f-8ac3-57ef3b5c82d5,train
8198452a-15d0-9ef0-b946-0eee0e09bd0c,train
e3702a20-1cfd-11f7-73d3-2120ca865217,train
9ce45ae9-62d7-9965-8263-33eaa5b33a2f,train
286b3914-bc54-09ab-6a16-02a2615586d2,train
479a14c2-1411-e11f-f4ab-9056849c55c6,calibration
5f11d6e3-272d-4efc-0604-edf922b1de5b,tune
ea49a495-af9b-dd0f-b958-2d1e000498b8,calibration
abd47445-6c09-296d-7f9a-55365fc572fe,train
88445c82-eda7-301b-c93a-4c543446fe12,train
7699b295-e52d-6a40-714e-268152682437,train
3b8a38c0-1bc7-fd7d-9302-af38a50fb2ce,train
ddb16d02-dace-a66e-78c7-859dae21e6dd,tune
6d936dc8-e6d7-3e4b-b95f-5ec0ab3ec037,train
2a111507-040e-858d-3ccf-b07e4679c781,tune
4eec9339-81ff-388b-7e7b-91c16061decf,train
986473fe-ad14-40fd-179c-2b4e5a2c4500,tune
757040b7-fc8f-2dcd-e807-200a3e16e8e1,tune
0eeea3c3-939e-ecb4-a46c-50c6298cab90,train
59e69d62-8512-6292-4a05-040ab16b324c,test
eed83b6f-878b-259f-c7ef-158b3c941776,train
fefabc5b-cae7-b5d6-be1f-18df6c7af197,train
55756d50-0038-8a25-5c8a-09c05463ae6e,tune
fa54c63b-e4df-96c8-9ce3-5291b1587e9a,train
63c6a08b-d52a-d6c0-42e3-83bb01731bff,calibration
f5d3547d-2f6e-00fd-cd8a-11d4ad8ee520,train
0f13f513-6367-e960-0f6f-d93507f5aa09,train
48bce90d-0be9-919a-7890-880db92f92a3,test
05186784-17b5-9d47-dc24-c904c1e61228,train
d18e54df-e54a-a0fe-0a94-2aa4159f48a2,train
6512871f-8bee-90ac-d87d-6e6a190d74ee,test
e3ec24a7-f425-9b6f-f20a-f35220fd5135,train
b51d8e6a-b683-e17e-daa4-307e55269e2e,train
b94cc36a-4a96-8698-510c-fa014c206830,train
02a8666a-df37-14f9-877a-09544cbdbabf,tune
7d05fc93-9dd2-499f-7b55-87804dbc4f02,test
8db771e5-7e6e-7f34-2fb9-07db00f37031,train
94e23e4d-8665-8b0f-38c6-f9ee49cb2249,train
75444080-3141-0271-23fe-d86d8f434313,train
9a8a9902-8e6f-88df-e3e2-583a6663f6ab,test
e9907d75-66da-07b7-4f72-59c182bd831f,train
c79910cc-7ae3-cf4c-6aa4-17620cdb2a14,train
75feb006-8fbc-7094-8d5f-7443943b0a93,train
9cc25fa6-b547-b2f4-5410-f5ce499aaa9f,train
5244369c-eee7-f60b-a464-e16501cb0eeb,test
dff393ef-f9b4-c52b-e339-063a0d0cd4d7,test
87449f63-bf7e-4029-d988-88fedd35db49,train
ab91b890-ed8c-72d0-0fd0-83f3bcb2cd5f,train
24f7897e-d5a6-6317-885f-fb47e267aa7a,train
4dbc5294-561a-b9ac-3082-26f0d5148b2e,calibration
5a1b9038-12f7-8837-8d99-5bcc9b506b0c,train
37935396-c131-7ff8-8ff6-cb1ec82f6e7f,train
f564053b-6fb3-8e55-1384-991aa0e881b2,train
f7a84861-8f97-b98b-ad90-58225ad9454f,calibration
e140f3b4-7ec8-5aba-fde5-8b22bed1c7d9,train
71ea24e9-7b66-3585-eceb-08ec9253bd05,train
74574a14-58c6-d6fb-4e5b-ba69a1a48d67,train
94ee559f-c287-1ad7-4d8b-d95ba18284c5,train
f4da1a22-16b9-66b6-bd99-56105f753623,train
fb5e3eef-07ff-0903-a925-2cdb5bba0e5d,tune
014dafdb-ef23-b45f-be88-5e8a58a2d783,train
922a6ff7-7ad6-c919-6251-9fa43545b776,train
b24e6e56-fb91-06be-0a53-28f31bb8754c,train
b799b913-8df8-6ad2-2777-ce43d1493a65,calibration
736ff789-b07d-eb91-4b8e-894ed0f95a49,train
c4986fe1-17b7-a74a-7afb-007c4c179167,train
781c32a6-f69a-91d3-b3fd-caf8e4770a32,train
fa8d02f0-477b-0baa-dbac-c6b82ef1951e,calibration
a641220e-3bbf-7951-185f-4c51273a897a,train
a1b5a4df-e4f2-9b02-2551-0ef57ab20478,calibration
bb6ff39e-a51c-1228-15db-e14e986c695f,calibration
254d975b-ecf7-e7de-259c-2d1e5ed96824,train
458baaaf-b5e5-f042-fc25-106b5e56653a,calibration
2f74299c-ed1e-7b5e-35f0-5bb28712b127,test
09b22753-dbe0-ec7f-f3be-a915bd808bf6,tune
83792453-1c8b-fdae-2f10-c53c0d4e041a,train
0bef1d90-318e-10df-578a-8a6f11507d97,test
5ddecd53-612f-f30f-3daf-3920b98e9ed5,test
7096137b-e244-b0f4-3cf3-fa48237a170c,train
4920d964-fe4c-7d67-2dfd-5e3f5a3213ad,calibration
52f07e09-015a-29ec-339f-ac0273ae4436,train
d9f45a72-ab74-c4c7-23da-c9a033cc20eb,train
1a50b396-6541-0c94-9871-85495082fb82,train
a94c6622-62e7-caf1-47f7-aa52de09ebdc,test
3933c1fd-49dc-9532-f8a0-8390e70d15e0,train
3ed3951f-b48f-951a-73bd-51103b46152c,train
e8ba4bec-c3ca-099e-d5b9-d7a547e422ec,train
27cdf118-a57e-eda9-95f3-bae79e155ac6,train
3f08c5fe-a254-510c-f007-95cdd7a82223,train
1ff6e8ba-4ccf-6609-3669-c8e16ca0afbe,test
a35dc987-998d-9892-5b74-bfce950a666f,test
6b5aaa0b-b45a-3daf-fa5d-9b3c409c82a0,train
ff628382-f424-46f7-081a-6a0fb35fd96c,tune
8d0207a0-e192-99db-ccf5-ae2c090606fb,train
a9dad3cd-22dc-5070-d55b-7f5e0519b4bb,train
4365c90e-39ea-dccc-783b-f06cd4aea1e1,tune
4eff28f7-bc36-20b8-45c3-9983ca275fbc,train
fb81ede8-cd1a-b815-661d-5186781b2ae7,train
5f96a4c0-c1a4-822c-ca80-16256a7ea193,train
67546969-5328-f10d-8142-68885f5d9e4f,calibration
2ba4289f-efe1-62dc-6d24-849606210ea3,train
25d7ee47-2574-de2a-d592-1bf30a2aa9fd,train
207905ca-68a7-0131-3bd4-4c7bf46c67d5,train
bec6c747-cc28-1179-4ded-98be71e0b3ab,train
80b549cb-fbaf-5e0b-52e4-dbb13e7c42f6,test
7ee7da37-34ae-d7b4-7b55-6408a407c19f,train
85065c6d-258c-8332-ecbc-4212f1eb33b4,train
1e34d02a-94bf-2c69-34db-686e42ed7a77,train
2571ce9a-f120-3e20-9703-c83a7071efe4,train
8dc6787b-266f-a159-1709-ec36451e29bd,test
de996fdd-0734-844c-a76f-8cbd696a4aca,train
eea8c4b5-bf66-e619-ec6a-a9f8d2daef50,tune
1da4efda-4cf6-4629-5ddd-4099352a5eee,train
3121f330-7ffd-5904-5081-4331879f498c,tune
de3c5b69-a5d6-d726-5625-5a74ef441469,test
7a903e3b-9f65-8511-80f2-9680c3da4fcf,tune
95802ce7-bcc2-9c98-5153-322c895c803f,train
6fe75b7f-88c1-4251-4cbb-5cefa5eb29b9,train
61081aa9-b19e-fc87-e94e-646183990b9d,train
98e372a1-5010-0173-d101-de9704922099,train
6f2c4350-5256-d03d-ce97-7f279c128475,train
6125025f-27ba-371c-29ba-1bb8dbf98e62,test
aee219a9-13d2-e137-e6ba-2ec793077223,train
47e52f33-6bad-7f73-92b2-c278137f4c16,train
11116673-4960-eedf-0d1c-c5eeb50ffdbc,train
dad80e63-70e3-b5e5-c123-f9eacabc4fce,test
ac38506f-f8ce-feb1-449c-07e27e5b07b9,train
3bccb62e-be45-bd0c-64b7-3d66b9c646fd,tune
e0715712-eac3-5f6b-b610-57f6be279906,train
906ba126-4a98-ef91-5992-8c574de787e5,test
68349774-90ab-c0c9-b784-d2281aeec29c,train
0941fd51-6bec-39c0-72a8-dc44725220ca,train
e1ae3867-714b-1360-51ca-2f1ddb6defa0,tune
5f1c91e8-272c-073d-0776-588b0c5ecd29,train
15b74a2f-693b-779b-47e8-5e2b8298130f,train
1eba0c5c-45eb-4e62-b8ee-6081775191af,calibration
3925c968-efea-f5e5-622f-6d9b27ca5e7f,train
569f93e2-9f14-ea25-fd78-2c338c46e873,train
a58437bb-0013-96ac-0c56-fec903381849,train
b6dffe18-b4f8-aba6-2815-a55acf939cbf,train
f38fec8c-c0a0-9c07-02aa-b35b993b87e7,train
af5eb29b-5ede-aff6-25b1-49c333715f19,tune
58dd84e2-8531-c16a-dab7-1678cc665cb9,tune
41705b67-a58d-f1b4-a235-662c9560f262,test
c9ced15a-e132-2413-590f-60750cfc6d24,train
dba24472-d8e4-bc04-76ea-35e7bd3b5d26,train
d0d493d2-e7ea-8a57-ab3c-a1387ceb974b,train
9b79bc21-61bd-9c04-eaa1-e280c54e1076,train
5d7a2c70-3ce1-f733-a82e-29cf8cda7932,train
04320367-4d80-533f-d718-703c950bbe79,train
c6f841af-87fc-e076-4a08-ba0a1017d44b,train
f39ace55-6608-9a4d-f616-bf11f1f89b1e,train
b08a3787-e1fa-04ce-d1b5-37f0a4fedeef,test
476acba0-4d23-0414-9083-a0a7bffa889b,train
c4dd22d5-09e3-5048-d5a3-5a5c5c28ae6a,train
2499e1de-2c7e-0e7e-bb4f-c2baaa72a92c,train
6ce48520-23b2-4536-4319-0710cba98f36,tune
f574894c-5d24-8b52-db2e-ae0970089b9a,train
11a2d1f1-16a3-0a20-e264-e50406aa4483,tune
222d5297-e447-18ca-1aa1-4877d40c3d41,train
876b6f3e-e1da-6217-0956-816f3b70ec6d,train
93af7140-1575-650a-dcba-cacb1c95f9e5,train
6c828881-6951-b815-7be2-596fe78e93bb,tune
4b8658bc-d042-312b-8bc4-810e350e4742,train
6df5bd87-5061-f54a-6ae9-aa96ddc87364,test
a69292e1-9635-7240-29e4-6737a691f002,test
ec30ea1e-3205-2c76-e445-d968c17d1034,train
c4ca848b-158e-1c77-b258-208b69ba9996,calibration
c8382bd3-8db7-6392-bb63-2fffac55e014,train
9290bce8-922c-16bf-2974-ddbed0551ea0,train
42837503-3d2c-ba1c-2f4b-2399c2d68057,train
5c750ace-932b-af8b-abd6-d6d128b62eaf,test
96bc3e6e-d1cd-f096-d222-cc6e503922ef,tune
612c0d45-af47-cc6f-2603-88b71bee93c9,calibration
78c775c7-0297-2c1c-8e9f-380bfbf7d249,calibration
123329a3-7336-3e54-15e6-063e58bfaab1,test
4099adf9-789b-8ec7-8f50-4b0e8a326094,train
36eb2063-cb8d-5a2d-75e1-ff186258b385,train
30ffed64-53b5-7ecf-8ae0-3c7c9d56c437,train
f8346514-501a-7e36-81f4-77b41faf9304,train
13832823-0f28-acc7-e804-ed5d42ea5ce6,train
39c3fa4a-3f13-7a17-02d5-3a78b745f252,tune
a49d3678-d5bb-4b99-7375-ab718d62623a,train
e3c87bac-aebe-a3ec-c8ea-e37c54d74eb6,tune
d7a5d397-b898-ec32-9ad9-d44f8c3e6da0,train
c2093e8e-c8a1-0143-ee64-381abff7dcf7,test
ce1241cb-c7ec-fbe2-73fb-2983000b59b0,train
c930b93e-6bb4-1947-9ca5-4a3500d1248b,train
b888403d-33f0-d9a2-6b54-ccafd9e5a68c,train
bf7541dd-dda6-1dee-22d9-ce47c9a6649c,calibration
d65ace78-4055-bd02-7cce-726a05ddb4ed,tune
42d94546-2a48-f97a-7097-150ea8d85c34,test
41872773-ca6a-86bb-e85c-1777a961d6ab,train
f88e016a-dee2-16ca-3f6f-b7ee236a3529,test
3da95bb8-1067-91d1-be2c-6136f39e0890,train
9f9bc595-3e05-2c5c-d85b-c05f2dd2fd4b,train
c2e06c6a-56da-85d7-cc04-dbd289db1999,test
afad2647-7ec5-8550-4db5-90cff38a7672,train
2bfd9097-6ecf-8112-0c1b-f0f7e0ee4ce6,train
318e067a-d6e2-4de5-0753-ef7514090cce,test
608b1c0b-ff12-99ee-c435-32792541f188,train
1ee7efa8-cb1c-374e-16a4-68615d69e637,train
f88e9dec-8f62-5b46-8a57-06b35c24b2d2,train
2396d6d7-2c98-9b9f-eca2-270ea39be55c,train
240204e2-bf34-57b6-13b4-d500445e5311,train
b8a7e10a-338f-e014-3a12-a66ff6eba95f,calibration
4347a0b1-aebc-09e5-f906-4eb9906f55e9,train
63ade877-6c64-c47d-1949-5d94943a40fe,train
b55e3973-91cf-1bd0-52ed-870fe3286a57,train
c8d4c554-feca-0b6f-6c3c-302e5d61e6a0,train
ad75fee0-700e-c3a8-c7a9-a19d0286a8af,calibration
12a6320e-af33-1826-a396-46199baf4da1,train
95401395-d027-4281-1578-4697792d431a,tune
697051ec-8e11-e193-48b6-9abec0293261,train
2c16ba64-9d99-05e1-bb11-ab9a1ffb5d15,train
7d7e7bec-aca4-708e-b6f7-51dde3a9c4c9,train
e94f13d9-2429-aba2-96e8-2ffd656198d5,train
cd8aaec7-d26d-51cc-d00a-a45655c52ce2,calibration
08f5f44a-742e-83a4-7792-2788163aed20,train
5f7939d4-f68c-b0bc-2f9c-c7e36ef5f880,tune
99152cc1-3a87-5fca-3df0-d89ed8ef1c76,train
197fbc45-510c-2428-33c1-bb0ebf33c02d,test
e1e143bd-d28f-4d61-34db-360771d29992,calibration
a554bcae-3448-49eb-fbff-325e1f2567ff,train
6bb67ded-626f-d6ba-1e86-600c1437e4a9,tune
7ddbc866-71cd-3c41-0191-c472d6c6f1c7,train
ba126eb0-58bc-8d21-9dcc-9a2d7e6938be,tune
2d8c88ce-38b0-3fc2-485e-6a6f9c172d00,train
1ba20918-1cda-94a4-843c-76c10e58e15b,train
ab5c4049-e3d4-5eeb-49c4-3bb43f6df43e,test
e177e463-7e74-c433-5404-c0ed162e1163,train
e9311a41-9ca2-0387-f1b5-3a75bd1bd396,tune
07238681-79f5-acf6-70fa-0b0f60aea6d5,tune
c0adc4da-eb5a-fbe5-df6c-7bae9b600ad0,test
886462d7-33f2-052c-941d-631a4c823a8a,train
3d43805f-c287-394c-1ec0-179cd905a2c2,calibration
961028da-d5fd-e9a3-9be7-b53885c9511c,train
a9c037d1-4615-f500-45fc-6b8fb44249fd,train
3a0d4225-2147-c56e-f3d4-845ad8df28d0,train
91531843-0dc1-a039-79b2-74cefec5536a,train
2d85edbb-68de-b6f6-7884-32ff9a4c9598,test
44f2fb95-caf3-bb2e-031d-4d53966b3231,train
d3812dd9-4e6d-0120-7495-fe1c51277bbd,tune
a7b7f65a-e3ff-e59c-7c0a-83a2c28d58b2,train
efc4d81b-5ebb-0dba-7045-82396c30ea32,calibration
f136811a-d959-5c01-810e-1d6d14cb224c,tune
2b7a3594-05b7-16be-83df-c1f8a466d32d,tune
022b1ae7-92f2-c870-2ad2-74700e32f05b,train
1deac2c0-9809-2a3f-928c-64218cdc1b35,train
8d55113e-d9da-1666-f197-552c61a2fecf,train
b109f381-d21d-326a-41c5-6daa15b374e8,tune
6f739746-8390-2874-7b68-1ad4d9f94f52,train
66acf7aa-24ec-ee9a-6fa2-5f06d7332c2a,train
d3ea5525-650b-ec98-93ee-0f16442bad1e,test
c5e5f1c0-918c-c91c-c0ea-6dfbb3b0a43f,tune
8cd2d3b7-e680-92eb-fb4a-54fb4dbc795a,test
76397ce5-396c-9e9a-0788-16ab7e591864,calibration
8824729f-e918-4f0e-fd66-81390a353125,tune
d3d79d1b-0381-4814-2158-792266c1347e,tune
d248a0d7-43a6-2dc4-0b1a-23d82b6b08b1,train
e330e50f-975b-4aeb-ff30-6237430cd52e,calibration
a86f40f4-6ee3-6537-8341-dc22ed562048,calibration
b7fbd5cb-bc0b-2b9c-b30e-22440c8ee68d,train
3e4b974a-6776-8bca-3a89-8d1521e781aa,test
88330452-f59c-4191-8b7f-1502e79ab52f,train
61c97b51-24dc-970c-a011-90f9e1d5c629,tune
f4aacc15-721d-a6cd-135a-c377836a713b,train
112621f2-3a11-aa20-1237-2063d23522d0,train
db07a1fa-5dd0-b30b-cef1-c82f65cdb4a7,train
461dd56c-a464-dadd-bcc0-6f73cdd29ae9,train
79ae067c-900b-6b49-5879-f763936d7084,train
f9d00a5d-3028-1626-d0e1-ec616d7534b5,train
33a28af5-a9c0-e87b-2157-d81f89e3bd5a,train
6446cf3c-98b6-576c-2252-26d97a4f3da7,tune
20991126-ea82-52ac-8f42-c71f7657654a,calibration
f9da6b58-989b-47cb-9807-1b87edf1f521,train
3e95d05b-da3d-f638-05df-d0021f02d871,train
139838da-2be1-e000-c112-ed5b6d59d7de,train
afaa8ff6-e53b-2cab-48b3-4dc498cb5b3f,train
54628a50-0f54-9ca0-20ce-3701f59d3946,train
49d5b961-4ec2-0fe2-6469-1b62b1758dc3,train
e656a7de-22cd-daf3-ed09-e5df00ce3658,calibration
c7b08b0c-f895-cd79-ae38-1352b4784f0d,train
6115a58c-7138-5333-e2e5-8644df8b7cee,train
6634a30b-0205-61c5-c13b-0d5aac871a62,train
bae02fdc-f76b-03c5-e224-574e7e7dc6bf,train
a79371fc-b910-43de-f8ea-979ab36da4bc,train
1132e8b8-b667-391e-a11b-687f70846263,train
b6edc67e-2cc7-0d01-7285-4a8aaad2b141,train
1c03e007-32d9-a79f-4838-69b85424f338,tune
99ac7f3d-9d16-48f8-253d-8c5341ba24c3,test
bc0d9034-304e-e3a7-f70a-4aef7df86c9a,calibration
41129234-c84f-dd2b-4e39-0d4ba03c8372,train
ec537291-99e5-c922-554b-4f9c4474281b,tune
5d386cc0-0eff-3721-4849-867923579428,tune
e599b5a5-6d2b-cbf2-29e4-66cbeefa0224,train
7fac35f0-e1c7-9dd3-e0d0-6a42e1dbaddb,tune
e7d0e2a1-ea1f-5d58-b67d-83489f251d3e,test
a4f54dba-0acb-b901-4a69-6f547b2cc765,train
65586db0-eab8-ca9e-1d93-7dff56ef0d9a,calibration
62e71f1b-6a8a-19f2-e602-d693fdbe5e89,train
5dc6dde2-f4b3-baac-c48e-b62aa5c864fb,train
5e6012c3-031d-eb67-a13f-f182e111a6f3,train
fedde5c5-ea38-994a-9edb-4d6854953c42,calibration
29a44af0-f677-d74d-7368-b87b10395204,train
6e44948b-7ac3-8583-9874-cdd5c500165d,tune
a0625852-702b-4848-ed86-5b32d23334d4,train
7b0352c0-e242-6388-b519-ae2928b4b917,train
26a4b292-ba9c-3759-f4bd-713b7bffe366,train
15425e57-f147-0ae8-4cd4-cfd63d8be2c4,train
40ac6e85-4082-b9d5-3c63-5a2c1f015dc7,calibration
2003ba68-0e46-4176-432b-5806e3334f73,calibration
65d1bb3e-915c-86b8-4d74-3c383ec8bab5,train
2e09a32a-d5b8-50c4-d84c-0b6df7619e61,train
e16650bb-698a-d227-52f4-c9531fa20d32,train
86358e44-142f-1b12-56a8-0725a98b352e,train
d6160d98-26d0-cbf0-4f26-2d30eaaba897,test
d140febb-f9f3-549a-d86b-71045cff4b76,tune
64ac8927-0dca-4db4-c4e7-7ee452df1738,test
b57cd178-0d94-e68f-d3a6-dee03632cdf3,tune
c156cf1a-877e-3737-8dc5-0c2a87ed9ebc,test
3061644f-14cf-3f45-1081-8e39b603e946,train
9a87737d-a32a-d1aa-0911-24ecdac41a2d,tune
2d76ab33-bc74-68b1-fcab-d0e253f3366d,test
80a9c068-a593-f15d-de0a-aa4a4a3ecb2d,test
c7b934e7-75ce-d94e-a156-ab749ae05694,tune
64c3a30e-f04e-7884-48bc-4eb1ec444f5b,train
30debed0-8fba-3b6e-ee59-ff9f9c53c255,train
173cdf46-5e84-d7f1-d44a-ceb55cff3df7,test
5aab73ec-dcab-19cf-714e-07e14a13e994,train
e847108d-fe57-47c2-2795-97eb2e254fc3,train
e223ed67-6eab-1114-7bd5-a7716b08b341,train
05a59551-1646-3e15-e991-a2d62c9a31aa,tune
0916b083-7a41-be21-cd9b-3d4c0a40832c,test
105daa00-6a5d-b096-2012-9bbaf29cf7ea,train
b543b29c-9a49-e3b4-84e9-e73bd7130b9e,tune
4efc7a7f-35d7-db71-75d4-1c68b14b0133,tune
6cfb185b-ba06-c166-c0ae-f14d2bcafda3,tune
e6402236-c57d-9dfa-77ec-cf784608fc46,tune
491adab5-97b1-6126-6298-5222273ae7ea,calibration
be54f3db-7a1e-8b3f-be3d-c113f9fe2521,train
fc911822-8421-fe81-bfe8-e959ffe54160,train
d9aabd0c-844d-17f8-2b3c-31ae4ea50f41,train
38ed7a14-166f-36c2-9cc1-5367b58904d5,tune
cbb2e0ac-6804-043a-49cb-6049f3021903,train
4bcd4401-299f-4921-f13d-69c845075c84,train
fe254443-3066-8a09-6d55-a477de6cb5cc,tune
7df47459-3aaa-ee88-cf61-581119487e1b,train
dc332f5b-458d-9d8a-65c3-e6316bb20cf0,tune
702fd1e7-ce3a-c78a-c5fa-b51763d4c85c,train
f81d5152-bc68-e512-2f53-868639066091,calibration
ba70bcc5-0186-6131-ce60-b6e2e2ccc665,calibration
302d930b-6620-ce7d-f791-d5a9b0e8f552,train
57d0890f-90ad-2d1d-fd09-a79b35a25395,train
a7e03e81-a3bc-04cf-51ee-c7242fe465d2,test
5a575ae9-49c6-568b-6993-d06e5e039217,train
f5d43099-d34b-2408-c4ce-7a58a1b6820b,train
a8038fe4-9135-face-4359-90ee4b013247,test
6e2ef960-c4e7-f72a-417e-6862d272620d,test
74216f55-fa95-1c70-956d-61738a40cf36,tune
fc36605d-b016-a44c-d4dc-ba6b5c4ef84c,train
c849d012-fcc2-56c5-7339-c1ee97c1637b,calibration
cfa861c8-f642-a757-6a50-bf6eb568812f,train
e7d0527a-e550-a212-60b2-710f7e41147f,train
a2d84148-b41d-0eca-9e06-9696e6b557c4,calibration
ebd1762a-307e-c2b5-97c2-1cd9f30d3024,calibration
d5ce7f85-0c27-ff1f-287c-515c7813c7a5,tune
7f9de247-0cf4-458e-66cd-957a41d3aca9,train
6f6fb95f-792a-cffb-06df-7a5e9e45709c,train
c28c14f8-3f99-deb6-3723-93a6e5f2266a,test
0d040d3f-d2dd-37b2-1347-7d06a3a22aeb,tune
3527de56-258e-986b-475c-9e7931d15f25,test
341f4a3a-2090-92ed-a3f0-602d515ffdd1,tune
a3eac855-849b-144f-8604-775840ac3dd6,train
3a1e1882-b220-c9d9-55bd-747916835c02,train
6d7e089d-148b-c92a-0719-de438ac565f5,train
46323be0-2c3b-dabb-8f56-b9d0680fda8a,tune
1c354947-9814-8250-52e5-ed2c510e1ccf,train
8a71fa78-eb53-5274-d6ca-9089efa10826,calibration
95603453-482e-a81b-ba78-1dfeb682cde2,train
c342f642-5eb0-a808-0047-c67fa8c45fe3,train
8e03251e-5a72-cb1e-5784-2fa5a09b0d5b,calibration
1866c2d7-c2a8-8ae0-8bcb-1fddeeff4095,train
9186cd45-5368-08c5-295a-187443aa8462,train
cc024e63-32ee-1977-4739-6b3176927dd3,test
53a3b2c3-4dca-a09d-8802-e6b25a9c9281,test
e40540d7-25e0-0960-7346-0b130c73f4c4,train
b06a1b82-68b0-affc-1bfc-978fdda1f058,calibration
7db5a590-d93e-8178-a81f-2e434a004b78,calibration
7b7cb489-d390-f390-34cb-0a1cb4f1c314,train
f2ee3cb1-7e61-fe5d-b6b3-acc355e7293e,train
8430ec46-22af-89b9-c604-f7950fa9388a,tune
bc74f0a2-fed2-1601-719b-471da0bb3f4a,test
595f6f2d-e9c6-6b76-5b23-264dc81dff7a,train
6f96232f-a4dc-6029-88d7-bc753cfed2de,test
1bc4c1e2-2e75-dcb1-4e8c-53f1f1af711c,test
953af88d-fca1-1495-2087-4bb3d20b4dd3,train
739ac5ed-b78c-b737-92d8-e9c57d5e06f0,test
2115ca05-094b-727a-f59f-e4f1c2a15920,train
97b1a876-72e6-7670-a2c7-72855e4b3e51,train
d746a8b6-a4ec-2b14-1610-d6cba9a330e9,train
ba4ecc4e-1c9f-1b3a-2a57-40c92f603edb,train
4824c071-2824-c6bd-ff75-3b610738bbb2,tune
fbd95d53-2f82-cc6c-fa6f-fd68b6645349,train
694abdc9-cd39-ac3a-c3ae-061553839ae9,test
a766e4e5-7dc0-be68-6f81-1fdd35823920,test
b9874a85-e3c5-74e2-1662-161f6895d92d,test
07f7677e-f571-16a1-e33a-ed35d140896c,train
1d66462a-bb87-4e04-6b82-5a5432f6d773,calibration
d31177a9-0ff6-041c-3d15-cc46602c50a7,train
da0c1293-c4c5-c57f-b7ab-4e019ba289be,tune
393e60ca-74c6-158c-0f08-78e1be1e04d6,train
aa783f96-0c4e-3006-a55b-1e4d5399cc80,train
3e7d9a78-47d2-c8a3-7fbd-41582e1078cf,train
469ba6f8-ccf6-0c2a-dc3e-37e7437ef9c8,train
c87c74f3-f090-d998-9a33-6dbeceaa9e41,train
5a4e4167-361e-35e5-7cdc-969e8d33ab37,train
006e90e9-31ab-c85f-7344-1cd7f731e410,train
ad989789-5424-f962-e73f-5ea77e46e943,train
3405b15c-550a-37ec-6393-cbe415e68458,calibration
e7f831a6-426d-48a4-6e40-1debedb7ef34,train
8fb915ab-5d57-5165-5174-cbe7627361b4,calibration
67e0db1f-189e-a097-6fe7-40fbd47ce5d4,train
d9c4a058-5318-2725-4270-f95782d04985,train
9abfca15-4afe-92dd-2894-6e9e11fd334c,test
91ef0a4c-9f89-4a74-a108-ff715cf8269e,train
efea29ec-1176-2932-9dd4-bcff1719b711,tune
af5e660d-b3d8-604a-6ded-f7b004a3dea7,train
42b426a1-c4cf-474e-a020-b1c9bd007120,train
930435a3-f585-f395-d589-37710bc9f997,train
d1be0a40-7d60-a36a-3afb-59b2ea96b6ef,test
525f7e86-685e-0c20-171c-f948f5bea8b4,train
3f26bfb2-afcc-6d3a-e37c-4d58cc334b41,train
ba9dc869-33fd-3f8f-1c3b-f7116ed2d4d8,tune
50ebc78c-56f7-6020-568a-4703ad35f3fe,tune
d3de1dac-b269-124c-1a10-cfe24617b95b,tune
7bb8a12c-71dd-a30f-55bd-36873e5d8b00,test
13222abc-4c63-b0e2-0f87-60bbd70663f3,train
c37cf1ad-4894-6748-2921-0a9b79469007,test
d21ca40d-7439-65dd-db82-8523a8a70873,train
8e5346e3-c50d-f79e-b753-7789842b51a5,train
df7f4cce-b03c-f8bc-0f41-3b5fd70f5c18,train
4218b96e-0278-2ca8-e600-a2915e5e86ff,test
58dae395-75e9-1c02-85d3-11932ee06340,train
02078f9e-df6d-df39-d1eb-f6998a44551c,train
f081ff23-ae42-b775-bf60-37e0dcb9dac4,train
afa16208-a739-0c44-fa31-c052b14a3373,train
d746af1b-e06c-c4eb-95a8-6914ceb48a76,tune
7a9fd70b-480c-193d-ed00-df2d6f0070f8,train
16ff50e8-8ef4-fe2c-b135-bc84f26beebf,calibration
a1fbcf9a-e335-b538-4fba-8e28bdaedda7,train
5ac6eee4-51b4-44b9-7421-0b6c78d5eab5,test
a499aa00-ea8f-7c54-c71e-f078d7ced53e,train
52f95846-c0b4-53e9-22e3-b3e99ca692a6,train
109358b8-4f28-6261-5422-826164d040b6,test
a2a27ba6-8642-ec02-208c-7308246055aa,train
cf5f1c74-dffd-8aec-e076-0f1f3082f3cb,tune
56e801b9-fd46-ad3c-09d3-371123eef7e4,test
bec061f2-7a66-6cd9-65a3-df5dd2f7f836,train
f445d8a2-d14d-b368-914c-9c2d18fc4e4c,train
cdd70df4-1e9c-4837-d763-d478641aa408,test
65ef2fcb-8cc3-d2f9-7c69-2a3cab23cc7d,test
8e8c094a-8ffa-cae0-bac8-a67c296d4089,train
ec75282b-4ff1-5bf6-7441-9c9b951b2176,train
ce0fd34b-cf45-0d8b-2e38-3fab12c168eb,train
fc53c009-3971-c90a-13c0-eca2d6be761f,train
254e6bb0-ce39-cfbb-1438-b5e9df8f83a9,test
8ac703d0-a0a5-2ea6-82d2-e705cab1401f,train
507106f8-c7e0-e16e-769c-acafb36894e6,test
6968c8de-35c3-fc40-7067-5c9485cd09c3,train
b4c3ea9a-4b1c-a002-8089-e7534850bca8,calibration
67c23537-a42d-c8a1-0139-78b467a3d555,train
ad5d0d25-9086-87cf-5b26-fe1876415155,train
35b5d0fa-89ff-1ad0-75fc-095a85683460,calibration
59c1c59d-c835-7d01-d092-e8aff4d94bca,calibration
a31cb442-90cb-ed98-2090-f5c0a421f7df,train
180089e3-627c-4401-b53b-7f2441134122,test
04a0e17c-2ad1-22d4-9dd9-7841c4559408,tune
9a7b730e-d883-b4e7-3e7d-9a5a1097d504,train
e02b1652-b4b0-f805-943c-4b250adf21ec,test
6229f5a0-7e2a-d44f-cf2c-ac95f5eda8dd,train
4f36ec4f-39d7-9b52-141a-ecba177cb999,train
0fe98e5b-6c2c-1745-f377-70f44a0fbabe,calibration
3ce4a889-9fa6-0a5f-b99a-89abc2dba32b,train
8690de5e-a525-a680-d4fa-473fd5dbd800,test
277bd1b7-aaf5-8b9e-756e-c9423ac4804d,train
70bf7164-bc9e-b3d3-84f3-77ee3d9c271e,tune
5b025780-d01a-9db4-f8b6-4e3c8df70342,train
0d73b4b8-e1e9-1053-dfe2-939311290fd4,train
fb4e345e-6c8a-0bea-fde8-232a9a0328bc,train
57686242-fd56-c502-7f27-d073d9d5e9c7,train
d1e7ec3a-6519-cc35-96c2-4e571519bd48,calibration
a7759615-b7a0-c42f-d0cd-8779065ff0d0,tune
dae47524-de14-058c-094f-80690197cfd2,test
e907aeec-e3bb-c6b0-09d2-b983ea028527,tune
5420f032-7a91-0848-568d-a9a677f7c96f,tune
ce1498d3-9a10-b200-1a0a-3ce064250c26,tune
84f86124-295c-b72c-f9df-1ae8728e198a,train
11c4c049-3969-0205-1f23-69dc7afcc3c6,train
d241a694-f3e6-0d34-3f1a-279587e4872e,tune
f8b5a5fa-75a0-4bea-01a0-c951c4239d27,train
9efa5b0b-9fd1-7963-cc00-7d70dfc78252,train
3eb48ce1-68fc-f848-40a2-63ef7f47af41,train
2f1b8747-1895-1c85-3a31-d65f0a5a418d,train
fcbfa72b-8cd8-0faa-51ae-ed5098953f9b,train
39b67fa3-05e9-2327-7d5a-3c44cfdb0ae4,test
31203074-24ae-9340-06ef-b36e9c4922b6,calibration
9a627cf4-146b-2815-44fa-452137477264,train
4fda2cbb-7479-6b56-5005-094dd1d1189c,calibration
f0429ef6-ea49-73dd-7143-98ec6c9002a9,test
748b08bf-9a91-dc4d-155c-76cf22c4c65b,train
e55ec370-7c47-71ef-1bc5-00d3ff699fd5,train
84f53d7b-1a47-331c-29e5-0d6ba585433a,train
e1769c14-f881-5247-7ab4-b33c8caf476a,train
bdedceca-d6f3-6d25-a768-94748310ae25,train
2dd9eac7-9e6a-6bfe-7495-5d3dbd12d0cc,tune
90a209f8-68b0-21d2-782c-cd8e1bf80b8c,tune
4c027af4-4029-b8e6-4f3b-5faf608f8166,test
53a4998b-7be7-e9eb-b212-072e405fa3ae,train
50f57f2b-0a0e-3197-7ae9-f3d080ff241d,tune
2dd297fb-adad-0c9f-b5d6-faf2dff1da57,train
da2dba84-1393-dc44-ec84-baf642b5fcb9,tune
4edf349d-2b06-7e59-cb28-dc030ff84777,train
2eb79b62-43fe-cd7e-871d-81cb33874eb9,test
466ea791-e7a5-1367-de01-4685131ff1e3,train
b7046e0a-22ef-4fca-67f1-874e17d8df11,train
587513b7-6a07-0641-7cf0-966440b96cd6,test
df5662e5-c88d-8600-2aec-e0f19a8da530,calibration
b70dcb51-f6c5-fbf2-7b0f-2e72b87b7326,tune
441efb60-e69c-bf4a-b46d-424d8a1e0c07,train
9d68eebb-541c-0d64-505a-ef5140d4d200,train
d373bdad-3b80-eaee-a5be-e819dd5d09c0,calibration
db55742e-bbe1-2208-8741-3819808de9bf,train
1c11b8e4-0c5a-761f-c291-1f8f4ecaed28,train
2a34acf9-97b6-5d6b-6278-ed2e1b4a37af,calibration
e82b8bd5-6c06-60e9-f06a-3b32614fb90e,test
44e29d86-e018-de66-a4ab-b1b05009ae67,test
3761f5a7-299b-01bc-951e-1e8c24c32bf2,train
98a7c814-43cd-7a31-ce74-72aa0b0f1e2c,train
b2ddf47e-23f2-e075-d1bf-a83db69da597,train
d4f42835-b1c2-f60a-5ac0-fa372327372a,train
7f1f0271-3efa-42f4-32c6-b009619c96b4,train
d2ef3b0a-02b2-8b30-23e5-6b940aff8728,train
9606ba7b-a002-a99f-01c0-27ed7405d0ee,train
78742282-8524-06f7-f996-766fa49b7cfd,train
685919ea-07ab-f323-b10b-64de1b709a65,train
0509ded0-d450-a6ec-4ceb-ad52ba622d0e,train
69409cb1-343c-be2c-44fb-8a8fcb3508dd,train
98205ad5-4d7f-dc94-a7f4-31dbe51f5a8d,tune
f73613be-37be-8d37-623e-2499b284a7c1,train
c23b032d-7129-d872-c04d-d4e208d3d03d,train
7bafde09-8165-275a-12c5-30cbf17f5095,train
20f5b155-9774-469e-00e4-481cbfac72ad,train
9792e015-a506-6e1f-9dba-ed20e839d346,tune
405ff1ad-8b07-c31e-7986-0f35ff6eae55,tune
6bbd2d6e-e87a-19d2-3e4a-5478bbe26dcb,train
b0536d1a-5296-7f18-2e57-a25f467d4f35,tune
5da16bf0-bb82-bc6e-4749-65d2a5f64a38,train
a734aa42-7e65-eae3-b169-446813b67a06,train
d75d4db1-33e9-681f-d190-d6bc6e14acd8,test
260296ae-c2ec-0443-b707-acbbf3690e65,train
4e067a4d-9347-4c2e-f6b5-f643ba3b5efe,train
71823b48-560a-ca14-514d-68a82c470865,tune
70ff5cff-6ee2-fd54-41fb-5907157cb60e,train
8d4a08f2-334e-c026-ba92-b4b42d188650,train
950a48e3-7bf0-5fde-b13f-237852a3d749,test
d31cfe3c-1525-1001-b59e-1b3f51ee5b89,train
2be0a810-c3b1-3e85-8285-f170e8178d1f,train
6dda8e93-723f-3862-15f8-b6bc04da5bce,test
4ba7fdc2-7857-ab8a-9080-40da3b342673,train
efa6b296-94a1-105d-3ee2-49325682ebf0,train
89b3ecb8-c9da-9079-644b-eb9b62141484,train
cbc3cc1a-5eb1-7707-d81e-25fcc4065091,train
eaffd87e-34f3-8b3c-a490-74c71276ab2e,calibration
44cafc96-6fe7-e210-069d-b16e026846cf,train
25187d1a-a7d6-3137-d951-6a5ada6491a2,tune
d1f83019-e75f-84e7-ee64-1b8a4175e3c2,test
bad5e85a-3fd9-52ba-b3fe-5823b2760a1c,train
bba2f732-709f-6da2-409c-451bc2b844a6,test
ae1c4f97-36c1-bc6e-fb28-34bdc0eba563,train
4e5bb868-bf4f-45ac-a51f-63ef532bb66d,train
27c2a3ea-3c63-8f56-9d9b-41d3b3ff5cdf,train
eac35957-53fe-71b2-89b2-48e880fde056,test
b382f33d-8080-aecd-708c-ab2fba0ac560,train
8065f230-264c-09b8-ee41-fb56ee1564f5,train
1c106850-af01-11c0-ca9d-d57d6223874a,calibration
d0c34654-184a-eec7-f916-89a8093f04ec,train
652f8f0f-6392-8f9e-f9e0-d390ae91c41c,train
f6794a98-b64d-a34e-8576-a3ca7d14053e,train
4a7a2f48-1b72-86cc-d1a0-4b32c2d969a7,tune
4481acc7-2a0b-99bf-b3cb-a1131984d7ab,train
fd06a374-29e2-7146-59c3-7962b8fe3086,train
98ac83b2-c502-a39f-c108-ace65839e473,train
cbd37e3c-a418-3884-3597-351bafcbc875,calibration
1b3b51ac-f9d4-c491-87c0-939638ed2f63,calibration
2e6504f0-dd3b-fb28-987d-29f334b44aeb,train
51275b86-0d6a-bbfa-81dd-e2f9b5f713fe,tune
2187e4ba-1d7d-a723-8257-03ca80f8881a,train
368afa39-5991-ec6f-b2e4-46ed49345747,train
ddbf7198-cbb8-a1d7-3b18-dd72959bc98c,tune
a6404b8a-e37c-d207-3017-86bfe36fef22,test
b74c5766-0296-585b-dbe0-5721f3ca732a,test
8b3182af-fce0-c940-9a74-d2f8672f0f52,tune
988426a3-c772-b517-9e96-93849e506889,calibration
a14c1edf-60c9-0910-0bcc-dfc0ee9ad1d8,test
bba7d50b-feb3-d242-4236-ad7a07a8d2ef,calibration
b4d183cc-f465-a7d1-647e-7f835b70c252,train
69632e46-b1f1-d16c-b45e-56a5832229a7,train
e4a68c82-96e8-338b-564a-04add166cc4e,train
284c2660-18ab-12b9-d0bb-4eec14f4c784,train
86c4aa4e-962a-84a2-385f-b5f77c068cf7,train
d164f857-b92f-792c-a698-b2ae664a3825,tune
7d0e6ac4-11d7-0b50-1475-85edd013aab8,train
392232b6-ba73-5061-0adb-2466887d6c28,train
60cfd674-faa1-acfd-d58b-f2ef8bf9f5f4,train
3edb3002-8ea7-5972-fa35-0117ffe3ebec,train
7ff8107a-2834-e7fe-c290-0e01fff8c3ca,train
22091017-94db-8d24-1a10-9f60c1aef6c2,tune
5baf8522-37a8-47e4-0807-0aa3a4883bc7,train
addbdb7b-0453-ef5a-6a86-a3360a57e8f3,calibration
3e926571-819c-06bf-58a7-8250efa646ea,test
baae7be6-a548-313e-fc4a-558ea0a7e99a,train
a3c91eba-4e3c-7f10-3d1b-7edeaf0c527d,tune
e6f49fc0-baaa-11d7-38d8-f17423c7e05b,tune
fbe88e48-a331-6ea1-cf34-ea56c32b9b1c,calibration
f1571ad9-2b2b-8bd3-0a51-e895565d5499,tune
6d5fbd04-37ed-c959-5ec1-553f7814d4d0,calibration
907f2038-d331-27db-498e-995b152f1897,train
3fe24374-bccd-23b6-126c-69fe0bec509e,train
437a95b8-2f2f-ada3-e19b-958c9b781005,train
feb89ebd-69c5-34ab-ddbe-6d7b40580285,train
edc77b68-70bd-5504-9e81-8840c182a3ae,train
0f29f188-8f82-444e-e782-7bf4b0fe4278,test
dd1a61b2-89cb-7a2a-3650-add3c3b87cfb,train
96c04e4c-dc71-7d86-3e8f-f7dbe3368c48,train
452399f9-937d-298d-392d-275e5de17a6d,train
6a81093d-9de9-e833-e04d-b5832440aa40,test
af2d6fda-3471-c05f-8898-caa5e906d593,train
21ba6ddc-46a9-1b2b-9be7-ec7a8a3ceb89,train
dc436005-3770-a6dc-aa9d-c124374f6f96,test
fba5d98a-730c-b064-fad8-e445c67d7fe3,train
b070d5c9-bc42-9c33-ab18-33be81e933df,test
57bc7ccb-090e-9032-4c89-5ea5fc083b3c,test
34ac94f8-bd72-2b8a-f2b1-adb2d62b05b8,train
ec7abab3-d220-4ee2-76fc-904b986e14e4,train
1bfb9bbc-5510-c79b-e40a-a58695ad9fac,train
57bb8312-fe09-a481-4029-c655c10ef7c2,train
9b9c5709-66a7-40f2-bf66-7c8da10223aa,tune
0d16c87e-82ab-8022-bc81-c308950f8cd3,train
fd2bccec-710d-40c5-456a-de9d45d0be5a,tune
9c749acd-f821-5484-0c66-6a99be71db21,train
d47493db-e64d-fdec-d02b-b7f84e42b73f,train
d6271708-1707-e044-87e0-3e4114405fc2,test
823beef1-6177-5fc4-939a-1c8442f19f2e,tune
ee9727de-5977-c077-bd40-6d231cbe6251,tune
44f88a54-af6e-9464-34d1-8a7015c9bcc4,train
4fc16442-28da-ecba-e32c-2590898db11c,train
01f516a0-59f6-6238-5ecd-6d61e83f2182,train
31adcc5f-1674-42aa-1c81-b227b6c178ce,test
d6089f8d-0ab4-4fc7-c7e1-02626764f5eb,train
6ca7ca67-aee6-b21e-8128-12fd92056a3c,train
57d779d8-2e3f-c0d6-6639-a29f73565390,train
58fde39d-5825-34d4-a5b8-6fc87decaa45,tune
1d9a778f-52ef-6577-2654-a8ca57df1266,train
d47c7f3b-fdcc-4c62-6947-5cac6080c861,train
195be7e8-4a61-3062-ffa2-ae9ad67f83ef,calibration
10efd2a9-44ed-fe4d-52dc-bb557ac09b4b,train
dafed549-0a50-9d24-3f15-00dbad6ac056,test
4339342d-bc66-1c71-65b2-b1d19fe1dbcc,calibration
ccd8e6aa-3dd0-0a4d-76a8-bb73bbfc0f87,train
a6d352ea-6191-d83e-76f8-fb7b5e607620,train
0f2802e7-37c6-3d6e-c92d-56e5dea17041,train
7ef2cfde-647b-b6ee-b7c8-74f552a4dd25,train
298a7a6a-5d81-40d8-0504-eefe56ffc879,train
c6c1f62b-37ad-c27a-36c5-bc0967ac3eb0,train
89363ce6-7e2e-9af1-3e19-872ec7a857df,train
b8033819-14a4-7535-e561-8c3074f36d60,train
cf8e32ce-75b8-b669-68e5-87de64296f57,calibration
4e3c0743-7501-5f20-a55b-15d9b8a3da9a,train
5ba227ec-c1e0-5652-a302-b9ece2425f2d,test
1fe63c35-8ae9-03d2-7c5d-ca0908229c7c,tune
1bdf6420-4ec1-1ec7-2cd7-781d7d3b38a8,train
1ce7df38-0eb4-3383-4eba-fcbcb8232b58,test
62502d32-3859-8570-61c0-d5be0bcd3705,test
aa2f4a05-531a-f3f7-f6a2-8dfa9dc2fc69,train
946b8d96-07d0-1d0f-a331-1d9d1b5f60be,train
6322b509-95b8-f68f-a004-0ba0c72dca57,train
bd025658-8e35-62f8-196c-f70415512628,test
4a42ccd7-a71c-0081-7828-84555c05b2d4,test
de63aade-2f69-f55e-5917-55f637054980,train
8252ca54-af0d-3416-9da8-695161d4a75e,train
bd167558-08fe-5d13-7427-158eb0957577,train
5f8c79b4-26ed-1c7e-9e1f-375d92853192,test
770711f7-7853-0747-9a08-5fef1796e1b3,calibration
756c349f-34ab-4f30-2c56-9d98c7c46d93,calibration
2568f115-ab5a-d987-1595-7a4b45214447,calibration
23f51782-e9a4-39ce-9b36-a92e25a9de4c,calibration
c66fc48c-b726-2be4-4571-176022cc5643,test
be3a0aed-9898-23c8-7cfe-b25a6aeb6e39,calibration
87243d5b-e265-0f8d-65e6-beabf348d78e,train
f0219539-7c07-f98b-b735-a0903dfd139d,train
cf16c70a-37e4-27e8-efad-500e7333a90b,tune
504f2146-b013-6443-0eec-6df267db2034,train
321b2584-3c45-0043-f578-39d7677c877b,train
d688518e-f84b-8a63-f206-aec65e3bd0c7,train
7cf39df2-870e-3b22-809c-b0e7a5c980f6,train
32cbb4e2-3ef6-198b-e7d3-cbb0b4a85357,test
c983a981-a2ca-9cad-de28-47267f77c16f,train
44ebb505-0ac1-846a-0e7a-e9c509d1b47f,tune
1d17c20c-32d2-e62a-0695-d6ae8e7d0188,train
b377dd64-c85c-5d89-d43c-cc10982c8483,train
6cbb7f70-ea18-6c42-2143-0289dcb1e925,train
b731793e-28e7-bbf1-6b19-c3d7cd8db87e,train
5b7ab501-2140-5e53-7a55-424863169831,calibration
e38b941b-b7f5-6b30-1019-a64e0caefe78,train
4228c75c-bc2c-89a8-06ca-0e1ad51e7a33,train
959c5bb6-0feb-3056-ce33-97ee8ec7cc0a,train
d537260e-d35f-af9c-20c8-98562e1462b4,calibration
126af7ca-96ff-50bf-f70d-d8eb7f20ef76,tune
49a9c420-df3f-e4bb-646f-00e730849f79,train
da9f7925-e55d-a0b0-d68a-563b46b8cf09,tune
5a5f76a7-064c-e221-ad19-1177a6e90ef6,tune
177f88bb-1de8-e274-3212-860630170409,tune
3e3b42bb-79d7-03a0-7ac0-a79a6c8de837,test
a188e0ac-01ac-c0d6-54b1-24013920182c,train
33489f2a-fe66-ae08-2415-28adf277fe33,calibration
63e94f5d-5a48-2ed3-e97b-8eb2a785fe67,train
f379e946-3e5c-cba3-07b5-c1ffb6c7a95b,train
5ed867f7-3f1c-4a9f-eedf-c74d703e3940,train
75ddd02f-de27-e537-424e-35bd9b08c14d,train
8fd7462d-c6e2-430b-fa11-d4dc523d65e4,train
945146ea-1239-2c98-ef51-632d55239752,train
8696872b-6d24-f7df-6d79-8916540e5c59,test
241d1237-0b81-ed23-3ee2-4182746e48ef,test
51d569da-4d76-abf0-19d1-cb2d6bc27d9d,calibration
42050467-f323-f525-7839-ab50a7162f16,train
2fe45895-ccef-b67c-a860-cae89245de38,train
675cd85f-6817-6c93-9793-88c70b47e262,train
493f1ec0-d83f-3906-14c0-4655957fee01,train
ec1ef951-5f08-5a29-2c9e-74ad4c1422f1,train
d7b951cb-5ef8-25ed-d38c-f104ef757790,train
b32874d0-78b9-63da-2ab0-0821ce40f4db,calibration
3f1b4f2f-d6b4-cfbd-690e-1ad7b11c1302,train
8eb96e85-19b2-4c99-64e5-c91f355aeed2,tune
6920dd2c-0bc7-ec2b-3489-9258f3fbc8e4,train
8abb847f-c90b-1b7d-27f3-d088ed6d5065,train
6f03dd04-0033-c321-ddca-5ceb4fff2b5d,train
9148f8a0-1c64-f220-3ba9-bd9a0202d764,test
29d9b174-6df5-12d8-3e3e-22b3363ed7da,train
b9342e04-8e63-a904-d2e8-1329cf64ef04,calibration
5b49158f-030e-971b-5a2b-8c7f284fecb2,tune
059a8a18-6686-49bd-1f85-3751471b98ef,test
2b32c751-a1e4-4376-243f-26502ba1624c,train
2ba97e7b-5cd5-f23e-a05c-e792ee2ed30b,calibration
e5dd7d40-5c05-b4be-fb81-db903b2e5e18,tune
a7fe6f06-7499-4c3c-b25d-d3fa2a125086,train
c4235b49-6816-d287-2321-7623d8df92e0,train
c0a09498-e3e1-94f1-2532-8b4cbb65f5ae,train
2185c76b-3e32-222e-5759-552f08d4c5e7,train
f8f0ee67-db2e-1802-e87f-fcaa053e047f,test
4cd524a2-4451-b3b4-1a6e-0665a758b8dd,train
77cbbeb8-ade8-0ea1-7064-1afc05c9fa15,calibration
5367fc68-4485-acef-20f2-d494b936b082,test
3a2fcc21-3964-7d2f-3ddc-c963aca40cf9,train
482c9086-b083-edc3-fc2a-afc06dca4986,train
1a8b90fb-c003-e706-82cd-461d324a8463,train
468a1d35-1e51-0b5d-6ce3-91a2f53f4a49,tune
8450a0ff-a352-3864-c7ba-6933114ede8f,tune
04e76d4f-22cf-01c5-f91a-7fa8265b963d,tune
828edc15-229a-5a10-0192-e9e79bbf91c2,calibration
a0b91112-e4f4-57db-6e4d-b02d28cdb7c1,train
28c94f22-d743-6637-9de9-7ca3d5151aae,train
685dc686-3574-660f-0c21-5759472748d3,tune
e6c02caa-4218-637a-28c2-c91e496de781,train
00d4d987-0c96-ff15-8ab8-73b574f6514c,tune
a9711370-7ab1-a9f7-83ff-bc2831c3612b,train
6f8883b2-d5b3-f580-aed6-b53a9f32f5ad,tune
407bd771-338c-72cf-8672-806ed2e6fddb,tune
ee6f9acc-224e-7ed0-6fce-16b575b8f291,calibration
39aefabe-3808-6656-3bfa-ce3d49445a2b,train
9ba77785-1c2e-4824-4757-602cdc0d9ab1,test
979a3215-a38b-8d41-ce9e-88ca3c51350c,train
7d53e680-4a0d-7aa4-f54f-5c18cbecdcc8,train
6f0d165b-936d-7a05-4bb9-b1815ab7e7ce,calibration
fdfa1b27-9d42-36d3-9e25-a169651369c5,tune
f27dadb9-0352-d6ab-c454-04bd4e742959,calibration
fda19b4d-5bf8-8112-e647-31f0eba04d2a,train
96888f98-4bda-1b05-f3b2-c240de0f562e,train
d7eafce6-2a33-6fdd-5b8d-0b48206e110c,tune
1da27749-4271-bf51-5a5b-31517a80b51a,test
30c1ded8-4200-bc0c-be9d-76985de9e17a,calibration
6ca256e3-f6f8-d170-5a3e-52bfb9690df4,test
dfa171f1-1209-d9ac-abd2-ad4b548eb93a,calibration
b915c3db-4cd4-7989-bf00-7b0d735cfc0a,calibration
5ce335dc-5ec3-3605-4705-b0c7abce67fa,train
3fd5d49c-b115-d6e1-6a02-9f81edda0972,train
ada94916-d840-6716-76d9-4c2aac1cc145,test
3809e10b-4b65-0d9d-3772-b069a4a09023,train
88164829-ac09-a17a-d845-fc9b34527788,tune
263d5c7d-21fd-a7e4-25af-ff66368d7825,train
960f2028-bddb-068d-3976-0713042c5797,train
0e825a9b-e4c3-e16c-ffec-4a98440fc460,train
0199069c-7420-58c5-d926-0ca6845b103e,test
3909187e-e866-bb4c-66d5-a8244cdfba58,train
57f479d3-9f29-11e9-ce34-0a51801ce1e9,train
9c1c6862-89d4-6ad7-0f81-353b3a1c4587,calibration
a64bf06b-8a8e-8915-d68c-dbb837048a6a,tune
ceddf82b-4e6c-52c7-ef00-8cc749729ce4,train
f9083742-0d34-03b4-89ac-f76301d56649,train
13c24261-8093-2597-055f-92a0ab61e438,test
119194c4-23cf-6fda-38f5-73744de67979,test
89c81811-0e1c-df02-f6fa-d2a47f333764,train
6ef57393-30e7-bb9b-0aef-fb1ce1e500e6,train
67bcc7ca-0f85-2650-b379-52dcfbac14e7,train
0dce721c-9ddc-be83-14e0-ec560677c68e,test
ee600ddb-36de-fd32-8c8a-9b0fd66f7d8b,tune
721822f1-3728-79d0-052b-e1b04037a0bb,train
133c0964-5534-7757-8fb0-a868e2082d39,train
c0871e6c-25e8-89a1-6786-4f1e478782f6,train
46b4c211-74a4-5417-608d-a25d8522e782,train
c539ab76-cd17-260e-0446-695824f90aaf,test
23cabe5e-f92e-44e0-ae87-cc481867ce4b,train
877e74a0-8e95-e846-9f7d-217304d6c191,test
42bbf4b9-68ef-e781-a8c4-e8ccb49e3184,train
cfd50c33-0d11-a1e0-5c85-04a3da224699,train
59df35a6-827b-7685-33ac-4d9b3c06b3e1,train
d5c46c3e-223c-c910-0e7b-934ac148c6b8,tune
d645e356-70ce-dfc4-76f2-39f643477419,train
4c2e89c6-bf38-4cc6-410a-f2c6ecb33b7a,test
f716a8b7-dcb7-718b-41b1-9e4d821c4011,test
9ac46bfa-fcd3-bff6-13b7-9dd50fd4b038,test
b7345bac-5b9e-48a5-a0ca-a2651743a91b,test
f8f4bca1-cfe7-2773-f927-f15c88144bc3,tune
346502de-2bd9-546f-ce64-0f13b0f4870a,tune
e7d353fb-bb90-9cfe-f8dd-d160b5b862d7,calibration
d60e0d34-22df-0342-bb64-78d9d8d2ddcc,train
f56da387-d6f2-a893-b6f3-6ebc5db2b541,train
c51e793a-ff57-611d-7a8a-ba7dd065d2e7,tune
f0bec865-819a-fe5d-a9aa-83a80bbf3788,train
18623118-400a-6695-a87f-51d372867c7f,train
f7f771a4-6ff7-d516-b474-836066486e15,calibration
fe856bda-63b8-b393-56aa-bf05cc960dc1,train
36581429-e009-e046-ea89-1f691e63789b,test
453b8c8e-3813-c6c1-faeb-11e5af9c2f1b,train
31d943c0-57bd-123b-39d4-f3c94702c7a8,train
58e0773a-957a-1166-00a9-0bf2b237ed1a,train
d93e5635-ce16-1e85-141f-3fd32a56e41e,train
a01d8ca0-4084-9392-85ea-fc4f2812a2f9,train
c45fdf2c-f290-5b5d-54a0-6214044634ab,tune
3d066ece-062b-4a46-e2eb-af1cb8b0e33e,tune
6ea07cd7-ae26-64c2-615f-e36b783a7b8f,train
5bce5f63-d50d-0bb0-1c7c-c72c9662a9a9,test
c98eda03-9996-d646-aa27-c042883509f2,tune
cf3bb3ac-167d-22c4-17dd-fc1b5dbccfee,tune
fa1776f4-df42-8d0c-3c2b-c50db18772a2,train
dca0b573-4c14-db39-eca6-fcfa060a3719,train
70e2828d-e900-1d4b-889e-cd5e501f89f0,train
13ef96e1-060f-ed25-6cab-88781644d98d,tune
79d783a6-8431-ff28-efdf-4e6598f83002,calibration
234ab5e4-1b65-feee-4af9-01f3d2a58c51,train
e66e6f5c-02aa-f911-6145-21f33a01fb54,train
1a4ef299-84b2-eced-d2fd-3422144fa9f0,train
a565f4f3-4c74-bf30-cee4-731e7b74f4dd,train
aa0aea40-f8c1-8807-8149-7d2d7815a969,train
d1371cbc-9810-e071-2111-4e311816c1c2,train
d373725e-78ac-86b9-f6b8-a1d23f0cc7cb,train
6d5ed59d-1428-456a-6254-1714b39515aa,tune
912f6dd3-5472-2728-e878-2623608648fc,train
62d6e336-795f-8e3d-046e-07acfd62dc4f,train
1a0de1a4-dc32-ea49-e1cb-31f9a0adad27,tune
4dafbfea-2fe6-51ed-2b1a-e201d25c2bab,test
8c0e1394-adf3-bd15-40e2-27fdc3b1b3e8,train
85cb0a1d-1abe-2f74-66d1-1933451aee81,test
bebf25d3-08b1-f510-687d-a2e124a5b47d,calibration
dd553490-261c-3244-fe5c-905173f9501d,train
9b7f34b5-3d29-2aff-6788-265b487ef0c7,train
503eb924-3405-4984-20e7-2e8e7bde59ec,train
101c5c0a-c78b-7c9f-cdc0-3a99438f5ad6,train
d9e56ba2-3540-5578-ab0a-79a43bf7c2d5,train
1636d4e9-68db-61d4-1533-04cea72b3032,train
ab72ab33-d3a7-8964-6f1c-335502775a06,calibration
6db80da6-8320-89df-4a01-79671a40981c,test
60807d8b-dbd7-150e-1718-e6a097c213c3,train
760e45eb-57d9-9162-f718-2b4397d7e9e6,test
4a1959c8-672b-1d89-bc2a-52a9f4dee51b,calibration
f2327fa6-73ab-61f2-7a0d-b1a2b957b2ee,calibration
5bdbbcb5-230a-c48c-2bad-013005591fdf,tune
bc4f22d8-529d-5c25-0528-c595f24456d7,train
c260ad58-c759-9c75-7abe-59df4ba02ce0,calibration
76d2bb65-4f8b-5666-f184-5028949502c9,train
296d2609-9350-ba30-114b-36e0dc14b3b2,train
6060b64c-6234-a629-0e1e-b829ef525e47,train
c718bfaa-8821-cbc3-e815-ed9f1b46f6eb,train
22194851-5fcb-2c7b-848c-b31667499246,train
0c5b1c44-4944-85e5-1b41-cf5b85589bf4,train
cc30394b-b0f7-ed28-e7d0-7b79c7345629,train
c8972baf-ce58-9865-739d-6ab08bb8f956,test
6d69aa99-abae-403e-55e1-082a21607b19,train
795ee90e-1837-e9ea-e15f-d8e76e503d07,train
ab664823-072c-23f5-c4f4-cbfbdde357f2,calibration
021d7a40-167a-d871-3a24-5aafbc8a620d,train
8407d8f5-0194-cd9c-c1cb-103856ec7857,train
b1c86644-4ef5-2527-27c4-372c13de7faf,train
da033325-acfa-f415-bcc5-1f1acbf6f8b4,calibration
019f7d36-e549-aeec-ec03-bf8f0b8cd105,train
6c1f9f27-762a-c491-0912-70f6ecce20d2,calibration
fdbaa3d2-6b00-9958-819e-7bd25af9a01c,train
ef2e0485-e613-2ae4-c1c1-1418a87d89ad,train
d8724f42-f657-9cd0-2cab-d7d6dc2e34b6,test
94f70819-1c27-23fb-28fe-2fb0bcdf0712,train
64e1aaab-9b8f-37b7-83fb-19ab8d8364af,tune
c9565cda-b102-3ad0-7a63-2563078236ee,test
32ffc964-6e8c-d4a1-efae-da58cd33b1f6,train
c1e7f9fb-7e70-696f-aede-7c8165b90803,tune
8f36d7d3-d75f-36e7-d1b4-67c61864aa91,train
926b74af-5e35-0dd8-64bb-98b0b327b41f,test
56e3f5d4-0e44-2966-6d80-5eee8b793f71,test
21e193ca-6a82-e11f-e6a4-05e3f2b9b738,train
9c1a8246-5e01-bf2b-f771-c80ce0e17c9c,tune
b237fb9d-0f1c-cf48-3d99-acafdd3cf4e0,train
fbaded3d-682d-6e0c-709b-e55cfc83a00c,train
c1b7879a-e65d-10ce-5eab-bfd6d8a6cafc,train
c4b6178b-e590-509c-589e-b03c7b2d9570,train
0bb39768-6877-e484-ffde-74d17ee26fab,test
3734ae8f-a521-2fa7-d11d-9a53ec2bdec0,train
cb3517d1-bd1c-24ea-cac8-86db73cafafb,train
befab053-54db-6926-63bc-d7e8a353c19c,train
74f4019c-b9b5-71e4-fc42-50a07a654e14,test
6bdfb725-2939-5700-3e11-8ec376860875,tune
2a5731ea-d214-6e83-bc15-fc0aa12ce5b5,calibration
ee57c456-3fda-1c19-c06c-97368f38ddb0,tune
7a3226db-3c52-4e06-f506-bd9921ff019b,train
0f5d457a-9f33-94ae-ab49-cf5012874b3f,train
2c3139c1-64e3-7239-6d84-8849af1a325c,tune
d159d1bb-e5ad-c4f1-571c-782556608b4b,train
53fb5e7c-1dbc-bbae-6e22-ca7bf0d2fd6f,test
8117da6e-eb65-6380-f61d-3f3c7cadaca3,train
52d54878-ac01-603a-f16a-1d4c5e996587,train
188a8d14-4663-32a4-9530-9ee6cd303263,train
df6ae6ff-701a-2988-309d-e0af0aa116d5,tune
042ff98e-b811-ebd1-97ff-59f29f6134e1,calibration
50a30fa8-53fa-3ba8-6694-6083085c1f1f,tune
6aadccba-a05a-218a-c167-8ae66054657d,test
a046a369-fb06-385d-dd37-ce4dd7eec1ef,train
2ebb55d0-3c2a-9692-66e6-928cdb66bb38,train
e2c897ea-80a7-03c8-1922-7646aa1ae44b,tune
e4ef2679-6ff7-0446-4c77-33f41ee1fbad,train
9703fe1d-99a3-254e-fb13-ea0e39875df9,test
7b2d5824-6143-3073-7593-29fe97619712,train
5d54a63e-75b3-787e-558c-76f75ce1098c,train
86b8a485-737e-6178-8328-43dd155bca36,train
92f2d01b-49d2-6a48-0452-69da527ef1d8,train
a25e9dae-f825-4168-9f62-afd9010a3f15,tune
94627450-8541-e880-436a-08c886c012db,train
d3768bd7-5aab-1d19-81a0-584b185d6f03,train
dff7c99f-d85e-9852-46ff-f1e01d258d0d,train
773bb3ff-dcbe-4f2f-928e-4be4b6b5a968,test
b7d225d9-d9d1-d486-713c-1313d8f00e90,test
3cd61285-03df-a851-ba67-ef379f432cee,train
37ca6d1c-359d-2e14-dd1c-124ecd0242e2,tune
c1e56652-b5d1-08b3-2b11-17abd3354501,train
f507e819-c919-1764-0bd5-902028bc40a2,tune
9a96ecd5-619c-b2b3-a2c4-bc1b82ddd530,train
7850cc27-c4e7-8856-db2d-30cae080fcfc,calibration
209f0baa-12e3-3caf-ef02-472ad72f136b,calibration
1f269e59-a4f4-c553-7690-fef14e1800f5,train
d4ed0952-8b56-e551-13f7-615ffd0a4883,train
9563fc89-0c79-b5fb-149c-9f50b3a82196,train
db0940e7-3c73-dbd9-a686-ec7c2a454ddf,train
10eb4813-0371-c3fd-1970-dd8c564b136a,train
504cac0f-8ed3-d7f3-607b-e7ea9467a056,tune
a958a1da-8206-070f-4e57-9ea01ea60d44,train
cef269a3-d37f-91d2-d356-cb9e2ae15a3b,tune
6dcc2331-6c7d-fed1-d8f8-a3f585c6be53,calibration
64726d8f-0396-2b21-9ed5-ed249a4e6949,calibration
006a7c5c-d66a-8f53-055d-f4a9573b691e,train
27d83a65-5369-93bd-aa1f-2a9ad4f671e7,train
71357500-cbd0-bd3f-eb71-c11192a84dd0,tune
15fdd07c-6ff1-fae1-f93c-f82395ea338b,train
fa2e4442-0cdf-d0f9-10b9-f3fa58f852d1,train
85cbdff6-8352-7a9e-4042-ce1adabcd083,train
3dfc6f3b-b412-966d-9017-87e20f20a1c3,test
cc9129f8-c099-0fb6-f0ba-f4e5cb404b55,train
10f48527-1fee-6768-cdde-4a525b6587f6,train
fde486a3-4481-59a6-c9d3-e9019152eb1c,train
c3a0b855-12f7-a04f-5bd1-4d0a32e5dc53,train
d738cc21-bdb6-5bdb-e187-4fb07dcb66ae,test
2bcba6c0-1480-a782-8c5c-db35420adab8,calibration
9b61c1b1-c85a-8c9d-7e8a-cf91d72b193d,train
23653a5f-e888-32cb-9f99-2939c2322fa4,train
804f9424-75de-61b6-e143-9a8709ff6b7f,tune
1f8b912e-8016-f6cc-a9cf-5f0dbc98cbf2,train
234841a5-c8b8-131d-7618-2fda63ccf994,test
67e0a135-e777-95c2-f269-8f3d1a08815a,train
b98da5a5-909c-ffea-234e-1bc5fa340ad6,calibration
fc9ee3db-49dd-bba3-3fff-c8ff0594bcd4,train
b496d951-c0e2-48aa-d095-fcf52a843877,tune
7b6a9d8a-fe36-1fbf-24b4-fa30b5f0fbc0,train
2c5e7ed6-4f3d-0c60-f9b9-895f011f672c,calibration
23ea0431-4904-e99e-bf44-ac54af3a7723,train
d72b5085-f3d6-01ae-2be9-40a7b65773aa,tune
9ca801e8-1257-9ec4-9332-2b9f9a799941,test
ba9a178b-a13a-8565-7f87-f6509b259f2e,train
1f4f051d-de3e-2f54-f6bc-c4a112c937e6,test
54cdd3bd-1158-5d92-aae4-e7bd4da3f569,train
f4e61c4b-b57d-c357-7eee-93418d331d51,tune
22aa9f22-c23e-2aa3-b197-42473e08116a,test
8e2912f7-f44a-c30c-0c32-211b9869aa1b,train
2130f1ff-ce99-ae93-71dc-e32eca8d34b2,train
b748dce7-7151-2d47-51af-a184ee6fbd87,train
64c4e0f8-6589-55d8-bab6-686a4100ba42,tune
ca1ed7ea-4a1a-0fd0-db8c-221d3928a8ea,tune
d32f37f3-38ef-477a-d5af-30bb236ad7ba,train
a7921be7-7c9a-c322-4615-81c5046700f4,train
e8e6b098-d542-4e7b-857e-5fb62545ef47,tune
46ea5681-dfe2-668f-4136-397217290412,train
8910e23b-f3be-68a6-c5be-3ad4afaedbb2,train
4f1f76f3-6073-337d-18a6-b0ed30a7568b,tune
703461f0-e1d2-5165-a37c-913a2733d299,calibration
77227962-f0cc-ff2f-fa35-fea693b95feb,train
657f942b-e171-4c45-79f1-1265555df683,train
e8095b72-2e00-1280-54c7-3a47ae75ef47,test
c986b762-e1d5-021c-74ad-fbcdf5e21290,train
1255bec3-cb2b-f369-d467-8e983453936d,tune
c7c48168-9ef4-e320-1d16-b05578383fc2,calibration
740a8534-0ea8-74ee-f3a6-8b1ff8f7a45e,train
4fbf27c4-4480-124b-a65b-86460d3fc367,train
31ff2d82-bcb2-75be-5b1f-c2c8bef5bc7a,train
146b077c-8431-ac41-15c5-7524cc84b4be,calibration
f227c2d6-41c5-2a1d-21a2-c9b55c29b7a3,train
c0dfb1c5-041d-f9b5-7782-6f6fce1af687,train
31b91af5-6175-1787-af1b-aa1db77652fd,test
543b9d30-2f04-41a2-093f-866a5f934b1e,train
e61836cb-fdd0-43d7-4c12-1306249001a8,calibration
930f099f-4077-b4d4-c0a8-ea5703597dfa,train
92d947c1-a8bb-3bd1-96fa-841a3f505590,train
6977c10a-2e4f-39f5-92a7-bbd457c185fe,test
48079e53-675a-f49e-ace8-ac167dd158e7,train
d410dad9-13ec-18fe-4df9-7ac9f39702fe,train
3d5ac25d-ecc2-a6ea-b8c9-0dd8e94cb98a,train
5e0b4434-05cd-afaf-c069-811ffc6cc8ab,test
daa0be6a-f5f9-35ae-45e7-240d9af2458d,train
b3880982-7a9e-f75f-ef4f-1459a07c4a37,train
062246ed-8db9-b6c3-1357-c5075dc382c3,train
7534c51a-f360-ea59-aa41-090e3ac75063,train
6d02c614-42e2-96f0-2505-e84fd05f0ce7,train
cf5fcf7b-6dc5-a1b9-f387-a274ac1605a4,calibration
cb0eca0b-8a15-282d-3a3f-eab5f0f937d7,train
4171d0ac-d82c-a414-49fb-dbfdc1871dfd,train
b26b6ccd-4296-47e4-9ef6-4beaea4f3125,train
e9abfde6-65ca-3ec1-aa88-cd3228caba20,tune
c1256a76-e52a-c5d9-ca57-fdd777694ad5,train
da4a485c-b01c-88b5-cc13-8102828db26f,train
57b5b334-3347-1ee6-f4c3-e932a935493c,train
3caef5e1-a6ed-6ce0-74e5-ada6ef85f133,train
c1901d4b-0c68-6f27-1896-b47e34c6f816,calibration
0ebe5aa6-ed28-45f7-577f-f93cea62e008,tune
d6ffc914-fee1-b54a-b375-7cb6a1f0cc42,train
d3bc2f62-9c6f-9e50-a836-dc21b3d58f6d,train
61b3a4e4-ff2c-3543-87ab-596e8c1b3e60,train
970a56bd-4263-e578-08e9-c2bc7b8f79f0,train
ccab0d5a-df07-60a5-1672-ce071d5b5b8f,train
3de05348-b6cd-7f00-303f-f91d61a87327,train
6dac5c53-fc2f-71a4-7160-7d9a3c0ebda6,calibration
4732fc31-70e7-9770-6ecd-76fde971022a,train
d44d99ce-58a2-d7b7-b8e8-a4d84ffd7274,train
2ac75c18-2c39-9697-bedb-d2891b0a5775,calibration
2a47fac2-93ab-3fa3-9816-96aebcf5c9fe,train
ea00e87e-42f4-291f-72fb-44c041c53e72,calibration
4eb15921-1b93-ee63-765b-955ca545fafb,test
f2958b3e-7739-8469-89f0-2c1adfaa5dd7,train
17411d8f-f0b1-78c4-6e1b-1889ecf0a645,train
01a4e920-f180-d4c8-e3fe-66385832ff3e,train
65fd5f06-976a-a38c-5f7d-99ba1aa98f8a,tune
ac9c9b5f-7784-12e2-d26f-a42d6e45f370,train
83feeaf6-9fd9-87d7-f5ab-f2d0f581c9c6,train
cd9ba2f6-ea0e-c7f6-acea-d9886adaaa1a,train
0c5d125d-b89d-9ab3-ce9c-63cd23caedc9,train
58ae5873-f0ba-3d9a-2c17-80901eb5d691,train
ee623282-8860-744c-5a9d-a6f60925156d,train
c97b1f0f-4fa2-5f32-4dc0-bcce188b05ae,train
cccb5e32-4d39-38e1-0de0-a68e502b4fd3,test
d8950a93-5a21-bea2-2dc5-e4644ecb3491,train
1851a3ad-abf7-ea30-d769-02ac3ec47fab,train
5581cf84-f5aa-37c2-428d-f831c27e40d3,train
6fbf9ea6-43d4-fff9-b404-84ba8db560b2,train
74cd3da4-03d4-26f6-5918-c29c5d67c90f,calibration
a0904c9f-fb66-f3b5-3526-978096a41374,train
1f09d24f-86fc-0855-2a16-6f3db49987c5,train
279e9241-28fd-6d5e-c2ca-6e7c3741432f,calibration
8a6e630a-efc5-4397-4b51-10a53eaae460,train
7abb16d6-681d-cee6-6c46-da8ce41f9bf6,test
f31811c4-20e3-6c6e-f565-a4b51752c992,test
74283ca1-06ff-35b9-699c-d8efc038eb86,calibration
316055b0-b86c-afce-b333-dc13fbad1578,train
7a927384-e4a1-edee-3060-cdec40584760,tune
49b3e990-3c74-fc24-e7ac-fe8f445dc584,calibration
ad9362d2-3c09-fa85-54b0-08922cf2c87f,calibration
0acfb15b-e53b-ba61-c88d-c3b3db038853,calibration
3425d583-cb11-0fd6-8786-805c6dd1ebd3,train
085337fa-4c91-2805-5e16-aa1e2935e119,tune
6521c209-519b-ccfb-7d88-2b33bcf009ef,train
044faf1c-387b-6858-6e51-696c4b93212a,tune
32cdf96e-8581-793b-b1db-b707c59014b5,test
6e6b807b-6f34-20e9-4172-75a054cdd0e5,train
80863a8f-25b7-1678-8abd-d6e27794b7f7,train
6d103fd7-a93a-da4c-1e6a-a295aeb416a0,train
b26f71c4-b203-a23a-6d33-287c25bd62fd,train
192e829a-9a7a-c24b-df87-96b5828c6eb0,train
f8a92c4e-a228-bf4f-21d2-9313f848fb7e,test
745c6847-cd8d-4d87-b9c3-42af4a77c86b,train
d4a469f4-763c-628f-cdcb-9300d69c8ea8,train
e4fcfb1f-89c3-d6f0-ba9f-596d5542919f,train
4b9c625b-cc05-e843-d28f-ba04dd58973d,calibration
c138543d-9320-17d7-873b-8e9452c2d379,train
ce88bc1d-1cdf-fd07-34e1-cbc4e06f9197,tune
3884417e-67ce-15b9-6ff7-8ab42598aeb2,train
3322dc7b-41bc-3b52-e960-4ae0e7dad176,train
6fa21790-038f-8d13-da36-60779c95cbbc,train
9900b78d-2094-1766-c1c6-cd3870d1cb0a,train
7fdc8ae2-94fb-d693-cd40-e0ea3a0c2fb9,train
12a02567-6579-68eb-40a8-26d924948d89,train
9201dfde-2547-a9c7-3c15-414009ab5c80,train
8aed8f27-b7d8-e5ea-d83a-1cb891a79b49,test
fe01929c-ca3a-703a-9961-9a12d6976bed,train
007a79c2-af93-5c09-a4e1-de3e6f4504e8,tune
bad94109-a5cc-418f-7d3e-af09c3b68985,train
774aa58a-5006-255b-9916-14575d929cc6,train
edd044b2-61f5-1392-aee6-1a48435cf227,train
bc352cf3-248d-6885-9c45-fe13258bdcc4,train
87d30cb2-e0da-0b43-11d5-496e52667586,train
7008cc8a-472a-f763-b65c-3067884ff0fa,train
808a362e-d7a1-077b-3f93-08b7f3a741d9,train
459d98e7-0a75-8dfb-c74d-ff189426863a,train
b95d8854-53f2-8281-114d-283e9fbee378,test
779abcdb-039a-3d05-914d-0e14c5a87fcc,train
a96a7a15-57a4-08ad-45cf-77673ea6e828,train
efd03b2a-8b87-7470-8d43-1bf247e7ac1e,test
edd6ccab-f2ea-e0b0-2d99-669a20a7b110,test
b98ee0e6-ecd4-f9ad-efee-2bc81137d684,tune
eb8cbec2-2597-7fd5-24f6-774069819332,train
955d9ce6-dbc1-c7ad-c15e-43d56fbfe37a,train
96fdb7c3-1144-cb90-55a2-466563a297e1,train
10481790-ab90-9939-d25b-9dbca7dd8a64,test
dac4f4ba-195e-7fc0-fcfe-012d54e4a76a,train
f4b29576-fe5d-5940-ea75-487481949ae3,train
d48acb0b-7d09-d773-1993-88027ec4d5cc,test
9d582342-bca3-bcb1-c27b-1a47631e61ad,tune
ae8b4f64-0d4b-351f-0bc9-47e573b0821b,tune
0b026231-b48a-37d6-97f8-0828c90ac5e8,test
293eba35-5401-1dfe-c291-6a11ff3f170f,train
f8269342-fb87-7657-7893-d7b1e79fbf78,calibration
2ae258bb-91d1-8434-1c59-d31794e99c6f,train
39491fe5-272f-1d30-1910-3669a7329389,calibration
b792aeae-2818-51c4-22d3-c104e448e656,calibration
d4b592a0-09c9-3a32-a90c-c430c8663f9b,train
d70bc721-a184-4223-c014-ad4cdbea3ac5,tune
21f2d5a6-a80d-7212-67f3-69160ceb2901,calibration
9919fd14-cb5b-1628-7b58-59f1d5010b87,test
05f87e12-5b08-9400-40d6-84ff27e1dbd3,train
f767a156-1c1e-e525-edd9-9bb9a5708ee9,calibration
a3f41c71-8c9c-476e-b8ea-2c43ee73e829,train
126200be-7734-e551-1766-9ba468a23d47,train
6440ad1f-4322-561f-8b88-9a433d104ca7,calibration
8d83aa9d-2ecd-47cd-6461-de29e1380bcf,tune
76ef63ea-e20c-8650-d185-a76ef72249cc,train
0fbb56ab-4215-d3ce-bf46-03afb1734b13,calibration
ca05fb37-2040-bc80-e0f9-39d49a3ebea3,tune
a3e912f1-b69e-d045-87d8-7fced6fb6c7c,train
74defe33-7ced-37fa-82b5-f5c355ee135c,train
cea45c44-b452-c80b-8a5f-16a2d8ecfa14,train
6de94432-d374-08b6-c64a-9ebe72438570,train
d2a4960f-bfd4-dced-9631-a3d83a8a6ad5,train
3d056168-77b0-a20d-1a34-1b5f4c47f425,train
5a8deeb8-67e2-815e-cb2e-92c858abcd2d,test
cdd5b211-78f1-c7b6-386b-ea2043db4fdb,test
18d89265-f96b-0322-d139-9af718d7c292,train
889ff290-b1c7-164c-5efa-b793318565b2,train
f6ed3eab-cb55-b08b-25ab-f415ef02f20f,calibration
5f6a39b0-93d3-d729-433f-3e61d0fc0e49,test
66b72337-9d37-7b8c-427d-38594bd90e17,train
ae66a09b-de4a-a509-0f93-7477f66a856c,train
8057f2f3-78a1-88a2-79f2-39578fc85b5a,calibration
f63bd261-7f76-8d08-3a01-4a133d5f2a7f,test
31d8d87f-6989-7ba4-0741-da52ee3eb972,test
d470fd04-c04e-21ba-74ca-b5eb07634f94,train
3059e66e-b2eb-6b56-b8ef-959d2e81b37e,train
086d708b-cefc-9bb5-b563-059e4cfa6cec,calibration
d4f817ef-f635-48b2-979b-e56f51f1fdbe,train
e40938bd-802d-4a68-2c2e-593c6460fa7f,train
f9ad3b27-01c4-d859-b661-70ade8b76396,test
0e437557-5d38-a91c-4620-4d66edb9e3c7,train
0029de4b-8fbd-1547-854c-27ac2df030ad,train
8b04873d-3048-66cf-1e74-3c2da013adfe,train
639324ab-44ec-1b0c-ff6c-f1809b66bce2,test
dd663c9d-ba7f-5d1f-dd45-e6159995afd2,train
5a9b3431-c0fd-427a-dcce-08ebd604a8ee,test
957281ba-7590-6076-9be0-aa53af2d392b,calibration
ed96ec6d-0910-dbdf-c877-23e46165df20,train
58b3265a-1ab0-82e2-d98c-3ef3485358bc,train
671a002d-ae85-2c30-bf19-12589f9f0712,train
207cd9a6-db63-8eb5-da5a-248955e06fa1,calibration
2938f128-9a4b-4e82-0419-a553b286af46,train
86955c89-c7e1-b285-8ee3-fdc1a5498218,train
b1863ab4-58e2-0967-fdb7-e32879f7a4b8,tune
b6c59ce1-64fb-e110-060e-b8312205e1e4,train
088b66e9-5fa3-63d7-4d5b-768370853bc5,train
5d0f8b53-2cb7-b0ef-ca81-ace2a4de553b,tune
fde60cf2-ced2-307a-df06-551a8544fbb8,train
847548c2-f8a3-a2a3-8ff7-f9fbd85ae31f,tune
b3521e0c-720b-2e00-8b40-b2db83c1302e,train
f1599ed2-a6c6-d52d-7c67-249da311b2f9,train
c496449a-3fdd-6234-370c-3118655ae08c,train
d8f745c3-fcb3-eacc-e1b0-5c83e7debbe9,test
7353723e-8136-6409-9b06-cf02308f0808,train
be625b2d-0443-6ac8-0324-6bbc9d41e8dd,tune
c2854551-125b-04c6-179d-2c82c4a2db51,train
516d3091-8777-54d6-44d0-7a26b1cfffd0,train
47f9c379-99e5-b615-9cd8-2f30e5dbb58f,test
279b89ee-f1d8-352c-4b55-dc69c86cc1b5,tune
1b1df032-7a37-6695-61fd-bee0b669aac1,train
42e137eb-3bac-1b18-ece4-30f18e66e491,train
8ec664bf-2bb7-43da-3821-b0e6bf0d9333,tune
43a52343-e897-f42c-a8c9-c2304a0a8aa2,test
a67cec17-ae76-7c37-3c2e-524ca8a81239,calibration
61bcb46c-fca8-8bc3-54c0-1ba6e3ec5c5f,train
6b1b602e-ca54-fd07-252a-d0893def6e7d,train
43e373fb-06ca-3a76-8cb8-222ed801569a,train
7307b6e6-4820-17bd-f772-17db937cb86e,train
c08510bf-d08d-fd54-178a-656c555d79ec,calibration
db61eb6c-fd9f-e17e-0e40-05f27d6cf534,train
8c359e56-17ca-eb16-92d0-293c47b7950d,train
ac92677c-5fcd-cd4f-3efc-f9e8e587a73b,test
8a3a599c-0e5a-f120-b252-fe121fdd5110,train
0f865da1-d016-8a23-6abc-1a3e7ead65ea,tune
2d44b688-7085-10e6-8865-a91c22540d50,train
3fbd9f73-0c8c-e502-a510-12c4b6a168c9,train
8ad4b1a4-d7da-42c3-5bc5-9b534a48c539,train
cec4e316-d8b5-0c79-e342-46d43ee2f7be,train
fd0b9c0a-9a36-5441-20e5-6f54877663e4,train
f86c449d-5665-2113-1c42-a6fcf42cfa63,tune
a96db1f4-3d2b-d2a2-5803-e8dd698ca0e0,tune
85d4546c-9e4f-6a27-d650-d892080d321a,train
462a0195-948a-b013-39a1-3c4588c02bea,train
d56975bf-0cf4-505c-6e10-c63c42a66538,tune
e163f280-99a6-0495-e02b-f306cee7b09e,train
416ed3a3-769e-7fdd-a288-a9754d95d35e,tune
18a9dd0d-83b3-ffaa-02d0-fdb45314f844,train
c5eb52e1-2c6b-1f4a-feb0-072971ec6f78,calibration
37a74bd6-6246-237c-ab28-db22dd892cd6,train
e6e7e760-e3b1-9274-1c1e-3ee5744bc33c,test
a6a6406a-133d-57fb-3f77-b78d66da2d5b,train
10441fe4-a78a-4573-fac5-00841356360f,calibration
a2a2875e-2edb-512a-2ef4-0b9d96735826,tune
f2672f62-fca8-1397-5f26-de4ae229866c,train
e167de0f-6ff2-355a-a2a0-be9a8c60cfdc,train
e87ac803-943f-8a7e-9547-315a1e479e99,train
d870bb41-e972-b771-d8f8-e5bcd2cdcaf7,tune
524db5c2-3dad-feb2-0a9d-1dd1ad1516a1,train
ba72e26b-a568-3735-5777-468f199bbcf3,calibration
d9f8fd6e-14c2-09d4-67b5-7113df5772a4,train
a6fd883f-8dc0-d679-4924-772b39df03ad,train
2c4c72d0-5450-6d8c-f4bc-45458bb943e3,train
04acbe72-6d4c-734c-8a80-a49dcdc825f4,train
ca02a9f9-623d-50e3-693e-c5b256e9fae2,train
cdca1320-f13c-5c6e-c137-76e19cb8c794,train
177f034a-7491-4dff-96bf-069f26e7559f,test
583246a1-3dc0-c92e-43ee-b33ce9e77251,test
d4271292-5745-915b-3419-699445a5bfa1,train
e590be14-25ea-f618-23bc-547e2576041c,calibration
6cc1197c-cf06-e069-0f6f-34e44223f343,train
eff23760-dcb7-a2d8-62e7-4f1b404145a7,train
f0357c0a-6f46-0885-f368-00a9b5db4d32,train
b2a57877-db43-52c8-b690-ecdb64ec9f08,tune
361cc8d3-9e3c-1985-0444-a5ebb33e1f9b,test
b70b6c0f-1f90-67f5-4126-696a5fb87357,train
064810a8-3aff-6a36-21c6-740c5c3bbc32,test
829a0e3c-f91e-e524-ad3e-6adab940c3ad,train
eb9afca6-74ff-33c9-dc73-8a94973e72dd,test
bc64bc41-a8bf-1b50-12dd-32a8fd63f0e9,calibration
f1518be3-51a2-5c7a-e545-62802939478b,test
35060323-b9ac-dbc7-c8b8-ed3cb261a118,train
8f8ebaf5-882d-5a88-40e1-b10d82796eb7,test
578665b4-2bfd-b846-87a7-a981e7ac1275,train
34e2c2c8-7ad8-ba47-4e1e-a95a4026e40e,test
2b606fd4-70ea-4a15-94dc-a8aa18eb5622,calibration
d596caab-ad93-df89-a244-caed9ac634ff,train
885773e7-3a28-ad8a-9380-32d028bbfec4,train
d7fa33e0-3b75-0b7b-8563-14dbdbfc3cb8,train
1c8fb4b5-59d9-4439-417a-98cd62e48c23,train
82034ffa-892a-4ebc-f04a-650d27350446,train
211b1dcb-ffb3-2795-f3a2-5b30e875f280,calibration
5879892f-4952-78c3-13e0-3396464e1a9a,train
bb243043-114a-41d9-6ad7-b1d3b2e710e7,train
ff60de2a-5f96-2052-ca3d-a1162478f618,train
9336bd09-1387-2bd6-3fc3-993ce5a6c1d5,train
f35daaa9-e288-dd5e-1222-e268dabf6384,tune
2e89175a-688b-100a-a026-0cd23d4dc60a,test
56b3708d-7c5a-5a0d-ae04-b4f91be662a4,train
80522742-4169-7bbc-9fa5-57a2b513a15d,train
d41cdfae-4c6d-7b81-13aa-dfe99480a7ee,test
46e35aa8-78e3-d240-5787-a75a1e2a28c2,train
f7549590-6ac1-d676-22ee-5ff5ae1e1ee2,tune
e253c369-1142-a191-aa04-67b951ff9ca9,test
4d9ee43a-681f-d36a-8bf1-8813616b388e,train
a75a2db2-9271-93e0-a434-ffe55d2c7959,train
a1dd3a32-8426-7853-1732-be2bf30d5b43,tune
ae428764-5842-10f4-671a-b429836ce272,test
4d165ec8-e721-6435-9b83-20dcc4409f75,train
618648fe-6295-4882-2339-6f709b925a25,train
5c848457-d566-f910-90fa-cadfcbae1904,train
9d33219e-ffda-8d3e-eead-0a532087c8b4,train
b5258060-c5b7-5c1c-869e-f9b6a10796ba,train
a8be4dbb-208a-5bf0-a19d-af724537294a,train
a8151be9-89c5-ed9b-c60d-16a5a599286d,calibration
b1485987-2e61-0960-3f5e-d6d28a64baad,test
ce088eb5-6a7b-ec81-97d5-938007ff79ae,calibration
acbb45c7-0d47-ece8-e537-3bfd6bfc7909,tune
3d1efca2-f815-8f2c-8d1c-d59cba1eed9a,train
05013694-a956-9de1-1b35-c020bfa82d87,train
8bf01eee-c1a8-5974-a80c-7cbed6a413f3,train
f68ca607-a5ce-c911-4f98-ee8db2fce54f,train
ca2ebe24-6603-a874-0742-0d9f117ce73e,tune
680cfde8-3a53-29e0-aa26-25bc6b6702c9,train
dfe908be-3bae-14a3-02fa-740c461fa1ae,train
55e59825-1d3a-9c55-a05b-547e79fa7d5d,calibration
ebc1f425-53a7-f578-031f-5593cdb547f6,train
175e7812-54fa-4de6-3274-31c98df2cb06,train
00fffa71-0eca-62aa-9212-8ead289202c7,calibration
d1708c52-70ac-0cb6-66ad-9eb81438fa3c,train
9925462f-7825-32c4-5eb9-e20fc924e151,calibration
753ef5fd-4632-67aa-e2cc-5bb57b780299,test
393a750c-ca32-7153-d1a3-3f8c9bb0ddea,test
a30573c2-9936-f9f2-253e-a98b58cd8686,train
f90a2ed8-8bae-3e45-587f-04a848ec58cc,train
fce4679e-fb54-4240-062b-53ec965ff5d5,train
3bc469ad-7456-cd5e-e09c-5025cf99acd3,train
6c72d169-cc37-b34c-f64c-4f5b1356c98c,train
023b6c20-a690-0e9d-ebc2-31e01a78ebde,train
57002b71-8d2c-4329-725c-11660e1c0c2f,train
603826e6-db1c-7e5d-74f9-fc289f6344a5,train
1be8b91b-8740-9cf6-5a4d-1dc86360b6e8,train
3087c891-7f64-574a-a2f8-8a3f7830f84d,train
c16c2502-04c9-d0c7-3829-d144b329e094,train
63270cda-6c61-e767-b2c2-6f35711cee2f,train
df81bff1-d864-a1b3-4c38-38571fd68cd2,tune
a47957c1-16ff-5d6c-9525-20b79214de38,train
584d4af2-4ccb-d96d-79f0-d745a1d3ac7c,test
2172b2f2-1dd5-d516-708b-cf5c32983819,tune
5cdb8be2-af98-c708-b19e-daaa5ce53bc1,train
007a5c31-3f8e-6cea-cd7b-ad669ba1925c,test
cfce804e-66ce-a591-df3f-b64cae28c869,train
cbe54a99-7224-1ea0-cab4-f16b46df7d8e,tune
991a2019-cd1d-fcb8-ff43-1163b680629a,tune
e5bbb881-6981-81e4-6795-5d3e11e113c5,train
13c2d106-e848-f6b7-d793-c756601d2d0c,train
159234c9-e5a3-3060-91d7-d3dd60ee08b1,calibration
709195a3-6223-db77-190b-9ed1bf4e4861,train
0381d373-d7c8-a1d8-6352-9e56efd13551,test
0f75a28d-809f-8aba-37bc-8aa7161df90e,test
47df0d5a-a16c-9094-8ad2-f1c624c14e17,train
4c090d8a-4c4e-b7c5-66b0-2f47efd47cc4,train
5cc2a59d-b308-da75-0132-bbf7ce1a9081,calibration
d31ab73f-bfe1-da83-1fc7-a987a24c0e72,train
bff8d702-623c-096f-29a2-82b9bb687959,train
459addd4-38ee-60c8-e258-b8f8b4b0e6e5,calibration
ffbfbcb1-2525-497c-46b5-ca53634c34a2,tune
e2e3431b-bddc-cf63-ad4a-7eda609ca331,test
607f32a7-41ed-4cf9-682d-c7d3d7bc3256,train
d12999e9-2137-a1cd-b1e5-6213e0ed0742,test
596a2632-788a-7401-21d2-0761df83c317,train
6c84294b-7717-1852-6919-2a08c7956fdb,test
d977e32a-a166-23d8-da91-a9d9ed8251e1,train
ccef438d-1b15-6b28-dbf9-dff102d966f8,train
2b8e3acb-ced8-8a45-6c25-2ab92a3fed0f,test
6d747401-fae4-b570-4aaf-55188186ba81,tune
5a61a065-6919-580e-4859-c00ee4f8b09d,test
91d9ae8d-1015-3ed9-6bd8-8bc2ef58295d,train
284855d5-16e9-f4f5-893a-e83b07c40acf,tune
4a337d4d-a782-9ee5-51d6-e54c4c14ea9b,test
bd3a2db5-fd46-9346-1bdb-bcff4ce8a5a8,train
cc7ec916-5853-0f22-439c-82b022f92783,train
755070ad-fc94-7c0f-0188-a22854b11e53,calibration
c242c8c2-1404-f652-870b-81600bfc941c,train
972fb552-b188-57cc-df10-be4502aad290,train
63f24a07-771a-6cdd-98ea-cea9a952093f,train
ffa6ef9f-6011-0982-d6e9-50ae8f1e00fd,calibration
6f58d7a4-ac7e-9731-b796-04e44fb38b4e,train
667bc93f-e1fa-a6e4-6893-ad53fc3ab0d2,train
b75b529d-7e79-acc2-0da7-b35904102afd,test
d5da46e3-6bb9-d360-18f6-28db05b03269,test
aa232c76-59c6-36e7-169a-4b102739b5e5,train
66c33536-d3ea-fde2-a424-ac6673b23299,train
39188f7a-8f6f-effd-d5cc-232d4b279ab7,train
36558698-9c84-8ac2-6795-e054cc3ca6bc,test
bf0895bc-3e6f-a0ea-3e53-4d1617831e9d,train
13b0be4f-d723-e115-c08b-500eddc632b7,train
f6eae1c6-884a-155d-5d86-1fad9a2ef014,train
898b41a8-8f0b-def8-d7b3-78f2c86c3a81,train
ce2482c3-ee77-132f-1988-1cb50fa91df2,tune
c4355b18-66f5-5393-6c85-90b0f986870f,train
34850307-e384-3494-335f-148fe3b8387a,train
c50c3d1d-e720-d012-25ac-8d3c17fbb2aa,train
e895f54c-0871-88f0-7603-434ce277b3ff,test
e1746a67-895d-ccbf-54ed-dfe9e7f9a404,train
760b028e-a913-cd21-431c-3f6824edbd4c,test
1129ac00-5e66-537b-06bb-5dd28020099a,test
59465fa4-dae5-b043-8a92-356ef8209a48,train
e38fcf4a-4530-d01b-f6c4-d8606754ffc1,tune
3af48ae6-9337-e338-8187-f1871964ba88,calibration
3668097e-5864-34b1-f843-e385a627f7bf,train
f4468bf9-ab39-9645-af61-a63f26e7aebf,train
60e866a2-94f4-713c-0fbe-9b5e3958dc85,test
f7e65df0-cbdb-81de-61ad-5d6cd6bc1d86,train
172686e4-0c2a-7a0e-57d3-887e5186238e,tune
9e0ff0b7-151b-0c47-1413-2fb36897bf6a,test
5797d984-c2b2-cbc9-9d1f-e8adb364f8a6,test
4cd537f4-26cc-d0b4-7388-5b7550f7c41b,calibration
dff048bc-b7ea-005d-d62b-7f58b9e3d302,train
eef351e8-0c40-381e-3403-38dd568b1952,tune
9f11a006-4488-6492-85f6-68dc5e335a0c,train
c4d65b1e-1a5a-4b54-1fb6-79a7796b0a6a,test
c53a462b-a22f-1d9f-3a56-2f6b2431128f,train
7a9645bf-47b9-1dfb-6045-e0c9311f8236,train
f39b45ea-d2b6-ce5f-277a-e87c9c179e5c,train
b723d36a-b17a-feda-ea3f-0f1ff718bf4c,test
e09219ac-38ea-5f67-3f96-e62976be078b,test
33177fe5-529f-9166-bfd9-885a1a0828b6,tune
6db79978-a024-d25a-8be4-e00c1f4a31f7,train
12a26608-a8a2-bdc2-e9bd-60b2eb0960ac,train
184c9981-1b73-c3d7-fa04-095f63fd401e,train
3e58b51c-51ca-2027-45c0-7d8e5381ee4e,train
aea20b9d-a773-fe6d-8534-6ca98092c591,train
8b42e06d-e488-0163-0703-09b524745d60,train
ac821cee-c136-2a1c-80a0-819766feaf0d,train
953419d3-ae70-cab0-dc25-2e7947146ef8,test
0fa05bcd-5447-4023-3f76-93691ac9f1e2,tune
64147d2c-fb40-f262-4452-9ff7a4b84bbd,train
d675dbc1-a72b-ad98-bfcd-90555e38f79b,tune
12e85492-b88e-751d-c08e-81e24bd3e72d,calibration
cdc94dbf-6f67-4348-6d4b-5de1d07eb7f9,tune
72d6f961-f6c7-fb3f-40a1-ef4fa8e84b5b,test
0413eecd-f50e-355a-bfcf-e157a220cfaf,train
f097fa49-5eaa-84d3-fa34-dacc575cc4ad,train
f1610162-dc4c-822b-b5f8-b8f0473d54e8,train
17b5480a-31bb-b901-3942-4d3e614c716d,train
e661a9cd-aaa1-daf1-d831-dee5cac282b3,train
72280cfa-5265-33f8-4bdd-407f03f6da7b,test
8380e076-8347-e31e-c602-8992a74bfe10,test
58efd60c-b142-e606-a129-0811ae8f3607,train
fe2cf30e-6136-6927-3275-d858fc4824c1,calibration
bf2b86ce-094d-5611-8a5e-91ee00c0f2c1,calibration
a4b26d31-c929-6e50-4af4-3498756c456b,train
a0f86242-d5c9-bbe7-8d63-cb86d30d538e,tune
ecaac7ec-f5f5-0628-0134-b761ae4d2ea4,train
34c6d3df-2f52-f552-3186-b10a2b02e260,train
45018828-76af-5dd8-58a4-f2aec9d81d3f,calibration
5f59594e-adf0-9e32-5295-e92f9b1034a5,train
22c098ae-a54e-89c8-fc0c-8270f1951107,train
481bbf7f-fe3a-f3f8-ed8b-3083c73031f1,tune
26e09973-478e-3e86-ce8b-cde2b60607ec,test
fcfdb629-eb5a-116c-2078-d56952994313,test
ff009094-0575-a85c-de68-90f8a865f768,train
30d757dd-2e87-4eb0-299b-276345e3f662,train
30581479-ed80-5d69-1a7f-cc49bdeb1a06,train
b6a32385-4ea9-37d0-b1f9-5ab873cc382f,train
105f0e8f-f9ff-630c-27da-2d30ac7589ce,test
90885ce4-6d9c-1526-3a3c-7249700a45ab,train
389b20d7-0c8a-2510-5e72-7f4aab7440bf,train
81b2b0b6-8f7d-e3de-b6bc-66f568051b7c,train
816ce788-9c99-dc58-c395-fad9b8674d51,test
86ec5067-30c3-6856-6b75-466b4f1bc764,train
66429f97-ba3e-8d65-30b4-82f2f0339f53,train
9fc389d5-1012-4737-423d-f1ab54489b31,test
cd1b9a7d-721d-46f6-c4eb-e08f82ede15d,tune
cc68a4a6-683f-0f56-ed49-6c07f430b8f3,train
d7de2c9a-03bb-d2df-2723-0cee9c323887,train
50cff319-697c-fc87-fbd5-876624cc428d,test
cadc71ca-4827-4471-ebca-62e604decba1,tune
521bea01-2712-4459-124f-eee50296619d,test
e0aeb35b-d77b-a859-da05-c783932dbd8f,test
cc2ed0f0-6fe5-774e-6c38-8cea515179c4,test
567b8405-e0ca-c19b-bd0a-4e9e650e6fcf,train
ec1de8ef-a150-528a-c3d9-d3608a502746,train
1a5dbc61-7b82-b975-88af-44217a6b6ac5,train
0f62d5fc-1aae-badb-ac78-2ab2de76bd8e,tune
2cb7704b-8efe-c085-e47d-e5ae2c8ca2ac,calibration
c26cd21d-1e55-d4b7-a950-7b5e95ffa9ac,tune
3812bfe7-be58-032e-e9b4-85a5d00a19be,train
2fe8f683-eef9-f989-482b-7310d0b7fe23,train
dc3f61bd-6dd7-036a-6d2a-cc8dd3bf4673,train
060126d1-a040-0ae6-3a1f-dc5847824368,train
809dfb61-34e2-8197-a99c-24105908e0c1,test
5fd479cd-d670-f605-6a39-d3f64f716af6,train
18a71f9f-4ed7-efd7-12b4-0287305f1ab1,train
f97d81d3-3fd8-f81d-ce52-3a3f5e31fb53,test
c4813c18-f95e-d1d6-d2a3-35849438463f,train
06f5a452-1515-ef19-c40f-fc0088b7dbfa,train
8666c64e-7c2a-293d-a03d-39ce11c9a19e,train
0c3744d5-f7f1-9fcc-47a5-079583097b42,train
0cdf5d75-75a4-020e-699f-d604039067e8,calibration
0e26fa31-4ed4-4a3c-5397-18d8a1966298,test
4f5f0321-9847-6286-d563-1c724b1e40e2,tune
0fb5e824-49d0-d4ab-e3c4-d58a8b3a9cf9,train
724b7c4e-8652-4218-b3ce-ee722f006003,train
bf43cf41-7096-39a9-0179-bff1bfcca1b8,train
db938e2e-b355-43bd-7758-aec98a5597c8,train
542a1761-447c-0d1a-c487-a3661f2f7f29,tune
512224aa-dda6-983b-13dc-3acbcf2c3365,train
44091eb5-b966-497a-f690-4ebb34c2d388,train
48852835-6d9d-a817-5ebb-68c3c0b8178e,train
3e7f7de9-d47c-4d0f-4db4-4379bd0dfcca,train
c7286cfa-cbf2-fd14-7d5c-06b72ae22677,tune
29cd013d-53b5-61c1-c956-a44193c9c888,train
2fc50183-daff-ad7d-cfb6-7e383cfac1a5,calibration
bd21790a-765e-4fd6-66da-67b66b3b58db,train
25fa5e0b-961d-0341-0174-2666ba8301b2,train
6a01771b-74d6-47c3-ffac-0173430498a3,calibration
f6f8c1bf-1c71-6302-0f23-0f8b44339d9f,train
890877fd-ce8f-3829-2b68-333a08782529,train
2ce4abfa-0d2c-1974-5b4b-a837da46a940,train
6eaa5ab6-1762-2dbd-8094-f666c652eac6,test
c8235f54-5343-944d-d4d6-2e79af0ebcb4,train
2fae469b-4ccd-d48e-c12b-3284711a83ab,train
5c5c9fd9-839a-b72e-a1f9-744d4518ee8a,test
a26a7565-a4f4-c85a-d2fd-3a7860b0b131,tune
c0997e64-80a4-7be5-c3b3-10ef928eb049,tune
138491d9-48e0-6f20-6e2b-e4c557dad142,train
772867c4-bdac-d9d5-efe8-930434afa5ef,train
c2bb0b22-986d-f8e9-e379-66278baac2fd,test
62835a09-e241-105f-e9b9-4333b4a38eb0,train
2d5b8eee-f0fc-13de-1c09-3e61032b78ad,train
45db28d5-215c-2b0c-5639-ee97dbf70da9,train
5b84ea3a-646b-ab97-3f59-30b7707d4931,train
6ca0bb28-6a0e-5b56-6440-a214b0748831,test
33162d6f-5106-362e-74c6-327f2fbaceb6,train
d5442de0-cc76-22cb-beec-edb500c6de65,train
2e819b85-d8f0-797e-abf8-e90a6f729f15,tune
d8e77f67-7d3f-ed1d-e6b4-a89aa3fb508c,train
28a596f9-3cb0-3512-c303-ea13dd7a3d2a,train
7975c22e-aaee-8ac9-7bc2-af22d36c05bc,train
12aaaf89-be42-03fa-432c-d0227b2c6dc7,train
c2823297-2fbd-ebfa-da4f-485b557ad05d,train
f2437c7c-1b3e-f2fb-d1f0-cd4d58a25a5a,tune
8b10c89e-8ee5-e7f2-5cac-91754c1caa66,train
bbf34a41-c94e-1be4-1fda-7c8c514bdf3f,train
ec1856c6-e582-0f98-5326-66b755de2157,train
f12d68c3-b1f1-2416-be6a-1ffe14b143a8,train
45aeab67-0051-c0e6-35cc-5d069cf491e4,test
bfe482bb-2875-5d5a-a852-9b0ccb144971,train
27d1a92d-8107-bcc5-68fe-d744ce963ecf,train
3db6fc49-0e69-e78e-3cc5-ba25b9995ac9,train
be0474dd-369d-451d-3f18-5c47327c835f,train
30c7d18f-8831-6d43-74b6-733f6ac86128,train
da465d84-cf06-75c7-bcb4-22f52def6db9,test
c5811122-7116-3f7d-9737-e54c6cf8b69f,tune
440aedfb-4c3b-daf3-6f9b-91958c646df3,tune
e1184547-cb82-935b-f262-3290c80662d3,train
cb2319f2-f751-4251-db54-b3cbd59e79b6,train
09cea866-2d7d-59a1-286c-8d297c8ec263,train
15395083-614a-3650-ac9e-b3c035118ea8,train
ec9a65cd-ebbf-dfa4-dca0-218864c1a50b,train
a4b24a86-f682-ccef-cb45-39bd8606c904,train
c4bdff68-df33-9d0b-7361-5ba610469e40,train
cfd2d2b3-190f-8569-005e-700b868f455d,train
8505d113-c0ff-c3d4-c8d2-425beb294603,train
f37bfd40-7a17-4f4a-e1a7-4cd16d625a44,tune
605618ae-0f41-af46-5cfc-ac0e060e333d,train
1cf6f365-ed42-025f-520f-520b1ad7f9c9,test
aac45b12-6499-7291-4e12-cc094f6c16cd,calibration
ef3c794c-bb16-9738-6d63-26ad6dff8c9a,train
8aa5a9a4-8246-ea1c-b225-60ce39cb1097,train
335fe6ca-5705-99e2-8a69-dbf54a2d028b,calibration
00786c03-cba5-0294-10c6-5fcf9b2faaab,test
6bebed00-d203-832e-c072-a24f7ecd2cc5,train
290ce099-06b9-0f8f-b2ed-b36490b31e9f,calibration
062b67f3-35d7-f27a-c315-84ec6f9dbf6f,train
66579a63-2408-c26d-135f-ff6f6a0f4f5a,test
e5624e05-468c-0926-abba-d0e9576a0b59,test
d57f7b1c-e96d-437b-aa19-637a022d3b8c,train
3438384e-3389-41ba-5b64-937ed20c486b,train
79a265fb-b36f-c9a0-c144-9f9c557ed0a2,train
6f13044b-e2ca-51dd-1168-d0ca0b32691e,train
bcea8175-e60b-7680-e1a3-efaac923ea7c,test
80f283a7-93f1-5033-fea8-f9915b5c42de,train
5403e492-fd0b-9ae9-b981-e4df083d7d1b,train
5cdedb4e-9c09-2e4c-781f-038424237c0a,test
4c50754a-0f5e-8098-52a3-b15acfe317d1,test
38a42ea5-1ab1-5113-24ff-d786ac1ef35c,train
857694a4-f1de-d469-9a70-e6aebd4db8c3,train
c72f47c0-df14-893e-9bad-2b0ccd9ae946,tune
c1fe9746-1ff0-5bbb-7c89-2993c62d694f,train
14226167-0f95-414e-2f22-bad9122df6aa,tune
e6420550-0499-80df-6898-1e3dc237da04,train
1b118e11-5683-2b09-bbe6-715b827389b8,test
0c3f410b-74ef-9697-6af4-df0375d4e500,train
659fe58f-2e62-9acc-b76c-aaf8de78ee6e,test
18ea0688-9aff-4051-b676-4c698d791486,train
836700ff-c2dd-2259-3b31-d445bffa0ef0,train
3f6163a8-50e8-5906-ff40-4070a4769433,train
9fae13dc-cae3-acdd-b3ac-d7942cc241fc,tune
edf9d8bc-0b89-0b07-14f1-9f63f0bb3b78,train
b67e00bd-5b8c-931b-ce2d-aa7fc3404213,train
20db9421-6716-1aa9-c2f1-250c57844bab,test
9fca063c-5cc7-c8d7-dadd-1fd5eda31a95,test
1db9ce12-0622-e8a1-0c13-d0104cf9b33d,train
d7da71ef-7c9f-8ef7-52f4-47bcc4013b6c,tune
53208360-7a81-abd0-60bc-43cb95446e3c,tune
f7e42cb5-00d4-11ce-c41a-77e0e437f8ba,train
70285031-fa29-86d8-f5d6-f5a45e5ff56d,test
a681ffa4-8a89-30c2-53ba-7261e9a9bcb1,train
9d6232f6-bbfd-bd5f-7f7c-cb41c124627d,train
29869a89-55a5-3459-e290-8334268e5b8c,train
abf00162-1a84-e672-1805-ef1d9f707804,train
1e8051b4-b2e9-c549-de96-91fa5915dcd9,train
e3987f6c-efa3-3c25-caba-0ac548705585,train
38912018-af64-f054-cc37-67e72ac92fb6,train
517a436f-4059-1398-2843-00e996fbee18,tune
7e013e3c-ae8e-cad7-bcf6-b9b417eddae8,train
99fdd6fc-61c2-1bb5-e0de-e17c0dc94a29,train
76138c8b-49a1-c2c6-fb0e-21dbaefd6fcc,test
5e21c939-cf1e-42f0-5491-2ef49ab1fee8,test
e7b19ab5-1837-45ad-7b4f-cdea433b3574,train
2a5847c0-e3ed-7046-eec8-121d37e44514,tune
f46783a6-32ed-d667-1da0-c05415688a94,tune
45a1154d-fbc7-f378-b94c-99b1fa9019af,train
d92a0390-7fa1-d79e-23fc-6782187fa487,train
653fa062-8612-6a99-9c22-f6ae2985f14e,tune
9fb7c0c8-5f4e-dfd0-0827-3e681d1e1dd5,test
85d4b708-8829-8a8f-b4c1-955b020301a9,tune
41064f9d-ff70-7a16-d44a-356ab603f15f,train
9263e752-2faf-6ffd-cb2d-72a1754a6eff,calibration
fb8ee968-3dea-9a86-d12a-4367a4a634d3,calibration
ba64ef43-e212-aff7-c5d5-a3d113bd7fd5,train
08178b08-6fd1-6baf-8839-8f8c623adb6e,test
b2ee7d7f-b186-7690-830d-5ba0c85b564e,train
465646fc-7374-95a9-1f53-1f68be79577d,tune
511fc645-1891-b8bc-6935-f9c88daf231d,train
9f01854f-ae2f-7e38-ac26-eb0d62dac516,test
7eafd844-b9d8-b0d3-47b8-0a2296e2d77e,calibration
bae5df88-9126-adae-9b5f-dfa765e8fb6b,tune
eb734a4c-1eb3-4f69-c624-0af70c3a96ae,calibration
459b3699-5e43-845e-649e-3680a1c6fce3,calibration
f8652f8a-da75-a3f0-c838-b952a4d12f47,train
22ab3b9c-43b9-e14f-053e-c974fe31586d,calibration
52d12b02-d672-fa51-0ff1-32b4f6871cee,test
6a7d74e7-ce0e-c93e-2b74-d440d2a80bdd,tune
7d893ed9-cd22-854d-127e-60610dedfda4,test
e76fea46-9194-1640-9ced-a44f3f1df2e2,train
cf47f49f-422a-44aa-1da7-8626feb25ea4,train
ec3ae24f-df12-67ec-575c-57aa0cc55833,test
aad108a3-3736-7769-f933-08f2702bd207,test
bcc46a77-75de-44fa-38fd-80406457e5ba,test
e4c26695-f70d-40c1-aae3-eb61b109feeb,train
ec51364d-4431-f2d0-4b5b-7e02e0951276,train
190e6349-c69e-5ca0-c0ad-30e0ea278665,train
213b6ffa-a145-2884-08ca-465f2a454a69,train
3896f5a9-43c3-a81c-edf0-cc223830b8bf,test
f1e10bff-4a32-1fa7-9be3-6bc3b23cd612,train
b937449d-00c2-6e73-6585-31bb8978584d,train
3c2c77b7-c508-ca8f-a066-3fce3be36140,train
a382fcc9-87e2-fd38-cfff-b96438d922b9,train
5aafb7f9-3e89-43b4-afc9-a6ecece443a3,train
9ed6e427-0043-af77-ce3b-810c9c79791b,train
2d79d92e-0501-fe3a-5aaa-41ebc7ca7779,train
9ee356e3-3b61-aec7-769c-50f079d332d3,train
47c57503-68a1-4b4e-bf13-251b26ec7d77,train
d2a3b8b1-d0bd-96f5-fc48-eb390cffb41d,train
c2d3a557-f7b7-5365-4f70-0397094be9dc,train
23b69ce3-2728-5fee-3a6a-81da4900939a,tune
6355c47c-d2e6-7382-c1e0-1166abd86712,train
f7c808c4-3f82-cc03-08d5-d26ed18d0484,train
a1717866-ef52-6390-a7e6-da7c8cf0170a,test
67a56bf1-4e0d-2770-94a6-aa4a2ae16237,test
11b7d675-7e09-a9c0-0f7d-be7de9aa3262,calibration
09a2b4e6-04ea-fc6b-716f-57ff75770519,train
3f95f4f4-f8e0-47fe-dad7-a15760ccfe20,test
7d4211f9-c9d2-c58c-6d16-3f319e2331af,test
dd94e096-7164-7d8f-6563-e5bd8ac89d41,train
45485314-6347-7d81-4969-5fbbd090ee4e,train
3b4158e7-a35a-dd3a-ff3d-827fe3b08465,tune
36311353-1d7c-8339-1e2b-ea92cab42ce5,train
29446535-d773-0b08-2432-7eb2d5570212,tune
16970005-4841-59c7-b164-d64ae830a11e,train
522eb6b6-7878-eea4-35e9-5475122eee03,train
23263196-108a-a96a-d146-c52c45f120cc,test
34d7ef5b-b952-e350-ca29-38dbe9effd69,train
a2068ab6-fd41-5e86-2e6c-016b389adc2b,tune
5eca4310-80bd-8466-62ca-de851a32936d,tune
2445f39a-e424-9efc-c4f4-572eec6ec78f,train
1b420dd2-34c8-3000-0f09-258bf3aefffe,train
83434a3d-df01-091b-06a5-c772779f3290,calibration
b77d165b-0e5e-0dae-d450-ec003253ec72,tune
1ec320ea-eaee-e17e-64d0-fd7300a2b82c,train
eb82edc1-82a7-2d51-89ed-912492abe019,calibration
bb025e5a-17e6-f4ea-76c6-966fcf9b64e8,test
c7140c1c-ca36-ddc9-d54a-575716232705,train
8b6e8984-a70a-fc15-ca31-b474f1549ec5,test
6181d8a7-321f-aa55-8065-1f5ac447d314,test
2eb2de27-4156-01d1-66ce-7a210317de3e,test
fb6a17db-8387-2cc6-c163-f8da3a0c5483,train
e5bafde2-9973-e619-f812-8b36ab5a0df5,train
a38b654b-131d-b014-08b5-c064fa148485,train
827eb47f-a059-595d-2d38-dda39e8b9ae4,test
c9263c44-9078-bac5-f293-54548b98d28e,test
9fcab9d1-c1cb-3fa7-94e9-97b48195d326,train
ff4682a1-223d-4897-d9c1-1c25c9eaecf6,train
1f286877-80ce-fdc4-ca7a-cd48ca76aaf9,calibration
52068f0d-08a2-3616-c704-92326400a03d,train
d7b047cc-a6fc-3463-39e4-768ab2f021aa,tune
03c7cc95-1902-ced8-e3a0-e5af48c4cde4,train
21727809-f231-7268-df3c-cb70b69d5a82,train
817d6104-16d0-3ceb-48cb-c62cdac95128,train
11653e0b-3004-d585-9240-fadc853341a3,train
56ce1cdb-ed75-5b52-4339-012be6bb2239,calibration
01aa090d-e1e0-8479-7caa-e54294300606,train
6e5bd70b-ef01-714f-1d7e-8ab50e58644e,test
8b02912a-1118-630c-a5ab-231205ae0d36,test
9f63c479-5561-e3f3-bf91-431e7aa42924,test
2774472a-c6ba-c471-90d9-1f05b7d3eaa9,train
86c1fdc9-8935-eb9f-d387-208ac89ed8fb,train
1a09f5d3-6773-9fd2-d981-c18dc309d38e,train
36e608c5-4136-8465-1f8d-a559d9c91f3b,tune
01cd4e51-20ec-57f8-391d-c50bda5704f2,tune
94b5ab10-3769-9aa5-d667-a4bf8600c2c6,calibration
1d2602de-6e47-7c55-82a9-fa7433a31189,tune
b78863b1-0306-3bd9-ed5c-efdb7df9d517,test
0b203970-36e8-2a09-d4f3-7a153a96ccd9,train
feded305-b757-a70d-7da4-f0e4a9e2351a,calibration
99e61acd-59e3-a17f-706f-7a0d5c95ab7d,train
7091e71e-4c48-1774-d61d-f5749e9daa8a,calibration
4886780c-f192-b276-6df0-5246059442cc,train
ae538da7-ab3b-a797-dba0-f37518b6e2a1,test
9fc75732-8dd4-c764-4740-f881a4f2738c,train
50cf592b-b744-3e01-c065-6daf98b4ed0d,tune
03a1a22f-6df5-7d48-dd59-fe4cee8589c7,train
e6caeded-a583-30c2-cbcc-0d9f0a061668,train
bfd59e76-ba24-31bd-4e5b-6bd32c65afdc,train
ad29024e-d548-6876-0c57-d5bfeb879ea0,train
7b628d31-5d83-dc4e-adf1-415b9cf0e486,train
b7382b68-3b00-ca1e-0a27-315d14a9ea06,train
04fae0dd-f257-2d5a-3723-6cb7181a6f4a,train
148b5bf6-01c5-7380-5b77-1d62fbf02542,tune
bdbfa254-3418-b6a1-55c0-964065460180,tune
ef15dfa1-e88b-1907-f269-2446ae2eb44c,train
06c8119e-f1eb-c58b-8a1d-eb2319e32be6,train
999e494e-ec3e-95a7-f29f-ad98bda296fd,calibration
0635b976-50fc-753f-5008-ad06477fa68e,train
b088425b-c0a7-63db-8993-c427fe77e298,train
38ef28bb-dac1-7f50-9e14-808ff2a6c1dd,test
018fef6a-39da-bbac-59d5-920456a6d876,train
88654884-19f8-d5cd-6a0f-9c9e20cbda62,test
93c8118d-26de-abf3-1f14-c4661532a5bc,train
a4100095-eb2c-c361-1226-784d558280f0,train
e6654ba0-5686-72f0-013a-684ce8facf0e,train
551e1a01-c9b8-4576-c1f0-a913b485c410,train
7ce8bf39-e7e9-9771-2a6f-a22910dae2a9,train
5c7a909f-11d8-c4d9-ea99-d34593dee413,calibration
e5006336-1587-cfe9-aba9-d522ccaac5c4,train
60fb3533-79ad-d5f0-0028-b6a03dde6bd5,tune
7737875b-4f0a-0b4b-0ebd-7b37a21ccb65,tune
ad9abff4-8b3e-5b5a-c761-c81bc7300a38,test
ff81446f-3ecd-0783-f016-3fc602595f3c,train
61c2c46d-2354-3891-6539-77e309ca85ba,train
c3a6838e-9bdf-4b68-a8aa-3b0ad51f3b11,test
e7d84b8a-4cd9-21cb-495e-a64902163683,train
86ab1a43-9464-f42f-3f1c-99165d33a674,tune
1036bf0f-2f0f-52c0-1c5b-a8a0f0b9d9f8,train
9d4c47a1-fe4c-c9c4-96e1-9240624e83cb,train
9b98423a-4a4e-e107-149d-df5b8c2afccc,train
e6b8d934-ab06-1216-c314-1acc87c53639,calibration
3bd9eb0d-0be2-b46c-a4e3-f40d618c7dd1,calibration
39c5cf62-8e09-9642-588b-97ac1a6e111d,train
36449199-8d20-1678-fc2d-c442f84b5f7b,tune
16f77efa-a5d9-a360-8234-c0da8991f544,test
86d4ef77-4817-6024-5a51-bb073f7f6383,train
54ba1d41-58f9-dfff-5abe-c98f21150f8c,train
2605c167-2d8d-b1b1-255c-ccd2d46d0543,train
b8015058-1f79-7782-1542-775b1908eaf0,train
7cc4c54b-4d09-3f7a-de37-b6d67963cc9c,train
3113d280-c5e0-d7f1-1c6e-a1e3d049cc20,train
c08e7436-ddbf-fa27-0297-cea390608ffe,calibration
203226d1-ff3e-2d67-afc8-9a448ca73b80,train
35a4b3b2-74e3-8b66-9e3e-939fdd3125dc,train
6be33ee2-6d67-0797-cad7-36be548edbb6,calibration
61878f42-bc07-e8c4-7c3e-a3175ed64107,train
ce099f9e-d32c-d689-2826-c781f2da3804,train
c228f2fa-349e-3e55-6d5f-30e836c2d80d,test
4eb0a3d1-2d1a-804f-de55-b5a01e04843b,train
02c99f2a-8955-b7ce-e400-4f77fc55c864,tune
489ac88d-ec8c-dc93-f757-974ac2a5a649,test
99a41537-d80d-58bf-ca8a-600c405b1cfe,test
fec145b0-b440-3e77-e86a-58eacdcc6294,train
dc2b1349-e53d-0f67-05ec-b44891cc3828,train
adc6422c-413a-5201-8612-bc3d5ac2281f,tune
a21597b5-0da2-9660-69f1-a40d8bfe984c,tune
b8ad3706-4d01-4688-e3b2-45e093e97338,train
f294cbde-4e4d-21f2-06dd-58676499dc5c,train
c69d0a2f-02bb-6a06-5da3-d65a2de5b920,calibration
40d9b993-4a16-9c33-d666-81d853372239,test
6b266f27-02c2-7408-cad4-4b62df166197,calibration
37d2320f-a355-f645-b72d-3273e6161ea0,train
50a5e94f-c2b5-923b-9366-744b97090fc3,train
2243f88f-ff5b-11de-e5e2-2b21dbc65530,tune
8cb6e625-8234-8572-1ed2-5e3a9242f9de,test
36c954ef-25ba-0613-17d7-e6755bb2d5f4,train
26fb8522-4db0-b7ad-a2ef-a9f6addefcbd,calibration
69b6a83c-fc3d-c096-087c-c37771512ae9,train
a6be4c1f-e944-0342-c659-fe5116ac1691,train
136d4afa-72da-a027-a47e-5bf19da3883c,train
08793beb-cfc4-056c-4b31-8fb4a105fd1e,test
a858323d-4b38-c550-8bef-d5850098f627,calibration
35b33a8b-b1ed-602b-ac3c-00774f59869d,train
ae2089fc-1f0b-c7f5-64dc-e6af872b0886,tune
83c9f621-15d7-3ed5-37bc-f5322eb63a48,calibration
b769b40b-cce3-542f-078d-a5ab68af749b,train
136e87f0-1bb9-ee7f-60ec-895411575aaf,train
074bfd52-ee51-4639-bf75-590414212a3b,train
61eee638-45a1-86cb-b564-3c10a365c699,train
583926f1-93a4-08f2-d252-fb42ea2d0271,tune
f3b3d4bc-dea9-1d80-c8ea-6dcac4262993,test
85449343-a5d8-8685-95ec-e543efb63fbd,calibration
490b88e7-4ccf-5325-1390-2100d3d0c9d2,calibration
bb5fd322-5927-4f03-0a56-1a5dbdb29787,calibration
09dbeae3-5315-c05f-3195-ac68f0ed9cdd,train
f6434a68-ce75-13d0-d730-be48b874ba88,calibration
d46dee05-f2bc-663d-07bb-6cc31bef0a0c,train
ccefb842-71ea-b1d1-b4c3-2333783046f3,train
458a6fd5-4ba4-5d2c-626b-05ff1ec3450a,test
6493804c-39eb-eaf2-5639-96945712f15c,train
10a5571b-7eec-72a8-0be4-a0336ff72412,train
5246bb3a-f0cf-51ad-5d9f-ccc1717bed48,train
0d2be9c1-af39-e1a2-4e12-3a9827926a1e,test
b0f96870-a705-56bc-4d8b-6a4736ff2e5c,train
46321beb-8906-a75d-3b49-60721a63a42c,train
39dc871e-cc62-f754-6fab-6fd9f6a2d36d,train
4da3dc21-0b2d-80fc-aee6-c076139d9436,train
8b91b17f-732b-78bd-d746-6236aeceaef2,train
6915d925-94f4-8462-6335-e255d731c685,train
77c8af70-58a7-337e-10d0-fbc02ca617c0,test
207a883c-1069-9704-a5b5-a845728b7541,train
5c08fda4-ee70-a5c5-e589-4c12729621fb,train
05769616-8b65-08f9-025f-cc0330d59275,train
7bf753a6-faf7-b264-6c50-d15f080c6def,train
8f0533ae-dff4-5930-38cf-9fc737392a4f,train
41d2a96b-0a68-3052-d9f4-6f2501c1397d,tune
fd5c5ae3-eb02-5e78-6ee0-d32f30efa7bb,calibration
5b2a3b3b-a43e-fd0c-169b-8f625d966aa8,train
7e990356-809a-5694-d5d0-80df6dc521e6,train
b331728c-0d10-0e6e-9df8-e57cbd459096,train
9985e53b-38d4-8776-a988-b36f236b2d02,calibration
59d8f435-e20b-0cd8-dc17-c8af69100277,train
822fbb4f-4934-5390-260e-77677a2acf3a,test
5b483e89-d705-de0e-edb8-69c248cdb35f,train
d6829e88-911f-4643-301d-f9ac79d48724,train
3c93dc21-3e58-e6da-914b-7ca6eecdc0eb,test
cc5272fa-96fe-1de4-30e1-ed6b2787cee0,tune
b0bca439-cc73-fd36-db01-1df517e30ade,train
24839a8b-9826-07da-0a81-e963a6611ae5,train
1db615ba-ce38-9642-b520-82a8edc0e680,train
5050895d-bcc5-6b6a-b815-53de03ebe930,tune
32fbe6b2-2e07-2020-09c2-905eeb980431,train
ce5ef48f-aa4d-7007-457d-5724cb597c6c,train
c35add28-70e8-00d7-3ce5-8e54578038e2,tune
b7abcdce-ce1b-5167-6e5f-ac530fc7f3c4,train
fb5a7749-fc5a-59e5-7231-a554e38596fb,test
58c224f4-0081-505f-b525-6dc8380e7363,train
3d14a382-4aea-fa2e-a26b-c7c520ee722e,train
f16f5389-3a38-7f8b-2bbf-edc3676cd291,test
84811ee5-e0f2-445c-49ba-cf3fd72bf815,calibration
e5c05de7-02bf-e392-66c2-23d15ecf6214,calibration
a9fb5203-b8de-b437-06fe-f60d70617459,train
41010300-a8bf-0e61-42e0-d2a95e2feb4b,train
49a63788-9219-cf70-8383-287a9e260bfd,train
f3828e48-92bf-e86f-7d1c-e1c2af0d90cc,train
a71925a1-5d9a-6d5b-b7f8-db34d02200c8,train
d1d4fe0d-7a7c-99f7-9a07-116d336c3e2e,tune
df6e475c-c1bc-ba56-1ada-6c30dd6ea990,train
5fda52dc-9cec-097f-622d-a2c213c008fd,train
256b8673-36b5-2170-2e59-60b3f22fc182,train
47b77879-394e-431f-33c8-d3a7f9af521d,test
2606f62e-8af5-dba8-d600-99dca33fa9d8,test
dac5ceca-e778-81c8-f1d6-dbee7960c8e4,train
8f2d0227-d04b-fc60-5e22-ab9842ef04a7,train
cbd261d7-bd45-1a89-b0a1-4f7e834f87c7,train
64ea5238-af36-5a16-ee5d-731cfb58d159,train
f768ba33-c93c-d0f4-bb54-707fe2e14335,train
f1cd0f6a-5ad5-a6f5-3aba-5091384746ef,test
89a83bb0-03bd-3f25-08ca-71942311ce81,test
e6df21f2-3f1c-67cc-097f-289e44347d50,train
ed221115-d551-4e41-23a2-92d06eddfdf0,train
ee6c9e9d-158e-a97c-17c4-848cc45bee75,train
aaa7a707-2d86-e112-d139-87ead04bcc6a,train
0cdb1f03-cfb5-1429-7285-243b7c2b7011,train
c01cac6e-8d1a-5965-1bd8-04122d57ea27,train
e89fbfb1-0efd-754c-85bc-52023f516007,calibration
97a03987-7c67-cc0e-49f8-82fccaee8461,test
7e88b2c2-2dac-7633-8f83-0def344e04bc,train
f5e9e85c-38b5-6faa-c25f-baf917939906,train
cff94b07-24c8-06ff-f3de-727ecbcd47dd,tune
9f9a610a-9ec9-b74d-99b6-e27e8014c932,train
b4e34efb-9de1-c04f-1599-26ff51a557e7,train
03c19b3c-af12-3fc1-34af-a6c543b63b29,train
05694c66-afa6-0689-e3ed-633516dcdc7a,test
ef6fa55d-b6fe-0249-45e1-2857b5a923cf,train
1e55a9d2-1ac7-bebf-080d-ac5fa783c0c5,calibration
536fd875-446b-a8f7-5e56-600ac199f2fd,train
0efef2ee-59a8-163e-8fc4-24de778e2589,train
cc3dfe40-2991-f9d8-ee2d-53d0a28c9eac,train
31408d47-5b49-a134-616c-7b792c1307cf,test
95b9d7e8-7f36-5356-7fe6-1a78ef348691,train
cc97fb87-7957-8be6-90b0-19da07152e40,train
5c689ed1-f443-2ea5-a5ba-8c5abd8bcfdf,train
07f4a258-7d65-12aa-63f7-b05ad46ecb42,train
fac82c5e-e07e-56dd-d861-d0e73c535e09,train
980bab2c-0ee0-b310-1f7c-444d668bd420,train
12a3ea3a-a229-3bca-fc75-6b3972b94aaf,tune
1503fb82-a2f3-91f1-a1c5-2a3c5db9dbb1,train
81a3bedf-6add-4966-801f-c27cfc4e8f0c,train
eb82f233-20a7-ebd8-3895-bc4dcad99ed4,train
1e532348-f824-0994-3735-0f49008929cc,train
e9e4ae71-b1c9-5b79-bc1f-16e3065eb0f4,train
758f0ea2-45d6-5c94-fd7b-8390ba45ba93,train
a77fc2df-4561-7db4-91f2-886a73ff1e3d,train
60a4ac06-df75-a801-2662-e0481ee5a0f1,train
c65bc8ce-3f81-cf36-c36f-ec4acd065140,train
4278f636-e88d-d985-c405-53e8ba09d8fb,calibration
c3e920e2-552c-cc54-bb92-f8fd2de5980b,test
27a20d33-bff7-177e-a647-9cfb2ecab3b6,calibration
4f891844-2543-5e0e-5705-10455523cbeb,train
c75462fa-50fa-f78d-8925-c850b3c8a850,test
0228bbd6-bebf-bf69-7612-35d0660c5819,test
ebd45979-8503-5a25-4fdf-b509d99aca5e,tune
9936c3a0-0ba9-dc8f-c666-b5fd0b96a602,train
3e6d5958-b106-28a8-cca8-435715dc599d,train
7a0a9449-0d52-66b7-07df-c0e640970e78,train
f5f4d979-3fe0-6826-502e-c5604fb9a7aa,test
98dda33c-0805-42d0-0529-d7eb1056c7a6,test
299583cd-640a-b160-912b-f2f6e47ef43b,train
68e9f09c-6915-917c-159d-9e45142d1e9c,train
76492249-cf07-c3cb-8331-f46728c9610d,train
59247d6f-c256-d389-d7ab-96d0e4be0513,train
a79c4573-87df-cc8f-baf6-1f07ec0038db,train
0ebc60e9-7742-dc9d-e048-fdc6e53d1a0a,test
efc09c18-a436-3ec0-2915-f733f191bede,test
2d52d0ce-af42-ae80-e509-a1c63f3cf91a,train
9b83990e-7067-f458-3489-51b0ba3859d0,test
b6190624-9583-278f-2cd2-92f93e97cb99,train
58081bec-26dd-8cdc-bf1f-09c35bcb4411,train
a0f0293e-0ca8-289b-8c32-e57fd53273a4,test
4726ea88-2926-cc12-1b6d-987aac4ade48,test
349c8c67-3a21-8e33-8fab-97fc6501e7b1,train
aa8eeefc-4ac6-c13f-6629-9f7830e81a38,tune
48bd79db-5b44-402a-ec1c-a78f15da9bf4,train
e3e27fd9-98d9-9b45-db47-bf15053c7512,train
c94b8f05-6db6-6d00-97d1-1da49440b003,train
557cb1f5-8d45-ec18-254d-37c336b97c91,train
de067821-417c-c200-7c3e-2e5515d7d705,tune
9cf6363a-8ad6-6574-c44f-666acd34d74f,train
1a68c041-e822-23f1-8597-3b2a9ff70eea,train
ee3d4cf5-b598-ac51-8588-937d31fcbdaa,tune
08ecc567-c314-368c-5921-8a534e5c9665,calibration
94768492-fd4a-14ce-3ce7-3fdaabf84f80,tune
985974d5-0e0a-3906-24dc-84c71250688d,train
275c9631-2e6e-5790-15ff-d18398e95b72,train
279c4058-d86c-a0fe-7602-d67fd0efb567,train
888dd50a-fc9a-8614-fc5e-33f8e7f014f9,train
2fb1813e-f388-c404-8f58-900548de7cb5,train
ae179801-e7d3-f6c1-7613-c6ff986298e3,tune
160bcad8-6d2f-7305-b14f-ce9f1a3091e5,train
4d910d3f-26fb-83dd-3735-4d55abf48299,train
9db18d49-b7c4-1033-d3a2-0b11c90d64e6,train
8be8ba11-f647-2dfb-7bba-6fcfd4a32230,train
a80840ad-4531-808c-13dd-5c952c69e609,train
e8467bbe-1670-efba-545b-c690c74eef2f,test
6dbb3c5f-c7fb-f8e3-a37d-a571c6c8c8ce,tune
53fce980-6508-d87e-ab7e-087573093739,train
c32bb8ce-7cea-4aab-1a44-facbde185a00,train
8f12a203-bf67-e9f9-a5f1-36d954628b62,train
6536442a-e90e-7b33-9255-abf7e709578c,calibration
638caeaf-a9b2-ab95-57c0-32a74b451a91,train
5c049393-ee89-95cd-4575-e6ae5909e0a9,tune
14ed4028-5439-2ba6-d047-e7a1045118ac,train
8877954f-7233-4d49-db7b-0e49e238f03b,train
9fefa13f-b426-ac54-cbde-294001f3f3d7,test
3b065c4a-34d8-ac95-ca98-94d368a4e216,tune
ff937fa3-02fa-56d0-f71f-86ae8c0609aa,train
26859547-9ef0-983e-9561-91e109d18c88,train
7ba80de3-514f-c443-4006-c97e87523a78,calibration
32c6d15f-1511-7ac6-0a1a-568089ced05c,train
b442c6d1-f273-0f19-824e-0b522c3e00ce,calibration
c134d807-a3f0-fdbf-3671-249e31dd820e,train
5ddb9ba1-d63b-9f22-dc41-d30a0bb51ae9,train
a3b75569-c539-a274-86f9-fb4612ed2411,tune
0fd3d4d1-ffcc-5e3c-737c-062ace0ce453,calibration
37bd8bb6-5be4-f655-8cd1-0f0077961da6,tune
afd12e5e-ee5c-5130-33c5-9b9ba16e5ea4,train
888180c5-689e-2c1a-b43a-2dd99f662387,train
1c21d553-11cb-83ef-3817-e4e59855489b,test
97906a88-3ea3-254a-609d-2e12085dabe3,tune
65de605e-40f8-a1b7-2ea7-c1f4498a0f74,train
209032ab-ebb5-f7be-d8cd-10ef4f9260ec,tune
80a1b829-b493-7def-dbd8-018daaafd32a,tune
b69dcb3c-575e-1f10-1654-ae0dcab63987,train
9c06032c-8c22-ff48-9296-f0a718b122f8,train
b02cda88-1dd0-afce-f2d2-f0b403c31441,train
6b3875cd-e152-1153-dfda-48fa7188214b,train
04da4817-b5af-c9c0-9eb0-a04d7ab13378,train
aab4c64b-1a2e-c681-6f0d-9f588a0a48f6,train
563d2fbf-2415-2a3e-7600-00dc3504fc2c,calibration
aa690d26-62b9-ea0d-ad3d-fba676f8d008,test
19756e96-1865-ec0d-5165-aac65d246605,tune
89dfa640-3f23-ab94-bad5-445620683a20,tune
f69c7c27-4a86-3022-de79-db5e3f99ed75,train
49747e42-4732-ecbc-904e-e0a030b49154,tune
662d33c8-4102-70d6-6f8e-6c908724611a,tune
ac008b70-fbc7-2fcc-675f-ea9d0f878b58,train
ec5cdb01-9b55-776f-6321-ebd629352cc5,test
90b163b5-dd00-2df2-f333-32af07e0fef4,tune
8c9d18ee-d0f8-64ff-cdd0-61b96329bc74,calibration
553499a7-af26-3c7d-60c6-89463bd0a6cd,tune
4ac65955-074a-a7e8-212d-a29765b1db6e,train
62dd765e-1d37-543a-4661-ecabd096b6cd,test
25db5f61-96e6-e7ea-266a-624487d14064,train
a506ee0a-b7ab-7eed-2321-24b44bdf94fb,train
362fbb4c-1f44-57b3-d3fc-b3ce2cc62ae7,train
c72357ef-6450-4494-485a-32ece543c45b,train
90eb22e5-5a22-998d-42c9-b3a7ca32b9fb,train
06db1c98-a9be-75b9-c092-89552f990f6a,train
db6c2e84-0ae7-686d-a3f4-469c9aa64a86,train
27558516-4f5b-b2d1-7eea-40c0ceeb94f5,tune
43861fb7-b87b-c489-37b7-e17c0b60c5cb,tune
39195329-264e-991d-da5e-235641679827,calibration
fb7192e2-308c-4d7e-5967-27374f2947f0,train
168e4776-2a0a-7923-d802-8c1d91a5bc28,test
a5993de6-d7ed-036f-201c-141988cd6d1e,test
79dba134-1c38-ac58-8395-a3af3b7ada83,calibration
b283f607-61de-e568-b308-7c1de6311cf0,train
47c7640a-2eba-95f3-dfb3-20257b81984e,train
5760210f-029c-bbb0-b9d0-adc31b41cd16,train
09810e9a-7100-b2cd-880d-58f90155b016,train
95dcde59-8fd9-ea4d-3dd4-9d297568aa2a,train
0b40fb1a-2645-846e-7daf-287092fd0a20,test
19e01dff-6a3d-ef25-37f1-cffcd3f4daca,train
69c07e45-998f-56a5-925c-82dc6d2078fa,train
04180db1-2f37-9dc2-4fd6-cdd5402f182b,train
dca313d0-e644-9715-f1b5-5c335c1e6a91,tune
c94a862b-1b79-e7b3-28f7-838f0b6db986,train
4b640695-1e1c-fc3c-7f28-b8b128df7c37,tune
ef6150e2-754f-52be-5282-efa0ec9c98db,train
79f24d38-47fe-28d6-a6f3-400b7f68024e,tune
c4dcd675-6b63-a7ae-f437-6ea0ee845ee1,train
d3bece3a-6b37-81f6-1f9e-7a879dd17493,train
d7fb3cb3-3986-5b6a-5e56-01ad384805d6,calibration
e783672d-a2cf-2b23-f831-747e24906330,train
05464b30-8a10-9e6a-fa74-a55b5390eb17,tune
2c2cd16a-9405-69e6-8ecf-08470e75e66a,train
02314bd2-bd4e-cec5-af73-e393754dd83d,test
c2fd1bfd-40da-4617-cfc5-6650749c9e55,calibration
d8a1623f-45bb-8af1-8d01-4d9e4f9bd165,train
962c42bb-6f74-ff63-d4d8-a89d2236facb,test
e17773b8-c71f-e86b-ba85-4c519d78dafc,train
345f39f7-115a-b3e0-7f8b-de56ae55101d,train
66e0f7a2-1caa-50d8-ba84-235cf6a1571e,tune
a66f37d4-7edf-5b63-bc22-4d207e177ef6,test
5190718f-fcf5-63b9-f22d-2140f245e189,train
f98a6bf1-48db-2f30-81b8-dc2839187972,train
258d1f4c-3789-0341-576a-85238364cfe9,train
20934fb3-233a-c64b-20ac-bda27a44d72a,tune
d570bf14-24a4-3a8d-8776-6053782bfb12,train
188198ac-2507-9da2-85bd-ac2b2baf857b,train
e7c5074d-f849-63d4-b7cb-56480d707c34,calibration
d04d4065-269a-4750-3858-28f374a2da2d,tune
aa7d71bf-f480-f210-987b-440f8dfc48be,tune
a1a0093b-ba39-1b62-1bef-059ba56573a9,tune
80462f65-d10b-aade-4365-1a827d03df37,train
7430b7bc-1154-da31-97a2-413d163667d2,train
725987fc-5ca7-4d8b-ea75-ceb4f8d89fd6,train
5f41f6eb-0c33-9beb-5370-0ae2b4dcb227,train
7c337628-242b-305c-acae-adc9cb1d8c8f,tune
77eb4557-3b47-9753-ceea-5aafc11f9bec,train
26a545c5-4a45-d106-6c05-822c87dd3e7e,train
b8c7d960-d903-689e-45a9-12a5e5207278,train
9778b5ff-669c-9c46-610e-964074fe8f13,train
3a7a073e-7fbd-aff3-410c-67a3378b09b3,test
09b29ef4-c350-7770-6f83-87ab4bd65420,tune
66ad19dd-aa0a-74f4-3540-b9d2892dd317,tune
5783c92d-a629-679d-3715-236ba8757616,calibration
39e3cf22-6836-bba5-f58d-145571bd09ad,test
12b64320-0f54-6509-f6a4-b2622cf31e73,train
acb743df-ac7e-af27-f9e5-c2eebadd8c07,test
ac401d52-e8fa-859f-4b34-cebcf3ae3d55,tune
36535cd0-5eb6-b1b4-5b31-d9e7d8ed5f64,tune
1e356384-9421-451c-c7cb-435416fbeb08,test
16ca5bec-ec52-8659-dd9e-af93749ffb9e,train
1e139408-2dda-5f5e-66f0-ef510a5d5607,train
89ba9e0c-ddf0-c21e-4dcf-7ad1fdb1bb49,train
d0adcbb8-9eab-6473-c6cc-249b1b8f7f87,calibration
6d619ed3-2cec-54ac-331d-593d483b88da,train
1f93b885-630e-dabd-b16e-4c92b74d214a,train
8a894016-3a60-83c8-f692-8c9d6aba215d,tune
fb514032-b1bf-9cbe-ba05-1669a51a0d53,test
6e18cead-718d-fa0a-8eb2-b869648dde47,train
6f766cc8-632d-4873-5e10-3027d0f751fe,train
c80b6478-9912-83ea-c9fc-a07864b4e797,train
ca02fd66-c024-b3d8-c890-068ed935380d,train
e51d8f94-01ba-0f85-59fa-171a78a8c62d,train
d7029187-ab87-2459-9032-d738cf6e885e,train
01b80215-47da-dda4-00f3-f327cae45ab1,train
13ee6e0b-ba6f-3477-13ac-569e024baffe,tune
21987108-8a8c-ca2c-b758-41d26d8fecc0,train
726406e9-6fd1-a83b-4932-4136fb15f9c2,train
51d9df19-bb07-d032-0a3a-188e301f978b,calibration
c9125501-34f7-8c72-7df0-98880721d561,test
b84ed58d-5e41-37e8-36e5-36cfed45c369,train
4bcd93b6-7d72-d8ce-3472-3a51d8b017fc,train
0c1eb28b-d441-1f0a-7c9b-c6e3b86b999a,tune
9492bf3c-89b7-26f3-906e-3ac58976e70f,train
131aa01e-dc06-fc1b-e8b1-9c6efdc0ac8e,train
62aab54b-d43d-6099-6ea7-a94cabc19686,train
06dc6cba-18ed-8329-00fe-e0292ffb730a,train
333b15b5-89e5-e7fd-b74d-683884d89d18,calibration
52bfd9c8-2767-d80b-64b9-9e7cfed19d1d,train
689bf745-6280-84e9-fe34-13ae5fd10fe0,train
dff59d47-0260-7ec7-2cb4-13eb098a4cf5,train
4230423b-5ac1-c209-14c3-d9a01c3b0062,train
1a80a122-7c08-25aa-0eef-168ca7379148,train
97890491-e964-ae6b-9d3e-582d6c73515f,calibration
a878bd8e-e888-fca3-d8a4-33eabbd5d165,train
ec842f39-1c3d-f4bd-f93d-131ac01ae59c,calibration
133dae2f-9447-717c-3428-57780be29336,tune
f6e82b67-61f3-0c07-0df1-38f41c70bacd,train
71075e8b-ff31-f762-efbf-ce71a32e3777,tune
e6d2fdbf-5c52-8089-9d2e-807acab03d0d,train
1da702e0-1bb5-a1ce-f07c-0e4b49985347,train
57a6471c-d596-5d87-0949-b1d76a3cbd36,train
f8ad0936-c837-3836-8675-5c24a97a671a,train
173ce6b0-2d13-4470-9e4e-7cf95c5847bd,tune
cd5d6be1-7114-3405-2882-e7702bb02e5a,test
6b1f2f23-4596-793a-3437-edc31d08891d,calibration
d0a28689-c23b-0953-1749-b67b2ef2dcc9,test
a0e6a54e-760e-232c-7e25-06ec849d64fd,train
cf67820b-361e-a7ce-2623-dd252e02bf37,tune
421909bd-e8c1-adef-7e70-2cba1a348ae5,tune
76a44733-7fac-8e18-0490-ff5b0103dee9,train
9d4b943e-2f78-dc0a-6655-0fb535165182,calibration
8f90da3b-f309-782a-5d28-61612c961914,train
82e9b1e1-9507-0980-46ac-393fab8ed3b3,tune
7c70461d-9f04-b6c9-7356-dca507c66f52,train
1550a95a-1c18-f8b6-0430-5e71c160d44e,train
b6d6015a-ecad-ffa3-a8f7-aae7c57abb89,train
417bc046-1fea-eebd-477f-29e4165cb683,train
173f14ca-0b59-a473-9a11-9eb52a721e3d,train
abf8ef39-20b6-f544-3e11-0a257112f4e5,calibration
f504038c-07a0-e9ae-2dff-dffd028c1c0d,train
fdf68167-b870-7cef-3924-d0e6986c7c00,train
627c5c41-f185-bac0-e97f-c92d272f41bb,train
7c1233b8-4836-3d66-86d7-07da80abd679,train
b930f62f-b3fb-88d8-d63e-69c335838f33,tune
f5d621d2-6cb8-ea45-a5ed-4737f3b8c5d0,tune
99bd1c89-d5c0-a76c-e296-d9b6d5581b13,test
a332a329-ec39-3eb1-11fb-63005c68b9a4,tune
49b0524d-b273-1c0d-25aa-495fe8fa9f3b,train
16e55c84-7ce5-0ce3-e4ea-d92684cf004d,tune
cf459246-dc9a-4e8a-63d7-42e75efe69a6,test
a1780040-0ad7-4e55-8e36-1955bcd70a0c,calibration
ff3028c3-ee48-59a7-e82a-2671d17915e8,calibration
5764d6ba-729f-f992-993c-1dfa9b48d265,test
12a16f18-3810-67ce-400d-4cd59ff7527f,train
548857fe-8216-4fdc-5232-ba98f459b266,calibration
70deae09-2879-b8e6-8f5d-8e90cd0cc9f6,tune
20bc5d8a-9dd5-9774-53a4-366dceb406ef,train
f69ebafc-13a2-15de-b320-2fc6a5e259e0,test
6365866c-b339-59ee-9ee1-74abfa635f8f,train
2454c710-ab4d-771f-e316-3b7c34e24211,train
977bdda1-a8ab-6550-2704-a553aac37b05,train
4ae0cf18-f686-488b-9e7c-4b0c86cb8597,train
974573b6-83d9-a894-2336-a5fd77ae6355,train
f47303f2-f970-08a5-92cd-6c9bf79e186a,train
ac431ac2-376a-ec40-b9e2-9ffe53b0c66a,train
9345e69a-e4f7-491b-f677-64f5fb84a375,train
49f1d7e6-080b-0deb-51e6-75284007f1c6,test
50b24cdb-5fbd-f2ad-0cc3-981322dc4691,train
98c2cb09-4531-1c3e-46d1-1d38f4629665,calibration
2d0a1bd8-8474-cf7b-ba75-467230e514ac,train
fa3bd231-235c-a09d-3daa-000c82bdcea8,tune
0c96dfea-d32e-e1d4-3ffb-ab0d07f61f33,tune
5ccba269-8b01-8dd6-2821-97754e79ac55,test
c6d534e1-61a0-1965-4263-0c9f5f792ec9,train
3c299644-9ebf-16af-3459-a22a0c110259,test
bc2bb072-61f2-47b8-5b3b-86a0cfcb86e9,tune
579f7b59-c1fe-9377-ff9c-7c56558bca62,train
44567e66-7ef0-4522-fd2a-6d007e5d2094,train
52eef4c0-1bfd-eb40-7a28-f642dca572c8,calibration
0f58fd33-176d-8bd8-5c5c-1379777b3395,train
8807b971-f78b-85f6-0491-4c0d0f371078,test
e615e6ec-5826-c757-d5fa-71387296dadf,train
4be4ece2-cd9a-40d9-ba61-269f52ff0f23,train
9087bf65-e1bd-2b84-36bc-022488e70183,test
cf08d53d-6442-7b16-d42d-80495f713be5,train
18ad12a3-b2bd-c224-5da6-4da377d217e8,train
bf191f86-5a8f-687a-ba59-bc92b315c8fe,train
05cb9cc9-62f0-49fb-eb18-174fb044d193,train
36913fc4-d04b-33ed-45e3-18fb4fead7e2,train
5c46d544-689f-7df1-6bd1-ef8d24a73fe9,train
5201e94a-c3ee-cb25-d842-a715a9fb1a11,tune
f0902b4f-bcba-8e47-6116-55808d689db7,train
16c72dbf-12b7-f54f-b832-3a791ca8340d,train
8592f006-f668-ddc9-eb00-4e0172cc78ee,train
36c4fa35-a232-4bb6-8275-71985b3a99df,train
8cb7974f-1e58-626f-3e8d-48227a846d74,train
349985b1-f3d7-6401-5301-cc843d833e70,train
3eaa53b3-65fb-499a-c230-3315639b0bfe,calibration
86e500eb-2678-6ded-6f86-fb8bb1db7cbc,test
9097ff93-f083-aba3-e98b-81800f4150b8,train
5b954981-5644-a0d1-4c37-727937a3bac0,train
fb3824ac-d3bb-dd8f-fa7f-50b2bb71be8f,train
c47a9ee9-c148-5f5c-6fe2-e6da47d90dbd,tune
916b7b5d-b54e-e326-bff5-9cc08ea7514c,train
0e4ef763-2c20-bd4c-83f6-9075fcd57e0b,test
14b29571-ce2d-12cf-fe1e-6b64574c87ea,train
7df7c51d-b62d-44c3-4717-7b47e44e7d2c,calibration
bf92ef66-d52e-ab76-6775-96c773f74f48,tune
19896596-2e8e-e291-a6c0-3652099b3d16,calibration
606d6109-64bd-c0a0-2dc5-43af1b432efd,tune
df5f1091-78f1-cd1e-45f0-e99e409a076c,train
fab3d731-fcf6-4f88-cad3-2fb505a64af9,tune
3b7bf119-c12f-539a-708b-b116f8fd0b63,test
1b59ba9a-9476-52d0-7e72-d9d47fecf83c,train
9629f371-3ffb-8989-cb8e-1c82b483cafc,train
444b95c2-7331-288a-dd3e-935b9cf56480,train
67ea029a-52f0-202a-106b-746c35f324a8,train
6fa0ad80-285f-f818-f51f-c3b968018e7c,train
e9c0e17d-7e8e-725d-7ba6-ff6ea873e39d,train
a3c3c5a1-b0b5-df75-b53b-5e9b492a8c15,train
af834929-290e-56df-5867-d370081f5ff7,train
2130a29e-5809-3f34-a25e-7dcf2f59489a,test
5b9eea07-4f41-c02e-d7f1-3715d9d8b47f,tune
a885adc1-7ce3-f154-2b2f-12041fbd47db,calibration
bdc71af3-e9d1-0404-1f52-c22a32a96768,train
bb62e2dc-4c76-ed34-9798-800faf9d93be,train
29a972c0-0b1a-ddfd-3507-afbac2b26302,test
8d61b5b1-9a9d-cec4-c19d-836654b88936,train
74345ad1-bb1e-a53e-4777-f3a573a7d3a0,tune
ab7c363e-c484-a699-a416-a36d3bc4966d,train
e10380db-ca68-3d4a-794d-104c4bb53467,test
ffcb3943-cfc4-82a2-7367-29d713a2097b,calibration
a5b5f2ce-1b3d-661c-9cc4-402002356c76,train
c23e14f1-cf3b-89be-0e6d-4bc395d10ba6,test
435a7067-cac6-c8bb-56b1-9c6f02c8657c,tune
4fda943f-cea3-62d2-cc7f-b1741eba1155,train
d40d7bee-8518-0c27-d89e-407a04a0199f,train
ca2dea14-92f8-ce46-8db3-52237eb4ec27,train
f2bf95d0-2d4a-6958-b221-c1927a321b90,calibration
526d3f2c-2523-be8c-6d42-f763cfb605ba,calibration
c6a23f56-09f4-7d12-c270-1c7b1f02af86,train
4130c629-c1f4-2bfd-71b9-f6faa44bd1fa,test
a4dc6b4d-7e73-7df0-1b76-5c0c85b98416,calibration
836649b1-e080-d2c8-41de-28290605acf9,tune
66e73980-aa79-2456-ea34-8c30b9025093,train
eab55b55-a482-4ec5-eeb2-a04178848ad3,train
e336dc0a-a9f7-0dcc-ad8a-083a5a4c1c3c,train
07427707-d638-5932-3546-bb337c9e5042,train
c01cdfb9-1157-6a4e-aa33-01037ad95f6e,train
7d760c35-544d-2b00-8a0d-fa72aa2dae8f,tune
ba0651e3-25c3-5747-5582-affada2de0bf,train
a8049dc4-cdaf-110e-0d9a-0b9ba40621bf,test
b36ff53e-df4b-884d-ecd8-4fa14570d551,calibration
1dfe52c3-b2ad-6422-ff3c-2f4ac1c00d61,train
6046dc29-bb9e-9de9-62cc-539d2617a43f,test
b8034270-ee8f-e208-a163-3f72a497384c,train
aca10982-89ca-f3db-f71e-ac47bca0e9ad,train
e28f199b-ee33-2d0c-dc0a-6f0772cce77f,tune
559910b7-d7a5-65bd-8e3f-2f62e18a5d6c,calibration
f46890c0-aeba-bd33-0038-2a4aea2d627d,tune
635bb722-f3df-5f39-5467-5dbc9fa52e00,train
ca628f21-aaa9-51bb-560d-0a92f5f8a374,train
efa8e294-09e2-857e-de62-fa9f87fc7472,test
df9f9b97-d34e-8a69-5055-a94defd70d72,tune
be61d502-ac36-d1a4-1bbb-b3212dcc7485,train
534699f3-1ccf-2a9b-49c3-fa9b19364d81,train
8917fc80-4b5f-cb9d-0455-16f0a40968a3,test
59605443-4893-c17a-c698-d599f988c3e6,train
07f021a4-3c51-1416-ee67-1030050f39e6,train
e65415d1-673d-1e18-de28-3e79c1fc8a5b,train
c0e79268-fe23-0601-939a-16d2fc01cc3d,train
a94f2e1c-2585-4ffc-fc60-15fccd5e32e7,calibration
c36765d7-096c-47e0-81a2-2271ac6ccf75,train
2f2584bb-d6c8-5f6f-c3e4-700e42d5f248,train
baed528c-7112-5a16-dd9e-ef7d3b5d1af3,tune
430068d9-aea5-6b5f-c44d-08981dc061b2,train
f0d53ac6-0be5-2274-4f94-d6660891c373,train
6b52a399-596b-879f-1724-f2054db8ea31,train
a6115381-242c-922c-134c-15e099b79877,train
8893e4ef-7734-bc94-64d2-8085212b72c9,train
8b671fff-8497-8bf0-5f54-67b2ac492ddf,train
c267a63f-7b5a-4af7-775d-8cb4f61163ec,train
bec58fd2-f31a-5ced-0f6f-f6222c1d468b,train
67c321f3-a2a7-fda8-5c1f-0001e52a3d2e,train
fb866b59-39db-bb7f-6257-82d9f65be118,tune
0adfb343-c7d4-b8be-342d-b59c72421866,train
e27d6326-266e-ae39-976c-c3e6e983908f,test
1ac9161e-a094-3ac4-383a-ff2b0fa18d38,train
22adf987-a625-cfb3-07af-16d1fbd0006f,calibration
597f4384-b683-aa50-cac8-66b2a26c3318,train
5ae30d51-3498-7e0f-7a5c-cf21861e8048,train
5a66aaa2-b108-0d3a-6141-ef4dda4963f0,tune
405ae788-c878-ae6f-a74b-ec2619dbc086,train
69f3fc3e-9c08-bc57-106e-a64beaefca36,train
f2f8edd6-62d9-2ceb-0b7e-bce42c1d578b,test
29c48296-b39e-3a52-2c70-9a94c539c4e4,train
065c620e-b2e6-3f09-3408-363a148329ec,train
d6ba6b14-397c-dc06-9605-06cc690dcabe,train
55dd11c0-255c-f09e-9816-40fb1d0c7ebf,train
8e50f42b-baf3-e9a3-529f-4707a399fb78,train
40fab9d8-bd2e-ef63-2466-8ab699a2d190,calibration
55a5ec06-d825-b85c-e558-fdd07ff5f7b4,tune
2f71b65e-97d6-d6dc-a0f6-32084541f061,test
716c65a6-7846-72cd-1e68-0d689ccafc4f,train
787e9113-4ad8-1dba-b830-dc1f004de5e7,tune
52308d06-4033-1d8a-e941-f8603f627f15,train
c955c484-84b7-a3f1-dbaa-6b70ab49de58,train
2f28a806-1adb-db16-c18f-6994c70f4c55,train
a55da01c-abfd-80d0-04c4-f163f214cd30,train
73c17950-31bc-aa7f-11d3-a6500cfcdcdc,train
c6ca96f1-22b0-794b-14c2-eb445850c4cb,train
990c258d-aaf2-486c-c4bc-e303885daefb,calibration
74235f35-f80a-7f4e-f40f-122ec5a0647f,train
6e12223b-3c3b-410d-bbd9-94827590462a,train
28230e5d-a92c-51f7-6968-bc78bcbfa0bd,train
c1ffca65-0189-517d-ffcf-d7cbec17daf4,calibration
8ecf401c-350d-caa4-355d-d627d4d14431,tune
56aa613a-4a5b-ab1f-d3ad-25100ed99904,test
ebf18bad-41bc-aecc-aed8-3019789d2128,train
3678259f-ceb7-e9c8-9196-cac1d7469350,calibration
8a2681a5-e68e-5549-b88b-357046595586,test
5c9f7ab8-2219-f1d5-3763-8638fa63e435,calibration
1f97d1cd-3686-4928-2723-2417ee251d3f,tune
f3a8287a-9a2e-6359-d823-77ae8eba14b3,train
b5bffeaf-0c48-8ec4-b6a9-26e41f34c05c,train
0b2730ef-92ba-392d-5ca2-d70b31aba136,test
acc2b73c-8e02-4225-fd77-bb1a45ca5c40,tune
51657ab7-2fc0-1a02-f4cd-e90ae1c02d11,train
390d257a-5829-5d3b-b750-d7f8691ff676,tune
229514ef-bd32-2013-637a-cd11961105f4,train
db9160c0-f30e-5d21-1ec8-39325b20a207,test
f382a77b-a319-e4ba-ab54-c90d65cc261a,test
e84be958-7ce9-fc01-5c39-e56ccace2915,tune
05928e6a-996f-0c52-01d8-774138f6b68e,train
8a199ddf-10cf-100f-cea2-9d2c76402dd2,train
21f2e75d-9484-6437-5b70-93686d3a2067,test
b735d4fd-a639-e7c0-dc04-9f83818b93b7,test
e64f2223-3fb9-7248-d73f-ceee90a2adcc,tune
5162b223-bab9-b17b-d40b-713aec5857fe,tune
0407d754-388f-1733-0cbc-065dde2c9e69,calibration
a42031ae-a519-861e-7c38-4e68b17d94a0,test
9d019cc6-906e-95ef-6a94-ced7f3de35f1,test
a455ef03-b045-22bb-ac6a-5947876339c3,calibration
b73822bf-2ec2-84e3-6c5a-c9e954fda49d,calibration
11afb273-6283-b37a-4056-a00a0426cab8,test
6eff5e11-0fd1-9cb6-c17b-07d89fbd528c,tune
10aaf79b-07ec-6c3d-5a61-8f1d5630b5da,train
89ce9ead-1c74-85f8-6ba8-8f98cf2d6986,tune
f16f19eb-a84d-8269-c461-f1e8f8e493d6,tune
c53204e4-713e-4dc9-de9f-3ee136c157dc,test
9b5d5388-d13b-1f30-7a04-aecdd130f624,train
90eaed40-7b41-94f4-8430-b8b44063f734,train
9fb2125b-2d2b-c101-6400-fad8d541da16,tune
fbf9f278-cddb-00fa-d05b-09e7ac38b352,calibration
30275014-05fc-8d31-2bff-59108e99bdd4,train
22b1c6e2-4cdf-a629-500a-6a6725e33e9e,tune
7bec2663-1d0c-5935-4845-ae926bbeade1,calibration
b54f8c50-d782-3d8b-7d14-83ddf03942fb,test
c5347031-6c05-6a48-a371-0615f724287e,tune
6f3383af-3443-2878-7505-0a02e2b4c4af,train
a755780c-8822-e71b-ab96-496e157e92e3,calibration
4756cb42-caaa-a7dd-28a9-0a13d108d099,calibration
656f4a61-a61b-a016-810e-74a6008feaa0,test
31f6acfb-7031-daf2-cb4a-b16b4ed0255f,train
6b64833d-d103-68ac-f015-c6807274eae3,train
599ee4bc-eac0-d45a-c5c5-dbb6335bba4a,train
093b4d88-ec74-eba9-7a4b-5506c3b0afc0,test
b0e6e23a-ec0d-56c4-7b74-6a2e76c68235,train
07b41dc5-8204-6758-1a2c-aa220cc73285,train
135eeda2-bb59-d37b-f495-dc5bc1715314,train
5772df27-b38c-682a-ab7e-5118f64389bd,train
236650c5-2ff5-1b3d-ccde-312752d245b3,tune
be62ec60-268b-4e71-bc08-efc72755f0ba,train
6bdc6ffb-38e0-d476-93ed-dd17b03cb089,tune
5afcd978-06bb-553f-0251-e4b15963f960,test
198188e2-3e11-2cf9-b240-23dcfa6bd2de,train
5bed7dd1-b384-e811-8182-14d8f9ef18a3,train
06d47043-591b-aa12-1cf4-a4d7376b2da0,train
05719f39-4a5d-47a5-5fbd-0d5bfda9f87c,train
88188ea3-ba1e-b0d0-6870-2c5cea6192c4,tune
25608b9d-0aa9-9413-b567-c0af70201d14,train
801869ae-36dd-a5bb-c153-8ff00b2db63e,train
4161eee0-2e34-381c-848d-afd6797b3f50,train
d2f06afa-a635-8a71-5cd2-c25bd527da81,train
5ad90630-bbd8-2d49-ad60-be690cabfb28,train
d59a92f6-b768-3320-8c41-3dd610c060ed,tune
3bb1ca90-a227-c004-0416-a53f10987ea3,train
fcca48d6-7d51-fec5-2823-9f5226ba8774,train
77d5af61-c6e2-7b9e-a0e9-36a2aed68a98,train
517e8515-42df-b740-de84-39898bc3ee52,tune
c51dec55-bbfd-139c-4add-e57b103befa0,train
a3f1c401-a627-40da-1083-19eae1582813,train
9270ae66-f9fa-e0c4-a2da-b0ef43145f0f,train
af8d3da5-8205-e4ec-e819-b34f23f83c4d,train
69ac64fd-0ab6-de4f-d36d-20020ee220b6,train
e662b3b5-3a17-e8b0-6d18-82a841e8ccfc,train
a357a8c4-b73f-15bb-6ee3-ef9aecedb198,test
de2f34ae-872b-5ebc-a62e-aee2ec182bf5,train
a656fbad-7045-4e93-261e-5be8f2638c8f,train
f7ce1892-a2d4-208a-bd29-261eae6dc267,train
897c20a3-5112-c3d0-0260-ab72c2d85221,train
fb77e746-8dad-f0b1-86c7-b003c86a10b3,train
375b402b-34ce-2ad2-e88c-f14ad8cf6e5e,test
a6773c08-8f91-8be0-96e2-b7f17b54cd50,train
2364df8a-699b-f656-6bdb-0d0656f95572,calibration
1765e0a4-f719-e32c-3872-16c573cdcc6f,test
1161be97-5f88-1718-6284-b7c5e189e2fe,test
8ad4155b-ac39-5b88-f600-fbdbe7cb9fad,test
a9438c7e-cdb2-f6c4-bf96-eeda5f989ebc,test
015fc44d-ae5b-a488-9f63-08eab6e48bd9,train
a8b52f6b-1998-c51e-95bb-e6d03e274956,calibration
ad3741a2-8758-a455-ab9b-81d1608c4e23,train
a47c2f6d-29d0-30c9-4f51-da68a14b9c68,train
7aa2eb48-9122-cf2d-7b81-e0f53267c1c7,test
ed90592d-bfd8-5e3e-375f-5e664e55086d,tune
7a70997e-f779-2c92-edfb-eb651bc4058c,train
ee3f6ab6-9e06-c5eb-a92a-6a73a0b7af9b,train
f80b2074-4cd5-321f-9d84-8556365463e9,tune
88d316d6-fbb3-5514-f180-6694863e024c,calibration
207c2684-df11-73a4-dc05-7af3cba893dd,train
3f04b02e-8dcd-a3db-c314-1b2ae88b3c86,train
b63f9c48-db1c-ef4f-c221-4d0c15fdd0c1,train
c70ab7b4-a04e-2929-b42e-357922d7d1b9,tune
f89d78a9-8173-3fb8-7b03-cc686f174367,train
8046f3ff-8233-031f-e7b0-aeb05998d779,train
9809deae-fe09-8882-4644-d3765e3cbeeb,train
1d115fa1-1b5a-116f-a456-156ef66ddcbe,calibration
e3fae336-09c9-6e49-b094-058a86b33c7f,train
ca38d0ed-5d44-b269-441d-a2114a6c3099,calibration
33b96b94-1327-43c6-7cb2-f17406954f83,tune
0e06c56c-ac02-7956-48ae-939453c643d2,train
08052a2a-d671-4a8d-d2b9-b301123bcdb2,train
d3983fc7-bb3a-2d68-bde5-21291fee191e,test
a6a437e4-c37b-b857-db7b-acfa0b2ea792,tune
508751b3-d7b3-4dbc-f19e-1102edb58bd2,calibration
39ca5f8b-c574-c098-8c82-1fc9c3065901,train
eb1be353-ddbf-460d-23d8-594876fc381f,train
539076e6-4252-90aa-7dd3-197cb18ec046,train
d3bd49a7-5db7-fc64-e3c8-b91d465363f9,train
5d1dac9d-3d09-3c8e-0e78-9ab70bec878b,tune
51a955a9-02db-9090-3c5c-c02cc2423a51,train
02ec19a0-2821-5730-7025-03b64cc80197,train
e40f7e9b-6840-2edb-5b91-ea1e51b8a409,train
2167e68d-e45c-d861-ed9d-91a3aa9f1a8d,train
5f8f213a-fbaf-0954-1c21-b8c86f8e2c69,tune
a59c76d6-5f1f-06d7-b30b-e9bf1e67b041,train
95588960-dca9-2a8f-c983-1f0434592df4,train
3bc85d49-59ec-fb86-2cfc-11b4f6729942,test
0142ac9c-9d5e-b0b6-d77b-5dbbec88bc67,train
b7e410ef-2a3e-6209-9bf2-5dd83aa07e6b,train
4ffe0e1c-9434-6f6b-210b-7d9a9370d753,train
c1436d8e-896b-b6e6-dd3d-bb438abb6d88,tune
9838bf5b-50ce-fd36-6461-d1b3a00046eb,tune
599ebf8f-7e05-59bd-bd87-e26a9992cbe5,train
920854bb-b1c4-622b-1ffa-7e8eaa8fc1ec,test
7dab3af7-937c-40dc-95e8-bf0c0eef3863,train
978672c8-e59c-f0c5-5f8c-e89853bb1d2f,train
0cccfcb5-32e1-6633-c886-1b61f72d6b0a,tune
60e86ac6-7bfd-a2c9-32f4-e82486d374d6,test
74e87ec6-5260-f594-db60-7ec0924f5adb,test
5b3131bf-2fd4-1d12-d274-8c3da1ad2872,tune
c88ba725-deb9-b1e8-f6ec-318214a22d38,test
0219040c-7a26-cdf5-425d-45147b305463,train
39728940-3c1f-561b-d7ea-b7cb780e1572,calibration
416bc771-db15-50f6-0f85-4383f769032d,train
8e2838ac-1e4d-be68-5c51-dc261201e833,train
7e19f5ad-fa9c-e9a9-c687-588496062325,train
1e0865e0-87bf-d95d-aff9-c6442bddcdf7,test
5e1036b5-0bcc-f0e4-4181-4286748f38eb,tune
0f6f0414-a5d3-780a-d567-5121847cf2ff,train
a6f71f67-31c7-85b3-57ef-5f7bb77ddb24,train
23b9eb72-a81a-99cb-445b-b620d310024f,calibration
663db70e-e209-e371-9362-b2b4d805ea16,test
fc68ecda-a2ce-02f1-9a5f-5a1fffcdcbca,test
19fe2243-a626-6ebd-14fa-ab1c6a89569d,train
d80abe97-4473-7b9f-4ebb-eda1fee91d7a,train
50e91dd7-8a34-a196-1f05-87727221c3aa,train
64d7ed3e-56dd-d54c-5ba8-f11755868d39,train
6743f4d8-0aa7-6f2f-8024-66983bd9dbfa,train
3ea8f604-d49a-f687-e2f6-f2d19139eafc,calibration
80931ad2-a962-9c78-14d8-75bef0681490,train
e5e5637d-222e-ab26-bc71-871dd57752ae,tune
23db5d53-3b37-3c3c-349d-e89918937216,tune
beb490f2-5bc9-0798-94ed-df2ce4f816a5,train
91ed7748-69fd-4b9e-99d8-5a872a640af6,train
f77aacd3-5dec-eeb7-1434-b467a1cad3df,train
a909600c-2212-0fef-6f6f-0152eadc1e83,test
0facd133-2b51-74c1-3e9b-a8838c6997b8,train
b307adf0-c465-dd8c-f350-651dccf65e83,tune
4f62651d-3619-ab58-d980-c2747de8f928,train
5a4d98c6-37ac-eeb1-28d3-b8e4cb10da7b,tune
d9422d72-33fa-2e6c-5491-df553f2ad126,tune
8b381874-a846-c7bd-7b6b-e86b2c970db5,train
cfb94a8e-7513-d1ba-8b5e-d6aca28e45af,test
7e473266-b84d-cd43-4832-08a3016bb197,calibration
6f8ac632-cbce-1300-918d-b354e5e82d62,train
e057827a-f83e-93fd-9620-1a4557a44d49,test
f4b02c24-1445-95e9-f024-f11e68847701,test
4be2b008-3e2a-00a1-6a7f-29a96ed9ae5e,tune
f07ffd5b-e02e-e6fc-074c-fb5dd2ee083e,train
23dc9076-3278-0572-3e04-aa170c1b1a8f,train
049fe553-5cb4-8f39-f996-684f2c0dbc9d,train
0385f43f-30b2-8368-e011-135352f3ff58,train
d684a8f6-ac44-12b2-64f3-8558a6de4b28,train
5e0b0bf7-ed07-fadc-281b-be674699a814,test
8ae73bdf-b135-99da-8973-42890aab0b04,test
9c2f4940-5474-75ea-ab4f-5ead916c26da,calibration
de508010-f906-9928-e817-ce86eda5ea34,calibration
78dde976-fc73-3a97-7057-b95fb3b042aa,test
c344ccb0-65d7-2768-c6df-68d5c32fec7e,train
7092dd6a-202c-413d-e347-1fe418c6f30c,test
0bff61fc-182e-b20c-7756-1d55c66c1a7d,train
fc52a3a3-f3ad-24df-5146-e2a07388adaa,calibration
e66b0bd6-d251-7066-253c-cb996d5512bf,train
6ea7a590-0402-a9cf-fd04-d9750de98bf4,train
a92394bb-9448-025d-a183-0567691b1ee9,tune
32aeb536-a323-d48f-63e7-969415af161e,train
5cc1506a-4cc8-7394-89b6-22af1f143f71,train
0411c867-cd63-81d4-e41a-e0f39095498c,train
2b630550-1c16-0be9-3de9-c347b8c6cd70,train
48187089-d8ba-09a1-6e1f-84d64f951ee8,train
b631043f-c38a-a303-7312-cf3a7b8d07dc,test
8c30cfd2-326f-c4f6-3c89-af8458c56bd5,train
bd9b4092-57d7-e64d-c821-3f44f858a9b0,train
52a7c8f9-8f4c-292a-940a-11ebe974b823,train
ef900f27-0631-0314-a314-447fe557f96a,train
c0a57bb1-95f1-a8af-3bc8-1c98ae5d21de,tune
30a30816-3869-f41c-3989-69381fd6263f,train
1c1b0c4a-a0c0-06d3-3989-085fd352f3e0,train
f4b84754-353e-406f-1476-8cb0150b980d,train
3425ede4-5f5c-00c7-1b62-ab93bea26177,train
33ce6645-c367-8d45-2f26-79b2e72fe24c,train
04efda15-f1c1-68f6-873f-1fb43c4a3933,test
c5156736-6e5d-3bb0-e691-030202ceccde,tune
789298d2-2a5c-c7a0-09c8-7d269a45bf58,test
e0e5c018-f668-3e85-7c7f-765ce5a3215a,tune
afdcde86-8524-f546-ae38-6f858918dbc7,train
790354fa-f271-cf6c-5217-28045635495e,train
ed64ba33-b58f-db03-29ff-3db99f4817b2,train
1a63b10c-739b-b680-838f-f30547d16bc1,train
2583aa80-f8d4-ae51-8528-2175668cbb67,train
7e8a2624-b3f8-b9a9-cffe-075dce2fe4d5,train
961d7096-0cf5-6160-1ecd-4f196bd96da9,train
7183b560-08a0-45ef-f0cf-bbeb38a7ae09,train
99b706d5-2153-d9ec-4bd8-fd09d6a5581a,train
011b7743-33c2-b203-2b06-72fca0ae7791,test
b67ffbd8-75fa-0129-f954-f25e52b69d41,test
b5e10d16-80d5-af35-cf2e-d08f843f649e,train
28931355-4c34-4a9e-2432-bb9f86ec3603,train
67d310da-229b-8de2-ef12-d9589cda0dee,train
8002296b-4749-81a6-c348-571adeaf7507,train
8af5d42e-6e63-871d-9f56-6709e6686f03,train
3be96d0f-c43d-9821-787a-460f64cbef21,train
4f0fb00b-ea8f-d74a-282d-af1b5b5aef2e,tune
f65b0177-f8c8-c1a2-5cd3-d1a678170ea2,train
7d6d6065-f907-3fa7-324f-990792103e3a,train
461949f7-97ab-eb54-ec28-4fb5a2075e32,train
27093505-6fb0-614a-12b6-8430312754fe,train
34b23fde-8fc7-ebe4-d748-dd7307ef912b,tune
21b04b6e-46e0-8714-5183-8246c4ec552a,train
869d00f3-8ede-8352-4394-a022c1e333da,train
bb3f3dfd-2468-a6d7-a4a7-b2081d035e01,train
90b931bd-df01-02fb-5ec5-48342bf6e493,calibration
fcef8d2b-8a77-8f39-8799-13c30c29de96,tune
2054c721-ab13-65b8-93c6-2f315b8ba2d9,test
e07d227d-e5af-9f33-bb09-57be58b76ca7,tune
c452b6da-7ce3-e4a4-47df-d29e4a3a1113,calibration
3ff7650a-7028-1033-ba78-a04e9e3d6b12,train
08a31f83-6f4e-2d1b-9f58-0a8fa8d2f20e,train
7f55971c-54ad-f729-d009-cc08fd05de73,train
480a71aa-e40f-d4a4-50f4-74bbac8df443,tune
f2b614ce-3c11-cb3e-313f-817de24fa198,tune
4c855166-a5c0-c7fd-aa34-ee8f7894fd3b,train
b3926a54-f9fe-72b7-061f-fd6fab327e08,train
82e75185-b020-87f1-143c-a72ce378df60,train
23f40422-2ace-1f4e-414d-45d35403f6f3,train
a8553d82-99ce-0335-a014-651e2e1c2777,train
bede5958-6c5f-e004-7615-4b4c1985679f,tune
c3c53396-8c1b-ace0-95c6-75c998b6a30e,tune
0c066965-f073-6ab5-085f-a892a95cd316,train
df577d0f-afdf-39ed-1f3e-237b818b364f,train
2e2fc4c6-f320-94bc-1a21-30f86d271c69,tune
1ab6e87a-3966-228a-a149-1ea3e2b49877,train
7b237c19-0c02-be73-688b-0da0e7b7bf2a,tune
cdbbaec6-a873-d515-683e-5acba813bd68,train
007ad6df-e1d5-b95d-eee8-e7ab1da74c47,calibration
83b8b357-3309-97c9-fd4b-9b1f19d1692d,test
8492e902-98fe-97c9-fca8-6a3f6ebe662f,test
c3489c70-acbe-dee7-ae89-eeb1a6491f1d,train
f722d250-40b5-c0bc-1d4b-85294bb36f17,train
06175f54-6fde-656d-d0c5-03b860cac78b,tune
4801a7a0-e5b7-9ad0-1b85-92e3ca046e31,calibration
6ab4d5ba-2ffd-8f5e-07f4-c736c99f8592,train
3b7a538b-12af-618d-0f69-2d4fc5ac1f94,calibration
4b260411-e579-a00b-aa9d-7dc0b8687542,train
b74530fb-c06a-9953-6a8d-1d9dd4d2929f,tune
01da6aff-c8b0-9287-4e69-105402298e8a,train
5306b625-427d-f710-576c-ed63b5c61392,train
17c16b55-8450-14c3-9669-5cc65f793f3b,train
9ad01db6-88a6-89dd-cbf2-9e44004f1c43,calibration
d636dad6-e757-b00a-96df-6ae6f12f60ef,tune
62793b30-a902-cbb8-93ae-ad6581c812e9,test
9a6eb05a-5e6c-9900-a688-4ec7e9ace039,test
4f1d6a3e-46cc-a486-c308-dcc87a2b4461,train
c7b252e1-8912-6525-0f75-894a6411eb0c,train
5f836fc8-3e51-9f5f-2a9a-d0fa354e5a38,test
dcc73cd4-d616-80a9-2644-6a85a0ffd4a6,train
7eee182b-1e75-a334-3d5f-751786ed4a34,tune
7f0391f7-187c-bdfb-2fc7-4538b278eb49,train
bb66c64a-ca23-ec08-ed74-3dd05525f47d,calibration
2bcfb550-cd2e-61b8-e379-41f34a481b40,tune
7cf3fcec-e516-2a8a-bc18-6c3ccd43c86b,tune
da040cbe-6dfd-db56-659f-0217e40914fc,train
39ecfeb5-ae6d-4f38-f4ae-e4fabf90921c,test
cfbec358-eade-be5d-1c8d-2fb0efb58435,train
89b7ea65-45e7-c75d-6012-2732c34d519c,test
1d2adba6-ed5c-331a-9701-6089f59d96d1,train
af0b4154-ada7-cc49-67db-306bf95b4ce8,train
1442e72f-4ce6-b7ea-b48f-686617ffd78f,train
737ad8a8-1c7e-c140-1e83-23392705e57f,train
7bfc766b-b3d4-d05e-1ed3-7a80ba018128,train
f28bd45e-cd80-d9b7-6672-b6a95a828ec8,test
3ccc316b-9b0a-bd55-86e8-4ee59d1ce707,test
927dab86-0521-2e77-9c67-7bed07cf1ee6,train
fe0d9085-800d-e23c-a3dd-fa0f0f2b38fc,calibration
2b695afc-6f73-f719-98f8-297daaefcda9,train
2bd797b8-88be-a762-52a3-00e7bcf473db,calibration
eeb33b1b-c030-8ed0-1f17-5799cc67a136,test
fa962570-922e-819a-ad33-05b352ead0ba,calibration
6c2ee223-56a6-99a6-41a1-4ec4747fad5a,test
03779cfc-5294-280d-0906-09c26f3900e1,test
5803e7c6-68ed-6bbc-da02-54952d6b1eb6,train
00a9d468-1339-73d9-d0ad-74108edb0ae6,test
6a09719f-0fe3-b03a-56d0-5446bc31a009,train
e7325c10-b9ab-fdc4-e77c-aba2f07c0aa3,train
7df427d5-b65b-996e-ea93-77dc783f7ba9,train
3a358817-4ae1-21a7-36a9-ec6cc1f06c1f,train
052e5e8a-7dad-2ada-1794-3acb2b0a2fd8,train
c337398d-a728-ad43-c231-d0450b27f9fb,train
670f9b76-33e4-fc51-bcb0-e072d83460fc,test
51e85c7d-a517-c570-38ab-75ef50f8014d,train
4d8abf55-209c-eeee-2797-e52439d210ba,calibration
17d6b8f4-37e8-5e73-cf09-5f92a769ea20,calibration
19951fd7-e4c2-9dc5-5bea-95f38dc68440,train
5f171c0e-3f96-2878-f7cc-225e044a586c,train
eb1c3d5b-d2b9-1256-cb75-15a754bbc4d6,train
b5703d23-a1e9-b45b-2d89-3928c90278a5,train
3c430d23-a575-f54b-63ae-b620a8385d95,train
c181acce-d39c-fbe8-b3b1-852257dd3c88,train
b85c754f-480e-92cf-129a-0254ee864f8c,tune
80a25f3b-beb8-59fc-cd17-ca549d228769,calibration
8a394bb6-5d33-7e9e-8add-d677344c0868,train
05411850-2994-ed2f-2c54-0f554c0c53b9,tune
51ec3f63-5822-7682-47fd-702587c688b2,train
126e46e1-6b6c-1f6c-98b4-705001b93491,train
21b24733-b3ab-73d7-a25e-25cf004de540,calibration
543627c5-b2cd-604c-ba42-1c484a57d524,calibration
88837a5b-f76e-4db7-75bc-69125bcd8f77,test
23129fbe-8a51-9265-fbdd-22530d547743,train
f002bf81-1157-51b8-617a-047c9eab31f5,calibration
55f736ab-6fe7-5b72-57e5-939300b06b05,tune
5448138a-7a79-b62e-b9c2-5f5b5d100f53,train
64a968f1-cdfe-c880-e069-f9f450111a72,test
eb5b8b58-0826-7562-d3b7-61b93b97618c,test
4169b31f-0d7b-09c2-91d0-b6c7858b7b66,calibration
2668003b-d84f-b045-bc57-33f071d932c8,train
ed3fab36-d198-e69d-64f1-6ea451dcd00c,train
736161f4-d8d7-2aa8-bf20-c827949aa34d,train
0f4e7e6a-8cc5-5a40-7330-194076ba3400,train
45de778e-a17f-8361-e7be-c59bceae8bca,test
587fa213-64e6-7c1b-e5e4-33698ca1e626,train
5cd4e0cd-ee14-b15b-b5b2-0b2a889a95f1,tune
dbd31783-f44f-2884-a23f-5ed9a1739572,test
831724d0-6817-47d9-a58f-bfafb00013d2,train
1eae3d60-d5fe-9bf3-3664-8ae75d73eef6,train
d34dff3d-347a-34ca-afe8-6a4d39929211,test
2f654b2d-a214-fe38-8b39-cc6adf78557e,test
e131b767-2b82-e96a-4ab1-b6d5a7894ccd,train
f4bbe3df-a3b4-3420-b54b-a27da0a32f7b,tune
25a60725-47a7-bd4d-3b5a-32e4ab9ac001,train
0bd106f4-73ae-fb26-a913-b47df0ce7e9b,test
35a2bb06-b13f-284e-a4d6-06f875e3d905,tune
8911a22e-61e0-4f33-22ba-3549c428e241,train
51f1e2ab-94dc-6ae0-b839-3d909ad28814,train
d8ef3405-3825-aa2c-a475-eb3353008cca,train
46ffa9a0-3500-ffc3-82f7-ca8eba789abd,test
b9fbb204-19f3-95cc-80eb-3f2611968d8c,train
3dee2e3a-9ac3-f153-b880-619d707c1154,train
aac0ebff-9adb-1f63-f651-6f79b9a33d1f,train
2d15c23a-32e6-591b-5e7e-89a6b9f0a942,calibration
3ec93214-87cc-f53d-025b-8d67d0609972,train
a00174b6-af3c-9166-01ef-64b4b3adbcb2,train
a8bb9053-dbbc-6ccf-62dd-7a272489719b,train
a6f87187-9406-c1ed-0228-d49a9b43ca05,test
d9a07501-377d-c5a3-0136-b63bcff6d656,train
4bfb8d68-70a2-425e-84d6-152f5a785dd3,train
8667d7db-121f-ac8b-b4ec-1c42e6d013d5,train
8ad75f4a-8cd0-dde2-e619-0214b42b73b9,train
e5a5aafd-4235-60aa-c4fa-f650055512a1,train
996fa463-4d1c-8b36-f1cb-d0ac55769e81,tune
9e536df9-a67d-5487-f265-f69d53da97e1,test
1995cd6f-b641-66e1-71e7-3071ea5afa4d,train
d026e072-bd77-58e2-6b9e-5bbc9f5cbb94,train
60ab81f6-7a57-accd-ae9f-39a5901829a3,train
9ae6e68e-ebb8-fcfb-3e70-563343087648,train
da1825c8-6e68-5fb5-381c-035f698dc1b4,train
9c1d6348-5117-e393-78d9-78ecc017ab0b,train
8b527305-5589-ace6-165c-da815a3dbb3b,tune
e038e992-c77e-7746-221a-7963bb62c049,train
77f84456-882e-0181-0b87-eea9fd4ab6d1,test
f459d412-5635-d773-03fa-29b074d756a6,train
6d0c1cac-cc65-1996-7fa3-22fe59414e0a,train
08db9820-4866-fb07-c6fd-00bb5490ef4a,train
b11fd292-7391-8adf-9ba3-f58b1118a54a,train
57fc1592-3242-cda3-b7b1-8d9f50b871fa,train
a2bc0936-2a9c-6c17-5271-4a1d153f4488,tune
e4bc5806-9a1d-8911-8559-e0ab2bf70d2e,tune
a30e5c72-e35f-b3fd-e6af-376a65e16fa6,test
e87edef0-af11-696d-184b-fb0b35c04712,test
57d30009-dd91-9106-0636-7957a287476c,train
0d1d5bd8-ea36-d0a8-8e4e-f5045528a11d,train
e8dd9e54-7e3c-fbff-8123-836d6c6dd73d,train
3b0ddd03-d534-5a7b-339e-29bb107812b6,train
c20dda1a-3675-b3f3-b4e2-10c3b0a03346,train
bc868334-89e5-1794-f746-245cbe7c2419,train
a7fed184-1ce1-3180-0f81-c3ab8c0791cc,test
812fe7f8-ea49-1c3b-429a-6553b75da48b,train
2112424f-e06d-3d16-16ab-343e14b95ec2,tune
77dba709-7701-89e9-5a14-ca252fc27e37,train
e8a27428-f54d-007e-a4be-7b4d4b09861b,train
4b6ce3ac-d01e-7010-8fe2-c734c47d0ea8,train
f5a6a9c5-84fa-008b-953b-8ef69e973efb,train
852c5c33-0a30-d43f-89af-9ac8211af506,train
4310e16e-d55a-aecb-b14a-c7d41a34d24f,train
a7561e3d-5dfd-d84a-6bd1-eed2a0afe7f1,tune
389e0e58-ae30-b2fa-dcb9-72f80abf0ddc,tune
aea1190e-a32e-c154-bd65-32a6a3adaa44,train
0267ecdb-73e8-6f46-1135-ef1e16bf7019,train
df4ddeea-9f19-e3bd-adf7-83a48d862c34,tune
1ca8e69d-afd6-f227-e2ab-fdf550f774d6,train
38437f29-605b-60f7-8a25-619f0d54adaf,tune
fe35cdc8-7e33-5aba-c834-d3eae96bac4d,train
020b1582-b673-94f0-91e3-28cff5fadd8c,calibration
16036fab-3e6a-1082-881a-785c1388c33b,train
518be0ee-ef1d-d9d7-e58e-6821d780e0a6,calibration
920705f2-ec7e-e15a-00e9-58f87e3f0f4a,tune
fcd59d68-aea3-f7fe-41b1-dc82f7c7839e,train
eea489ed-23fa-9656-98fe-f6cc3d6c3cd4,calibration
6620b68f-26fd-3fa6-ac57-838b9ea6c7f5,tune
40b890e1-9570-4042-8fa0-1165addc3b7f,train
af412f4a-88ed-3164-576f-b548e214b35d,train
fbf578d3-fe03-be2b-186d-f3a5a98ac1e7,train
69452a3a-5ddc-35ab-1c89-75f73e7602ac,train
962e8a15-05ae-a258-0202-e4be44cfc42c,test
8013b35b-f62f-7638-7f5b-fcb1f0ade867,train
c31453ef-bd59-7070-afc4-f2fa18fd0e98,train
163be6f0-a683-2ea8-b9b0-8d726d583072,train
471affd8-9a4e-3b6a-658c-f3c6cac9fb3f,train
287005ae-9065-d86b-02ce-3849004bd0d7,train
6f7cec56-4da3-e34d-439f-e4bee6a882df,train
b4cba4cb-2421-2b37-ebf6-a16401a364c4,test
feeabfa5-b163-68e5-3780-bad4af72ad1e,train
f7c9f88a-55d5-92cc-9b4f-a772d5941e2f,tune
368d8707-f77e-ef80-2c53-afdf61199bf1,train
45d55c69-be98-b601-fad4-6015af437203,train
15019816-e999-328a-6ddc-a9e820332ed8,test
2e50bfe2-aaa9-7c4d-17a5-d456d391ad98,calibration
1098f675-862c-e355-991e-0e1ec9ba1806,calibration
05df381a-3200-0358-6444-0b6d5c3d09ce,train
a43697a7-c259-badd-3c47-18fc92313ad3,train
b886d86d-ceea-e1b8-0353-6f5e4e1d4f7e,train
421ca96b-e6ba-62f5-3753-ce59a04bf0cc,test
484e3ad2-87fc-275f-935b-209c3a927cc8,train
c81f06c5-c56b-278b-0e83-ba9503f3ddaa,tune
0898629f-4ddb-7e8f-c8eb-c602adc09f02,calibration
f2aadf06-4ce3-184c-6c06-004f57ce1b18,train
7b3007b1-8ed6-1a15-a12f-8c8ff4730cdc,train
130c554b-5173-d726-aa7d-14dec4b83d80,train
206784b0-4da0-3e70-2a21-5a84323b0639,calibration
9de984c8-47ce-7507-f839-4baa45867b45,tune
44541c4c-065d-7282-901e-dbf3132eb919,test
1c49cdad-43c6-937d-9d76-fb1260ad14cd,test
43bc5d7f-955c-2a44-d434-081ee9d10fa6,test
302aab6e-944d-9cf9-d81d-6fecc7dfe52f,train
e4f97179-f9db-9826-0905-adc5f01c22aa,train
2044eb8c-cd4b-0116-a67d-01543a5bc152,tune
48b7c365-fa9f-0546-4e64-f11687c9f910,tune
5b17288a-717a-e062-9ca4-36c10ab819f3,tune
1ae75eb6-9188-f2c5-ca98-4b26e05c6ac2,train
dd4d5006-d68d-f1f4-21fe-f71b436d7868,test
e3eaff03-b7f9-89b8-acc7-aaec83734f62,tune
708613e8-7515-259c-116f-8e8e3167f9ca,train
a10c6cb2-6938-a078-fbc6-771be17b669e,train
c06c9390-0195-dc2d-99d0-2968dc193188,calibration
fa4f145f-8965-fa5c-2d7b-e8c0f96e1285,train
7e800aa4-c857-cc66-7b48-791690ecc541,train
bad7783f-7dfa-f9f8-0ea0-851aba362ed7,calibration
af24d6a8-d221-84b2-5c76-aca9e0b92aca,train
161cf338-e63f-541b-95a9-2e567bcd95e3,train
3644681d-5881-3c73-2948-58b1042c633a,train
b9bb1252-f906-387b-84b0-7026f6016e31,train
ca1754dd-cf43-e643-cdf9-83488412645d,train
91a0273b-832f-2140-f30e-a3036a6357d5,train
9de96213-3a50-86df-04a1-a6fca6a63c26,tune
a9142d53-a5fc-e712-decf-2ad5c69e75a6,test
235a3d3b-e232-2bbd-af7e-8f79ebe9af58,train
57e9fe1f-ccb9-5e53-50f6-7ed27df4a409,train
d25ad96c-ff8d-6851-5ac3-525789245a3b,train
3f5c938d-e940-3f74-abcc-556de87997c1,test
48542db3-33b5-2c7a-9df4-965b2c7dd09d,train
95fb4e75-7bb8-cc21-b961-456fc37e1508,calibration
1aaeff4f-8f6d-15cf-6061-003d2723d485,train
8c60f5d5-46eb-2a18-146f-e1dd2486cf3b,train
a2959c8a-4db3-7830-28d0-e2c0736e55ca,test
5798b312-b2db-b71b-258d-9e80dccfb2f0,tune
e46ea930-75af-188a-0630-c591e1e629eb,test
fdf079ca-735c-dde9-8af8-71e201642ec6,train
57ca639b-817f-08ef-ea53-f98ab414938d,tune
e205997d-9d61-1aa5-d634-b720eac066f2,train
7103e53e-b750-bc37-aae1-de5d82781c3e,train
311b4b8b-71e9-139b-2b25-98aee5784782,test
c4c15173-b49e-ccc0-73f8-c01c471f1641,train
198c5d2a-883e-1465-be37-5b5e79f97fac,train
3ffac078-a83b-9465-e1bc-d442feb304de,tune
dd63489a-0cd3-0c29-481c-56549086a904,train
86b61193-771b-32ea-4130-e2506e26c6a6,test
ad7f0678-58c2-b53f-5352-6e264b6385d9,train
1b41c28c-1bd9-ffd2-966e-068b35196748,tune
03396f2b-021e-0796-92f9-149bec0c6d7a,calibration
dd00c9cf-ebf5-2f4c-55a4-5ac146b27dc8,test
0f6bc3f7-2c02-01fb-4d17-cc1f80c2ba94,train
d7d0547f-28f2-fb07-0308-cb224f53d230,calibration
1c8f2bd1-6252-5958-055e-b87b05a99923,calibration
821d2e9a-84b7-77c7-2137-b511eb684087,test
5dc2b4f9-9201-228c-1abd-f4aa828aedc8,train
87bdbc6f-274e-f19e-405b-b1ddeb7e3683,train
0d0ddf1b-4ab0-bc08-99ed-4109d7733b93,tune
2fa7f53b-67ad-618c-38de-60cc9e74c018,calibration
25f463ad-6d35-742a-b5b7-ab6730a4ccb4,test
0a0fc103-dd0f-417e-1a74-a8557f85d621,train
2c524f36-7250-0235-e31b-5a5019476239,train
d33535dd-b557-fc9f-16e9-f81b5b1f8585,train
532a9e9d-b2d8-e8a1-15f1-832b238ade7d,test
368d07ac-457e-6b10-f14e-ce83193a29c9,test
ef5a899c-1e36-e34d-335a-1fb56b9e864c,train
f67351b1-8e28-b590-0070-e79074bee579,train
c668c023-35fd-1b04-85ac-acdb4274c633,train
83edca47-b565-de35-b546-3382e5a1cb74,train
54a17a00-dc5a-45fa-0417-ff33ca172ed9,tune
46ac6ec1-f5aa-057a-3fe2-375aaf4f5d2c,train
0e95102b-d7ab-d4b4-d2f2-56d651d65b97,calibration
88cd3710-027c-de79-a81b-9310600248e7,calibration
84aa47e0-0721-bc4e-11c0-c4296ef8c7ec,train
0e3662f5-eac2-df04-c426-b77527c610f9,tune
888ccf73-f047-274d-9069-b049152aa9cf,train
01e4095c-96e5-7ad3-b0b3-a5dde3afe7e0,train
738be5c2-0ffe-8804-dac0-e8f154fef38a,train
c3068629-522f-ab00-11a5-134a2a958845,train
2a0edf41-b29a-8a4e-7bed-b65c9651ba27,tune
08dc7639-b647-3619-bb2d-7e0e7c98ef16,calibration
814d2476-78a8-5177-3c59-f4143a2ede6b,train
a423c67c-c3ca-3d8c-7e1b-936bdbf087f0,train
d70c94b7-2df0-5c30-e2b2-a0c18b0058ca,train
82b1cdb9-40b6-efdc-5e6b-80976932ba56,train
302f78cf-0a9e-2dd5-ba25-386c7679cd43,calibration
aa07db82-ebc6-9a21-6b5a-5cd674ee3b0b,tune
3f121f4d-31c5-2bf8-7682-58235895e027,tune
cfaaa233-b359-9445-7a87-ea6a4e015de7,tune
ae83c4e3-e76d-f626-2fee-21465c296314,train
68116569-398a-84e7-1186-3f2acc9990f2,train
93241ba4-e84d-4c0d-af48-2c51ec9f67ab,train
7edeba9a-867b-3b4f-3b09-9a1e11f6fa2c,train
ef204f5a-c78b-3138-a39a-a1dc4748b48d,tune
9ef41a10-8f67-3c5f-b01c-a5c5d7b1db01,train
5283fbd3-5394-e3ce-e1e8-d2df4de0dad4,train
a9fbcdf1-4b26-7e3b-937d-470c9efbfea6,train
bffc4561-7ce7-5300-7b77-a22375a5f532,test
969c3788-069c-6b7a-8455-3fd55e60e979,calibration
2035f60b-9a15-7892-663f-708a1b48d140,train
8a6703b2-ed0a-2c62-88cb-f68587086382,train
7aa2b895-23a2-0237-6ea3-cec2f5b031f2,train
6cde44d3-51bb-ae02-5c1a-63e3805132c6,train
eb1d86ff-e266-cb0b-8fa3-26437daee27e,train
528d87ae-d3d8-7383-183d-7521138b0c01,calibration
83dfdbd8-3e43-f540-4ef4-9da2c45b6f93,train
ee13b492-bc82-b23f-0285-94c636320ab3,train
8f5a200b-1859-7da4-b1d4-ab790404b78d,train
f53e9dbc-b7b9-678e-0388-62079f09c0a3,train
c18ef49c-0aa4-a775-5042-949ff5913040,test
d6ca95d9-21e9-82fb-8eb0-69f7be501cac,calibration
47502399-211d-60ed-f639-ac79553c9bb9,train
c5f7bb42-d328-9575-df19-ed9c1be45043,train
14a30e85-1929-80c1-ffd9-77d5e2b2a64c,train
84331e13-c657-bc51-b257-9efac97e0017,train
94873dde-a6f2-d4b8-faa7-0b3f838dfe12,train
2d7da879-2c23-1994-b233-239a295baaba,train
d5e4355f-9869-e280-d4ad-0b67e94b7a7d,tune
94257c36-57fe-0534-d174-ac67ec8add7a,test
046e89b4-c045-2b5e-14f2-2d19f065f197,test
eb0af472-4c3d-3e1d-992b-0282549dbb6c,test
476babcd-05a5-685d-7d9c-91c611718ffd,train
78c89cf6-ea8c-194f-3922-95abd6410d9f,tune
923f1050-df00-511a-6115-24000c991018,test
9e34dca9-1a46-ecb4-f3de-ce92f87b7b24,train
da4aa347-6002-7275-4bd3-11196725dd70,test
5994febf-cc9f-0c20-bfde-96ff52bb0d68,tune
220f466b-57d4-d764-13ed-411b0a496cf4,train
6f15f487-e7a6-ead9-75b9-ff711892ccb6,train
4f0689fd-ed8f-4d5d-9055-d547e9ffea54,test
a800cba6-989b-3113-9a74-b75a7ca6a3a9,tune
abc283b3-bfb8-7192-292c-e4f6fe3442a2,train
76a113d7-66f2-2898-74cd-342730becce8,train
88a8389d-6b9a-b3c7-752e-631220bf215f,train
660680de-7017-c401-1452-325c782d3983,train
2964b2dd-7beb-7252-87d0-71276ca2ee32,train
856b7742-884a-b3a8-fe92-3c6280d16876,train
990d7bd9-d0c9-263d-f9b6-ae7b328532c5,test
067f7393-7348-9f38-990e-83c48befe320,train
69c526d1-6c9b-7d47-c733-1057d39a7ccd,tune
b5bf1540-12f4-c538-0ec3-dca256334d1d,train
1a95f09a-6a2f-d8fd-9cc1-6d15d0fc9034,train
4c4cc0c4-f862-e56f-24b1-e9d552bb5889,train
d9ce4020-4c48-a02f-8b37-56039d9c4cea,train
6e7169a0-6fce-2c05-26ea-06fd1f4490c3,test
6ca2d1a5-480f-5dc3-a5d5-b970ea58e552,test
f0e6cfc1-410c-dac6-a25a-f611ed419973,train
4262f218-00ac-4c8b-725e-02fc2db39953,train
824f48bf-7a82-2114-ba44-2d1ab6b220dd,train
13a15478-62e7-3b64-5d40-b8c8dba6ac5f,tune
f683a2e1-e7da-9262-72eb-d110a869981f,train
987f8f1b-c0f6-ece1-d008-3d3acf452c5d,train
4447adb1-09fc-8dd9-295e-195349f02680,train
7cade6e6-f3ef-31fa-8aac-1631b81a2e86,train
23542c85-9f13-b8be-336f-9c802a9ae78b,train
4f771c0a-6789-7a95-2168-97fd1ed02ad2,train
0263acf8-79d7-0de9-4ce4-597f64a5f650,tune
28083830-4447-d7b1-e64f-c4bd4f682715,calibration
78368edf-808b-e85b-cdf9-b00c831f30fd,train
1f81b3af-4611-02a5-eb41-b603596081a8,train
d1f955d3-4977-5a55-f91f-db929ee2fa50,calibration
9abb4abc-35e2-6f33-5d79-801976673718,train
12bd70cd-a33a-9d9b-d46a-15ed428658f0,train
88f47691-bbbc-8ed7-8b2f-0481c760ae0c,train
f8969f0d-427c-a0d1-3f42-01c0b068e3a4,train
24981c04-ef0d-d0db-36ea-4818263237c4,train
ad217f3a-a262-f2f8-ec95-5c4e4b4a96a1,train
8253ad16-5ec8-83bf-4431-77b3e129ec1c,train
19ce8f43-bef5-7b14-8cf3-478aed969599,tune
5ea2c5a0-f2b9-179a-9b8f-5c3577e3d0df,train
5da66083-8900-2b16-8f1c-75a90701c183,test
2a3ca066-c06b-c9d1-a52d-155fbce37f51,calibration
c00d35a0-455a-c9be-83a0-310a04a9046d,tune
1f125e17-b138-6f05-35e2-b3cbc46450dd,test
aea30011-725f-f7c0-3a73-fdf0bd9497cf,train
6ba2aa4b-7218-c7be-d2b0-503efecb9ed0,test
e55b5660-765d-9173-14ed-08123d8f33e3,test
961e0173-4767-8a5d-8463-0a19f94251fa,train
68707c48-93ca-b529-e076-e26b7f5d5dd4,train
b3b287f3-3418-c2d4-3b32-3c0ded6d3577,train
2a578bbb-acd8-791c-982c-fcc13d60ffeb,tune
f5c341ad-ae76-07df-6235-90056d3cbff8,train
f4bffb04-258f-c761-a006-faf1cdaf43e2,train
3f940c91-d5d3-45cd-ac08-7b1dd1048769,test
133d3378-dee0-c331-7846-3d0b79987268,train
ca275ba7-f9f2-a29e-1366-5cbb213e248b,tune
1e3c3649-de7a-aa82-cb34-fd32a11c1305,test
4da88d58-8917-0f11-39ff-34497dabd782,train
122e7188-2223-8fcb-41f8-337b9ae82e75,train
b7025796-3a21-0357-6408-ac6e3e611cc0,calibration
4cd09544-5783-20ec-623a-0ee8e6e4ca21,tune
23e65486-dd4f-67fe-07d6-5682fa65de98,train
c18be15e-c72e-f67f-eb90-2479019c6d95,tune
2508025a-af7c-0028-2741-ec09c562821a,train
c425fd2b-2a53-bf52-0600-6f4ffdf84b60,train
1c030bfc-ec57-7072-2973-08ebcae20a41,train
a6c696f0-52cf-0f54-2445-6346494c298c,train
b3e787dd-9ebe-150a-eeea-d3c5d95d0365,calibration
671dcd81-af2b-ea88-a551-20544e29052d,train
5af53d9d-c750-3d04-8ca6-847dbea3e612,tune
8fe0809b-74c4-b065-bf87-beda90e7cddd,train
c76d9f54-8b7f-8a60-de09-b749529945d2,train
9df7aac9-a417-3c0e-c2f0-4afb683be7dc,calibration
bd06137a-2060-fac7-7651-4984cf4173c2,tune
37e89332-d071-06bf-029d-740dcff770ba,train
c3cd0a01-ebe7-ce9b-f7e0-53d7e952c481,train
a61e9265-77ba-698a-3d35-c280e7f23c5e,train
bab4e01d-b118-d028-16fa-bf94d84b3635,tune
830bfc0a-738e-83dd-84ce-5ca5a5200edc,train
b84e9913-77f3-ebde-e3db-f0262c871b1b,calibration
8c77a4f6-b2be-814d-7115-7dadf963701e,train
2d824a8c-e97d-bc64-9c46-5b90508b9e64,calibration
68005a6c-ee97-2da4-11e1-4aa719e6c43b,train
ca6a8b0f-87ec-c68c-62b6-524d759f545d,train
60fd0f2e-b0bb-b2db-41b7-b349d7d19e46,train
c9f4dd4b-4fe6-0ca0-4e13-1106d3f96763,train
2a89390a-841d-b755-58c9-fe83f2160379,train
6501ff6a-1624-1788-8a61-169780acf335,tune
d7bda0c9-1edc-cc1d-4e91-add5e4e396c3,train
d7d76a55-c870-63dd-23c7-1e0c187b636a,test
71b286ad-0ce4-dbd6-c77f-323a989f432a,train
62553390-3ca1-2b5f-1bd3-8a92c6396e01,train
09ab8261-2407-1284-d05c-1528c40e2400,train
eb43a699-2bd1-4f13-a172-d77cb94d932c,train
d64c840e-59e1-ae61-ae37-df355e060a68,tune
abf4222d-35fa-7fcf-fb31-caaab92adbf4,train
132cc500-3f4d-e831-5b04-c949398a40d3,train
bcac40e2-4ff6-996a-0fce-212c116c5e10,test
cc93b854-eb41-9a6a-72c2-4186d0dbed51,calibration
afe8ce0c-2f0f-3c13-aef0-82250604f7e2,train
1493f7eb-c751-7d09-17a6-86296bb2d5a1,train
736ffe00-149a-bcd5-a406-3803ec21a5a9,train
05ea6a7e-948d-958f-b977-342673924013,test
09b3b505-f3ee-ed24-d594-533e4ecf3b75,test
0264ce46-b19c-6d5f-012c-ca4dc356f028,calibration
5a25a3a6-4893-6c78-c582-58c0fe2226cd,tune
8a7ef982-c175-0d93-def3-8e702ae29d7c,test
1ed5e0e5-93cc-dee6-16c4-619d6bc21fe9,train
796e5198-1416-8572-e5b2-ca435eedff42,train
097bf525-c809-7e26-ba70-02cba7c1b080,train
0e3bc2df-a1f4-73f2-e5b7-bc979540c336,calibration
a632f44e-d6b9-711b-c82a-847d083a5764,train
4b778cbd-d2fa-e7f9-b28d-557e8df0d001,train
b3085fe2-9a6c-fe49-4595-f15e1808de0c,train
f24b9470-0048-03f9-185d-15e894070396,test
121b7b8b-6d95-14ac-f105-e4f7a936ff83,train
fa0c706c-116d-3660-bb38-5de8d1ef8adc,train
b61e9599-1128-fa17-6ee3-3cc193bf9075,train
f19ea36c-7ac1-a4dc-0a19-9d0409547c79,train
a1bd2aad-44f5-4bbe-5ac2-8908a9e54cca,train
d1f9bf7b-f0d0-8cf8-2973-8ae4a6b84590,train
5d41e725-bafd-fdc9-5bbc-a40d4e008bc8,train
a5bf92d6-547d-cdbc-5b4d-d18316fa82d2,train
d5a8be77-e690-08b0-1367-e6846c8a2c82,train
5e172ec7-c0fd-1245-5bf1-02ef178f22fc,train
5c765614-1422-cbcb-0437-92ea0ec007a7,train
6169c9e9-0a65-529d-883a-7aab952d5f76,train
39153406-f49f-5b1f-0b73-62700f95fbf5,train
395f98ed-2e29-dbd6-d072-969aaeacb8f5,test
f82c002e-6b65-b9bc-e37f-35759a39e8ac,test
6a6023f5-f94e-a60a-e52e-eacab6929023,train
f8887766-c2fd-e071-a7d1-6ddd5ad7767c,test
661ba4f3-263e-4560-11b8-b2557824afb1,train
3185ef81-55ed-fe0b-18f9-80598c46d93d,train
a842565e-d358-49a2-b910-87891aa9cb3b,train
fec000df-16d1-5d35-4456-8de997ce8562,train
c1a7ab57-61c4-554b-471f-ea2bfabe23bf,train
99fbff0e-af29-4df8-5e26-0c82be8ee7a5,tune
457eeb98-e40a-7547-e8e5-425023b6b4c3,tune
770c48d4-0fac-1ae6-1076-9398f3455b60,train
1bdb5218-fba5-fc41-8452-64e25c44b5e0,train
6b9e9119-6cda-cd17-aa91-bf514d5f7867,train
6c9cbcf8-52c8-af84-4446-756eedce7f3b,test
12cf8abb-32e3-81b5-671e-a7a1b918ad35,train
9c2a78c6-3b7c-f386-33a2-baf7ce26f856,calibration
d506f2d2-32d9-3c23-db99-5959169e230e,train
d4b103fb-918a-8cea-b869-4cd6c3d98293,train
da2417ea-252c-8688-175a-39a01f1e1568,calibration
29b5697c-eca0-5bd3-f33e-d32818241441,train
93923dc1-10b9-39dc-4d38-aae505eb4e38,train
be9be1a7-8877-c7dd-6b76-1874645dda8c,train
5b9e4f73-c885-c57a-33ad-83a0dbe76904,train
54b30135-34fb-f245-56a8-37b8dcc112e0,calibration
e54b6e5f-399a-b9c2-e4b0-e0edf525e312,train
ba2f66d6-b964-03e9-4628-39709cfc8e63,test
b706035a-ee20-61c0-80e7-5f3aa2ab9532,calibration
1bd5c8ad-9735-d106-5f41-2a348fd30931,tune
5a04763b-a324-b5c2-8364-563d7089a9f0,train
2eb412eb-1e55-8075-ca16-98d2d88ac2d5,test
a5cc7211-c36b-9e4a-50f8-47de3cca9e22,train
5dfff184-cadb-96bc-17dc-99f8c3efc3da,calibration
6c4724f6-4856-dff5-975d-21db787d232d,tune
e882dbc0-844d-ddf3-52fa-904da4ae8cc1,calibration
29c01fb6-9bf9-5452-da79-33378dc17715,tune
846cf0f0-1075-c574-3a1d-bc30c1c35e0c,train
f7f6090b-93cf-079f-8664-16c8d6a87412,train
1edb398e-3a06-ebc0-adaf-c62b30b14581,train
f130adbd-c754-ca15-00fe-922d9a039d99,tune
db58a320-466b-2172-5410-a453d470ba82,train
31a43514-7aae-d291-9407-d05ec5c28515,test
5f3a3b01-29e0-39de-f862-e73ad7ab013e,train
1866ddea-f285-bef4-a03a-a617a8bc80f2,tune
3c6e6455-5149-c504-28ae-e02c1480422f,test
5cfc7e9e-3263-7dd7-9afd-122d9a5c9216,train
a27cbd50-41c2-821e-2d22-946515e7d719,train
7acac8ec-8ab0-4db6-b658-70329fccb08e,train
dd05c2f6-b8a1-1c58-270e-705696d634b3,train
a20cfcb0-4d00-58f9-1ccd-6442ac8065d9,train
adcf54b2-19b1-7f27-1bdf-72466585642d,calibration
694b8b90-ad88-92dd-37a7-f71cffdb9975,train
3ede73b4-9e3b-6105-40c8-5390b5af46cc,train
a022ca41-3ca8-d039-e65d-74f6b0d52fa5,train
22cf6e6f-e20e-c015-2623-619899a98c70,train
4d369115-7c72-978c-09b0-7b41be1b5eca,train
f949dfa5-ce53-aeb9-24c0-68fdfca43587,train
deb09216-72ba-4e74-9439-5fbe01f6ef1e,calibration
44bcd6d1-c085-9ce8-c318-1ffdc403eed3,calibration
06f4dac5-f213-2b75-2b5e-514ece8fe83a,calibration
07348ef3-f7ac-6628-67dc-aa4bf3e039d7,train
7f6e814d-2cf7-2531-f669-61ef08e259cd,test
c83ebdff-d4e0-a25a-6b96-5eb93787db95,train
e0cd0a88-b3de-7243-92f9-ce742d17c289,test
59b180bb-7964-6716-98a7-86cba439e712,train
78af3282-38e5-8a0f-3b97-2d3c31945a53,test
b309d4d5-896f-0071-6134-62e75f589585,train
10cdffdd-d43d-e38b-8258-b98e283a86bf,train
6fd48b7b-d28f-a444-b376-78e10b3333f2,calibration
2cefbdee-2be7-6873-6942-d8f8cb7e32e6,test
d864af82-05ec-b862-d0ae-c1901aa60574,train
72689456-db2b-8bfb-5fab-7c4ee2d73f14,train
f299d26b-9eb4-a6af-f19e-ebff5c8f421b,tune
7e2fc4e0-1919-17c7-54da-23cee4c93d41,calibration
3fb9058c-7846-4bb4-1fa1-ea319c82f4f7,tune
2f0be064-3377-66e6-bcbe-86b535ea7115,train
bbef7b81-ea4e-8019-13f0-87647d68aede,train
61f49383-709e-7b31-142a-bd51eaac0e71,train
832c1f0d-f67c-7318-e7d5-dcee02d0acd9,train
7870ca76-07cc-8f89-4792-cd1f6ebb06d0,train
6be77559-aca3-8f77-4fbd-bcd702297bff,train
98a649d2-2666-67f2-0ad4-5fc226722f05,tune
18cbcba1-8b91-0b38-a89b-9beee245e9ae,tune
82272c01-61a9-7a31-435e-00a11889f5b5,train
9c06dc61-5308-fc24-e80f-e7e96fe094fc,calibration
c3708b4c-8f31-d489-a12a-c1596ce94dd6,train
7f64d280-6442-a611-ecf3-dd27d3e59896,test
46df5f22-1416-6643-48bf-c92cde2d1ca9,train
95e7d581-6d3c-a0a6-d2a4-9eb3913f4398,train
0554653e-6d28-fbb8-2c1d-594af1d2172f,calibration
3197848b-fe6f-92cb-d2ee-a502ca87eb5f,train
02737b8d-5403-61b1-2fc4-d16f8fff9be7,train
ca5349ef-e8b7-67e1-26cc-635d945f553b,train
e6dae7b1-284e-9273-7726-bfb68358fb52,calibration
42f182e3-4592-575f-934d-1a7b50c47c4f,calibration
1033be98-48b0-d19c-5094-12d6204ed2bc,train
5e24240a-4787-8a12-8807-490cf5d1ad30,tune
876ff5d2-70c4-e1a5-6b2f-a3cbdbef7908,calibration
8558f6c5-75fa-5351-279f-5aa842d47e88,train
a29c2d91-78ba-4505-0628-d0cc72d49af9,train
5c90f822-1a82-1208-e41f-12b88eff35d6,train
ecab6971-1e1c-d1b7-8aea-39c309d85187,train
b02a5554-1c08-b245-0132-29afdb95b72d,calibration
d4ae8978-3daf-fb93-2cc1-f400327a33b5,train
97de913c-8124-3d48-84aa-614f22ef9d9e,test
9b70f1ce-9b73-afe3-931f-4c28e396d33c,train
4d19eae8-6779-6504-e594-c8791434e675,tune
e948dddc-5fae-85a3-e170-c9a0864d939d,tune
6dc16d2a-01e3-dcb0-60c1-74901dbaf629,train
0371a8e3-9e29-2b1d-e0a4-656ca53901bd,train
9e8ab54d-d26c-a4aa-0ac1-05c8d8ce665a,tune
75262ee0-c307-e69d-24fa-de917f3725d4,train
47f46800-fc7c-b5e8-3c89-a6c11d1c5b18,test
3ec2ae8d-2ecc-48db-dca2-5e6ce79c2b8e,train
d65330da-1baa-8b78-aba7-6d172840d660,train
5434ef0e-1a1e-e843-990e-269235fc8233,test
b06acfec-697c-954e-5530-718b68e9ceb2,train
54ed0bd1-de22-5aba-09ad-21436ee7bcd4,calibration
7091f9b4-08c2-1387-f613-b9b3c546e18c,calibration
6e98c1e0-2fd9-c27d-a5e1-48f3c08703d1,train
3983ca5b-ee75-aa97-88dc-f2df1969c85a,train
56b729ad-9b8a-4d24-b4e1-0436f5b27219,tune
a6749bd0-152c-2bb1-16a5-8406bae922d4,train
aedba4ad-de8c-69b0-7dc1-f9c044092c3f,train
d5ec09aa-a33b-a55f-7c35-9cc9aa061f8b,train
b337f516-6478-8352-0e5c-83c84f7a0570,train
c54efaca-3456-f5da-fd58-9aab359a2828,test
9ac5bad1-66ab-8fcd-8840-9c39d897bce2,train
9e2b9f3b-e2f3-f4b5-6591-b3ee852e9df0,train
8c85ced2-1c90-c6f4-e599-930400e39c36,train
d6949001-8dd2-33a8-089c-0d4486cee5d6,train
66fd8594-5a04-be7b-3f87-56421e35e47d,train
6b8a4fcf-c320-953b-2bf2-543dd0b12564,train
e3ecc08e-ef54-3a29-d6e0-e8ee38871493,train
3dbe700e-4ebb-1355-e1ba-08d637782ade,train
9f09798f-2309-39bf-a05a-ef97fde21722,tune
73f89008-74eb-53e9-599a-7e3a46043a34,train
2c4bb0bb-32f8-94c6-90ef-ee343dd1972c,test
bf2d451e-c835-1486-bccd-79b4eed5ac1c,train
aed0da7d-31f5-0e7b-7afc-788566689e8d,train
32f365b6-36b5-091d-1b7e-c05f70cfa850,train
3837db18-7f3c-729b-6f7a-688c53745adc,train
e3483231-cdfa-4e19-928f-9bd3a656d064,train
e46e2df1-d892-074a-1d7b-364a3ba0911d,calibration
d63bf610-cba1-5f76-7929-c2108df465c4,tune
ef89f6a9-d908-efe9-02b5-3157056660ff,calibration
cd0d8d4d-7575-b942-a4ba-a39427d80329,train
c42e3846-8dbf-8f01-9a84-1d17442a231b,tune
9a65aa63-11b9-f23c-d071-78e8cadb8a64,calibration
ccf0d29a-b539-7c5f-ed45-763eabde1e02,test
5b1c2b60-b9bd-094a-7f9d-2ee51b7a5084,train
6380703f-fff7-8dbf-572d-3b2703e64bd3,train
25aac8d5-dc5d-dd20-03a6-111838ad48ea,tune
c2841c7e-c6b7-1a45-f02c-2dabe81c59fb,train
9ae5a5fa-b7ab-9776-3f6c-47976143f9c6,train
f27091e1-8ea6-9b9a-e199-511afc90bb3e,train
c8bf3a0f-9381-6167-f0ad-dbcb79604497,train
8e54f66b-fba6-d4d4-9444-ecb7dcd275b2,train
c4b0078a-a032-6ebe-2f20-5b862de9726a,calibration
bde31226-7d52-1367-4769-70a70a8da4d7,test
9f25abac-3fc6-3c65-5a92-dd6bb5514a4d,train
5bccf5fc-9a68-3245-1142-c0b16e9d0043,train
adf4e570-aff6-c747-d7d9-80332304a4b3,train
824d4dd4-9a45-a4f0-52a0-81513218cb69,test
21e946c4-8db2-1b09-1ac7-b1d1654188e3,test
a66c419f-05f0-0117-1e10-0d1c64cf9116,test
f1e91272-8f62-a0e6-519b-e199d21dd24a,train
e5cfb536-875f-5051-5830-0933c6a3f243,train
3f7eb1f6-0171-16f2-d7c1-1dfcf1068d65,train
f3cd0e83-1706-f786-9b60-10bd1f645e57,calibration
30b02e00-7042-3989-5606-1e30b7f7877f,train
e7ed5bf9-3086-e5fd-4311-f06879ccc0e1,train
4775aed0-e8aa-8fc0-ac22-7dc5e885970f,train
09dd4205-fea3-1b43-f3a0-da25e81a1878,tune
31745c9e-5653-68f9-213e-aa376fa796e4,train
30fb71b8-6f57-e24a-df0b-a8bed7639968,tune
b7af1511-dcb7-668f-3814-772778e53e2c,train
a4c2e9d2-0f46-9603-f5bc-1dfd5276c7cf,test
362d3589-1203-c03c-e3b6-eb9d1fe15acd,test
50ed9e42-fef5-3fea-ea91-2c69aef972cd,train
91a7198c-f135-ddca-cb1b-3938868ffd7a,test
a30d0728-bb64-406f-2788-e704fd8d8e0d,tune
e84cb427-c51c-c4c3-5e7e-9ad99455f107,train
050436b4-cde7-b2bb-9853-d696eca0e185,train
49628bca-229c-8f45-3a5c-7830d1f7f1ee,test
ea6f51de-5c37-c560-1ee6-fc62bbb1436e,tune
4dbc09c4-1223-b1cc-7072-99563a34945f,train
571b67bc-5bcf-0721-ebee-2d0d6d25f54a,test
e16b2b89-6916-655c-c78d-65c780521fe5,train
692bdf26-0af8-f543-3328-fbd063daea70,train
f4501cbd-8e71-4ea8-9be6-3c640723fa70,train
31d72c93-49e7-22fa-dbbd-2d0f03749b24,calibration
74657369-da05-d4f0-ff30-328a3d249510,calibration
cf1b8fbb-a422-bd60-5b87-3da5146b976c,test
d09928e5-41dd-a00a-0502-c94ca3aa4941,tune
b434f595-f6cd-d25d-1012-359e5c36e8fd,test
a4724f0d-a398-5cca-97f2-3e2ba3285645,test
9f7d538f-93cb-a038-70e5-f9ddb13a1d3f,train
0aef8603-97ae-0bf3-811c-2fcf96c8d338,train
719e02ea-d796-73e4-5d28-a046838d067d,train
3057675b-8ba8-480f-cb01-57df2a3c49d8,train
e7b8343e-0f01-ecab-c869-9297932dc72d,train
5b966724-b1d5-e835-ce8e-d1d5c4073e28,test
a1475918-3216-9223-c1cc-14a983022816,tune
fdc6a2fe-7500-8528-3b4a-83c9c81b3309,train
b1c0eead-add4-01e7-afd1-e618614a7fcc,tune
a8096942-c0f2-7eea-556a-1b589b5a9524,calibration
1be30bb2-a9d6-7f55-bb49-7da192764383,train
5ba6d1c7-8b4b-aa51-ce1c-e7b716c0a547,train
71a64132-5c7a-0424-64b8-e3a6c772277c,train
26f24299-72d8-f31a-85e6-807968d74193,test
fea60e28-347a-71ab-2bb2-23d5aeb872d3,train
27ee1dc8-b320-ee94-278d-9dea337c878c,test
3dfb1a67-0a70-8d45-ff4c-20d49493154d,train
365ed033-5fcd-2c6a-c876-d53b26b3e713,train
93777927-5e3c-0ee9-1b64-d0fddffaca0e,tune
08bf05c3-e96d-ce9d-22fe-f0fdc4532b9a,train
d98dcdd9-4a60-77b3-8790-ae02c63b5811,train
b9f4e5ff-e76b-3e92-aabe-c1996f127396,train
ee0a95ca-843b-de13-257f-e4afbf8c686b,train
148f7867-c268-5a70-5a60-7a1097239d16,train
212cdbe7-21e9-7f22-7221-a32b937b9551,train
06bafe70-8dd3-a553-dd5b-b5fff30a10ff,test
8eb1f382-7e13-52f0-5433-084a783dd2a5,tune
0cc7cd3e-fbf2-0882-6774-09cd86483e8c,train
bf3a4137-0bd7-f1dd-36a3-a26edcb1b942,train
ba175fd9-6c99-be2b-dd83-079daf0b3262,test
9f4c244a-b4cc-f810-1df2-b2ebe0e5384a,calibration
08816850-5b47-8331-65ee-73842b1a7e06,test
75463471-5850-425c-754a-3e858b77ebcc,train
d93ea34b-315b-e68b-b538-30c98a2fc111,test
da9c9009-d93b-2b2b-831c-fdd2ae803d18,train
387f64c0-5549-e483-0818-4536cee7a0c0,train
0a9a3e3e-314d-d95a-fd21-db5031146e5e,train
71414d2b-3b9b-4a9d-a97f-cf8fc8acee88,train
796b342f-21c2-9ac3-fcd9-82da2cd1daca,train
85bf4137-c845-3f32-2ebb-65f3a060b61a,tune
9e22eff3-aef3-a931-08cd-27de25466118,train
f8833073-e528-9fe4-7447-fd1e3ca406ba,train
b996d2f6-b1f1-47a7-218c-7704038eaf88,train
ddebc56b-21c7-fc0d-d721-978f86642109,train
9caadc9b-b36f-9643-b12e-1d17dbce566f,calibration
bf327057-62f9-bc65-1f9c-26b7c5f3e2b4,train
d531dd95-8397-0792-49c8-1facde7d87cc,tune
139b6b3d-16e5-8011-0869-cd49cc717cca,tune
8c4ae0dc-d316-cbc9-60ff-79a75a71e0ed,test
706c21aa-bf23-7ee5-22ba-e8ba0a143d73,train
44e7f1dd-c592-b6e7-a1d2-c8bf77e6da8d,train
3bfb3657-8e1f-4c6b-b21b-eb10077da745,test
852dafb5-b976-d57d-c02b-0b9b584da197,test
8ca3dfda-1ed2-5bca-ae77-0761e73a98a7,train
ac4b1411-ed3a-0fbd-64d8-a156908980e5,test
11b71dd3-0d27-4ae4-8dc0-ebffb958e705,train
8b094e60-d3ea-558b-4c57-ebe47ff6d1f5,train
18cc28e7-3413-3abc-53d3-8de36f2a9f36,train
4df71ed3-d6ec-3de2-4aa4-d4d1616c1c55,calibration
c22ed8f6-ed78-4e69-adc2-815f34e8a855,calibration
dfe3dc41-8c43-cbab-8ed6-617fe04b068a,test
bfd87948-49d5-56f3-88a3-deb1a127ef25,train
b6f42d96-9dc8-0ed3-a012-30b1e0f0049e,train
140bf239-0a5f-32a1-3651-f123b12b6e67,train
b02053e7-b9ad-8fe9-02d3-72e745aad552,calibration
21661112-0786-c8f3-3d2c-989a9bc98506,test
15b9059d-479f-30f5-3ee5-f935a5b418b6,calibration
e76209d5-37fe-8a91-6549-2055a22f63c4,train
d4ff76c8-2dbb-73ad-5741-d9c8337fce2e,train
607d6a24-b8f4-fdfc-6495-96bf40521f37,tune
d09924bd-8bc6-d443-9b8e-2f3f74f29aef,tune
bf3543e9-da18-4e14-b842-db390ce68ebd,train
98ee24c0-9ff4-c4d8-d5bd-39eae32cf30b,tune
33bae3e8-c852-8a49-6252-5fd1f8373987,train
dceadbbf-e857-9223-9503-4b723b29921e,train
8608dc50-3cbd-ce33-03a7-6e1c81477f7e,tune
ccd44a9a-2963-af1f-0c33-70549aed3561,train
e72fe410-845c-6e9c-5d21-4747ce6f48ed,train
2f1825fd-c0d6-2b24-68ed-c322f23d5fd3,train
8978a9fa-6e6b-bf0d-4a97-14e1d96b9b7f,calibration
c59879e1-8832-0056-c513-ffb61a554bbd,test
f1aebea2-077a-e8fa-c773-27589633f8bf,test
20ffb259-dea2-3181-c97f-b2a47b1988c8,train
df043cc0-2065-7de4-a41b-c50d330ef533,train
f1db932f-c4f7-dedd-db59-1e25cb4bd456,train
b7362768-dd8b-bd35-5afe-8ea81c0cec25,tune
5d02f299-e4b8-7239-7c0d-f7a48c111e68,train
e7f47f66-65cd-1341-3237-b9e7a3c93d72,tune
cc0b6ca1-9ea9-0196-ed52-7e3ce29d78c3,train
7cdac407-1b92-e4f4-c488-d901b7970a26,train
2f7df60e-627d-f6ea-8645-b6d217eb5178,test
01c8f7f2-9081-989e-b61c-c8c703d3c086,train
0643b9ca-27fa-4ab5-eefb-8537c2e06990,calibration
a6048a46-0456-7f5c-4e32-0eaf8ee4ace9,calibration
bba3b028-a135-42b4-b0ef-ef9e91fb580b,train
3f4307cf-f487-4015-f511-645127b77230,train
dcf34dc4-b997-2d27-cd9d-bc624ed3cac5,train
059db6fb-59a1-d31b-a6bc-d9103f867ca3,test
51e26bce-a9b9-1bda-9f8c-a2f0cae7d219,train
dbb5ea61-5eb6-d33c-aab8-de6d581064ad,tune
e4e1f925-66a2-49ac-af73-507a44d1c0df,calibration
fe6c5047-1851-4f1d-3653-60f12f79bda3,train
9b069f5d-b483-f941-1e15-ab165b096fe1,calibration
1e144d3b-88eb-7a78-cbae-5511bec1fb2d,train
6ba2f4a9-796b-ca80-7d67-acefee8bd6b9,tune
b5c3ec90-dbb3-46c3-85b3-53b701482b99,train
63b34500-beb3-e624-4578-49f89642553b,tune
a0cbde28-616c-d69e-db0d-41c8fbbbe55f,train
a4a1e6e6-68d4-428d-abf2-d317541a1b82,test
bf32875c-0876-3ceb-ebc8-26ceef3bb341,test
9bf48176-ffd5-f82c-d527-b008e79d3810,calibration
d65c972a-0cd5-2f46-d960-2da9c1b2160a,train
3ecf6a62-c9f7-97ff-fb3e-7f4c13ec4ea9,tune
288f9a42-f44a-3df8-5cd1-49c97045aad6,train
78d092bd-6161-676d-960a-86ff37974f1d,calibration
7dc3c909-4005-a639-6c62-463f996cdd83,train
7927250f-6aae-fb6e-be0a-c1901f8888c3,test
c32a9ded-b20a-3974-af9f-5262aa80078f,train
d09fd513-0a1f-54fe-7009-516465a8a423,tune
fe100811-85bf-5bbf-7906-761f1a670e8d,train
493b17ab-956f-8c93-3d1c-a3508e8028d1,train
f52834e2-75da-28c0-5290-d32612551d5f,train
3fced6dc-62d8-0816-f9e3-7d64498a7c1b,test
0613a132-ea32-04a9-10e6-032a5c8f54a9,train
99cd6dde-265d-6b37-810a-e678edae179b,test
ee731321-ecdf-2d9b-b1b8-c5d14334dd14,train
8fbd0b09-91d0-049d-1654-6f6ab67a815f,train
35975e4e-5fdf-d995-8bb7-38c012e1dff4,tune
87a8b29f-3b14-55ec-dce3-ed02e7817a83,train
cf9606fa-c006-81c7-745e-464a34110da1,calibration
82acdd97-971e-9fa8-5d75-2dc6e8797efb,tune
f1fadd66-736c-6caf-18b5-98acfa113e40,tune
8a3d0111-b5e3-db72-9b43-43d5e02352c8,train
54945d5f-2f2e-212c-5bbe-e481e4f87cbb,test
31ddbb58-e9bf-49b4-11be-0b5b409e9c13,train
5d6f043c-2299-b67b-f842-17b3a5410be4,train
9955a88e-87cb-d82d-45f5-5e00d81a34d7,train
fae1488d-0af9-1c89-a320-d3f5ed2159dd,train
6caf0e82-c194-5e26-b101-76f13fde12ba,train
37bb5639-7892-948e-89a1-cede70450992,train
047a7b4e-cae9-c165-8061-2aabbc7076c0,train
9371b876-836d-f61b-c154-817e5db7b9a5,train
88ef8750-978a-3db8-29de-d9e9aeb6532b,train
8953e8cf-6eee-52cf-3518-bcbb6f8ca42b,train
c333f301-e1ce-f6ec-8769-d5758c9db2d6,tune
1c5cfb26-3de6-40a1-67b8-15a8caf42afb,tune
3f8886b8-0b12-9ef8-04f2-459565118c4c,train
3f75ff21-d2e9-57fe-e556-5a02f216baa7,train
45cac8a2-267f-cb19-adbe-c86a815850ed,calibration
a69b93cf-74a3-be38-655a-b6ca478d86b6,test
631e0741-2c6f-ad5c-9eb2-42f6c044535c,test
3cf0de7c-7262-325b-3800-a0c1d6320e2a,train
b0617180-8a66-f72d-ffcd-b7d14e1cf002,test
946d07fa-eac9-b8b9-6b14-d6067b960772,train
def267a0-9777-3d91-1474-67a2895c993b,train
2607efbd-e14d-b3dc-dce2-c77375ecb442,train
c4c9bcda-f662-e268-996a-3587380fdb17,train
b16f1def-fe90-5ac1-b002-803ad22a4c14,test
84e8df57-74bc-e613-d095-1e0cbd3943a1,train
615bcdae-670c-6bec-bc18-e651c1c67f09,train
52b62308-6f0b-0a9b-2df6-0e1d0717b2e6,train
e8053fd0-b77c-6714-f145-3f14929308b5,train
60602962-8900-b6fe-c72d-93d12b5e8895,test
ae597d45-5e15-ea94-e83d-5a53e9b1d3ba,tune
dc342627-a186-0be2-707e-d45e597fc7f4,train
ded44354-a7f6-31fa-6dad-8b48859fe622,train
80030ff6-29ee-b686-51e8-055e8fd5e530,test
4f452229-193b-f98c-dc37-5841caf32f65,train
5f64540d-c6db-e612-783a-ea95a7af2f30,calibration
23c27403-cbcc-50d7-b20e-eee4288f6f68,train
1a758724-84ea-d627-a880-9386017d547b,train
b71f1fe2-2054-42db-77c4-63556ca00204,train
06b091ed-932c-95b3-4510-375d11fdfda4,train
f7962ed3-d0d8-6614-db50-f8168ef484e8,train
5516eeff-6e92-360d-ee64-7993b142a922,train
b2a4d26a-d78f-efd2-44b1-0fdc2ac58932,train
cc13cf3b-7b99-1426-2db4-57970ef93f4a,train
3c8934d0-3928-05d2-e0cd-7799eca4e2d4,calibration
4a1ab768-c996-e04c-af93-ece48e13db12,train
6d2a1e9c-6125-8c07-4683-5f2c18a618b0,train
335f8dde-f59b-b074-fb1a-7d58d2200f74,train
d182e491-3864-8ada-d88f-5c97affbbe38,train
0039acae-0a56-f52d-c353-cab117e1c304,train
f3c456a3-1b51-662e-2c6f-5e10b22ec147,train
7f4e188f-0fb3-93db-fcf2-7bcf004b4ba5,train
44509abf-e2f9-8741-bace-690c159024d2,train
85b38148-3202-2878-6cad-49d728b37b39,train
96c0e03b-e06b-d8c7-8793-0c4c942b505b,train
470d6f08-5289-c161-cb52-8cc4ca7221ed,tune
43f04741-8566-7147-5c36-86927141d2a4,calibration
af1d76aa-b820-7845-318b-30a00ba583a6,train
274766cb-1c64-ccb6-a182-4522feac3514,tune
63952d36-0b81-e13f-2b11-be24502d86c6,train
f1ec7a5a-48b3-135c-f28e-acda489218ac,train
6d36c809-92bb-7e43-001b-1210def99c4d,train
18699a02-035f-e546-84b8-376123e1f794,train
b3463ca4-f89f-70bb-db3e-612272f8760b,train
b24b525a-f662-a716-c5b8-d14119dc8621,test
7b7eeed9-2f97-f31d-6ae4-5c38285cd324,tune
381d8144-be40-5ec2-7d21-74b3983983fd,train
3ce68331-2e25-1f16-1d68-13789f8d36e9,tune
89d827ce-3a7e-35e6-835f-2f84b02fa226,train
14f6e355-e444-9daf-3724-0c0f1b9c06a6,train
35f9b1bc-332a-5777-4ab4-a462c9de901c,train
69302430-4ba2-257b-b88d-389c781271c0,test
2d1a0e8a-265e-a6ba-bf6f-a7813d89915d,train
5b381afa-c1fb-f826-98e7-d678fe3daf28,train
03333e5d-10ee-7ae2-3429-b261199b3ce7,test
80b9bb59-61ec-9896-fef4-506dd7e4bfaa,train
ad760057-3bf2-dcc2-6ea0-bd7ee924dbcd,train
5f5a49a7-370c-58b1-2360-cecc709dc15a,calibration
9d708ee5-8e83-406c-21e4-0ba26d05654d,calibration
72a35589-e532-539d-c376-a6dc9bbcf763,tune
2f3cbc5e-8985-bcbb-ff7f-9ba52327718d,train
1c4dc8e1-fa68-3107-f228-d07136c1510f,calibration
5dcfc31e-e4ab-e507-6c51-51888c2740a8,tune
90dbfe64-2632-c21e-7110-4a1a96759aba,tune
6e2898bf-4bfb-0d27-8462-cc06361acb29,test
b235d331-40ed-bd11-a99d-17ef13e8aeb0,tune
698a9034-1d55-1a1d-3fcb-50c4a97eb86b,train
8de871ec-096d-156c-fe3d-5994d1c76ac4,train
703eec0e-ddd9-a32d-7968-cb1663b80095,test
040fadcf-6a2b-ca21-a5fb-a28ce6939363,train
607db6fd-dda1-40bb-1a77-88fd352f5907,train
abd875d1-ec39-ca70-44f8-8109830630b8,train
b9d395f1-df61-b0ee-3f75-4a44edd8cae5,tune
62990bcf-de07-b384-5381-3a5174e52441,train
3c9f8535-f697-7485-23eb-28f82448fa64,tune
821f6ca9-3444-84c6-6f7e-cc4d116b9258,test
8215e61e-63a5-bc7b-e821-c9449a5f8442,tune
1f7a885a-7458-f485-47b7-16123a68e2d0,train
e4a2561a-0d27-5764-305e-d3e3f149b8e7,tune
66000ad7-00a7-869e-9946-f59174103f84,test
7609149d-e501-c467-0bfc-819bdfc1aa90,train
70c80895-25e1-ea4c-e02d-c937dab583da,train
f8b6835e-c4c5-35af-936d-c89f6cb95eda,train
4ce775ba-4210-8619-bcfb-5926633acb55,train
a0146b35-a4d4-e163-7322-da0869d42d71,calibration
b300a0dd-bcf8-22d2-db23-aeb63a1b9f58,train
bf85eeff-49ab-0455-21d4-4476d0d7dfb4,train
2772d2ed-5882-bd45-64ac-8eb93a352130,train
db98b7a9-c887-36cb-6b95-8fe11b89871f,train
26cf85a4-4bbe-44bc-3bd1-906fe5c0c9ac,train
06730174-9d58-e8bb-f330-9fef2fb8c53e,train
c3abab18-074c-73a5-dfe0-2b9b59de3abc,train
2fdf2f16-9d65-c380-c35f-ea8bc752d649,tune
7f478f81-83f6-c124-a5c5-86ef5a191e14,train
c4090ae5-599e-2fba-9bf1-79f9773c80b3,train
584b7d10-9072-3922-5637-07aa341748b2,test
c8f07d47-ee36-7174-2020-0e51bf79432d,test
a60d4ef7-d2f4-d43e-3eac-edef45f6d6ae,train
c1516254-0500-1bf4-bc92-8d990be40f40,tune
60a94911-baee-9521-ec90-e17f99542236,tune
1541cc3e-209d-bb4a-4e4c-303d37099d24,train
7ff9f262-8b23-b375-2dc2-3919520a7495,train
9f534c54-ccc1-0cd3-0fbb-f0cd6e310ec5,calibration
e4b1f284-e90b-7def-bfe7-3c2687b786fe,tune
310ef892-0daf-00e5-201a-907426e094ed,calibration
7b378ff8-8f97-b362-45f3-81acca9744cb,train
27279e0f-2510-29c4-bfca-96f9d7c2a757,train
080f1550-7437-c210-4194-6db6caec27cc,tune
ecfd5dfa-944e-4457-1e07-6e1c23cc7f96,train
23b9945d-7343-d478-8fcd-a628b59f6292,calibration
7de3d6fd-2a27-f03e-bac1-c6a20673cb37,train
f2947ad9-c828-9428-889e-9a0bbe3697b6,calibration
6e918a9c-a5f7-b30e-01e6-53c2d9d33762,test
c3b956e2-8725-349d-bc71-2f2ac9a5f50e,test
aa81d9f2-7299-5bd8-06b1-0657ce5ac1cb,train
a62b8f8a-e9a5-73b6-6f7a-9bdc56a280a1,calibration
4ddcb97a-6269-0529-8e55-c311a0088962,train
630fe39a-2493-4034-2519-d06b9e6a7f7e,train
0a23f8c3-bc74-a39b-d2dc-3fd74a9abe0c,train
6e0daa1e-67d4-554f-43ea-73abc81134aa,train
c2dd2f8a-40e7-2baa-3c5c-ae34481e3122,train
0ee903f3-32a1-27db-83f3-b6060d53456d,test
67c11ffc-5d20-978c-bf4b-c8af7d6e1954,test
b889bf72-4e18-ef09-0687-6eb956ded9d3,train
127c341b-625f-39de-a131-d215dcd926ff,train
a0afe956-8e5e-1ae1-8783-33cfa55b39a6,test
3cf2fe6a-9b34-8709-653c-f4f5f7daf836,test
be1104ed-d189-4bd4-d51d-c1e4608ce193,train
71ed4d6a-3396-ed65-ed7f-599e2c63ae27,train
7a16fb40-c583-d573-f492-444c4ebdf69d,test
9a4dfa8c-b364-df93-f05b-a252143b6e78,calibration
56b3a66d-6699-1bdd-25dc-d70cca6c9c6b,train
aaeefc87-e963-449d-b4c7-7816c5103cff,calibration
185707b5-894b-6ed2-969d-8adb7e5a1eb4,tune
f39a5ebc-0b6c-9550-3f69-3c5818da4ccf,train
582438d9-2d3c-7e8d-b48f-8979ac75d9bc,train
3a4e0d5d-e2d8-ed50-e2b0-cd67235e955b,train
410dfc34-6817-aff2-b12a-036e06e546bd,tune
f3cbd63b-36a5-2f5d-3647-d4f2548d4a58,train
86e25f6c-5191-ac49-ddec-2671d4f7c84a,train
12f96a33-42fb-def3-7293-713022d3d55f,train
604723ed-e9ce-cad3-956b-0ab8ece9f28b,train
7d42f3a9-c2d4-52c9-7064-289321ce6dd7,train
12ace201-be72-c37d-6866-42df3aa845a1,train
88ff096e-ef01-aaa5-ac7b-3245e530e216,tune
a88ba694-e59b-1b43-9cfa-3ea38b8ec6bd,tune
11075224-1771-eba5-9b70-e77f0dfa18f9,calibration
581345c5-d9f5-fc4b-c680-6316c479ca55,train
f71488fa-8b6c-bcb2-e758-e5492ff9d0f5,tune
d9e4a74a-7f3c-7c4c-ac96-f1b0e873c0d7,test
d83258a5-44e5-7685-5aff-bf3078bb2367,train
d9182f7d-fe10-9ccf-2037-42af04e45680,train
76c8bbcb-9d0f-057b-8a00-14b195ff9607,test
79c681d2-bdea-62d9-37ff-0f77e5156356,tune
ca74f212-f433-519a-da11-765487f6f561,tune
9d04c982-e0b7-ef60-47f9-506bb90faba1,train
8bfcd993-8187-79de-7db5-e33b1a15ec9b,train
83ad7a88-f922-0af9-46af-699f116cd191,calibration
3cef298e-eba6-1c0d-1ba4-1eb2f70bfcb1,train
1e217b29-87d0-cf5d-b26e-1d8d04c8ce93,tune
edab45e4-6d3a-71ad-84a1-bc86cd3f0985,train
20ef2b28-cebc-03c3-2996-15899a673e15,tune
da612e66-9df4-0600-ca04-1b7e7198b974,train
e7a0d063-51e6-fe98-2fb6-ee29169ee6d9,train
8fdb0d4e-fc41-34a8-66e3-5f4e1338d5dd,train
d66facbe-0784-0e4f-a4ac-7bd3b19f5eb9,train
47f7383c-4b27-43b9-f667-db9e9ca8d857,train
c7c4c096-0738-9759-ceb4-51de1e9ed793,calibration
7e6fa1f2-3d08-ca7c-6d06-e68ed18a96ac,calibration
f7166a65-62df-64be-95f9-85b8a0621c9d,train
94e5f6bd-6fbd-b946-abbd-7c11b1aa6699,calibration
0b822d58-c921-3bd3-fe7e-ddf8cfae7751,train
21871cf4-726f-4cc7-33c6-0056307c441f,train
8b36b377-830c-d4b3-337e-aafdd0d2bc66,train
b874e39b-b100-8b89-9109-589dae5219e0,test
a0812f9a-3dc9-2d99-168f-0745b68146c0,train
3eaa08cb-c865-0dec-a98c-70bebf488d94,test
cda65825-d12d-d17a-3d46-5720f4ddced7,train
af7d1a25-e226-d48c-e970-30ce92c77f9d,tune
b133a46e-d3eb-56a6-b8ce-820483d84d26,train
aa5fb24f-8bbd-a701-3c83-267c9ae6a46f,tune
e2956031-f188-4c23-be0f-aaef8d36f267,calibration
ce2256ff-71f6-cab2-ec80-89b7e032e5e6,test
b6045844-ef4d-6cb7-139f-9f474a287e7a,tune
fd97269e-a6d7-58cd-7e42-e9703ebe6ecd,train
c6a12048-19d6-a0c7-98ce-7532632ba016,train
c8e73bf8-5f1e-f867-2927-ed7b43923c01,train
a3c300f1-a5d9-be9b-07e0-92d7f2db60f7,test
76f7e4d7-a189-d0eb-f8c0-6982500b8634,train
182112f5-170c-9bc8-d6ea-675ffdcec6a1,train
bcf3bb7d-16df-031b-df98-f2a2caa0b45c,test
228dbabd-c1d1-fbbb-b329-0d8c71ac106d,train
d51640bf-7f4b-15f7-4f7d-0dfd55cdbed6,train
c51afa8d-bb11-e58e-698b-272203b828ab,train
b5f4006a-3b98-29a8-435e-ba81d8025979,train
60cf4c72-ccd5-1535-7414-03c8f47b8ca6,test
efda553a-b944-b6a9-8f89-a6275409cac9,tune
6de04b43-056a-d102-f2d7-ea4871a20da8,tune
e0c15bdd-e0d8-31f3-b0a7-11f8316f959c,train
c750a0cd-323c-2a2a-9a17-f6ad3318fd48,test
87173572-c727-e985-fbdf-f2579e232b3d,train
7aafc1bb-c705-a844-0eb4-2dc9d1c3d511,train
841f3d8e-e72b-ed42-967f-10b8bcae9474,train
f9e2a147-6158-2563-0776-051d1a6d374a,test
0069f8ff-7f60-c92b-1194-53539f9cefc1,train
6d8039dd-10e5-1d4f-20ed-124b55abdeb2,tune
f056e701-d265-caa2-cd32-a670d922abb5,train
43b543a0-1625-0b2c-89aa-a8c5ea66fc0d,train
ed2d5f73-b8f2-3e49-cbe0-a768a445ba72,train
cc4e0694-c8d5-70b1-2821-f139df59ecb9,calibration
10464938-cab4-7e47-f654-fdd0b7e36682,test
25541c4d-cb8b-4662-a93d-53043b33178a,train
4e32f745-597d-23bd-a279-b8d3f371ffa0,calibration
c76680f9-a44e-dbc7-ee74-c561cecec20d,calibration
4ff7f59c-0763-09d7-d22a-036add830dc0,train
f8c0c6e9-c224-9a54-b8a6-8b56e18955c9,calibration
fdb0f273-cb7b-c7ed-3db2-60403707c8f8,tune
67352419-fe7d-60f1-c118-41c135343ad1,train
5d973118-ac31-830d-adc5-fbc99a32207f,train
2bb0273d-fb9d-bdc7-72a4-4b30a5d32801,train
f26225c2-fba2-e1e0-2f19-5b3c51fc2af9,train
8e87b07c-3240-25de-e351-f809a65a8732,tune
0cc39015-5f24-66de-b600-50336f4d6641,train
0cdcd4df-48b2-bd17-e7e4-02dcf8c329f4,calibration
e6b2f4b9-420c-342b-a0c1-13eabee10d07,tune
e81ed6bd-9293-6843-7822-9844f9d41898,calibration
59ecb31b-0f4d-a3f6-f417-80ca130bbf69,train
0c4c93df-ea75-79ed-3f2c-a5e5567a4d64,tune
674ebe43-b460-63b0-58ce-15c224a13363,train
8249a348-2da6-786d-8c44-f79b25f02ee4,train
d1f4c87a-40f3-b649-87c2-2a2fd6cec3a1,calibration
0e8a054a-7bc7-c692-c84f-1db2a0d10a58,train
fe1a9adf-106b-c75f-482c-bb55ece32afa,train
f8dce8f3-f255-4df7-d5cb-a79712450daa,train
9853fbd8-3fc7-aa23-68e6-851a3dc29c94,train
0843662a-705e-cc32-c378-9362195b81e4,train
887bdaba-7d05-1b5e-3b5d-310633a23dc0,train
b328e698-2061-e24b-8596-890e9c6193a6,test
259b15c3-2a16-fa70-3ef7-b84f51f50cc1,train
49393362-28c4-d0a3-4ab4-dee37b3672ed,train
acec1ea5-de6d-3a48-3271-4151a50991b4,test
73f22b3c-805a-746c-cabd-043526002466,tune
262171af-d932-67c9-cb78-8a06cca88ef8,train
a1966109-e41a-2f64-2ffc-2e84f4c36242,train
13d1c4da-1ffb-800c-56f4-1f314d0e316c,test
a7354ac4-eba3-960b-e8df-55a64f995f80,train
e452ff0e-df0c-f8a5-2a77-0796caaa246d,calibration
fc32bb35-49d7-8953-5fc4-dcf743a01374,train
55a435b3-87fb-0201-5eb0-4dd9b3026707,train
82776442-1779-d3a4-30b7-6a5e30bacd23,train
08a33d58-4906-d0bd-ecae-27dc06e97370,calibration
c23ce936-3d61-6192-b730-c5905029f50e,train
3af37d5f-9a22-1762-0dab-a5f8791c4a24,calibration
8be08aec-da5e-2721-1f81-f4ff1dc16b1f,calibration
79fffbe6-5abb-0f5e-2b21-ecaf8281ce75,train
521bc29a-495a-7b67-ea03-5f4f04fa7d66,train
58de44bd-ff9e-5b1a-2d14-bfb8dd0e6c99,test
bd7291f7-06b7-aea9-4c77-21ec0e2ea836,train
9c431150-856b-50d0-15c6-0e2f921477c0,tune
706e04f5-85b7-6e0c-4941-83815f4248fb,train
a9a9bcf7-5297-d4e3-d72c-d14b8490d242,train
a2acdb7a-4f78-060a-ab2b-b23c9073d545,test
af883122-75d6-8e0f-3846-08e8ce4f9506,train
45c3ceac-db15-8dfa-7094-a3cb72d0cb0e,train
b462d7f5-a399-0021-a3aa-ae78cc51283e,train
8bd88a20-ebcf-8a3b-6aa6-7c7218582f99,test
3b345c25-0fc7-b535-c2b1-887e9f3c3692,train
fa9bf792-0b5c-8d2b-7a3c-fe8cf354e039,calibration
a79a0cad-4807-80ee-6570-71e5662cc52c,train
c1b5a5f6-7f46-cbc8-f642-b33db6e46eaa,train
48aa757b-40a2-a901-4781-8506e7ae73ae,train
4d32d938-18ad-1361-8ce8-ff84972710a8,calibration
2212a76b-1f4e-9f33-db04-fc3548fd3342,train
590d55fc-a3f6-9dca-1563-7c5f10c35b49,train
fc7bc18c-75f4-ea5b-5d84-28f849da228d,train
d20cda46-13f1-320b-f526-596f5fc641af,train
5aada4c3-b05d-d83e-e02f-979a6d51a070,test
4d142510-52ce-f8df-b5a5-b54878645358,calibration
caed8eb4-77fd-bb46-0f64-231aa4baba71,tune
10727371-142b-e256-0f4f-22f5daf4a1d9,tune
c02ca148-bb3f-186b-7a67-58b85fb1b9e0,train
f94b35dc-4f1e-431d-6705-d4ec67947b64,train
c9dee6b7-0f58-51d3-109a-748311c7a20d,calibration
2b1813ab-4ad0-8872-fbde-9a4385026949,test
1ab6ca48-5daf-6a4b-7929-d802145f85c9,tune
a2f02d7b-d11d-b2eb-1e0d-a3204e49623f,tune
9f31f9fe-ef3a-7cc9-36be-fa9c493eb2f7,train
95b39458-397e-1e56-d53b-ef0f988d5a12,train
7f5b08a3-22e1-72dc-a4ac-d14818cac90c,tune
7f6bba42-c72c-f2b5-a4eb-41cc3f3b52d1,train
d351296c-e9ff-4381-6b9a-f52838280ecd,train
c4fea83d-1513-321e-1dfd-8be0cb07ba5a,calibration
f63831ce-77aa-83e5-4e25-075de33218f2,calibration
903ccb9e-5cb6-5c99-c363-d5290fc2d8c2,train
6555c90b-8b99-3820-c61c-85e80177c502,train
60685cab-f741-fd28-ba1c-4e33cc8abb98,calibration
29d07089-7815-1463-bfc0-fb92e6d10ddc,calibration
a8525f70-fd56-f7fd-68bb-1622d49aceec,tune
f9f05f30-6eff-8114-9db6-e224306e9690,train
bac5b2ed-30ee-31ee-505c-75a21a35a31c,test
5897ecff-7a3b-d55a-98a5-48b25b4dadec,train
2aa5dfc5-1719-dcba-6943-d519b80e9b1d,train
ad25c4a1-5432-e269-9803-1b9e932d4cd1,train
36faf281-339f-ba5a-09d4-275622af356e,tune
96673384-a9bd-d5cb-2769-0efc18fe70fe,train
d0fa7029-5abd-776a-ef76-b4d57ec06592,train
a68c94ed-3e4a-e119-6b97-0dc7c9637220,tune
98038dd4-accd-4208-bf60-d0b70dfa98b9,train
1f95a759-2639-48db-30bf-7b6a8a9843f1,test
e8cc750b-046e-8869-b8c3-8593f9b59278,test
c6f1f469-9087-b551-6586-c8d69f22202c,train
142ee7e8-44fb-7009-fd78-2153ed35c4dc,test
421901c3-becc-d561-9778-e2b00626fd59,train
8b957a6e-c052-2d6a-c5f2-79ad18ef339c,test
640dc045-413b-f7c0-d8ab-8303ec37cdfd,train
af34be19-47f5-3010-2c6f-bb6fa24e752e,train
1192d94f-aff6-d1ed-1af2-a85084c6dfdf,train
12ae7a37-c4b2-afa2-606d-107be25a73f8,train
44f15154-0a52-c558-7ae4-e2f7a6954fee,test
86c49b7c-953b-3c36-79e1-25126c9c7c5f,train
faf80f39-ede5-a3d5-ff2c-0a558b23e91f,train
c57263b3-e48b-b427-aafe-945c47039480,train
34fe1077-03c0-617a-4fa9-0274331f1e5f,test
9ae62797-4ec4-b63b-5641-fa6b73e76457,test
83a6dd18-f88d-508c-e594-cae23c363e82,train
037793bd-7aad-ff51-9078-ffbe098c07e0,tune
7fdb942b-ae8b-bfd0-ff44-693cc6db64d4,train
3559532b-c1d0-c82a-a19a-d96e6057f8f8,train
e75f4c20-7f6d-125f-7c91-8519e9452d41,calibration
1ed6d148-d499-c7dc-b9e3-c3c1e55dd031,train
ac937cbb-44f7-df3e-e1a1-f2664e4bf790,tune
839abb2a-993e-2477-5109-2037259aee07,test
9586e2ca-8fe0-6b98-e929-29190cbecb4c,train
d9f80e74-18f0-dd08-9a0c-ed150e58471e,train
93c1faac-f050-998a-491a-4f128e673e03,tune
be6aeaee-e1ac-48c3-9ae8-70997d43057b,tune
73d000f3-ddc2-9bfb-aa7c-14505ae65a50,calibration
053da95c-2f55-8efc-ce1f-0317a45a9ac0,train
ecda1919-760b-b734-39aa-afa99d2d3bbe,train
f70d386a-f93f-f47f-1c89-c5a88563080e,tune
9e6f48b0-dea4-cd51-70e6-72d8de529ede,train
08363ecf-67c5-feb2-c514-5aabd753885d,train
db770bff-a5e8-d4ee-3ac7-d8d7028a3093,train
4778a930-dff4-efd3-fb5d-dac197bcc844,calibration
75943fd2-161a-e70f-ffdf-476f3d7bdb32,train
0bd04a71-c437-0fd5-bcd9-6016fa14340f,test
ad011608-7bde-1326-d5ad-a79c44754895,train
c3708057-5ab1-41d3-d995-93f1d3433dc1,calibration
8f67554f-8d5c-1aa8-eac0-f870e7c81727,calibration
d5fb3763-1942-24a4-775a-2d0e0af0e3d0,test
0fab14eb-8cbb-f372-7652-165488908c57,train
fb78f813-ce8b-a93e-2a5d-df95c8fbce59,train
f648d98a-9136-817c-8709-1fed486818c2,train
af6e895e-bc76-11bf-b179-7671ca0555ae,tune
949d1ceb-aacb-4466-b906-20ba74f0c857,train
42f41ba8-6aaa-5d31-7499-d5b83fb6b33b,tune
61def6bb-f999-e091-dd4a-b44b06b1ef05,test
2d92fc47-4df0-948b-2f0a-5b011d35b932,tune
c657322e-0dd4-707e-1dd7-8f2cdc95831e,train
b38437ca-2182-e82d-ce81-75282101e343,train
926afe02-05a5-3270-5c7d-8cb564c8205d,train
c2cb8352-cd11-a926-bdf8-74a7f711db82,test
e381d91d-7be8-ec3d-7286-78951a96dc22,train
0669d77a-d8cf-a535-7302-e2cf10c29df4,calibration
71ce810f-9b7d-c628-adf3-3549cac62d54,tune
2350058a-d673-d2f7-82d6-745229ca4e99,train
6ad1f6e1-cb51-79a1-d66d-1f5552a3fff8,tune
52340ddf-46dd-a714-636f-6e4f35f8cd53,calibration
dcaf608d-d427-edd6-c673-5fa4a262bdd6,calibration
5e8438b1-187a-b7f5-0afa-f2e2b15af684,tune
c7f7c17d-bb90-1f94-6805-2e196234cb2d,train
8435d81b-72e2-c770-009b-23401379a92e,train
f5afbe55-b7ab-cf31-5f1e-2a6b5df1f2c1,tune
c3e4fdc6-235b-f487-a5b2-bf0fb7008272,train
aabf1242-b9e7-a7be-bec8-ce86aa15e2c3,calibration
4afae131-76fb-f4bd-757b-5d393acaca9f,calibration
2206e4aa-72e8-9c7b-0442-9b664447a4e0,test
ffccb990-6adc-cab5-79d7-6812ed7399ac,train
f013c8da-1cb6-92ad-0a5f-fb2e3d46c6d1,train
f85c58f4-69ae-12eb-0526-ca5adc6e55de,test
d1669ab4-c575-e9bf-c22d-8bb90831d704,calibration
84cf6e58-0299-b61e-1715-8ccdb897cd78,tune
17bbd052-8e4f-c5ea-672e-71a14fb60184,test
6ec8f86f-7cc7-f33a-1255-d68bba7adf3c,test
354fd1ac-7a85-cee5-2476-a220e5b498f1,calibration
7b89dfb9-5b4a-a68a-a7d7-3722160e2b16,tune
73e979e0-0820-d4a0-03a3-b8255a104b7d,train
38dfdc8d-df2e-b2ce-8c0d-93b4ad49e7d4,train
702071ed-4b68-83ed-58d8-f259109d0a21,test
976c070c-2fc0-67b4-2ef3-b35ef99584de,tune
e4cafd99-4e73-c8dc-1f6f-6b061254c071,train
68625efc-01ce-c7a7-80c1-b3bb0421ec90,calibration
e7ec8ae3-1918-0f73-77ec-0eb8776eef4e,test
ff993691-29d5-0796-f22a-c177608e7980,train
a0fcb3aa-d336-57a2-958b-ff5c501b8b08,train
6d4b19e9-998f-bd0a-d49d-fbf589d996a4,test
30a56a0b-4cd7-e96f-0e39-aa78ffc553da,tune
e3ee0f67-47c5-09e7-7dc6-9beaaa34d410,train
ee31e9bb-a47a-281f-d8a4-64b41fab5b6d,train
7444d8fd-cd7c-83ae-572b-d73f78a74dae,tune
d53836c0-e24f-5ab4-3c79-84112b4aa35d,calibration
86eecf94-a11e-da0b-15b7-e12e486c4c4b,train
afedb90b-cc92-b015-5f35-f04a26232916,train
7f260d55-9f2a-aae9-81de-58304b4107e7,test
2aacf96e-a5ce-1159-9372-b8904f04ecd8,train
7622a185-408a-1d29-3909-f14f11cc85ca,train
1371f8d2-dfa9-e312-7b5f-2f8e994c30be,train
9afa6e83-2efe-e158-dee0-aede3108e5aa,train
3be7ca0a-bab1-01d7-dd89-27a33d60607f,test
e5f49602-257a-43df-c997-036a5e43de92,test
17633ab0-a791-83b9-00df-d06aacc522d3,calibration
ff61e5fd-84e8-78d9-1d8a-619c971ad01d,calibration
95b6e7fc-d8c3-ab8a-d293-fc5a7935acfa,train
b191ec55-25cd-12f2-87eb-d2e937efc176,calibration
54443b56-e0a4-7041-4679-7114604a2aff,train
19da2a04-6365-ca73-c7c1-e4fb6978f1f7,train
377c974e-607b-eba1-c52b-11fe504b5bf5,train
06329dcb-9745-ab11-050b-583789d3a9b5,calibration
815a9f3c-e3cc-8bb1-c4c4-25d206d47908,calibration
c032c74c-4cbd-77b9-76ea-f4a82445b2d8,tune
5bd709e1-8105-9a2a-d7cf-e0262f286533,train
e7f32e3f-a503-fa10-9fbd-b09e27fc20e3,train
b7d5c30a-5183-cda3-a9d0-aadec6e4d50f,train
cb0f5dd7-7f49-2cf3-2efd-2fd89b8a00c3,tune
31789b4f-1f66-0ed6-0ec0-32980aec5e86,calibration
fcb42573-20de-b134-6f89-cea6d1bafdba,test
a492fa8b-c36a-d459-e8ca-7f6cfeb705ab,calibration
cfb601b8-50f7-cbaf-fe6e-d10c717cd7ab,train
5eee394c-2bd9-0fb8-31df-9a9b8a746c8b,tune
0d7e39d5-3738-d328-a339-f53109b838a3,train
773265a8-795d-5c33-49ea-8547d4d5103b,tune
8e1a79a7-def1-ab2c-e084-724bfa98a156,tune
129b210d-5e32-6978-a7d3-a61cb61bace9,test
6a420459-e19a-0ba1-2d2a-4f0d8dd2bfe1,train
2c24822b-7b2c-03c2-e30a-90e4b9f46742,train
b437279e-0c79-390f-31e8-6135530ae22f,calibration
f864a742-db56-9823-0ef5-2c98c67763d7,tune
22f46f8a-b291-c8b0-9bbc-ddd1e16ce50d,train
baa33639-1dab-d97b-56e6-97a293599f9c,train
27a3252f-47c2-d5f6-7c1a-3137f84ebfb4,train
8ea36498-fa9a-4e0a-a630-7ac8fe454552,test
c2d42d9e-5222-7237-29dc-7736f5035b73,train
de4f2d12-6398-0c54-6c54-cccaddf3f0fa,train
0f30eba1-ef8f-f708-ea41-3d658dd4e9c8,train
c27ffe90-4ede-0b51-3321-c66cdd6f6265,train
d5f0e744-d1d5-c30e-3ae8-0b40836ddd2a,train
bf0b9e28-7d8c-944d-c6e4-e24b2266e192,test
c962676a-9bdd-4cbf-c0f1-2f236c4b6139,train
5b4da476-590e-b2ae-8487-12b7be44cecb,train
ffac1cff-8875-11e4-6e13-8a0b5bd53c1e,train
b2f03b1f-60c4-4f51-07ca-447050066fbf,tune
c90ad761-17aa-e820-0834-ba39681bed44,train
d247bb2f-eb7f-3c72-f0d4-07532e0ff127,train
8195ae80-c37d-239c-9151-e44bc286d98a,train
c65beec0-c81e-cf32-4044-98a149792e3c,calibration
ba0e1439-a4d4-69be-c94b-6c42100e0801,train
41f7d64f-45fd-432a-ca11-6f340b39e83f,train
941fa43a-69ec-f03d-c43a-0625e37b9580,train
be5ccf21-e54b-7063-1308-8605a17dbdd9,train
3e92dc03-ba35-55ea-3277-52353923abcb,train
ff91677f-2589-8d4c-46dd-0acb94492f1c,test
f18c428f-52be-0b41-c346-06105af7f1c1,tune
9e9fd45d-5cee-e3d0-53b9-f078c9061449,train
962ab0a2-7f05-5187-bb20-34d20e7f5e7a,tune
eea03c4a-0fca-2cb6-f8b7-e313dd95937e,train
c08d8913-84ab-2482-0234-cc9b17cb1a7c,test
efe25667-dd31-7988-218e-4e636df4c524,train
8bcf122f-349d-ac56-b05f-50bb100891c9,test
0b97cef9-279d-3b9e-5dde-393b56d4871f,train
3aab16b9-d64a-786c-de77-cb4ebdf79af6,train
03e538ca-e047-f200-7d68-0dd765b46062,train
8d8b409d-c0a3-ce47-468e-e3114c467a09,test
0d127b1e-0780-b6fd-c2c3-e92e845dfca9,tune
24fe19a8-4d80-2adf-9261-5d4d0f345c33,tune
8bbf9367-3a48-c5db-418e-37aacf894f39,calibration
64152c13-8a57-fb34-37b1-07999cc80dec,tune
6255fc4f-b55f-9233-4601-428917a2b5de,train
510f0b07-bc8f-5603-6ddf-8c1b695a3bdc,train
97bcb704-f728-ce49-3d12-a995609a6170,train
9db7ba41-75a3-689b-cc92-addd1de7a370,train
ba73cd7a-596e-f1e6-8109-15244a645688,calibration
a7f9443b-ccc8-cd46-e560-df5271e396e6,train
3b7e2221-43e6-3dc3-df66-3a3da32a10ee,train
0d1d3ba2-649d-7dd0-d66f-48acb581c48e,train
238dda79-ba2d-1351-8c16-2a26207fc7c3,train
73c0ce9e-5c24-8191-77a5-94070d6ee341,train
8f8f861b-8556-70ab-25a1-eeebf636839d,test
d44fa377-801c-d47e-caca-aaea17fb0f47,train
6c4bc81a-9d6a-1990-aa91-74b0715fe7d2,train
8a475b5b-9b9c-feb2-c9e2-55d2786eee17,tune
8060c12d-da76-3d38-eb93-a69d7619360f,train
1d5cdb44-909b-6106-f6c8-7667c4fad7d5,train
4b9c2e83-163c-ca88-1e13-cf1e1bd0f5ec,train
11ba8e5b-abdb-3fa9-3f95-794cea1f5574,test
62a10d5e-a309-2bc5-cd6e-8ebef6e74223,test
6751f945-631d-71d7-a53f-669e12811cfe,test
3f0ff079-36f4-1e8a-e500-0f4192f9621d,train
87e106e6-9579-c162-f771-52e5aab23f34,train
8ea03333-cf2d-9d26-15ff-4639fdbbdb00,train
eb9c241a-56db-4948-17ea-a8d0cc5db958,tune
765513f3-de81-afb3-81bf-53ef7d8ba7ad,tune
3a786eb2-6e74-cdc3-6669-fb6a84593780,train
de9531a3-6055-e8dc-460f-c2f61152c5b2,train
6ccecfdc-160f-4d61-80d5-84e5b7ff2c0a,train
bb6740ab-2c3c-b7f9-b85a-8b2ef3343a83,train
90a0f894-7fc3-b6b8-326f-a72527b59582,train
22a06d42-0254-121b-3d07-1e958b68b862,calibration
42436856-0179-e174-5ce6-fe08a78c8b4b,train
605c9765-136a-7046-b904-627a853b281d,train
59fed20e-632f-aacb-e9ee-a121d38e612d,train
4753f3f3-7030-1eae-2ea3-f8a650be2143,train
2be99782-4665-e18c-101b-129547e0e555,tune
92336b2a-51ce-7ed2-395c-d877afa669bb,tune
b865958c-8a6e-f3c5-7a68-8765055b0c9d,train
dcf73bbf-5f35-d66c-6d40-e258c73738eb,tune
921ae893-3302-4811-7dcf-0cc7a1ea9efd,test
d94464c1-0f56-1401-21b8-317ec2a25fff,train
3ade90e2-8b02-de0b-7230-03f1b9e61abc,train
3d14022f-bd8b-0cce-5b97-5000e082ff4d,train
a971cfaa-4d1f-17a5-bfba-ca99fdfd6a8e,train
cd92c96d-93e5-d1a1-854e-b05b964541f4,tune
05067498-cbe7-865c-6e93-462174a6d6a9,train
4bb0140c-0adb-b713-063d-2b14da6a7ba9,train
d276dc2c-b1f7-6dba-db59-9cb843dd7b2f,train
48f7c297-ed65-5ddd-88c7-024a03e26605,train
b008a931-8dee-b8b5-86de-97ed8719ee68,train
d4c65035-cf34-dd90-cde7-65824c074dde,calibration
0fd7bb63-7eb3-892f-0cfe-80c28463d0b9,train
5ea189bf-3aff-66dd-31ed-5b601a3d09c6,calibration
09fb052e-85f9-a576-b676-7f695a4eff68,test
8b324065-3e77-9567-5129-2afc6b70ba19,train
a032d7fd-089c-1ffc-0d4f-81c149b7e56d,test
aa2f1743-1b31-97c7-3097-797f46e43729,train
b6d33e2c-3de2-3e39-6854-d78e509bd096,test
45da898c-d2a6-302c-02a7-6951de24ce3f,test
1860ff11-31ac-9b83-1feb-2ff8f849905c,train
310e1f11-12c0-8602-2533-7221dfe2a7df,tune
ba20a6a8-2469-dad3-47ab-46f4dd6cc552,test
9f39ceab-9886-d6d8-dcb0-5d11715789ea,test
1549ebe2-a560-7dc8-5e4f-e6e4f628abe2,tune
97b2f27f-691e-d27c-656f-cd9d12b1e48a,train
56872627-3f48-75f6-942e-de355690ddf8,test
f08c71c5-51b3-57ef-1bb1-7d8a34082a33,train
7c008939-8995-5126-13e7-6a0bcd362218,train
5c31a204-e446-4b51-8763-b761fd2e5feb,train
07f0bf61-ea79-184f-8ccb-90e75aa511d5,train
f5150e03-c56a-d8bf-0c40-b23778eda276,train
ca6eaa68-9240-3104-9e83-5272e5b7c9d4,train
0f1c780a-4c13-cd97-fe2a-d4fb9cac902c,calibration
cf9880f4-8b3d-48b4-3357-4d800c78a895,calibration
30733d50-d3d7-eb37-30c2-4b5b92c5c159,train
b7b64c1d-3cd8-a556-98c5-a14730324423,train
fdb8a33a-9e5c-b4cd-77a1-d9f24da8d683,train
86e3c6f4-f723-d3df-ff09-f399349971f0,train
875bdfe2-e28f-e7e6-d545-4b508466a345,train
4c173861-35e5-c6e7-a8d4-824f59ffa6c0,train
a79e649d-ae90-359b-cfcc-7554265fa7c0,test
b4277219-d5e7-4b7c-2010-22b289aac826,calibration
25b3384e-0b59-cd09-c853-c9c2f4ef9f18,calibration
73d28779-5278-7358-4ce1-8edff14584cf,train
d793b024-6e1c-8cff-10c8-c354f2914580,train
66ea66f8-df5d-7cc0-4209-3dcb1fd4d3e1,test
677c54c1-9bf9-d2cf-5e04-d9f7300fe40b,train
1e75bb48-e822-e067-3991-b7d6bd4ea608,train
64757d62-db59-47fe-c5b8-d2a276ad0dd4,train
68d33934-0bf2-8017-9170-52ef3bcd2233,tune
f1786f1b-2d55-1ff8-f350-efa3bdc76a6b,train
f6082cf6-9b5b-1a67-aec1-bbc2ee72681a,tune
907c48eb-458e-df61-f359-41ef645697e1,train
ae712179-3b2d-ad0b-ae83-d8cad4c24ae1,train
b0d33238-44ab-264e-3178-e37e5451660f,train
7660f169-bf1e-48d4-3bdd-469fab196239,calibration
52f8e3b1-ff04-a354-cf06-218fe6cd7dff,train
2303ee16-3355-af1c-907f-5855dae0c476,tune
eb6f0572-0fe4-416a-ef10-affae48b5af5,train
d4ad7ec5-cdbb-dffe-431d-b0f9099ffea7,train
1789bb2d-31b3-0dc1-5925-69abf2305039,train
0ef0336f-6ec5-022e-c83e-91286cd1ac10,tune
4d4f09e4-3958-9019-0557-1c2334e245b8,train
9fa814e9-ff7c-0bee-d2f4-06cb81c38e82,train
c7bd51d2-4ad8-e088-b290-75a6624e26fa,calibration
b654eb8a-5dba-fb35-d392-917c23068a8a,train
2bbd848c-f815-fc31-0e67-618de66c1c73,train
d8db88c0-2df9-b981-a0d1-d476e43cb8f5,tune
8be90f93-832d-8754-e141-00896091b08b,tune
3b2d1a74-52b6-7b8a-a396-dccd4a9ae3f1,train
8b82178a-916d-8a66-75f0-caf13d93f1c6,train
52cfaa7b-ac78-098a-1345-490fb9c952e0,test
f5c55eef-a1df-d201-acae-d381f9194a78,train
65501a3c-b7e1-0f7a-4738-747d00c86d1a,test
03d4d13a-aa48-acb3-ae33-ff7c1a8503c1,train
92ecd70f-04a8-dcb3-3515-43e7a892bb4a,tune
fc8a5715-af18-b840-50c0-5b6bbc9488a8,calibration
8e1ea8bd-9448-171e-0d44-338e2a3f84b0,tune
281d6973-0361-4f14-8256-0cc5bf76f7a1,calibration
beb20222-cacf-9da5-b320-fd931db0c92a,tune
466df514-ad96-db84-c4f7-8d1917da004c,test
750ebd97-41e5-e805-a66e-19db5c777b96,train
f5833716-52fa-0a68-4436-c5f4257065b1,tune
a82e6bdc-c13b-9027-8744-9e3177143fc4,calibration
761c1a6e-fe03-c548-885a-e514bf2496bb,train
49c66254-d92e-9279-70ab-e8aefda7dee4,train
416383d8-655f-1730-2430-d1cf66738cea,train
399fb2c4-fc8a-881e-8d5d-81dc95ad80c2,test
053056b4-5afd-666a-461c-80d5c3d34f29,train
2acdf7eb-a276-ddda-85b9-1701ce3804ab,test
db2501d5-7229-4380-8e45-55075fa79638,tune
1e715b09-8765-ff58-915b-5720439a00b2,train
ae1e6f17-e930-df88-3e10-4834bc5dcad7,calibration
e373b6f2-1026-5508-9262-66259433c7a6,train
009b5c34-dfc2-559e-d2dd-8b77e9a10b06,tune
173a0084-88d7-4bf9-0ee5-5ad829a646fe,tune
b6f28d76-6d69-3384-08bf-bd829f2eb9cc,train
c19968b2-edd5-d9ff-e169-bad96dab0588,train
785e9dd3-a236-d7ac-c447-4a2c3a582066,calibration
94d616e5-2ee0-a8ad-dab2-93cab4d12796,train
08f886bd-2cbc-8ea0-2f8b-2b00fb366e2d,train
3e52e489-9aea-7638-9716-b86e74cb4bad,test
24aef44e-8374-65a4-5533-96b2d6385f5d,test
f5c02a70-44ff-14a5-280f-ac54ce4c9d54,tune
e63b7e7d-d573-7a49-0a72-f54ea7835d7e,train
f814d747-513b-a14e-ad29-d173c7366950,train
d531441a-b3cb-0d97-16d8-f554617ad89a,train
08aa8f2c-03ba-8748-6f18-37b17eb0ef3e,train
e0ff2119-3754-9a5b-9af1-5d8f12f28442,test
a2a73b53-3e22-6ef4-7aac-50e472dcc570,test
c5e72b36-7aef-22c5-ab0c-b512b2e9c2a9,train
6aa1a760-8bd2-5c4a-49f2-a62c0a27db7f,test
7f90cb44-e909-fdf2-be55-b0bf39ef74dc,tune
13819fd5-3fdb-248b-e0f4-1a0e2c14a1e6,train
67a04ee4-bf80-457e-0f7a-10ef053aee9d,train
342bdd3e-4ef0-9f79-d398-9ff2d09245d6,train
c948e111-c50d-69d1-2d9a-06c4722ce521,train
8f30515a-15c5-eb00-7685-d9b949c7838f,train
e5a5a85b-af00-0acb-558f-d46f6fc49832,test
528fe45f-c8c1-22be-3bc1-7e27691e6d78,calibration
e8f7ffcf-45a6-5060-07e8-c72f59d38a83,train
4f336e74-c564-9950-eca7-0b2f9bac60ef,test
fc160d55-49f8-a2c2-f1f0-4b4cf1034bb8,train
e358f866-650a-fb74-9af4-40225e539943,calibration
5082c55f-9e73-9cc2-4bf2-9df3a5144a9c,calibration
534d997f-12d5-6a04-9bf9-6c272f49830e,train
b2f69903-cc43-98f3-c068-89ffb0dd619f,test
7549ba78-87f3-f16d-3097-293930c3eff6,train
5aa37e12-1850-17d0-7795-1b118a4aec38,test
e1fd5174-17f1-3577-c240-8ee826239796,tune
9cf13861-b45e-19bd-80e5-ab0af9f863ba,calibration
acbf5ebb-15ae-271c-0b5a-215f625b828d,train
388639b8-c65c-a1d3-905a-86609185a0a3,test
c3d51a7a-affa-5b39-c1bf-a6b233f2d8b9,train
d5eef328-3598-add2-d49f-96ef8eeeeb30,train
e48ee431-63bc-a783-9bb0-df8236db8073,train
50421644-22e7-8698-fd5b-d101c414daf9,train
9f7bd8e2-f4a1-5922-291d-19fab506cf75,train
45950271-6b5b-18b1-226f-1b1692496483,train
d36f3d6b-0bf6-5233-0406-53e83362c08a,train
acf01944-e57f-dae0-8819-946093dfa3f8,train
c3cae809-5a96-7b5a-a5cc-b23069f340d3,calibration
f29beaef-ce02-2ea3-3cf1-851b87ed55de,train
f9a39aa8-c10a-8ab9-d00b-210dc3e0ad07,calibration
bf6f34cb-a474-838a-a22e-2c727532e7af,calibration
34b252f2-b2ed-e869-f713-dbdcc6e8a297,train
786b6097-f490-08bf-7baf-dfb0acbe1f39,tune
79eeb789-0615-b6cd-f1a4-feecbcfdce4c,test
579a5bbf-7d99-1b23-cd1f-47ff1b655cc0,train
338aca6b-5418-4345-452d-7867c58892e3,calibration
bbc78afb-c56b-f1c8-23fc-3660f3f4872f,tune
89692c93-2e90-49b4-ddad-a10127060200,tune
662fc980-f3b8-6601-0a1b-a742dce6ebab,test
26137ace-a421-d606-73b0-ed09a9fedd68,train
274631a3-8cc4-7666-8464-507d9dc2779d,train
9b194762-4286-53fa-537c-4d2dcebc08b2,tune
4116f656-8599-1a68-e055-35d3bfd74d34,train
45bed1ce-0f88-6fbc-3ef5-5ef1925cb92b,train
de78f166-f878-d3c0-9680-71d189f863aa,train
3358ac8a-9745-f753-a1f7-b06ab7a81e3e,calibration
8f0702bb-1dd9-5dfe-d7f0-21cb70a57588,test
ec27350a-70a1-de6c-425f-223f771adb3c,train
6925a947-08ad-d756-3a51-f74b0744dc45,train
7863fac2-33a5-65b2-d6cc-84a75d35f23b,test
9e49e8c5-d123-f115-a10d-1b5f0c615f31,train
c7be4c19-4ca3-d707-c7c5-970747a01e90,test
b0c8936f-e9c0-9437-202d-dc631abd75ad,train
3ea27a0d-2449-dde0-7f2c-e39e7ed513a3,train
f39ff0e2-7e8a-7a75-2acc-b0ec5d26fb88,train
5783cb88-1fb9-14db-733e-eff8ab7b48a8,test
88469103-3966-1f39-c228-7cacd488b13d,test
799e201c-69d1-e135-03e3-34b21c87ca37,calibration
2cff5dea-be7a-1eec-ef8d-6ca28e405f88,train
a64ff835-6570-9b3f-7ea7-d01826685f9f,train
e5f83e2b-096e-bdfd-1828-4089bf4ba401,train
2bd91987-ccf4-ea2f-5883-8d828b9ff26c,calibration
95fbd044-5353-b14e-edfd-3425958f5937,calibration
e459f257-543e-a4d2-2840-40498e2fd1c9,train
3081f6a0-04da-539a-86a9-dab5722af0fe,tune
9d99bf5a-0491-b029-5b94-61611e5abe78,tune
1a507efd-ec6d-18dd-6f60-6be1d92bf8a1,train
ad90a7e5-a088-5fbf-6d83-6b6a236c4e72,train
f7542292-f198-0de5-392f-4a8465b25b24,train
d37f2b29-637e-c650-2523-c9f24bddbc4e,train
eb10995a-104b-0b32-b208-319353b66d5f,train
5495dba9-89bf-7612-64dc-13fe2aa6c18b,train
4ee3f5ee-b34c-8dd9-214c-eea936909716,test
66a624d1-378d-80b1-1bb6-3f83d490de79,calibration
88844f1c-872f-590f-1e63-29e6d6ce528e,train
0c5256cd-9060-9b18-ae17-6c54012e217e,tune
ac160ab5-a766-58cd-2dfa-df63498bc510,train
81ab9e8a-2ca3-88ea-6db6-2ef3753525e7,train
f4f96ccf-d0fa-63fd-f99c-b8446d02f359,train
be06fbbc-043b-4477-d5d4-36e25d3317b8,train
2b0022bd-19c1-7f0e-f2ba-69b35a74beb4,tune
36401f15-4876-3232-7f46-f8d28a3020d0,train
6f6d4f30-eaf7-e7f1-0e0d-4a1951262d44,calibration
f80c873b-d506-7c87-4534-4e860ecf49c4,train
97c76ac3-eb28-ad44-d1e3-7344859bf4e7,train
7fc83f07-b0a1-e2a3-10db-3882f1d72c13,test
28d7abf1-357c-a4df-10db-7f04e49a14be,calibration
5d0fa8aa-f6d6-eded-6190-1958b183fbf2,train
5fbd4fed-d026-05ea-2d15-307403528d7c,train
77f0165e-28ae-5930-0e65-17219faed209,train
219af40f-7fde-9ebd-47ef-4194de268c4d,train
cdf67600-e28f-9a84-5e00-d85adb04096d,train
a7d9fb80-f634-0d8e-005d-c72780f40da5,tune
9a8cc0a4-cded-3b18-e190-1dcdb0eb9935,test
f6483a3b-6b13-92b5-4945-4a704d28e600,train
2ca15624-1309-7479-806b-ce3fcf30d9a4,train
5a42c6be-b029-5b6c-a87f-5b588268e4d0,tune
6dfb7405-8ee8-3c2d-3f5a-7d163fabbce0,train
9c972177-cd04-39a0-45be-8104181337e1,train
2a85724b-c871-25dd-b87d-cefe758d127d,train
3bc94e84-c47b-2baf-6cd7-0d6ca8a2211f,train
6b673b86-603b-09e6-7147-e3b2a34d767e,train
83e54556-57ce-e517-8afd-972679932dd1,train
aad7ba93-644b-6831-054d-11cb9a171c4e,train
55ca6ec2-34c5-274b-13f4-953601171fa5,train
33cdd37f-7c6c-2dac-883b-c784a8621577,train
10e09e3c-2905-566b-930e-9bf042140301,tune
d484efcd-76f6-8599-86d8-5687c0460c69,test
ffe88265-27d3-3312-8711-390d96a40e4a,train
f4c95845-0ade-2a72-67a0-cca6afd7675c,train
3312d0a2-8253-405b-5784-7c8957fdd6da,train
aa4cd7e7-efcf-b54f-3db0-5f85b46ff1c6,test
9ad7002d-20a7-8c00-2795-cca77912a25b,train
e0f6650f-2725-cc90-ed35-a698e4412ce5,train
d79d5bac-bfd4-321f-9312-577be73f4862,tune
44b7ea0b-cab4-58bc-1482-5e03818e5db6,train
73153ce0-2b95-030e-44b4-b3cbabd2fcbd,train
10f52e33-ec2f-98e1-3445-b9e05dff99df,train
1b393e7e-1ff3-cbd1-c1cb-2c261bc53db8,calibration
5a1e032a-54b3-b225-4a5c-9efeb55e1a2c,train
6d917cf6-2097-301b-883d-f55462fb829b,train
c2e94424-6389-3995-72a5-c1634e04db2a,test
a5d252fe-846e-14a6-f59c-de1b22c59fd6,calibration
ba868229-0363-ec55-d223-d3361dca1a54,test
75e9aa79-d5cc-0225-c8af-02a2c9445036,calibration
81c303eb-5aa5-d441-fe44-df806f1e43f2,test
6d7ab923-4b46-6808-bf8d-8a6485695869,train
44fbe585-5c15-c6e5-3047-decab250f44d,train
7e1c37fe-0e3c-55cc-eee6-bf6ceb111120,train
f5cea7a4-11b9-7ae9-172e-d8a0fb9985c6,tune
dedfa1f4-a693-b35f-60f4-88a99f90649d,train
f14064aa-19d3-b50f-5691-8ba82651ce3f,train
c8e8e601-ce89-c64e-a1c2-73005a06bb06,train
402b96cf-b20d-72bc-35ae-d189a5363ec4,train
40a7ebbe-d84a-8a3c-6609-d52beb75f3f2,train
8793980c-5a92-f1d6-e769-11be40649c0e,train
eee4df8d-3b17-5b4c-e2df-da37a4854523,train
2e34619d-0034-821f-dd02-264b23217bea,train
09b0a547-95a4-ff08-9090-6d613c0f86fa,calibration
a0d89c66-be20-0d3a-a4f0-b5f0d61f3f83,test
2b226d03-0f31-e437-49a5-897d0a76d9ce,tune
0ae23239-468f-f7b6-d680-65d2c85c98ae,train
ca7cfde6-462e-9a27-bbfc-8a133261b1bc,test
6bab743c-fb97-be30-b08e-0f0d53c3e89c,calibration
a97f3bea-4866-b63d-ec53-b6c4d16ac954,train
720c4c8f-6650-ce59-fa4c-0e81153adeaa,test
4d644d56-80cb-f0bf-c24a-1247b5ef21cd,calibration
d0a3df3e-eebe-7540-0a7a-69aa31268618,train
de6fc8de-f330-f4bd-f94d-8e4a45eab4b1,train
440efaa7-09f1-cfb3-0323-ef746c3233c5,train
bec9fde5-512d-c736-de37-26e25df9f6af,calibration
a5acfc8d-19ae-2694-e09c-437dbd227e7f,train
076d02cc-3a8e-466f-0366-1866c260df67,train
8338ff05-b9ab-6a8c-5849-5e006a078ec6,train
b3dfc464-85db-1ef8-7249-11e040cb9449,train
db45270c-6149-7a3a-2dc8-91853051722b,tune
f27699e6-d375-a377-57c6-a9cb9eb5fb9d,train
26e5bf13-5465-fdb8-f592-899d4271462c,train
f83ef916-1dd5-9bd6-7891-bf5b7c4e0007,train
2938b2e2-461d-2b42-ffe1-63fdbc56a8be,calibration
685272c1-dba6-b43e-fb87-d786a535e234,train
acfb665c-b77c-2359-0d15-1fa3d55da086,tune
ed40efce-b641-41ac-ed13-32d6f2eb8571,tune
9da18a52-7401-7cd8-ff17-b82666584ab6,train
7400db6a-e86c-1855-d958-c32181c2c733,train
514d77a7-e23c-83f6-f88f-00a289f7ddb5,train
97f08818-71d6-ef70-2548-4269aa6df8cf,tune
cefb3987-279b-32d3-aca3-1250faacbdad,train
06862bb0-c715-5b7e-caa2-b097e35e2b78,train
b2fea9c5-473a-d794-c881-a275f5479f0f,train
da1fabbf-af9e-bce3-0752-189a784d4c3e,train
b0854374-5f93-c0c5-fbbf-eaae43f2d2da,train
43e801bb-448c-f49c-2ea4-d329428b5bb8,tune
6387b251-b734-f412-a235-2929428466f5,calibration
91b19851-a331-4ada-72c6-f622cd73d7bc,tune
26989aaf-c3cb-8867-3429-806b4d731f85,calibration
470674e2-cd5e-85e3-d15d-4279632f1617,calibration
f129ad51-76ba-c239-a300-18528bbaf8ea,train
c94140ba-7e2b-ee97-4d74-5b0dc0485222,train
4922a2c7-9d2d-eecc-6815-ac1675e19f01,train
3deb050c-e58a-766c-201a-1f11d5f49262,tune
cfa76d0f-9b93-4fe0-0ae8-0435d566ccea,test
d07d293d-baa4-146f-58cb-66757d89a849,train
d84b8d1b-36dd-2fc0-a23b-8046c2c1c468,train
399b1d91-621d-5d87-ea7b-6efd04b56e09,train
206c8b5a-a1a1-de7c-f3b6-501224d15281,train
1ecbb686-c7df-80cc-9a89-31e0f13734a9,train
84a2c37c-1436-c157-e204-6acd4c5408fb,train
ed417746-dccb-cf73-541e-08ba9347f2d6,train
e90469e4-d7f6-375a-63a6-1c94d8315541,train
b4266abf-6220-55d3-c82d-d17cc92aaa6b,train
0f4bcc3d-076b-d480-8e01-53f71374612c,test
06bf4389-79fb-878a-c0a4-afe4d9c5d1d7,train
3c376583-72fe-f29a-db6d-b97645f3e0df,tune
adfcf873-18ce-ef9e-26d0-61a2afdf1146,calibration
278edd09-d377-5373-b515-58061bc7de6e,train
007e9b84-7aa8-a25a-8f3c-4bc22004fcc4,train
ffb6a158-3102-8309-f6ba-9a638748fe93,train
dda691a2-a05b-b77f-7f88-4bae88275303,train
6122956d-918a-1108-a0ed-c0e72bc4eec8,train
d1e91aad-5533-b5db-5f61-e14e317b479a,train
07b92f9c-115c-c72a-826c-672c09f4816c,train
771afc42-8377-6258-9d99-fb700dda8772,train
77052844-8565-c571-0284-947b3691d1bc,train
c1d4030f-c5dc-b8b7-24cd-7974a0ea7efa,train
3ae5068f-0a68-3ec5-8b15-2f0a0dfccbdf,calibration
6833c6d7-9f73-40ff-eb46-acb0739914cd,test
51f9f843-167f-de37-7df8-c40abfe240f1,train
81465faa-eb4d-4ba0-d89a-8a4283dbc61f,train
ddd50e13-56e2-97ba-72d1-283489372831,calibration
e837df7f-eaca-87d7-6507-dccffd3bfffd,test
c7bfca6c-e738-ad9d-49c2-1d7d9bb9e2ed,train
da09388f-6132-3a97-42cd-d70135e488f9,train
e048e159-33bd-159e-38de-db071b380cb0,test
f0561cc4-a633-1087-7e3d-12ebe42a18b2,train
9081230b-644b-35a1-27ee-bf678432db44,tune
9ced92d3-8ddd-c8e7-60c5-3420f3ae4ccb,calibration
339eb207-9080-f283-8fcc-64aa00230afa,calibration
8dd091fd-b156-e532-a630-554c763f9577,train
edca5be7-9a99-c4e6-28d0-42845dbc9758,tune
123603a4-4758-3227-8e67-ae5f258491c1,train
551e32bf-bdee-3b63-6db0-7b75ba2be235,test
783e5a1b-f5d0-1b7b-3a49-f2951af0ec3b,calibration
84f513af-1e29-4e3f-3be4-8629005f82d7,tune
68862b4e-2c6c-4014-b408-52f2198ed780,train
d39584db-d600-c06c-b6f6-c7645104b19c,tune
e1101033-5819-7a78-8bae-6f1d2ec7030d,train
a475cceb-57df-e07a-363b-b62005571990,test
d4901bb1-3b0e-8793-50ca-e14d7d25a2a2,train
f604aa0f-e312-15ff-8d26-ca91d9d7024f,test
dd1197ac-b891-dd6a-b979-3b20b9644122,calibration
715b9752-be88-87ef-314d-8e1e88448913,train
e8445817-c035-b317-bfe7-16dd7826e217,train
b94547aa-be7e-c66b-c2f5-4a8c058a666f,tune
062a0309-0208-8f66-fccd-0ea7935fa5da,tune
10d98338-fc1c-687d-a5ed-ed0c4fc2225e,tune
0f24883b-47bb-b42b-c899-f57aaf834737,train
fd8dd17c-c5f0-e8fe-109d-ff4a8bc24d54,calibration
9cd4416a-ab7b-15fa-8678-55adb70261df,train
b774cdb1-4499-251e-9e30-9c739919ee9c,test
6ac7c2c0-bb26-6c01-d0af-f6abe0db25b0,test
9d55c661-600a-a5b9-7927-594568ddc242,test
c0314abe-c135-f145-fcae-ce9882fb4e60,calibration
13a6063b-004a-8f5d-5fb6-b429785f37b5,tune
d152029a-cfc0-739d-fae0-ea744fdac0d9,calibration
866b591d-5629-d7c8-5351-f080e707bc44,train
1c2ed0bf-380d-7234-a987-14e940942f58,train
7caf0493-603f-df7d-f4fc-ba5a7b07ac1b,train
5dec15a0-9b51-3f8e-a56e-cd756d4ee770,train
cc740e94-6afe-8e1d-7904-eb787b6fba75,train
98f54b50-8d39-2184-35c3-6a97e8a5eacf,test
291daf84-2e6b-c6e5-c11d-1a88bd2a2669,train
596372bd-489a-d1a1-6322-8612ae2ee48c,train
bc58b7c1-7a5b-f137-02f7-e22fdb0faa48,train
860b987a-a85a-262f-1caa-56af7eb23561,train
0604eae0-fb28-ec94-b02d-aed3479f4a99,train
4946fe65-4b98-76e4-9f91-93572639be83,calibration
2a32c686-41d6-66c8-4467-c049ea8ea6fc,train
0af62764-0e98-6569-e039-eae81a4dd21c,test
afa44985-fcb4-5b5e-436f-8940dc147d14,train
e2e416c8-6c8e-fc97-60fb-5d926af0026b,train
b47701d7-5225-887e-32b5-449534c3127f,test
692e1757-29cb-6138-88ec-2276cd5ea688,train
88f30e97-72cb-779c-0209-31ba95c6649a,test
57c5e8ed-6290-92d7-50af-a1dfa9789e62,calibration
39b0402d-de87-80c1-1f4b-e7c518169ecc,train
3a14667e-a816-bb71-a220-55180234cd94,tune
49d99e72-b111-0048-c5a0-7364ed53392b,train
a54c78f3-b029-2151-0366-a56dc0d53892,tune
f5a06e87-9f0a-ccd0-f6ee-3da24c498c82,train
fc727ef8-7982-66cf-aecc-abb3b84157a3,calibration
7b18211c-5314-bbd0-ab24-f6e41f848648,train
8a6fddaf-c3aa-2cea-076b-22d80c5b5b9d,train
60225d3a-4aa8-4913-6a54-107d8b197e3b,train
80127449-7bbe-94a7-3124-c9dba170c0dc,calibration
fcd7f2bc-0625-2195-7101-b757a52bfafd,calibration
8473e128-823c-cacd-648a-b30228345b3f,train
e8799b28-7bf4-e5e2-678a-cc77124d72f7,train
63a9c4f3-7271-a4b9-7336-1871740a576f,test
6be7156a-c18b-34e5-7f3c-3f81062ad857,train
623ff2fc-8a49-cfbe-a4cf-439efc8a7e1b,train
2d01fb56-6e57-756e-0c87-30e997a1c152,test
cfa8ce07-19b5-c1b9-8325-dc8c176b9ec4,calibration
4f102ed2-32d3-dee3-e10e-7cc7ceb94a31,tune
6e1c34de-54e3-f58d-bc9f-0c7fd2af6f0f,tune
d4e2e985-8478-1941-521d-f52a89b804f3,calibration
0d9ca732-8b9f-09d3-b748-7ea757e1b898,calibration
85729bb0-d596-3216-879c-c45b7dd7c976,test
483d166f-ebe2-6dd7-5489-2be23e7972ea,train
3df88fbf-41f8-edf6-346c-ec25937081b2,tune
c2f3a9a5-2af8-4688-ad74-375d6b1e78be,train
2044aeae-ed11-c20c-f554-281516135eb0,test
1d4cdcf3-18e8-ffd0-d791-05192bfc4ddc,calibration
070927f7-a243-e1b4-eaf2-de8fcc927593,train
7a9780e5-4c0a-b901-0923-50e35ad9c7ed,train
9ec13860-00fb-11c6-b102-53ab19cc3a49,tune
dd203e99-85b9-1ded-35d5-0a96e9727507,train
c80ab869-c2b1-79b9-7a7e-f062fb47d0b9,train
0ee23ec9-396d-5d1a-fafe-3d274dedcddf,train
18b44917-4577-8544-c8ba-5609cbcd110c,train
4dd4e5ad-22cb-5129-e125-3a71f4f12153,tune
c81fd466-ae30-2958-5462-2665a75b9174,train
f9d253bc-5a82-495d-1df6-816eb58627c4,calibration
991958cd-6375-369f-d861-2ac666ea006f,train
a82f55b6-a474-e8a5-5e0f-29451e2ef4c7,train
3091caa1-6629-1e30-fc0b-52cb3d666d1d,tune
fc5a8c99-d991-fec1-0efe-f42eb5d25484,train
b8a6b81c-91ea-9b49-d11c-c4a4206f9b96,train
d258c312-2d89-8e91-c193-aa1598bf10c4,train
7506ecec-138f-b188-7af6-431156cd005d,test
a66d6e01-6477-5888-83ed-772864ae5194,test
78b6e39b-da95-629d-16d4-0379b6bd372c,test
bc4a7e0f-301d-5beb-cc7e-35b79dbd9a7b,train
241b907a-7013-8ea0-6ac2-4e7257908e33,calibration
915a0e1e-4646-a0af-0f34-75d8cee521c1,calibration
8656123a-f2ac-c02b-804d-9dfeef8bb898,calibration
77e305b0-01f4-d823-4f1e-a80e2b332132,tune
14d6a30c-94bc-134d-ba7c-aacbceec7690,tune
a9dc4145-f912-85c9-971b-d01ea85719a3,train
09ee8bca-5e72-9234-820d-16a4cd1e9cb2,test
940ad9d8-5c9e-7895-8d68-cc4d74b6f350,train
830a2e42-0d95-68e0-6e76-d8d20b7c6175,tune
e86fb5ff-b0c2-2383-ed4f-d777e1f3e2b2,tune
2713b8f4-5b8a-02a5-0c9c-8bbeefa9199c,train
c64ad735-be86-d77f-b0ab-d3126adab730,tune
39a1333e-5587-09e2-a4d3-14b4bb36bf7d,tune
89a67923-5a7f-8867-1f19-80efda3e4207,calibration
c8f3f312-92f7-54d9-ee67-ef57716c3104,train
2ea7010e-5e26-6cac-c965-9bea9dcf8668,train
2f2aea49-10f9-037f-ad6f-d7a80c61d9dc,train
5f496a75-de4a-b45f-6fe7-de7f65becc54,calibration
da01e9ca-1c7b-ab10-a5de-a125163f8082,train
224f2abc-436d-912a-ccc6-29cb7d19e708,train
7c02a7a4-be20-c02a-d4c9-eab196336d6c,train
12ab2dff-d2e0-8704-dd45-ec7cf297990c,test
faa06066-9a85-5505-cec6-1e88879633cc,train
1da2ae09-8bb6-44e0-232f-f1b70f327e2b,train
a81c70cc-dd0b-dc60-2a1a-77ab8c0e11bf,tune
d84760c6-3274-6c4b-6198-7c32163fe692,train
8e48fe0c-1f8b-5c0c-1aa3-1a77cc0bcaaf,train
6787bd6e-06a0-2442-db02-6ea877245b06,calibration
4b21f196-f11e-cf2e-83da-c31d274929c5,train
13e21a1f-1532-92e6-cd0a-07b9421597c8,test
effff8c6-669e-dc6c-dbdc-0d32b832d2d7,train
1d371004-a71a-76a9-da4d-572d7ab5efe0,tune
0d175102-678a-79c7-98c8-a7ee5134282b,train
fb145014-af09-2c91-e568-ee78a7c2b89f,train
a65a0008-c1e7-7e3c-3258-cf724f21371c,train
dd66ac97-8fc9-fb4f-f680-e71ededb2f7b,tune
126f42e6-f9d2-412b-5a5d-9c6a3a079633,train
d0159b90-34d8-04b7-89d4-3e87dfd5ec9b,train
257f98b4-529e-d157-2097-419630d79b05,train
95d8b711-7d85-1de6-a063-794297347aad,train
c9cc5d5b-e4aa-6861-47d7-396d90d43ac4,tune
f65e7f79-5856-965c-806b-4f88d069e7b5,train
58fcd3ee-cd06-f40a-cf96-3e9ac97aef14,tune
2ed7c3ca-45ac-22f9-e7e1-0194104c03bd,train
42c8fe36-67eb-91bf-0b86-1ba3278072d6,train
318ddefc-a28c-785b-3fbc-58d2a370db54,train
1bf1e511-f1d7-2a2d-7a4d-d0576c77245e,train
5017517a-d332-b688-68c9-fa672aded05f,train
7cbd1591-61f8-d704-bd4e-1f495aceef4a,tune
76727d6f-2861-3bb5-0d4c-09f65561a43b,train
6a3caa04-ec02-5db4-cf26-357db68650be,tune
f1b5cf6f-1240-2bd7-c48c-6c1c8d2f2e61,train
fc1486c2-8d83-600a-93ff-7d450311d94e,tune
9ef739ca-65f0-8d1a-4acd-0a388b339ed4,tune
33a1d75e-3ef1-3a94-3911-257a25f8647d,train
918b2da7-e507-b9b9-646d-0132e1fa21b2,tune
40cf1685-224a-b9c9-ec1c-355e91ee5692,train
5631473a-ea9a-ec7c-bc64-a3bd5c6ddd55,calibration
0b56cc58-cc1d-8764-4c01-22d25b735997,train
c5daff33-ebd5-881b-ccd4-8d2aa7585ed0,train
39458e30-0cc1-5e88-ed36-eb51b8e45182,test
e2e10690-5605-dc87-f745-a9285060a5e2,test
9b4dfc6e-1710-9018-43ec-0c0af482b2c7,tune
3dc903b6-7861-2965-02d4-e343a9f51cdf,calibration
617a859a-8918-6692-bdb2-30f1906a2444,tune
5e48edca-d007-8d0a-4b8f-cf27aed3c22f,tune
ff1ce7f0-b0c0-a0bd-d155-142217da5445,test
3112640e-f2ee-991b-b288-73fad07cf17b,train
587d638e-aae7-bbcf-d6ab-d1c17d5cb1f3,train
5b0369dd-bf3c-80b8-5ade-30655bc5f0eb,train
572a46b2-e658-4acc-1354-36057d5253fd,train
92569328-9a81-b0cb-21c4-8e269ecd09c7,test
690e4a06-c766-104b-855b-a5ece0208e4a,train
b4a05fec-c189-92ce-c0e2-56f0a5e88b4f,test
5a49ad51-5698-333a-50e1-d6389e9fc517,tune
ce4f58b5-f311-1d2c-316b-e4157fb0bd60,train
2f3959e5-7f24-4ac4-c2ac-fd7318f2504d,train
ec8ac460-c9cd-81f6-d2fe-54a5926359e2,tune
3a31c69c-e768-1923-844d-8ad4440261c6,train
18aceb2d-7067-7654-90c9-01a822760a04,tune
50d63629-b974-6923-4e00-f73c7b62dc6c,train
4886571b-a6c5-8863-47e6-92e0ff7ce181,train
32c8f26f-ccf6-966b-bb1a-b7aa6da6ca47,tune
2584c7c8-1368-3291-0156-fbf5bcbda043,tune
ddac2e3a-ca96-4117-0231-276bd2302e33,tune
7846fd12-f98b-7651-f1c8-d1cfc2e43254,test
61bb3081-f333-356e-4e2b-637178cc1070,train
575f11e4-b617-b3fd-2de1-e8f6b57ccc73,train
84ed6873-91ae-fd56-c28f-76c8ae343925,train
ba465319-dae2-0d2a-8c03-95d1f43d2c0c,tune
b3672ed9-07bf-f85e-e624-58cb6f0435b9,train
92355159-238f-02ca-7198-36af3458e40e,train
a36b0536-4dbc-c288-1047-50cf4a3471b4,calibration
02b30d64-b235-e132-58a3-2d69f91e25fe,test
b66c1bb7-7f88-807a-6325-04fc3c9e50f5,train
425041c6-1f4a-5400-7c4d-d332b5ab7764,tune
25d68561-bf5f-fd31-22d3-4c08a65cd829,tune
9ffa7d28-bdf5-d671-044e-8e8d9433413c,train
59d47873-0459-3234-f893-415b207c3eab,tune
2be0bca6-8f02-d659-4773-bb230e6234d9,calibration
b6ecaf21-c65f-3d94-5c8a-feeac7b51d35,calibration
a5efe1d3-2a87-a3f0-3bf0-71d37d375523,train
061a9aff-e103-7817-857b-96a9b4cccb94,train
02ce86c2-5e99-6111-95b4-5d97f6413ffc,calibration
fc00f1d9-95e8-4323-08d9-39bbb7ec46ae,train
b3edae07-f600-ea3c-de94-0d3cadd6b018,train
58739508-63d6-592b-b845-40af9b6a6296,train
b391b105-01b7-1e8a-fec6-c5d37571361d,train
6f0af506-7eea-6c54-0401-1e4647e42a9e,tune
4297e1c2-9a68-6549-f57a-9b3a96d70766,train
9fb7a13a-81b8-6b34-991d-f2bfdd31a7e9,tune
9cd3f655-4aae-6a1e-bcf9-4db58b6723f3,train
0182b757-b059-a72b-151c-5afe2659dc02,train
037af961-c30f-5225-4c26-3a4e2be8a6cf,test
82fdb9b6-c75c-9b8c-dad7-55240c78f718,train
15cb2df4-9828-3e3d-f07b-518a320da093,test
859dc647-3ec5-ee3a-ca51-9f6307c6f61c,tune
a05d6b51-7f80-4ae8-b85a-4cdfe64069e8,train
cd991105-3d95-af4d-1ed2-97b8197174eb,train
bf472779-8dba-ab0a-1871-8f7e7e0422bd,test
7d7c477a-9e0e-7bdf-8054-86a5f269f417,test
c9bf95d5-6928-e282-f6ed-9622f5d5842d,tune
d58a4d0d-6927-8f4f-8ae7-d1d593cb7e22,train
06440e5a-63f1-f21f-a7d6-19af0bb5e87f,test
bf2ed0fa-7734-b749-26df-da892f47c7b2,tune
be487f38-c3fb-a222-bcae-bdf581aea26b,tune
ab22f05a-b12f-9720-396f-1c263da32b7d,train
9a0d50ff-2b07-2d30-9faf-a1003c59320f,train
c9a4e64b-fd5c-322a-95d4-498d8baa2580,test
30d03182-547f-a61b-d7f7-2eecdb22cd1b,train
1be1918b-bf9e-ff2a-0dc1-34f440ff89bf,train
17d74dd2-edc9-312c-a4a3-c04e6e33133c,test
24dff488-4b6f-e752-47cb-1911eae3b7a4,calibration
6ccc52a2-e330-b822-5b3b-74212b6b3245,train
dcc79e4f-7712-636c-a9ed-fdb1c77daaac,test
42ac6b37-d39f-1760-2ac2-66c18f6f3a68,test
ddb8cc46-c161-57d5-c52e-51a4728bdfef,test
e6abae4a-a0c9-4d6f-7040-bfb024cf721a,calibration
e1bc7473-d2cf-cc7e-588b-e77e26cccee8,train
bf43a690-f7b3-b1dc-eba6-b6b20998058b,train
b8227254-e411-491e-060c-72fdfc6b0cb7,train
e32ba375-c0e4-2c45-7770-1ad9169db6eb,train
38e6bc8d-c371-62f4-61ee-6f0d8550ae0b,tune
83a46308-0507-84b0-c6ff-1c291f11eba6,train
bab82726-ad22-7df0-3392-9c3351f79d32,train
050d5763-bd79-d845-e5a0-507f5a9cd909,tune
fba836e5-d30c-90f0-a890-575f42f1cfb8,train
e4fe13c9-aecb-21b0-b75e-e312989501de,train
5baf031f-1c6f-6dad-2166-d3e93b618f8a,test
82042b34-55a8-0a5d-649d-61f941270d2c,train
0d5778fc-4843-5efa-307a-ebd511afeaaf,tune
80e4ef47-5af0-000f-e3e7-0572a4595974,train
6664ff82-ffea-7d6b-fa35-9a5fa1cf3d87,tune
9415c4cd-dced-00e5-dc54-9a6b9317cf16,train
9f5fe9b0-4c77-af9d-0922-3a7170fe6275,tune
77a73850-5769-9747-7289-dfe3810c66e5,train
b8d82203-dbe8-0cfd-bcc9-ee5a11536b5e,calibration
5531432c-edfd-b58b-d9f3-b57356a9b381,train
b1e6d353-9e38-c716-2834-bb58b998fae6,train
d9b22705-2340-f3e5-841a-2501c74af2c3,train
e2638c6c-7420-bee8-a369-982a0c3837ed,test
cd8a81e8-0af6-3533-6a73-09ee39b0aff4,train
98addf25-b36c-ca14-0ed1-94661408191f,test
c1ceaca2-c17a-4ed2-201e-a13dd207bcd4,test
aa3b5d0e-2d1d-0016-f818-f6324ac27193,test
7dc6a2c4-a081-4730-8dce-648ab602ef46,train
44deb4f0-dfe7-3f71-404d-2b5975a7a25f,train
fa016ba2-e0f2-0d64-f2dc-abd3272858d5,train
9b115956-ddec-0744-65a7-0ff04eceaae6,train
b0d6fac5-4eaa-19fc-9b2f-e87b6ddd3976,train
32908645-dd25-3768-54f9-27ec266d9415,train
b85645d4-dcf5-f022-b533-d1f2805a41c7,train
d5144ed3-434c-ca5c-49d9-4ff0fa9ddda3,calibration
cc6cbc36-c37d-e1d4-b02d-01c946ac3356,train
55101d47-0c56-831e-571c-1b36bb8f60b4,train
0906eb59-4975-598d-4e29-25e92a342a72,train
eb2f21f2-26d6-99f0-5f10-d0ab2858b5cf,train
9880edd0-dfd7-5b3f-d865-0b3635d8232a,train
b06141e5-3786-159a-75a3-2b098f865217,test
4e77df72-2ae0-a6bb-7e11-9fd07211e266,test
a9f3f1b5-d5a2-e76c-a90d-5e52f6b055e1,test
ead677df-39c0-4709-33b1-f4e65df889bc,train
8c0cc0ba-8f64-9f88-e3bc-0cf4f004ca9b,calibration
3702890e-c895-5808-5d51-17fabb10cd04,train
a556e9ad-95b5-1e45-541c-6000f12cf5d5,train
f6232de9-55b3-6fa9-5766-6b1f3b73e63b,calibration
2eab045c-72af-62c5-07e5-f5210d9df310,test
ef4bb4f1-3bf4-d673-fdeb-1211c841b3b1,tune
1809c191-cf03-e405-64ad-4dedb2ab581f,train
01f4cac5-faf4-221d-dd80-7cd18c5fc7ac,train
bf01eeb8-7d95-4af0-677e-738f0ae0422d,train
aceeec31-6fee-2a0a-78a9-d86c6c98e809,train
94d18901-905f-bfee-720b-8f2c4f937e16,train
ee9b2aa1-0d8c-df66-4b30-24d47bd70b08,train
2d44208f-8f49-64f4-304f-c323f96d0351,tune
bc13cfd8-e23b-de38-7728-0d69f82ac204,train
d06cdc49-4750-abe8-ad48-a97fd987cedb,tune
ec101a3f-a51e-f56d-0099-2e03f88213f1,train
ddd67279-70ac-5164-b4a9-a5959e879620,tune
c81d3f30-5756-3c95-e6fe-d4fbd052dd05,train
2116cf35-9869-178f-a13f-723e4445d2cd,train
20f9e3dc-df57-69a8-2b5e-507435ba56b3,train
ca0d17b5-10c4-dd3e-3f3d-25cbe8c146d2,test
53153189-16ba-4143-f5bc-7a8c03f52f55,calibration
c9091da6-db20-ccd4-fd59-af2a1c0d1a96,train
dde39a63-7813-9fca-21f0-a053df80d8c7,train
cd912b91-7869-2ae7-4465-f9b0bb79dd91,test
20644996-801c-f691-38ab-725e5e2260b4,test
da23b047-75cc-9f44-121a-6dd2a8d350e6,train
eb6ed866-16d3-f24e-007b-97b263343d2d,tune
a9c14409-f324-c28b-e153-44645ea12b49,tune
13925366-c0d6-c7c3-419b-2de7d24c26f6,train
144b0fb4-86a2-88da-7ffc-9ea8e2785979,test
8fed5fb7-8fe4-3fa5-eb0c-9708ae6c7d38,train
a196aebb-6723-7386-524a-848ee4449afa,test
a50ade07-a019-50d5-22ed-b2ca256c2206,train
aa8d8c31-6ca8-544b-b666-82a8608753c0,train
5ef4a7cb-d161-3d3e-bcbe-3311a4cce16f,train
3720e108-aab2-25aa-391c-9d4b8504cfd3,train
41eb02ba-8371-7930-dd88-b1c1a27e051a,train
feb89459-90a5-94b7-89ff-d3167aa37bce,tune
29fea639-ddb3-b5c1-4fd5-e8ec29ba1ee7,train
9037765a-dd92-b18c-0a67-fcfc1695e852,train
3f2caefa-4f7a-a9a1-9bd8-a68aa72fd5b2,calibration
84d4e0c8-af60-24b6-8829-5bcc25271835,train
673a9831-f01d-34a1-1f25-ef7805940fdf,train
751e33f7-635d-3039-61f4-ce9efffd4e21,train
0fc3ebd8-8074-8acf-5013-3e9c49b692ef,train
a2cde1ff-15ed-ee2a-56d6-fea9eb3f526b,train
6ed45132-fd48-9106-797f-d597cddba396,train
ff14ead8-1b9c-bfcd-e068-4fbc14b2f7a2,train
87f6624b-7497-ec31-2a9e-ddcd2d1265bd,test
78fef73d-aea7-3789-fe55-2978e1902b28,tune
a461588b-605b-5210-1e1f-7c2a336801f8,train
c5323b55-97e6-7c3b-66bd-faf7c07a8477,calibration
ad1272be-4e37-1fc5-9faa-0ea643d73a29,train
3dad5e64-3cb4-aca8-f45a-c177d3a0fd08,calibration
9e35e00a-2eeb-99a3-891f-5db3e71532d1,train
0899ba4c-9482-216a-2b58-89335ed71f7d,tune
3b89a4cc-03da-a55f-5e5b-82402cf51cf1,train
1d347004-8c3a-b6a4-956a-9f016fc7ac79,train
65592f48-c343-a110-6a56-2818fa10bc1d,train
f7535499-8975-2241-3fed-5d2c526d9237,train
e5c3e5b3-3d46-ce9d-8ab8-f38ffdefcb1d,train
f24927a7-fb36-fdd6-4abd-4ca433a07de1,test
955820a0-c073-9eed-2409-ce5534de4263,train
d8a46614-49c0-3c8c-58f8-2cd88a4752d2,train
41b9917b-5e26-ca8d-e331-5e15df6de084,tune
0f9ecc52-2f9e-30a4-7581-200c20029e0a,train
75e08163-8c7f-df51-1a19-dec57170292d,test
af0c226c-1228-6083-208a-2381214ad5d9,train
7fdf748b-ffe1-c2ca-bfce-6bc906f9f3b2,test
a5df2078-5f47-7f43-2ad9-8ae18b187188,train
53ba0319-e0bc-f5b5-76ed-6a91406d3bf0,train
7fb68a55-7ba4-4bed-e5e2-86fddb41f071,train
0d2f1c64-ff10-3fe7-9277-fc23b4f47b6f,train
fa76d146-3a7c-2eca-e617-d0bdcde37105,train
c78f1e3d-1794-512e-cef7-e7cc00dc8b87,train
f37c7ce5-6060-1d8a-02c5-c88b42713364,test
36d4e565-bf20-d0f2-b567-8b6981d6fb00,tune
e86c165a-6e97-bb1d-566b-2d6e93f7e505,train
e1febdc9-d0c1-c152-ca50-a0f59f7881b5,train
9a9a9e99-456e-5630-0431-dec69ba01c12,test
a6a1951c-4531-567a-8888-18962c267e00,train
bcfd0fd9-7326-086b-af77-48498e07694c,train
2a58dcae-5648-5bc8-fd74-f184dc2b66ec,test
282f6651-e58f-1a29-0817-270ec1fe6d13,train
95f0f472-4bc5-0b1b-f2d5-2011b954e16e,train
ffd3384a-c0a8-d3a8-933c-20e87a8ba0b0,tune
e556bee3-7449-8e90-5536-95e79b700641,test
582de399-9fd4-c7b7-b1fb-6df510e70b92,train
e8ccb28e-d1e0-e5de-bdda-35e41dd3345d,train
86b1f7e0-7162-df9b-80ea-6bed490baf83,train
d2bc1c5f-2ba4-e97c-b2d4-81c6b05d9eda,calibration
56ca5cfa-9e12-2bcb-822f-a296b0305e44,train
fa3be69e-f0fb-20fa-f84a-af1873974ce6,train
9b47ed3f-986e-7c63-c754-65914046c27e,tune
611e40fd-5346-5194-552e-c30406237b70,train
5f636dad-15e9-b8d9-a788-f52d57aa3619,calibration
9cdde0ac-8903-691d-f0f0-3afdd09a26cc,calibration
33e51741-cfa3-2fd2-db92-ea77b3d85252,train
9a31a58a-513c-4413-8718-de5814d92b0f,calibration
ec1cfda9-e9e9-de72-8933-e6047990aee2,train
7609a976-7baa-6581-4037-1036b5dd4966,train
444f49c2-ca56-bd58-92cc-077793847612,test
e1d5f8d5-4712-172a-28ea-409de3518dfc,train
57fad9ba-cc29-d59e-522f-a92c04247276,test
1f94bd32-7aad-05d3-f322-86207ad792f3,train
0849ff9f-a062-2ab2-a7ca-7fefe62f89e8,calibration
199888b0-904a-2324-f849-957c49640c85,train
95f8594d-16af-8b9d-5593-c773f9976ca6,train
a3814f37-d7e6-c885-0f03-e26972d4594d,train
1557e07e-9b55-dff5-7090-62558f987567,calibration
39932921-9931-6ba9-b944-1bebd1ba486b,train
2d4ab36c-cb99-cdbd-8a32-51d3df53fc87,train
4b9b872a-2423-b0c8-50a3-959bdf390f83,test
26141767-08c8-7321-107f-b2df4eed2984,calibration
6ae75078-fca7-df21-d357-084a4d0591cf,calibration
296a2f54-3a90-580c-0d79-02d13d8e5f12,calibration
ab588cce-f3ff-6dbf-0f75-877994d40a90,calibration
efe86a5f-3cae-6782-e85b-c6e149b7ec5b,test
5188ab0d-b772-76ed-4be6-f02be55ebcc2,train
939b9578-50a3-1201-6e14-57028ce6a321,train
0a20723a-d008-3091-1331-a72619e3e21d,calibration
de3fc957-ad49-9038-f8ec-1be71896366b,calibration
16027eb0-f1fb-824c-9c7b-3354cb72371e,test
2a221e12-256b-2497-2c04-9d2b6b83fb6a,train
ddcb398f-5c9a-66ee-8ea7-274b466443f2,train
ecc840d7-2352-4d13-0cbd-2c9c318f6767,train
72135ea9-e5e1-0a1b-3108-ef67f6e07002,tune
4388014e-d630-416f-fad8-9184dc38bccd,train
62f25872-ca58-0e02-d3b8-fc3f57d47831,train
b778d291-54cb-7c61-377c-eb64adf3c019,tune
be6c9802-af7c-6c58-aa11-27c140bc3d4c,test
3becf465-8d78-6f80-a313-cc5cad0f9222,train
835a4994-e692-bf64-a22a-b347d2d00283,train
a1806063-f88d-f799-35bb-14748e24207d,train
c8f47dab-f6e2-8ecd-a83d-a7ff9cefe6a3,test
7ea5258c-814f-964a-94a3-72b0b2c7b363,train
5bf75afe-7edb-2215-a664-be6a59d3d0df,train
4dba614b-95ce-c152-a61a-cc355265a0d5,tune
c1c63a97-f8d8-d7b5-68a4-175ddb5adc17,calibration
7f25d32d-862f-5059-0275-335b9603c06a,test
6de63e60-a1dd-2231-5ee9-461bf566c351,train
425d3306-bf6f-a215-5984-7801323db794,train
0a7e66d0-de51-27d3-44e8-d47567178187,train
9a915827-e0ca-8a49-a3ac-4aa6e26a794f,train
87ababa7-b25a-4ee3-40ad-a2faa0d2a735,train
da814e86-e076-3301-e653-58bd5cddba50,tune
470537cd-5ecf-728d-9684-470e1c29700f,calibration
d9acfb97-57b2-92e5-9b9e-86eb86c9b0f2,train
932b0660-df7f-b330-e4ea-b054f80acf3d,train
0a056c91-cdd2-c017-1134-de74af03d3a0,tune
e4d2d1e5-b137-6ef2-8aba-6c83c3576814,calibration
f8b5a327-60cc-c035-bf39-ee82768343a6,train
89ed1ca2-6954-b270-86ce-bcca80351709,train
b3f3a857-d895-5e2e-ff5b-269ff781bbb6,test
f0fe0d4a-699b-cb67-9f0b-c94dd0f74d30,tune
8ba50da5-757d-e6bf-7b5f-11ee49d5098f,test
29f6857b-bc7c-5a3f-7424-02d1d6d9c67b,tune
b1471a5d-0233-7c55-5aa3-83599fca1f00,calibration
e08400f0-8a27-79c2-0f9e-030ebab49f3b,calibration
319dba2f-6999-6e98-299c-f295885cfa44,train
c6d250fb-fc06-f789-c9ed-d8d1d9c066f3,train
1399bfc4-234d-da38-3798-ca6574eb2e70,train
7e8e7363-fd63-7aee-551f-00c7d14485ce,train
7164c70b-d814-0b2a-f158-83ed0c97ba7a,train
f02e711b-8c0a-1ed0-dbce-7d6e2716a861,train
5dc4988c-3dcc-3413-a05f-09b5c4214222,train
7f496d54-6581-6813-51d2-38b7b89a3319,train
018ea31b-e1f2-df52-0eb9-54928d8941cd,train
e29d5b6f-a791-8ce9-fd17-551f52a14062,train
f52c5b8f-19d5-e445-5113-7049a8bca5da,tune
68064028-d291-8125-f943-666e69569b47,train
583cb882-e05b-ccd6-f6dc-9007a15c8ca6,train
d9f74ebf-0bd3-7e58-546e-670ca8b1d0c4,calibration
9bc803bf-cab0-318a-c0ba-c97a573e2b80,test
517979cd-4b9a-589e-8559-1f7e44d2cf57,test
6da76c7a-408d-19ef-081a-cc2b49cf4344,train
b100fd43-6270-a164-fb71-a40b2ef2baca,tune
2a3ca53a-ecf4-8aee-2230-1f716329d64a,train
c6395ce8-ca41-f30f-5a7c-797e9ef46e9f,tune
a14c18a1-d079-94af-552d-af99c77dc611,train
d3d94eb1-c28d-bb65-27d2-5d3bd548908e,tune
52e9c0fd-91f1-18e3-f6f5-8b541f147b3d,train
2de39071-84d8-0f56-dcea-e3ae71029425,tune
06c08feb-5a78-8749-bd66-ac0fbb301872,tune
e2e2312c-eae0-29b9-3614-8810e69a03b6,train
2aa75371-070d-bd33-96b3-ef75676eb25e,test
5286f4c7-6f98-572f-b92f-82c0137396cf,calibration
4f151257-d272-f3ff-58b8-1392a1b1693f,train
2bd731c6-be0c-f471-7143-9307c8841eb9,train
22a3d885-3cdc-0a27-6f89-5b12cff25592,train
5e5ce2eb-a1ae-034c-1632-341c80d4e86a,train
3e4a98b1-7554-f8f1-5bf1-4bf0944c6f46,train
0e19dbc0-5be3-63cc-2791-a41468413068,train
4cb8f8bc-9a72-1d3b-e175-5e37ea29631d,test
5a3a06fe-4176-0408-3472-efa45a766b5f,tune
fe830259-eeec-bf93-65e0-9d5f0a672655,train
5d47e6e1-3e89-9974-edf9-f6915ac899a9,train
8bc6df3b-1301-d030-77f3-c7c12bd7128e,tune
e6baf5cf-30b7-d57e-8f7d-44f528995e48,train
9db05b3e-1cc8-6663-ffc2-74e8b5277cb8,calibration
7297609d-d199-2076-0c80-a1568f4bfc18,train
801b768b-809e-cd64-61fa-b080eab6df0f,train
5b15f78f-3190-e774-c5bb-0474aae89f3b,train
a0996279-fb07-abe1-cdb8-ce1c1aeed6b7,tune
00d362ac-c44a-81fb-0910-bc6a43bce650,train
b0f414a7-7199-4f9a-d4bc-f98732ded31a,tune
93ef6215-8159-ee84-a5e2-2d299b82012c,train
b9eef59c-13f3-7764-78cb-57eade68eb51,train
0e285a6a-8f34-296c-299d-a8ad184d0a19,train
ef19df1c-b2c5-7cce-e135-f213d365798a,train
efa671d3-b1c5-b664-7b7e-f0dc1996ed87,train
3bb87f31-ff5c-42fc-edd0-452d7af45613,train
555de38c-df2c-dc24-ad56-e1a51d1f0be3,train
3c01a7b6-ae93-779d-69d8-3cd81756a0e9,train
b5767119-a261-327e-6804-de1026583679,train
c1adc6a4-ead1-1c5b-c6ac-406d609371c0,train
b4daa631-541e-dbe9-ad1c-f08dc0791fc4,tune
55d28577-9fa8-2f1e-c376-360b8eb1dea8,tune
22e756d3-3d69-9a92-e525-d20937db7d22,train
813eb8e6-9a42-601f-e08a-c062248993d9,calibration
429a4380-a23c-38fd-f304-b7041d24c6eb,train
fcd995f8-de94-83ad-5fa9-491b0711f6fc,calibration
f53bf53f-3786-f974-eda6-669a837d52c0,train
deb8fcd4-111a-6551-6ec3-3155d59cdcec,test
bbaae544-f636-fa19-6920-e7e0eacc8289,train
96647aa6-2aae-e2ba-828a-71a22bf2d30c,tune
b86b203d-9dbe-70fb-fc94-5785ad91b027,test
1bfdf21e-7293-d39c-bd0d-e4e39503eb99,train
02639631-d816-86d1-4297-630062244820,tune
e9e2dcf3-1beb-e3f5-8887-6be14c83c290,train
ca337a81-eb58-b3ed-b5c2-9df13341c825,train
4254013f-ea6b-3c74-afc3-7f82b1c5aa7a,calibration
b480cb8c-1213-a5ee-f4bb-0b805fb0e6f9,tune
2f0eab3d-f5a1-15b0-723a-d4bd40a04497,train
95b7a0c5-a088-d083-18dc-bbbc206d0660,test
50048e15-e8b2-1373-3294-08fd17904fcc,train
ea3ed100-98de-3be7-303c-da4c18759bca,train
b8c69329-8f29-efb8-508b-c35527d1c456,train
98374958-c5b2-da08-8cbc-1022d58e1f9c,tune
7e18c9a3-6fdc-cced-52b8-d29c18fdd433,test
9f38ec15-14a8-a604-8361-1b67de7181a7,train
98d2dfda-ca72-5377-4328-545ab02ef1ce,train
4cdee62d-7eab-e5e2-d361-5b92c7bb3164,train
2e5b5886-0104-c494-116d-9b273be8ceef,train
e7b8ac66-d448-46ee-4f71-5574a2bbe3f7,test
53487335-4267-d3bc-5712-9421118a8a36,train
a2e1473c-0acd-7b0f-38f2-852c8d198a11,test
90e41790-aa0c-6094-fd65-dc5ea8f671ff,train
d256ec51-d4ad-b40c-9368-5bbdbc803f70,train
e9ea7009-d42b-5b5b-4ae3-6ea2556e1ced,train
74c7203a-543e-e9f2-5a78-a7cc0b031aa9,calibration
3e2c3d0e-d6b4-107b-8dab-06fb2e3dfd1f,train
712f7615-eab9-3e19-4ab1-a222891eee60,train
8ed58eef-cec0-cc85-74ba-2c8d75d16110,tune
093a1fff-27ef-1743-b62e-4f2bfcead83e,train
a6125a53-bef0-d185-6469-1b2013b41c4e,train
28035c9a-88c1-fcc5-d95f-8fed7d562b4c,tune
5fb99a62-6b72-67d0-1a32-bec9166cfdd3,calibration
40d0d623-a427-a15d-66e9-e7c968b6ddcd,test
3e7f8a32-9499-9888-fc59-d2c3989ade34,train
9978a15a-3547-a819-7a36-b6cdb8a93836,tune
ba8ee6e3-007a-21f2-9c89-3f2054970902,tune
e1bd967e-9de4-a563-6559-6e369d840c42,train
b1b011f0-8af0-a929-8349-5e0c27c1e7b0,train
d4e3732c-f2be-6132-a2c3-858e6fda3f59,train
d84303b1-293d-7622-21fd-2c79eb3f879f,train
a6193644-ce1d-a5d9-5cbd-dfa011eda3a6,test
0696a78a-ca1b-0134-600c-d3f743e22c01,train
e651064c-f559-0c04-6107-0ac16abbe8c2,tune
609da478-6568-14c9-c512-d13bc7e5091d,train
7adf0b1b-7546-0a56-34f4-770bb1cf88f0,test
36dee3b8-6004-5866-dbf4-bc4c7aab7f63,train
8930d210-a967-8a83-ad3f-f2a1ea59abec,train
4445e119-1c75-e570-6d0d-ec04108e4ac5,train
40992094-15fe-2877-be40-d0c4fec43c54,train
ebc3adf1-3c6c-f7fb-78fc-5bde0331015f,tune
a06f4c9a-3545-31bc-1e85-4a065e65e700,train
82656b74-3ac5-c9c3-45c0-2961e5b8e65a,test
d18d0a56-a313-4f4f-ad1a-88fa063cff78,train
891b8d25-7849-6805-d128-e86afb7c9b95,train
c9de00f7-a6df-83be-841d-2869fc86522e,train
9c65ab01-4cb9-7e2c-e15a-35d0c75f0f5c,calibration
91d383d4-e2c0-d129-a0e7-5fe75809e945,calibration
7253f322-f0b2-a980-d88e-fb9fc10a7ecf,train
56e150cb-0e6f-085a-62a2-89756f9902cf,calibration
07fcbd85-7019-dbdf-8dc3-a45cd48a90cc,train
2ad24997-62f4-716d-15cc-8719ccaf486e,train
6766d873-7b71-584c-62b1-79d3a45d02d7,train
6ee4a24d-c121-85fc-ce4c-baf666fc9cfb,train
89968470-a080-f96b-e830-e65a0ccfbf9b,train
db15b0f9-f0d9-5fab-9bc5-e2291b96bde7,test
2e550215-f15a-1827-bbc7-5395c51c6234,train
c8f58cec-78ee-38c3-cc94-8ed444477a26,tune
bd169883-b84f-3521-076e-439021bf922e,test
2bda0540-bc75-9b82-b5f9-22fd480e1a3a,train
9032f602-4b5d-94a2-c96b-4f99687e8cf6,test
6cde6ac0-8116-733e-0c42-885297c3579d,train
8e9a017a-f9a5-159d-38d9-b06fe9137393,test
34a37315-e69d-0088-fbb5-4c20920c8342,tune
240ae4fd-b35e-27e4-8c7b-972c27b71130,tune
048ae244-034d-074a-7fa7-1c83292f44db,tune
26008cb6-21d0-498c-3ff6-702aa05aacb2,test
b0eaed0a-59ba-fe2f-de6f-fcea084d5880,train
c6888d84-ffb9-6f1b-0815-712c5d305cf3,train
cce1a968-8802-197b-e21d-ac2cfc6961b5,test
fb11bafc-4f41-0253-2818-cb62c0884368,calibration
29610925-a658-f0f1-c192-a04cf01c8637,test
d37864b6-a8c8-f254-23a9-d1503cdba3e3,train
cfed2988-9c1e-db52-e092-1024c3b5821a,tune
efa2663b-eda7-0862-d4ae-cc519bf3dc7e,train
66c9b818-98b7-9fda-40ee-80c29a054308,test
38d20043-43c2-2add-f6d1-c7f897ab8f61,train
a58369fa-4f8a-9c79-aae7-780504a42cb6,test
5d19f704-8d4c-f20f-d03f-15f555537c81,train
ba19cc6e-61ae-a46e-086e-4eeda34726d0,train
83e87d6f-c50e-b14e-8d94-9ed1e55431f8,tune
d61693ab-e2fa-6e96-3365-d970ac070748,train
dbab4aed-21e2-32bd-a747-2aaf59c830cd,calibration
4bd00117-e2c3-7a8c-b2f7-b036f2ebda6e,calibration
9a0fda24-a7c0-f4da-5d4d-494f2ffe77cc,tune
88fb8a99-cfa2-d025-10eb-facf368e1de2,train
61e0d9d3-d2e2-6b68-0b30-f1c123754f27,train
309af2a3-f083-51a8-07ed-506e07fc1151,calibration
d1d77856-e792-4a3f-3c33-22d00df2a4be,train
35585a3c-6699-3c5a-2754-64cad6755474,train
f7102525-34f6-3dc4-54f6-666a3327168d,train
7c9ff2b8-a23b-d2ad-b219-c014e7310560,train
b287aa01-cf84-1633-e8db-98fcf9f261b2,train
6ef04dd5-fa1c-d81b-8aa2-2baea3c1726a,train
f58bcde8-b300-9a7f-d8d8-73781fc5fbd4,train
13591b56-5274-3164-e1ce-0aa1a657825b,train
51aea9f8-0a35-58ea-7ba0-144dd404bffc,train
fdac5b1c-90f1-0969-2ea3-c554b9748fdb,train
13aa28a2-626f-122c-52e0-273ef32d4430,train
2b568cf0-f51f-cfe4-89c9-e5c703cb471d,test
f0045af8-2401-0e01-6007-94270996ff15,train
3d33c9eb-ef7a-2ddc-3512-2531ca03de04,train
3afed6fc-a99e-b5dc-8e60-083a9daefc45,train
555f2fca-7e48-9e00-0fda-be2f0a49d032,test
c8b9e124-e942-c5e5-6f23-c837217b26b3,train
954b8cd8-ceaf-3fcc-fa34-d00bdc4806e6,train
8db58623-e41b-9147-d3e1-c3b338372620,train
ad00ed0c-a0f5-cb37-9e8d-5aad738e74a6,test
bf357f72-1828-e0a2-0b95-de3eae967b6e,train
d1c3d3c1-1490-a7e4-6aa0-6d78611da663,train
86963d6e-2473-0c64-1fc5-0a9ca626ec8b,calibration
3386f78b-f7e7-407d-9281-15e695215ff8,calibration
92c0b014-279c-f4ab-b9ce-585af390d1d4,train
1dd322cb-43d2-456b-ac23-e9c14f953263,train
0557a515-0c2b-ab00-c238-c7a149c910ee,train
ae1e7649-8c36-f916-52cc-4f7a3e7523d1,train
c650fc24-91e7-64b8-087f-13ac353bda88,tune
5d6c9d91-7df1-9333-9d2b-9353c8b94603,calibration
3c2a4e65-cd4b-be76-c4ff-b2bea31fe190,train
b82a8312-a653-1fb0-2f45-085642fee8ce,train
8f8ac3db-fd77-9faf-e0d6-5b6f68f5f37f,test
a5d42761-8e50-ca98-44ab-d8c4be703374,test
32d4f6e7-8bd9-2da0-e333-6ba25ccf1335,calibration
602e4bec-00a4-ac64-292f-05e1e29b6e48,train
0bc4e758-1466-7ed8-cf50-033af46ea12b,train
bb1731b5-8035-8fe0-1ec5-f70b0229fa4f,train
b4e92718-d6bb-ee3e-9c9c-27999e243f4d,calibration
f526f217-c52a-a985-f14f-d466cf5850d8,test
1304d4a3-f979-b14a-1b81-373001424662,train
7abba47a-3ac1-f76a-6190-f1bbdda4d179,train
c7fe42d5-82f0-9a1e-c67f-b4bdd92c9b45,train
4240c464-40c1-eda9-d4af-dec2ddeb6941,calibration
6e16b138-d914-63f8-e20a-ff72176d7cf7,train
267cf044-4ec1-19a4-49c3-653efe7aa1e3,train
e5666244-f8a5-4a53-b5c7-149e57a49456,train
8de230d0-21ef-d0b5-c312-d0f3b3566443,train
da2661ff-fb55-a992-8a1d-5223b0aaa619,calibration
4027f18a-1e7d-6c9c-c279-cb98e6a56334,train
8d4ce346-7789-15b5-91c0-375997504e72,train
855aa4e0-1b59-37c5-62c7-fab616df9a6e,train
d80cde6d-a610-c937-9944-1fa4a2484293,train
b7b13df6-722b-9ff7-6469-29bcd25da45c,train
a0815f6e-fd08-38dc-b829-7e64eca175fb,calibration
759a31f5-a49f-e23b-f0f7-59ea1f46d8ec,train
3442051d-8362-413c-e4c6-197911652135,train
575540af-858f-15f7-3de9-125d613e0b69,train
4b473db6-73a7-02e5-9c31-1ea4ae363bf1,tune
d822f628-9eba-6bec-350d-49878e7369f9,train
9300fbd6-4aea-e4f9-b3f4-569959312285,test
ba5eb43c-efbb-6cea-9c4a-cab92a5ff8e8,train
385fffac-ddd4-edc2-0810-e2f715cbd7e2,calibration
b0b33803-09c2-71c2-2088-9e3ac48b9358,train
7f8caff4-03c7-99ae-1dbd-8696c35b113c,tune
b6492666-87c4-41c4-9048-8c461774e562,train
650d119f-d1f8-bd4e-fe1c-874360a1160c,test
2ee26448-93bd-d406-b127-28b526ef0440,train
e2649f9a-6f68-5485-1e46-414139ecfa5e,train
13f26654-fd72-2208-333b-a646404db5ee,tune
ca2ab238-bdc7-9cbb-d7bf-2700a18adf58,train
6fb0fb8a-3a6a-cc8c-3f8c-6ff62979743e,train
f5d53cd6-60e9-46c8-55e2-c391c783ee3c,train
074e2152-c5d9-9c1c-eb2a-b45a95449674,train
994ad885-48ba-01aa-0b83-06a0c2c3dbdd,test
59b38e0e-543d-0753-e88c-e65cfee6a07b,train
c969297c-f38e-2ba7-bf16-c4501df93524,train
70b5d84c-1982-27d4-7d10-24b17be181b4,train
3f034019-23f6-8e1f-f5e8-aa714d7f5d52,train
164b4fc7-2e08-9144-2859-f9e333d7652d,train
d9770fe7-7c0c-a948-dfcf-1b87fbd34f84,test
4754fda8-976c-381b-6840-9cd79c830aff,train
47b70f0d-2778-e0d2-3c18-158fe8eee86e,tune
07059ecf-bf97-274b-5a0a-0fe0e669551e,test
69e14ac0-b085-ab82-f463-585b0065e3e6,calibration
4ff766e6-b404-f69b-0681-195f0f14b7e4,train
70bb85ff-2e77-82f0-05f1-9ffbbb0c9134,tune
86c20d7d-9d7b-f3c2-0f3f-3fbe54e7b529,train
9738782d-4bf5-98d1-b9a8-54d8638b156d,train
4ac39df9-55cf-158e-3286-e583e38c755e,test
98954d17-14c0-3603-4e88-00958f873769,tune
a556f02e-e4ad-6803-639d-4dc60e596dca,train
b349aa6e-7077-a355-cef0-913457bc012a,train
52ef7adc-0177-4fc5-b962-7635fef9f3a9,train
6eca619b-4b78-9ff2-1d7b-6948d9f53f7c,train
3b393c96-00c5-0a2f-9f14-b85fc4845aa7,train
e5e8eb91-d5aa-e452-7e21-bb00428ff8a3,train
9b7c31e6-225c-8d15-be90-183420fd08fd,train
b6caa33c-0683-d1b1-3829-2b62100eb1a6,tune
e832e419-5df4-ed8b-c21c-1929bd8f7f48,train
c0ba1a78-0273-fb9f-8a4a-e52aac1249a4,train
814739d0-7b81-59dc-5b83-c145f2f7576f,train
8cfe9d5d-8991-48a3-b03d-595431bf76e2,train
cbfa30a5-e799-38ee-5174-0455611163a8,train
b43f548f-707e-deba-5047-ff1478f54d1a,train
659e44f9-30ff-4c7d-aff9-c6e815e9033d,calibration
8e46d749-b076-2046-411f-3da5d2ec7693,train
3ac1c0ed-7102-351e-64fc-13e8f769767d,train
a89e85ea-43c7-8235-73e5-b9920c53d30a,train
f31f4b48-a124-bd6e-045a-81bcded48b33,train
a24343fa-1681-f5df-5938-b0ad69584fc0,tune
0c160ffc-43d1-ff4d-c105-fd79547b607c,tune
56d5be54-2d06-3ed1-7fde-87354aed8b96,tune
e0897232-b1b2-3e5d-90a2-ad4a8e0b8637,calibration
8bfc9b4a-c573-344d-0512-f53fdd9a32ce,train
ca3c4951-16b2-2b79-d8c0-361262430209,train
f2a3ad9b-dd6d-68d8-3ec8-ba55042866bc,test
44a4ecdc-f837-2224-86d8-b650f53f7469,tune
195a27f6-0379-dd6b-4511-3132e62af1e1,calibration
c5c1eab5-ff21-48b2-37e4-e31d7c467111,train
0cc83581-8abe-5ee8-e3ca-dba9db7b5911,train
6a71315f-ce2e-70b1-8c17-19fe5ef0be9d,test
a80ca6ae-fcdb-8172-272d-4a2ff3ca39cb,train
1850ffe8-9875-691b-72c7-04877371023f,train
5447d90a-f88d-ceac-cd53-bf9c05294e60,train
2f3883f2-03c7-48ab-ae74-327bf19d3361,train
63fc5d34-fc3f-dafc-cdfd-3f64f1165e98,train
4cb8bd7f-df36-3600-e81a-67ff7ab1f396,test
481e0b68-774e-2c78-aa1f-230d5dc3172f,calibration
7b9ae3f2-ba62-6476-76b0-b0e2ecc0b29d,train
4bdb6ad6-69bf-f556-1562-7e736c60cf66,train
09fdb819-4b08-e29c-1158-c5cb11258261,train
0000a983-dc05-fa6e-1ba8-0cf405eba0cd,train
5b68c75e-53fb-f35c-2f67-b723b8fa138f,tune
b3b1b774-8ff4-1e46-5ade-585a27f93cb4,train
e74d813a-4155-5b53-9443-a9c681e73673,train
a4526d7d-6c1d-ef38-884a-c981bd3ca41c,train
021de9f7-9f4d-84a5-488f-22235b5b1f88,train
06c15047-8a8a-3279-7ade-f0a186cfc041,test
995253a9-be64-7df1-ce14-daa11732e566,train
b116575a-5750-0aa9-3bbb-6984b57eccbf,test
2b1516f4-9af1-1bce-624c-834d1960998b,train
157a16d4-011b-4c35-5e27-f7b5fd9f27f9,train
d0a81340-2c97-32cd-4686-64119ef7c0a8,calibration
01b26afe-eda2-b2f3-4a9d-2f37fc8189e1,train
10b980a9-55e8-72e4-da9e-11ac3267920e,train
08dded58-ded3-6acb-6b3d-c3c592c61135,train
1074b11f-8a90-47bb-7715-7986765a6c26,calibration
977cc814-3e57-fe8f-a54d-6db26c7a96c3,train
aadbb23c-aa56-c0e5-d09c-5ddffb66b5ec,train
a0e426de-aacf-4a67-d940-5dcb2f5ccdc2,test
8ab4ee95-0a6e-e889-0940-7b324a53c983,train
ffe3a78a-acbc-f839-23e3-e8efb3790788,tune
68268a3a-a6d6-7b1d-946f-025a27b60fc4,tune
97db4a28-6414-22e7-4f69-2698aedc4686,tune
d29c5550-c7da-82a1-caf9-eafbf73bb9a8,train
d6f0cf43-a106-303c-3892-ebad9024d8e2,test
fc0f2aae-c9bd-f3fd-e91f-0035b1b1c2e7,train
aa0900d5-b372-e3d1-ae01-3f94e3311421,calibration
682e11f0-f090-d855-b661-97fdd829d41c,tune
b765861c-655d-2f0e-5c39-b1017cb2bf10,train
e8683c63-49de-a854-7638-ff3131982836,test
ad93de2c-a5c8-1465-1ee2-b47dd6a8ad04,train
a2ab6541-dcc8-07c3-c85c-9269923d2f04,train
8c445887-b1a9-e096-b1e9-6b46ab8b8f10,train
2a74fb78-330b-471a-d23b-b32f8f14ffd9,calibration
d7c854f7-79e3-50e6-29f8-a8952ac90db4,train
9209d233-5c1c-41ff-84ff-1ae37f892eb7,train
d88ed221-1004-c9d5-169d-2ebfd6e7bc98,calibration
68169e72-51cb-a67e-943e-74be31e1d27d,train
33166626-7ac1-1eca-b6f9-ee1ed6b8a704,train
86f43c48-7112-5c19-ccac-0a382b3cef8d,train
278ac7d9-2f90-05b1-2ed3-3ed0db4ef937,test
c7b58326-f0e6-2ddb-170d-c34922f8e0e9,train
1aae3bb8-4988-b122-769c-5e047e3de222,calibration
be0c932c-2650-84cf-9ac4-4cee99690ba5,tune
c3ddda52-5f36-826c-2963-129a772b3151,train
595c346c-45f9-0096-91a8-5e77a937225d,tune
7e5f6732-eb77-c7de-e074-5aa475e8a8ef,train
3ab2451d-76a2-9527-77b9-5e52552a6576,test
7c6ebb3a-2202-0b54-e4ad-a52a77281c47,train
8d65e470-0ab9-4a83-ccfc-0560e8f26853,tune
fe63fee2-64a7-3dcf-a062-f322c04dc635,train
eab334de-3b6a-e404-f4ab-7a2f4387906b,calibration
5e8b490a-9c92-8654-4243-02de126d8a76,train
821a9ebb-610f-e761-17fb-95e7c83ebcbb,test
9404e15a-36c0-dd31-37d1-70336488d5a1,train
3276fd64-b75d-5f1a-2d8f-a40415242868,test
9ccb6fae-638b-b7ca-abbd-07ce6694b2df,train
26e7a388-978c-4c56-e88c-8ae218ec6987,train
33d90758-6f94-c7b5-de98-ffa43f23a6cf,train
708e59d5-9551-69d9-2ede-cea12ec4b84e,calibration
03f711ea-25d6-1067-6881-1a989610d644,calibration
7be02687-1f32-596d-2163-9ab513fc9017,test
11d89cb6-89b4-d9f3-0240-05a9f734e86d,calibration
56562304-085b-b830-5b43-c66573b7be32,train
feaa5515-bb98-059e-f0b9-767a18e30e4a,test
3df34f8d-2f57-62bc-934f-d53db2a2a7aa,train
9b0742fd-8f6b-41ca-88c7-a122754e5fee,tune
52ef4576-ffcf-f8fe-f6bb-804529b48d47,train
62fa2982-c0dd-f8a1-fa94-5af63e144320,train
723b9269-52b7-d676-f042-6715b570b69d,train
2fdf3e86-abbc-73b8-70da-a1f18babfbac,train
cb8f2df8-747c-ec64-99d3-32972a8c7050,train
912197ce-485e-77f9-6888-034e3d01f0d8,test
7c3b85b8-87dd-07ce-b2c5-70fa766df829,calibration
c7eeb63e-c0d0-20a0-d95b-28f9c151b48e,train
4fdca846-be5b-e911-9230-4107348f1873,tune
7d38efa8-f30b-5d04-887e-92716b0b30a1,train
4223a73f-1253-7a17-8e64-ea8501815d1d,test
e4ce9776-a8fd-9b82-7772-bcabe596a11d,tune
d3adae40-dedf-d259-6b04-db294d57b8a6,train
2dda8faf-7236-ce2a-06e7-bf1d070ca3cc,train
30c0fbd8-fa86-6103-b40b-568d8a78ce78,train
d884079a-a815-72a0-a9a0-5ba13a0e3f8e,train
a16b7bac-c669-ebfe-b0da-bba2dfc97223,train
6e064418-2329-d117-777a-63b38ba92137,train
3d3a0d5e-c4b3-0f20-1485-b6e7c162d0d0,tune
9cd225d7-c37d-4d38-590f-6a901732d2ca,calibration
bcffbfb4-28db-9654-28b3-4a982bcc8931,train
6177c925-0b04-68ec-7fab-e7a21869f221,train
dc49d384-9b7d-04d9-8e25-3cc594e58af6,train
e5731636-c668-efa4-49e3-1ee69f8e1268,train
ec8c3c4d-bcb6-2680-ef71-a2a063d7a336,train
945bcc34-8798-58a9-06bb-3780c37cb5f6,test
4a740168-8565-cf74-1579-cf6df3fb15e1,test
eab87514-af80-a8f7-5e4a-ac2752354660,tune
6eb18ee0-02a4-82d6-be65-f91a2341611b,calibration
b98161f9-563f-b2fc-b03f-6d1fab174412,test
a098a052-621a-7da7-2666-da3fb1fd7b5e,test
c7de8228-d659-7d3d-ec6a-f92229d53b50,train
0aabfe4c-dabd-f283-2a82-6807edf0c395,train
5bcfc337-7965-7396-75d9-110476aa0854,train
578ceaf0-ccce-a2d5-dd3f-f9dcedc8a014,train
ec417820-f659-21b7-ec82-ead8c31d0400,test
66408594-c857-bda4-9021-5423abf2a140,tune
5fa50e18-52d5-0e3a-4f27-997ece6c4c96,train
5089de99-4598-5e15-5ea4-f60fccf9d8a3,tune
fe96b3db-a37e-3310-f010-0048b518d686,tune
c32446e1-150f-45b5-7809-7f66bd67cf23,train
1ebf7dc9-bb42-be31-12b7-80ba0677ed30,test
1875de6f-3b69-2e03-faf0-3727c68d2c45,train
2ae8c2cc-a6ce-6a37-2473-46507d8a9353,train
12c7bb58-6d7f-22d4-7b49-3b4d494a6153,tune
a642921f-e539-fa4c-1d07-8553aa000628,tune
a0601b89-edb8-7ce4-2d2d-76de607ceb0c,train
8b52d370-695a-9c33-a550-4444e6fd8e8f,train
2fd52fa6-103e-8af0-0d3f-d33effbe996b,test
814f9248-78d7-f886-e9fa-e685cf5a3409,tune
20f646f4-39b1-e2ea-c0b9-532253e311b3,tune
8a3eb0a1-0dd1-e8af-2e8e-303bcca43cd0,test
3dc24539-9d43-7ee7-066c-cdd3bf9d111d,calibration
182c812a-256a-eb45-515b-172eea8d938d,test
292de850-e72f-fbc4-99c3-2c726f3f41f3,train
d553f053-142e-925c-fee5-254ce2c92c8d,test
5fea7b70-6561-fa3d-8d2e-d5529a004bce,train
4ce57f28-3783-443c-dac0-6de84f423082,calibration
1d5ffd54-6052-cc25-d909-177af2b72e96,calibration
09a15d0e-8c22-1e67-d564-ff2bacb0fcb1,train
23173169-5798-712e-71ef-e5cf23abfb10,train
f2b77398-0c32-bd54-6f47-050af6adbcfa,tune
84ddff91-b637-e3a0-ebcb-8ca4b03076b0,train
bbd7cea0-6d41-a9b9-d794-0119a572ba6b,train
a7d8671b-e2a1-3145-5a18-fc8e65f23d62,train
6425cb0b-a4e8-613b-9b0f-f8421d1a3085,train
c8a8c98f-10ae-72fb-ebc8-6b8098361fb8,tune
f4b96cb3-81bb-e2b7-fcf5-5f3c381dc5e6,tune
7efc76f2-49a4-89d7-0034-cc62cd6b7248,train
90a094b1-2272-61b3-9138-79eb52a7136f,calibration
802d890f-93c2-bef3-04fd-04c1aa68ff0c,train
8d4c185e-dc3e-ae05-b5ee-cdbccf8efa97,calibration
8e36eac6-e177-5be6-6780-373b91e706b2,train
7442e4bc-8069-c1f3-f7a9-bb204705439d,tune
68d40e3f-fd85-8204-07ac-29ce5bbc453e,test
418fcc0f-9e34-34d4-b1eb-10035e1e0eac,calibration
33708f9c-58a5-edae-d7ee-17a18259bd10,test
9558b711-6053-ce68-89cb-9e928ad264e9,tune
457eefec-8971-bd44-a604-776be537c919,train
de6d4068-aad6-8cef-b0c7-a5f34d88cc3a,train
b4beb2ee-71f3-2330-3e86-bbc359615e4f,train
d5a90b1d-ec42-77cc-b6ef-08f8bb1e54af,train
d87132c8-d8f0-19b0-926c-5302010d0ef5,train
adb001af-b6cf-5152-a36f-f85fbbed52f2,test
dc149e6c-ddbd-ff20-575e-c974a249465a,tune
1959debc-c844-f32e-e993-a132d8650325,test
dde9aa0d-41df-e8bc-0a85-a7d5f703e201,calibration
1fd8f514-4057-5b73-fe8c-bc5ee9db3e0d,train
317f72f8-56d2-64ae-be9f-efb4c73bb778,train
64748b2d-1369-c709-9f43-1a600266ee3b,train
b3c191a6-e445-96d6-e9ed-44d5944e128d,train
6a823fd7-d9a3-16f8-d544-84ef9a828b08,train
8c33848f-1f10-9540-4f63-40f259a262e1,train
642d208a-ae25-6513-1706-d0315861a18e,test
88247361-e156-7619-b906-e36db98bb281,train
40cf6191-f81d-7f6a-6e88-a84307a4f0df,calibration
cbb7daf6-ef03-7d17-8c77-40459530ab73,train
785e9606-957a-f6d5-876d-d7369e639e33,train
9a7e6a91-1bd7-b082-1aaa-4b25c64ce529,tune
c82b78d1-4e4c-bc58-9ecc-80c69cb31200,train
e6e07d63-27bd-61c6-07bf-c770aee0b0c7,tune
8b02eabd-965b-16aa-e617-10b42b84e082,train
f1f8a0db-a8c7-c975-71f9-cef0e092b8f3,calibration
51c6248c-9e03-329e-c942-59b5a8e29b9a,train
8fa76748-3821-7129-b0c7-e293680328d4,train
cacee7e6-709a-be13-c315-895c8177b900,test
5f818e60-2d69-c77e-144b-48bbd26e2734,test
808d0bff-b5b8-e655-f8fa-aaca675acb4d,calibration
1a441743-f7ff-29d8-1b64-20cc3cd81cd3,train
3a657037-05ff-0ab0-d5ce-e27c8ac7ebe0,train
e0d06fb8-cd52-6a5c-5882-42420fb33a79,train
2c9f565e-ad1c-252b-0058-9e035ae9a4f6,train
6d1db595-8acb-9b9d-88df-817efe2d9243,tune
73e5d099-2746-7008-ff6f-7bf744b4d97c,tune
8ad003c7-0b85-2657-4da9-e986280f6a5c,train
53cfee25-aba0-8ad5-5932-158473107b48,calibration
873e511e-580c-5fa8-c13d-8314e37bd7bc,test
03cc78bf-00b1-1a14-d26b-a0defd6b53d6,train
6e5cbac5-26f0-8ab2-7388-0f5438d9f624,tune
b24a426e-dcf8-afec-9855-fb59217396bd,train
5ea96449-46e4-65fd-f6cb-539f7150911e,train
4d5bd3fd-694b-2244-d636-eca309263430,train
44b16ef6-7e44-e738-408f-8e08b5c2b2ea,train
42c16a0b-1a19-f441-31e0-98f44e382b43,train
5571608a-0ca2-9aac-5009-aa67fd3157fc,train
72adecc3-5b46-4ea2-6fee-6d686097f832,calibration
43bbd5d6-8c61-23a0-a643-77d2fa3ff3bd,train
6bac703d-a239-7c85-00b2-a8f53aac13ea,train
69d96608-20c9-39ab-b458-3663be6bc869,train
802251e5-3981-47ed-03ed-28a5b58e50cd,train
9e94aaef-1564-6acb-a055-666d1d8e4baf,train
e71bd258-94ee-184e-1a41-a1202c11b375,train
8338432c-8a09-8435-4f6e-b4be4fd9d3ac,train
d5d931f2-597a-8405-0392-b3fdf67f32ae,train
53034ce1-f463-b191-9e72-0757a079801a,train
74485c91-adc4-923d-fb9b-21460bf27a38,train
83826e21-88c0-3a0f-9178-a1abd018cb15,train
b5078ebb-5f2b-3cdc-6962-e904558ec7c6,calibration
71cadc3c-4dab-ca77-eb6d-a701b58553bb,tune
1d644b0b-731d-799e-8901-c0184197d0c7,test
108ac823-c319-463f-4f00-2ec20b724338,test
a23006a0-5ad4-6f1e-573b-fbbcc4da7baa,train
9675fd7f-d49e-fff8-2b17-417be44aacb2,tune
7101a21d-bfb8-d48b-1526-869a7e9cfe44,train
02fb233e-70ff-96f5-d7c8-b5fd00f3004b,train
d3650dc3-8339-0301-dd64-8715ff3ae501,train
9e78f8d5-ce3d-f5a3-4ba6-3c31a7ae1eba,tune
c6b3f41d-27de-11b5-bc81-2a028209c9a0,train
659d7d12-98b2-893a-00f1-3ed4281c682a,train
6ccc3bef-fda9-d813-58d9-b878109d85fe,tune
0b33aedc-12d1-7fef-6a11-92f1e890f7d0,train
84ad854d-0d67-5e82-0d6d-b639fca90b12,tune
2b23a523-9af4-2eec-9d43-287bb23d4b1e,train
c2fef38e-0a64-aed8-5aa5-94c2bb522919,train
60f6ae37-b2ee-f628-5ac1-03da4300275a,tune
c98f19ed-24dc-4e2c-4ed2-9ee59a09c4b3,train
e8cd23d4-09c6-02e9-2270-280a7ccc3158,train
6f2d4158-3560-3063-dbb1-e60ee925b4b8,calibration
89c0058b-baed-15f1-c901-7b304d2d7984,train
5605888f-f22c-e78e-279f-ec9adb0608f0,train
a80f4bd4-d950-2106-a0fe-1f975743f724,train
342732e0-9a45-f99f-1e6c-37483005bbe0,train
ed37cbf2-d82f-e543-bc94-f7b9b880b3cf,tune
599aa58f-d348-b781-d04d-74fc34464b80,train
92cb12aa-7880-26ae-8d9c-7abe2a1518fd,train
9a73767a-9588-a1e3-74d5-3c9107175044,tune
81d94471-71d9-c1b8-7d67-715d47b42125,test
87ad4d27-991f-8330-2d01-9b06bae41693,tune
da7a58d0-c9b4-4e6d-d16d-4759fceeb5f6,calibration
c8963db2-a8fc-e2c6-45fe-4798111bfd37,train
d8917640-7a02-2f64-f9b3-e716bfcf07b0,test
3251fa5e-224f-2b92-78e8-3654d45c6588,train
e0d157ca-9e5e-30bc-c8df-264968f8a91c,test
3ca40a6f-9473-6d72-d3a7-735fa31b2048,train
622cc175-f8ae-1419-8eb2-24fc2cba629c,train
fc64f58d-9d70-f03e-87c9-ad1faad63a93,tune
1b9e8a8a-ae7f-8035-c2c1-b584122471bf,train
ec1e31c6-8c4a-80ca-6e98-f290d96bf2da,train
9dc03582-189d-ea88-42bc-d607f79f5840,train
227bfe11-4a06-3180-f3ae-ec0f9699f5b4,train
abad6b2f-e260-572c-28f2-1d4fb5884bb1,tune
e92eef05-3152-6499-fb2f-d90920318ee5,test
2d303352-fa58-8a95-7fb6-fc3be3df04fd,calibration
3d05989c-3f38-0be2-5e94-16fc354a707e,train
d46f8fc6-db68-9d9a-f713-505fd6483f9c,train
9e74b301-17fe-0b33-093e-6e66e6786de7,tune
68e16344-6421-9536-aa10-8e3926de0cd8,train
faaf43f4-87cf-3ba9-6f00-922d25a158d9,train
2e4030a8-c7f5-150d-ea62-8763d7ed5aa3,tune
cf7d0c63-1863-661a-3ca8-6468bdd3988e,train
0046d0b4-ad67-e40f-5abf-d0204b1733dc,train
3a2aa3e5-7fd6-b366-efa4-daad50e1cd42,test
70690183-795c-5112-8d4b-fb625dbb344d,tune
f52a889a-19bc-919d-4bf5-64ca18b88148,train
769eaef1-573a-de9a-a677-2982f931e6f9,test
f908e143-c440-efe0-20c0-cb1a1437280c,train
e054651d-64f5-fe2f-8c99-b52ee779c0e3,calibration
b2f691d5-1e63-f0cb-3f64-9e8e43395326,train
09ac478e-05e7-5eb7-18ff-347b9b384e46,train
f55d2e26-2e20-5bd8-5c69-b24966736dec,calibration
adc4201f-919c-936c-a282-3f007b8d6521,train
dac99fec-4c7a-6999-cda0-76542b816d8b,train
cee4611b-0e75-fb7d-fc5f-33de2aecada2,train
a9042631-e642-df2c-2ac5-d4fdc56aa6f6,tune
34545ac8-ac1d-dd95-12c0-25c17abf1212,train
00dbd878-0ea4-3ede-6d58-e813bcefc8cc,tune
43cda602-a19e-c6fa-6d2a-2d01f25ebbc7,train
b499d731-9e54-32ca-2299-3b19304e45f8,train
5a2c99df-2392-96ca-6891-bb40b4d18007,train
443f261f-4a04-1d29-9654-f04ac9765b28,train
43c256d8-1ee0-d212-058c-5f793934ed66,tune
c90a162d-2521-527e-8160-7f3389b06e60,calibration
492099c4-b334-e1e1-2771-307e33ed65a0,train
cf0e8794-dbe9-ac1d-8020-76b522e7ad90,train
4a65d527-e045-b85b-d40a-4e02b611a7f0,test
0cf9f8ac-af1f-3b6d-6213-98726f3e10de,train
890f7242-b8a9-0d8e-5b4c-5f0dce5bfe9a,train
4bffbf26-425a-71bd-d35c-ee25a51dbc36,train
59933ad4-69bf-92c3-685a-7da1097b3e22,test
6a883b36-f4c5-914d-8e3a-b03bcae9be3b,tune
a10e3a71-5561-9f37-fd60-d4590438413e,train
b5dbce15-5cbb-be19-6e41-ba551fc7a192,train
06e1fb6c-10ab-e22b-7866-00931befb80b,train
7c062116-edca-8c32-ddf9-d3b5acc75c43,train
44698a14-c59b-b6b0-266f-700ce01b1ac4,train
aa739ec2-d58f-b991-50e6-f718c905fef3,calibration
f3387434-7bf1-863e-46ab-0c408b1ac137,train
d1142ce1-e0eb-775f-c06c-50a69886f774,tune
54314be7-dcf3-5871-e277-c684f909cc81,test
22bd0570-a183-b6f0-2e0d-b63ce17a385d,calibration
1da164a1-6b90-5014-4ba2-b271860ee1b4,test
1bb85cab-cee2-bfe9-6733-2ab8e8f89a1d,train
7b07bd31-30c7-df7b-ac40-a6691dd887a2,train
3c860bea-6f39-845f-bd27-182de557d97e,train
913b8bb4-233c-dd3a-c623-ef2954f868cc,train
342b4f9a-03f5-1a67-9534-51b76c038052,train
6a722318-f91a-5aec-9169-3bd7acc5fdce,tune
884f2421-8b17-6947-89a8-1222b09b7d1e,tune
85ebffa0-b9c4-81dc-d49a-e7f3a14c9c3b,test
f09f9332-fb18-6a8f-07c2-140b4ecf7575,train
8c04fff1-7ea2-12ab-9e82-87933506b9a1,train
9fa6d14c-cc45-0827-3fd7-bf740cbe41be,calibration
d94b19e4-2a3e-eefb-010a-f927f43c659b,train
1db0d904-b8b4-042d-514a-06ebdaf2b144,tune
b4f9962c-3f97-b17b-3608-3d90cc03ea50,train
f90cc877-a727-6b9b-2914-b605cc367fb6,train
ef2847db-29b5-122e-eda9-6518396697e6,train
3bff0ec4-1cee-7a50-d447-270ed26e8cc2,train
77821248-7437-9c4f-6ee4-8ea50fea33d8,train
c237c0df-62e7-89d6-4d64-5771e29586ea,train
f3cff2f1-f1a2-7164-f7fa-99b77183d3a5,train
cf565179-4020-73b8-ec8b-1274ad3d1aa7,train
f2a86448-52e2-8a0d-3bae-fc52e8bd9716,train
e4ca31d8-f1c6-f702-bd48-13435727ab18,train
7cf8286c-268d-55ed-a8b9-c6be9eed07dc,train
b11e3297-2e00-a447-4560-e177cace64dd,train
cd28fa9b-c4f1-112a-2c54-978650ef6d32,calibration
987f3b16-a543-43cf-d0fb-104fbdb6119f,train
5dbb73c2-e71c-298f-749b-01f784b0528c,train
01f9f574-41c9-c98e-64f9-99d57a471add,train
d2a0f94d-0d15-9330-362c-b1f306cb403c,train
b6471752-3777-5611-f5a2-c0856862a46e,train
a06b0458-7613-56c4-aa9d-02111769fbce,train
4a0b39b8-0d85-39f5-92bc-d28300862fb8,test
04d2b65b-1c70-a5ec-2fa4-d7da3bf8e5c1,train
f05879bd-d373-64af-95fa-0515c31c82b9,train
d3343c76-e370-03d2-3f3e-4d2f6ea27131,tune
3ea9958f-21b8-2019-8047-abe5107067b4,train
333e46f9-2f56-2000-bd14-40990db257d1,test
eb6d72e3-09fe-9b56-c520-4f7a53d1161d,test
a6617b76-1871-7e75-e66b-124715f61288,tune
845b9dfb-178c-c532-1086-6057f398251a,calibration
e94de895-62ca-c16c-9946-644acef21e35,train
dbb6310e-b925-1f40-3e08-21ed63621954,train
3b4b05c4-32bd-a8b2-13ed-2d7157fd6135,test
6def8637-10f3-7e9e-44d9-febfaec0cccf,train
5734d9fc-8dce-2c23-5aee-53f6a6071085,test
87603f9a-1a11-b10f-4fed-df1bafd8bd89,train
9107c7cd-61a2-6dc8-e2ff-776933fab874,tune
b2620068-6f71-ce7d-cac6-feff8a262c25,calibration
6f470493-c0d8-94e6-ce34-2efac30570ae,train
d963e59c-4c47-2961-3d5e-94f04b35ba26,calibration
b996c055-869d-1eb6-9a3c-c60208e3c992,tune
f570245b-4de8-3915-843a-49b0ddc13b6e,calibration
ad6a0462-439c-ea39-8d5f-72ba02557663,test
8881f896-767a-71c1-77f6-84e225de13cc,train
cca2749b-9edb-67e1-dd94-cfd01be9ce25,train
7d4c2509-284a-dc23-655b-c830a686acde,train
e53d31b9-ad38-1379-9510-5f056e24000f,test
edb8ab58-b0ab-8aa3-8c2f-0d588bb09d01,test
54b2b94f-5224-b72a-0cc0-c40fbfe30a03,test
41a49f9d-5428-a1aa-1cba-83dafeb2d191,train
a3dcd859-bedf-bdd9-052e-f63d2c7e7905,tune
5062e8b4-e893-1d0c-7877-b6be0125d3d4,train
c342ea44-9825-a36c-9bda-07d4b36d6810,train
176b7990-2e72-f408-3adf-9b8af7d68821,train
8486bd38-4b81-cb64-f271-a21ca5a47a5b,test
fde4a12e-ba88-b645-26e2-3ed9846d73bc,train
0c7c242f-79c1-3717-e881-c4bb92ee9f09,train
7275d179-1d88-a2aa-0a7f-fc5fbec0ec93,calibration
8ea51b44-284b-e160-9221-c2d86ca172c5,tune
732daa67-7f24-2ac7-c1a3-cdecc567a4d6,test
a8a7047e-f0db-5fee-3e95-561c785a29ac,train
5f2ffe48-edcd-6feb-0854-4c62d94c743e,calibration
9be800af-f4b0-f301-d993-63fb5935b16f,train
7b51afdf-8bc0-79db-1ca9-439a6a7de14c,calibration
9d454df3-e480-affb-70d6-ceb12f071f6c,calibration
c3f33bb1-cabe-cb0e-0fd9-c4314049e074,train
0912bc2b-dbd4-3365-03ad-311f8c9ed900,calibration
b7098fcf-ab92-f18d-5eee-d12fd009b0d9,calibration
bdb37294-aadc-04f3-63b1-6a52e5dbe79a,test
1a93e313-d392-272b-af10-e31bf1902180,train
ec1580e7-fa3c-0fe9-cd91-33987ffc2980,train
48a71e22-4ee1-c1ad-b95c-be496eb91500,test
11305206-9baa-22f0-1b04-1ca02b8e41a7,tune
4c7d1209-b268-00ee-5b15-281545f8a06f,train
d7ff4a8e-2712-f3cd-3879-3363cc932372,train
ffd2814b-81cf-0919-c69e-20feb4df5cbb,train
1dcffc95-49e0-06ae-eb80-caf42bf53dde,train
1c59e068-6ee9-45fd-4f33-086a6ef2a439,train
2af88389-ef1d-d260-49ed-ce8fd0d56a0a,train
53614186-481c-65ef-df6a-d307f41f2432,train
565dba93-01f3-5c70-c38d-cf8a58e2a881,test
db7bfc00-3edb-958a-928a-4f83596238f7,tune
881f876b-599f-4861-f75f-570c78644273,train
06a059fe-7a4b-abfb-9fe2-a54fc582b4b3,train
2c6bc47a-fea6-d1ff-f4bb-d048e6255afa,tune
05673199-a53a-9be9-a297-c3c524610e53,train
80594af6-2002-bf93-e48e-67af2eba5831,train
5f26a416-0726-57f6-5f08-752178c191c5,train
92094640-f4c2-ad35-1767-1a1495ecadcb,train
fdde41b6-dba0-7dda-b6b2-a4912c5a3abc,calibration
adfcb2d2-aada-f295-aa08-f704789f234d,train
c18cec3b-8a34-5eb9-13bd-315551c4402b,test
227b4af4-8504-f2f2-72db-abc8f0f4101f,train
91d82851-b23f-7f92-c268-a741dce7dd1f,train
0704797f-d201-f597-9680-a168b22e3a36,tune
4625e5de-1ef8-9789-0816-bda469e1efc3,train
46f659aa-dbbb-3d98-c707-88e9b384b715,train
db00219b-5a55-ee60-7011-4c4dbfd58b41,tune
f1124c73-c3b6-eddd-8314-d2dbeb36ad19,test
c37c9469-fb97-ad5b-6136-bac8d5673fde,test
8e722b27-2159-de4a-885d-342d06f9fc82,tune
02986c64-63ee-96c1-c1b7-9f947aec7b47,train
e0bab67a-4717-33d5-5e35-bd3012fa721c,train
b5650dd5-afd6-c70b-2f99-cdee88e06851,train
08b91f2a-8a08-0552-20fb-e1fba2283b7d,train
c1340c87-170f-a058-858a-42a16ff3fe9c,train
3313af9b-5684-1d46-dc58-a8697fa08fd2,test
ebb1b699-9fd6-24bc-c982-a62a333ae4ed,calibration
3253eca4-7b7c-6664-802c-880a01b6de0f,train
23b538fb-bd01-935a-8e7a-c48022dfd442,test
ae0ac029-d5c9-779a-fdfe-4f0aa67d2b46,train
7846e8fa-639a-047b-d8b5-cd4b45c6143d,tune
3574b0a2-6d8a-4d14-9b8f-35bd423c6a16,test
9ce6e360-5427-00ec-6129-80deb794410b,test
f5427f01-f07a-f2bb-01e1-4ce358b3b0ff,train
b9ff133a-0fd4-6001-971d-7b0e81b17071,tune
e0a05194-bec6-1e46-cefa-1059af2653fd,tune
6549ec19-0ace-bac0-e2d4-27c017e3d03c,train
3ad5fe7c-97e9-825c-54ce-b83a372da07f,train
648fe531-f7a9-268d-6647-33ff641d599a,train
34ba43ef-b797-49ff-a978-7430127b29ac,calibration
6a1bbf95-0af9-2eb3-cf2b-8b78805ecd85,train
11fb20ad-1240-024f-7996-5f81a4f2c71e,calibration
1abd0370-da5c-1b5c-fa31-8842cf7cf218,train
fc69af55-7b41-e189-e888-29211a534695,train
231aa3cd-96c0-d903-66b8-0c26268c3ceb,train
cd38c376-19e5-4f9b-9198-513fda96d6d6,train
87979ae5-d29b-223c-f6d9-94cf113b2f0c,train
cdba154e-52ba-6387-9ead-2cbd4c0361c6,train
39c0f9bd-0004-5f28-9af2-4f3f604336aa,tune
038b6ca9-ba43-c587-e2ea-fdaec4475ed2,tune
cace46ee-d9ca-7f94-24f2-9fdda24b434b,tune
a08f7f28-e899-54a2-a476-19debb1f32a9,calibration
a4345289-80bc-80b7-b56e-fc328dacb9fb,test
a38e215c-deb5-a7cf-9707-ab30095774c4,calibration
e160239e-95d5-141c-db9e-c92e4af343e5,train
bb4cd324-eb07-6da0-5958-9a2ba8ddac4a,train
c137e00c-6706-82c2-0c00-6ff1c91bcb79,train
5c91c909-dde7-055d-b45f-beab113a6b87,train
aa9677d0-c76f-fd09-eda2-10ce816f08e4,calibration
7dd2df5d-0479-7d8b-e1fb-0bb3ee3b9198,train
5cc0346d-1077-dc02-2764-c886c9ba89d0,train
9668a504-4102-f67f-d309-114b3269af8c,train
d73f3105-8e78-10b7-cf26-6de387eaff01,train
a0b9e9f3-8fc3-8435-8a58-67fc177e3936,train
c9e9dfe4-7c3f-b89a-aff2-922306ce3d31,train
04b6fde1-5295-2f05-e64b-1923074ce75c,test
c6a0dc14-acc2-1fcd-0671-9c45966e741b,train
9dfd7d86-9e6c-b06e-7902-33d557bb7246,train
c1268f55-75d0-d9f5-1713-5cc1e27465c1,tune
0093b6ac-6b5d-8582-8fe2-177bd721a9c5,tune
003f2735-a3dd-1982-26d5-b24058b86bea,train
e59187a9-6e7f-ab15-e172-5e0f3244748c,train
dc3ec160-0f73-01cc-8a2d-16d367681ab8,train
6b74d7e0-93a0-b473-c139-6cb2db729af7,tune
a1d92bf5-0a16-d2c5-265a-50d000e62d23,train
23890db3-beb2-2b03-f8c4-daba14567ef2,train
ceccbdde-800d-c542-7d88-42c9ae458f28,train
b73604a6-3594-b3fd-8873-d5f9b301080c,tune
5a56f895-5286-ea16-bac2-74dd89fedb88,tune
75130fd3-4c03-eaa2-bdfc-9679f560d8a6,train
4685c078-8e20-a797-f236-f365ef047961,train
ad058a9c-e30d-65e8-d9c5-58be32142ca3,train
9766cd5b-3674-da04-2b51-47d41c448476,train
cceca1a0-00cf-730f-89eb-b194179ae47e,train
3c712850-0445-21cd-ca39-dc5aab006d9b,train
448c1c80-5e84-6389-5f60-3725d5ee3f15,train
3da9f4ac-f28c-c4d2-c188-2e6a297c4d12,tune
10a98a78-048d-f24b-44dc-24a98e75c9d0,calibration
271c42d4-dcbb-3436-5a60-1202790bc9f7,tune
3fc65aef-e00b-01b2-e8e1-4ffeb22fe6a0,train
13876767-d45f-9ba9-a69c-27e134e9f73c,train
58d96a90-1a55-132e-8272-5a934396c6d9,train
4556f623-f52c-2e31-0eb9-26c305eb07b7,calibration
7204cddd-23bf-19fd-ca3c-8d6fffda072b,calibration
e404ca37-416e-969d-ff22-2d72baf9b255,tune
5379cda8-1348-06e1-4df2-90c648867d70,train
f5a6eff7-f942-5fee-2a65-c78b623e3f09,test
d29f02b9-f343-4575-1c3f-9b7f506183cd,tune
06a98f03-99a6-e469-5b49-d23637f67a43,calibration
5b1dee20-1de3-284f-4a1a-6536f75c2a69,train
67a3406b-676d-5a94-f10e-ca60ced6545f,train
4ba79cc5-4527-7689-f33c-2d4d7b918d2b,calibration
91f0af9c-94a4-f7e0-243d-23f92272d7de,train
13c4ed3a-4e11-1fe7-3caa-e15e5d413425,train
ee078933-734f-4458-5b0e-0cdd127981f3,test
e83f192f-815e-4914-9d31-25b8694abde2,train
2733d51f-a500-8686-22fb-99bd42e6676a,train
8607bbfc-2668-0a96-6352-4a3788e4b03e,train
4bb63fe7-f91b-8992-0aa9-2fe151d2fc30,train
c6519ef4-3647-9192-ced3-05d8363b93b2,train
22973ec6-4255-1c9c-4991-3ceb127dfd2f,train
5a5ce468-53d3-9a79-cff5-94e02bafbe32,tune
3d718ef8-c394-4241-d5f6-a76f90eb6837,test
5354f593-6420-1ee1-5754-14030b52859c,train
bcc98857-95f5-8d19-5e1c-b0840401b26d,tune
fb5bd81c-eb4b-ebef-d2c7-e8cda17deabf,train
4463b70b-d85d-e25a-5e63-3a9a2ad7bd36,train
278f4991-3178-c032-64c6-02de43fb5c7a,train
6c0d434d-730f-bca4-d85a-413e6d4bc3a9,test
448c5585-c527-60aa-e17a-280d11c9c12d,train
64bcba00-9645-1150-9379-17fc13e5f9c8,test
28043fe0-2008-6144-938d-5b038ba35b7c,tune
dcd10fb1-3765-e5f3-377c-ff5bc7025b48,train
b116ae5a-b459-9160-2000-5fcb4c373e52,train
09b7e4e6-ee37-37b9-1a1e-090c6dca09a6,tune
2f80df3d-a682-6c9c-4d10-7bde956ab664,train
6dc3ff4e-f0a6-f155-e159-5e4661856540,train
d9f922ce-b6db-a3ff-ed06-f2f09213bcbf,test
6cc0300c-7c1c-f870-5b0c-ba71baa9433b,tune
8eda2706-af87-65ec-46e5-f4afb3bf67e3,train
c638cc7a-1087-6f6b-7f41-50806533eea2,tune
44c89bb8-3389-829c-f902-d298542c98ee,train
ae31817d-ba44-df3c-46f9-619c248f6c2b,tune
dd78b54b-318e-c6f8-ae3b-1ef668fb0d27,train
91ef7111-1186-101c-4df4-904c818262fa,train
cebefb7c-6262-8bbd-55de-f9ddf67cfa4c,train
49a2644d-65bd-f7f4-d7f9-7f55d1d4fa52,train
2f3129d8-6cce-bbd9-7832-d3d1c097f3f6,train
62beeaa7-765b-66eb-d221-4d821358191c,test
b7f077ad-b911-c882-e172-65cbd7800e49,calibration
a74c6ff7-30ef-8865-dbe2-f18def6608da,train
c57ac8bb-284e-4aaa-8257-96f47330775b,tune
e1d466e1-76d2-bab5-a537-0b624eced829,train
bc7bb643-4e7d-0940-2760-180a2b3f4154,train
31c9ab5b-6053-f275-02fe-7279592b4464,calibration
925e111e-9334-dea5-9914-470e83f56207,tune
9f4a6bd4-b96a-e864-66a4-33caea0829a5,train
f63600ab-a387-8ef6-f064-e10121b7c825,calibration
9c3a768f-7d36-e6a3-7a72-ed848fb5de51,train
bfcc2d62-f144-2902-e4fb-d7cd24e25ec4,test
affb0839-824f-4bf2-dc1a-0d7e5b40002e,train
ae908b17-6d49-3140-eb0a-3765f98b9eb1,train
f0bb0f66-a48e-b53b-3486-7ca4d7c60cd9,tune
df8c5aa8-4483-d636-4bea-e8905f641ec3,calibration
68c0aeb7-44b1-63bf-2f19-e356a27c793a,train
da0b85a9-8ea8-b763-ea7d-fd7a983b1238,test
73558809-a062-5284-d8e8-e7817a2e3a80,calibration
124ea77f-c8dc-4eb3-8466-c7a58342d880,test
8c01cdea-e485-6d72-2e3a-454aca150901,train
a1d74299-d74b-73ad-1fdc-933c4067f007,calibration
5a303e1c-af06-0af5-445e-1893c8db9cdf,calibration
e2692c88-9a56-5f86-c4aa-ecb8ebaad449,calibration
50b5f5cc-7bfe-ddab-ead1-e64b1804f038,train
ea858333-5adc-846d-dba5-fb40ea8d68a0,test
f25ca8af-799a-837d-42f7-1a526107a2d3,train
9f2d8ff7-bc1c-058a-08b8-5cdafb43f652,train
019dd47c-4cc6-d130-09fd-5e4e1d44d19f,train
197a262d-44fa-eee2-a345-fcce0a91f8ff,train
57aa8f11-c5c4-363e-2a8e-0fa4a6fe6f3e,tune
19fef980-8bda-8f09-403b-5b3ad159c8c1,calibration
da946547-4734-8619-b576-30d728f3ecb0,train
16eb1603-ddde-5864-617f-c965aaed7342,train
e30cd496-d6f3-62b6-acc8-56eedf681aec,test
7ce47d99-5363-18af-d854-deee44781b99,test
7c1ce88d-b7c6-5305-577c-ff2f1df4744e,train
e87c1ecb-f709-836d-7b0f-d48d869858c4,train
3ea5a729-e523-86b1-6d6e-d08024b0202f,test
34a36d3a-5553-7379-ad3e-a0e805fe5edb,train
a5dd7618-d273-927f-389e-ddeece9f7827,train
fb42fc29-1adc-0d92-49bf-5e3726c3d817,tune
959b3d96-8295-34bc-7c25-c4b9c60b4c3a,test
3238629f-52e5-544d-5022-dfe8057de9ee,train
3dc09410-a06e-506d-a997-7a01f029bc58,tune
54c54192-af05-1ff2-fb52-d40541e54375,test
0d08c5f5-80f0-46a5-9481-2cc5ed5b1e6a,train
f14ed877-fe73-a2bb-cf71-79dffe2c5d6d,test
5de5521b-375a-65a2-69f5-daa027b6c6ef,tune
c1551e5d-d97a-54cb-13ce-2958d0c23299,train
b92fc96f-73f4-7689-86ec-7ef9269714ee,test
688ea8a6-7b61-5c04-1044-f922701e652c,train
6620b671-ad86-679b-cd99-1b05ac3efee2,train
7049aad6-3d42-0d5f-ed64-3174ea618b41,train
aca0f779-9734-ba43-f253-dcd696fe3393,test
4fd59c5b-0cb4-d30c-78c6-963df22c4b00,train
6b487a6c-d1aa-b355-e640-55b3e650808e,train
91cbc957-30c4-eca8-d7a6-e565c68736c1,test
76522bfa-2b5f-adb7-7545-c482ffc86e74,train
15b49f2c-6e13-ccfa-715a-52d6038c7219,train
64fa51f4-d263-c1f8-71fb-1ebb1827dad7,train
36ab821e-af4b-a4f4-9108-cacecec48197,train
5ddb7e45-228d-102c-0a48-4726f82bfd56,train
6716c614-1191-2f47-12a6-39b4f5d5781f,train
ea53f050-c1a8-d8b8-32d8-ead949f07bac,train
ef4a7766-a9f3-837c-42d5-b83c08ed9509,train
1511e829-17a9-8c4f-3777-f3ccc6dae276,train
b1ef8a1e-76bf-6cb4-7090-420884fdd925,train
fbf8c038-724f-51ac-c89f-b327f1afba48,test
ea015e10-83b1-b79d-fec8-89dcc504c35a,train
e27d58e8-0fb6-0366-36e0-4985a2946911,test
64f3480a-2a0b-6aea-2b6c-d8d7e9b88f1a,train
a0313ec6-cd5b-21bc-8692-3b20fe1575a8,train
b50171c8-fa27-1607-acbb-97169156036c,train
99c1e375-282c-1139-094b-ba1da26c6663,test
126ba032-496a-2f5a-541a-b7d01e313902,train
a1eded4d-2f62-e7de-df2b-e36f12d99bb9,calibration
4ba5f576-511a-95a3-e5e9-f1acef2a398b,train
120b3570-011a-cd12-2109-47d4c123b3d8,train
8818f143-ef71-415d-c01c-f38492a795d7,train
8cfc4d38-2a19-60c9-4d5d-c4a19074fa4b,train
9eeef54f-869d-bf8c-63a2-4e80c6bb968f,train
3defce75-4dd7-5768-7979-5aecf511c25a,train
1b20ec1c-0f8b-9998-8fcd-cf51236b1ab5,test
927b8498-2451-1a17-c451-417bb6dc217c,test
51efda8f-2d59-f6e8-7d03-5ec16921d15a,tune
5bb8e276-2d8b-f894-645c-c1db50d6d6cf,calibration
44e8c75f-b047-419e-75c8-555475dbc915,train
182ef621-1cfe-9f6f-d93b-d01717c04825,train
420e2dac-d8b0-0de0-44ab-119fe8c1d65b,train
2e0047a7-8463-a5b6-469b-943a38219042,train
cf65fd10-150b-f40f-7750-69a869bac750,train
51d9c32f-1616-ae49-8bc7-3029563e84f5,tune
86cfbf5d-b5a6-193e-618b-adede9a87c03,train
157156b7-18c5-6fba-9561-cf01a25b1a8b,train
3b2845d1-05ac-9329-fd68-55f08b87f85d,test
f248454a-05e4-ac57-1bbe-d0b4eee1b207,train
8155e5f2-02aa-d5ce-d733-d439dd38ee74,train
ad40c01b-3b2d-7e1c-79d4-a9af3b029f53,train
8efcf048-7c14-6519-55a2-b3568c1ec421,calibration
7ea579e9-1294-9058-f279-672fc2eb081c,train
f0893da2-32e6-99d2-58fb-160658d7e9fa,calibration
9689408b-d649-17ca-cc37-1cf95fcc1a73,calibration
c56cb917-e091-481c-7765-bf4c118b0963,test
23736ed5-27c8-238a-68d4-d59803a4c35a,train
515662ba-72c3-f658-b629-034bd2cb69f8,calibration
ac906f90-4eac-5f8c-f7ea-de4aafc6c80f,train
349d2215-fa0c-d113-6cc4-8637cdd8c086,train
8dece067-8f09-ddb2-4d90-424e135a8e64,train
be6b1073-6fb2-fcf5-3911-31e902d7c9a2,test
14da2afe-3ad9-7f7d-3cf8-058fe11bd223,train
d2493233-3dac-a60d-f71e-79e9cbe2f01b,train
ab923cc4-4328-f007-f145-dc25d64cbb8b,train
ade74f3b-effe-1805-6eb9-0d9928545cbf,train
b1d5acc6-ecfb-846e-9dd8-2ec5e1a0d4cc,tune
dce1518a-d328-4401-7928-68bd34f844a9,train
f2d1b3a6-4528-6ba2-2d14-91808d0f3427,train
e5741e9f-ad8c-bb26-5932-c089568a2014,test
84c155d7-1c6e-c35a-8fba-63f949da8911,train
a1af004b-719b-41d8-1d39-b514ad0f9496,calibration
2a309d44-9d12-e400-18be-fb8892a27c52,calibration
c9fc9e57-3c4f-41e8-b5ad-41cc347b711e,train
eb62131d-3e3f-42dc-33ff-557b7da5eb8f,calibration
855e3ff1-bf05-e535-0247-85d64531141e,tune
7d3328e9-b6f0-5137-87bd-0f4a653d2901,train
40feffa4-47c1-f0e8-6fa4-3af84a8e3324,train
86ec1097-e019-954d-edf4-f656bec784fd,test
29cd146a-f0b6-6930-a05f-3cf7135778de,train
a7a8599c-6899-ab66-7249-3e833725297b,test
af268098-438b-2197-fbea-61e7b1e2ada8,test
24fb82a9-dec9-0e4f-eaf4-14e015e12488,train
cd9655c6-982f-c835-1c95-aeaaf010be04,calibration
af3590cd-3cdf-fb9c-19b3-01e78c4c3ccb,train
54f0393b-2d5c-895d-223b-d2be24dee5f6,train
cfa2a690-bb5f-e0da-cdf2-de96236c227f,train
28e1d033-50f5-bef4-0fbd-b8ecbd496209,train
0c98af57-70f2-70e4-627e-c41c1ddeceae,train
3b863269-9580-1a3b-2144-4ef896c079e5,train
7e05ce93-8ba3-cdb5-e126-6f9465ac8bd1,train
d0e71e0f-dd63-c2eb-e293-c8ba856a008f,train
1eef6abd-d098-0482-a04e-ca1f153d8bc4,test
e3334f58-9ad7-a315-bb5a-01066cc6fdf5,train
08b76abf-8b02-c636-2c01-be1f4109f4eb,train
bf629176-fbb9-41d3-301f-683031c36611,calibration
b0dfe82a-9687-4287-cbae-cbb5f91e8ce3,tune
3b887f3e-4aa5-793b-db1d-52def7d96967,test
8ad6d2a0-f2a2-8e8e-c8bd-08316b099b61,tune
41f039f5-010b-e97a-2dd9-e34030c11ac5,train
7d4be5a2-19a2-8126-5e28-b3d85ead0392,train
9c3e3a04-8b52-2dfa-5747-0e08b2c147a1,train
a76af651-ecd9-8f19-052a-a7d90fe8cc28,train
2f1a7ef2-1d3c-47a6-d722-663b46507755,train
51fc6e77-1241-35cb-68ef-ed6424e32393,train
8e1f34d4-0ef9-f0b9-1b2f-8ff474875b9e,train
d1c56bab-4ee0-7302-2f36-059e4d28ae01,train
7492e8f8-d20a-fff9-a6c2-ee50f1f1bee1,train
ef2a7dc8-ef8b-08a2-b829-fe9087ae6977,test
e72e4a4e-bc29-aa2f-5b61-95296cdc0aba,train
a07ab10c-8b04-cb85-9320-875b10f425ea,train
760f0276-7d9f-93ea-71ce-ceb647a7b81f,train
98b49af2-4417-ce42-1436-0df206beb59f,calibration
3059b830-bd2d-e67e-a2a3-9ee6a2466539,train
f2fb0d18-8561-7aee-4c8e-5e9a2d5ad1e0,train
859bcd67-b9dd-04fd-bf63-b8d07d58527f,train
9b90bf55-149f-a8c4-2580-ad34da22426b,train
c5899853-5877-6670-a0d6-f575da0ee52a,train
fa3ba192-89a9-9cd9-45c4-613205991e52,train
acafb1fb-327f-270a-cbcd-0b44d73ec09f,train
73b68478-e2b0-57a0-5fe6-b4083e98b6fa,test
5c6c7b5a-d6f1-ecf5-f6e7-196fd8ad7a1c,tune
c3f45567-2745-089d-0e88-b7397d0567f4,test
ea5ba324-b3e6-d07d-0b78-3be7f39db625,train
7c3b48c9-3495-2582-3f80-cc9c671dd158,test
b7d1723e-cba1-2663-40da-e022a674d8ce,train
d18915ca-60d0-58cb-8281-6db872263c8e,train
b6144b21-cd46-893b-38fb-fd8538dc6f41,train
2aceec09-579b-a5bc-08d7-596d7ce7b94d,train
a35fe576-d772-ebbb-9d15-b58bfdf9fad7,train
a5ef19b5-8ced-79e2-00f3-c62a4cb429b8,tune
2cd9c7da-95a0-32d4-f4e8-08cbbe66a7c9,test
aa26de6b-2829-a901-a478-bb1de935af62,test
4f78451c-f561-56e6-e08b-f9c7765e776f,test
cbbcdb91-d718-e80e-894f-bac8fc460154,tune
54e7cc4e-5561-010d-03d9-635091d8d2cd,train
1b5863dc-151b-6b83-af64-6ada315da80b,train
6d70f0f2-aafd-8d44-8bf2-a70c43045661,train
2b5b3fb9-9fd8-3701-5704-b11dbaac0057,train
91345331-5f5a-962a-d343-8cd0207f17e3,tune
65f7e5a3-e1fb-fbbe-3e77-f49e0fe1615b,train
4c4f0885-2e8a-c63f-2388-d8882af1f6ba,train
520beae6-87aa-20d4-4563-17ea3019d7e2,test
959473ad-b4ca-cb5f-1fce-f67dd20a17c0,train
cdc1624f-7cc1-8c63-de46-01c4c96d74f5,calibration
ea89907f-3338-8aab-a1c1-4bd724730d78,train
ba40ec7a-20b7-1856-d85a-18c6d55b998f,train
94caec7f-c96d-788f-b215-dbf053142bb3,train
9b76c8d1-0bb3-7b64-99f7-fd747c843611,train
1761f0dc-7f51-4ea6-0986-5936e2a593bd,tune
3d3e37da-f9a7-a65a-7959-f9eba4f45481,train
550d11b3-3f72-2785-1ada-67cd23436e98,train
4e701e62-58c0-442d-ef42-d20990433e0c,train
00c02d75-831d-9ad9-55f0-db2ddd44e273,test
f9b92982-fad9-7409-1bf5-dc0fda496e03,train
c5193d8c-2ade-95ca-59a5-5f49546f3922,train
8784c1d3-e120-63a7-bcf7-8683aef1abd8,train
243ab302-a65d-4543-8616-a0f138848c8c,tune
8c30b3e6-cf91-2ad1-3e3c-9bfb6b0aa6dd,train
5b0f5498-6f4e-8e6a-b458-eb1ac3a186f9,tune
c6862f24-de43-0e2d-ac8d-d21e3d4a1234,test
aa3687f0-97ec-1609-fa77-fa5a2558c07f,train
190e48e2-93f5-4a1d-d389-1dbd159290ec,train
53daf6b0-9b6b-0858-b8fb-940da0b7a74c,calibration
4011d60d-bb5e-87eb-8928-a1b3d4ce1547,train
50cb5250-fedb-f322-a43b-23abeda828ec,test
4e703451-ad10-a5ca-871b-60b0779b75c1,calibration
fc4e0cb8-d67d-937e-203b-496da67abcb1,test
f80f1724-68fa-e80a-0da0-401664d3f137,tune
d1ea318f-c1f7-0b81-c560-b3c09020355e,calibration
6934ed1a-a25a-ddc6-3ee4-556799f66fbd,train
0bef47b1-f549-f6f9-b209-94d8df529fdc,calibration
928c8c76-56a1-67dd-cb4c-0820111858d5,train
574f78bc-7ff6-6596-7d21-51c65b9120f6,tune
e72b6867-9d46-861e-4586-bdbcebec8f60,train
1d460e0b-1f48-6daf-e2f4-bb244958e900,train
7e3f65b9-af23-12af-6fd2-bc7a5ed1278e,test
92ba3208-72e0-d94b-6987-6dc7211d23c3,train
8585f33e-0046-b37d-7c45-ea196a6d50bf,train
ce5b161b-853f-8efe-96f0-623f8ac7be6d,train
6e17a8b6-3079-1a9a-b924-74ab2d8a1277,train
3a0f0ae2-f82d-1d18-82aa-a5b9500b1f18,train
b1c1ec3e-d093-a7cd-133c-cc40338607a9,tune
0f8321c0-9858-355f-7e1a-1f055ac71961,train
b41ee6e8-f345-f1b3-9c37-7c1fd71d839a,train
fa695682-94bf-e0b5-8418-73583e44481b,train
232b3af2-ec1b-198e-e6c8-be71c83d2dc7,train
38556daf-055f-131c-96df-f3ae1d18342d,train
229735b4-a81b-44e0-d254-7daf01e247a5,train
844a18d6-95cb-77a4-a7d2-15a732bae319,test
509ed0d0-9c87-afbf-ba85-822c3629d0af,train
ee0b9f6c-f588-63e9-0b62-19164671d79c,train
f27ffbfd-e5ef-a9cb-f379-015a9407c4a0,train
ebca1b71-10b5-3b6b-1653-f94d0f870ca7,train
7cbc4c37-b853-068f-7ab6-aeaf3bde26cc,tune
1b714e57-2e2a-9c24-f69a-5e700fa1fa23,train
43762d20-c61c-8305-2ad3-bd8ebf8bd410,test
47da8cc1-62ec-4bdf-b023-23ed3590720e,train
c4c2ae13-7c38-422c-9a9c-30f90e9941da,train
a473576a-a00c-71c2-a666-fa1857e4b036,train
e8a20890-0ab3-fbc3-b406-b368e19041fb,train
ac9e06ff-e83a-582e-f94b-121920c6046a,train
807584f1-f480-9882-1029-2c154f1bdd35,calibration
b61817ff-0436-c477-f490-ba27f93e8a0f,train
7ef3e04c-41de-9fb9-deab-2dff69a377eb,tune
ca1d340a-9d7b-ef29-4aa2-e7b53b34cebc,test
779b0355-5a00-74d7-d719-24e68da3dbef,train
c22d6502-2ef4-a524-296d-dd61036c8549,train
cfb07b68-770c-cb1e-8b97-d25cd2b7cf8c,calibration
d8df960b-3696-d756-b207-bfda7f025820,tune
021efd42-b80e-e987-77fd-31dab0f8a1f6,train
fe200dd5-7352-f759-72c9-ab82a93defe6,train
7458b8fd-ec3d-c1ce-7078-0c595e7cccb4,train
121e2479-c688-3147-46da-2d11ee759bf9,train
d0c09923-7bbe-774f-b72b-7beaecdd1813,test
d72a2655-f023-cb01-c1ce-25dcc4a0a566,train
d989e783-8ec9-910e-6871-1fa69379b535,train
c2880717-8d87-2b86-353f-601afa8d1457,train
3cea747c-15a1-fdab-fb46-8af8e093b631,train
e1199ac3-f2ec-91dc-b298-ab08a388cc04,train
c6f45e69-eca1-dff8-066a-288aac916fdd,train
a22d0bb2-2694-50d3-64f3-cb571cd55df0,test
59fd5709-06e9-9d30-5f76-9500a1086f3e,train
6a8c30d5-f373-f523-5959-acf0689e0ffa,train
4fe57c98-6237-cbb1-182f-67957cc1cfa0,tune
db884b42-d90d-a2b8-f8a7-ddaf323df8be,calibration
342ec96e-6423-109d-84e7-a5e78c955e7f,calibration
10752007-62bb-2f6d-2036-59a17e4298bf,tune
44b96027-35bc-cd69-46ca-0848232ca3e1,train
f6aeb47c-9646-c8be-0e3e-9fcfa4517b61,tune
247a7e73-7120-58bf-552a-f99351ec1736,train
b7d9ab85-e8f5-90fe-d87d-ac4ffa1b2956,train
c3d9df82-078b-22e4-88d6-7a790f22c683,train
05495265-1a2a-e1b8-2a8a-d11889121248,train
8646e352-4a2a-744b-60ff-45a3eae2690e,test
119844dc-745b-ea0b-dc8d-891f24daaf2e,test
e63b27eb-2dee-7608-831f-bf76c5024b94,calibration
e6caac73-0c4c-52b4-bead-5df7a70a8c64,train
4e2a4712-a7b3-c2dc-f23f-730d70e8094a,calibration
1ef6175c-4235-6c5c-3132-5f0ec810649c,train
d33fbdd8-2baf-ea34-6ee7-b493acc48c79,test
a7832277-e482-eeb9-4f9a-8d1c33790af6,train
430f4eee-1573-58e1-f6a4-7d058040e9ee,train
732b0924-a1c9-8fad-e097-00ea6a48fe76,train
9b4de865-a37a-2a35-3943-96935922e4ee,calibration
318e7674-7419-dee9-e581-ac7db2b2b909,train
0fbde14b-3f97-d348-441e-1755cb9364b0,train
7a058151-ffc8-91dc-12fa-0a6651e3c5e0,train
77b748de-067f-40d2-9dc8-1ddea3bc5caf,train
7af9827d-2181-108c-c736-afe34021f99d,train
4591d55d-6471-89cf-6829-cccc2fc35159,train
1fb5030f-53d4-1440-6811-3d5d46e7c9f4,train
85804618-1058-adbb-9a5d-016cfbf01339,train
87e8883d-81fa-54fc-6e9a-2ccb5e459608,test
5e2513f6-9aa3-75ca-72b9-2a28566722af,test
e9dcc9e7-fa90-73a8-5f19-e8fcbee37478,train
b6cfab79-10ba-8f39-5490-65b820aead34,train
079587f4-d572-85f1-a08d-ccede5fe410c,train
c3b32d58-49a3-85e4-80bd-4f7b57c25e6c,train
09562bf7-2415-089f-f737-0f71db303674,train
ccee62f0-7f7c-7dd4-e5c7-01e5b7c7f935,tune
da8b9dd5-5242-25b1-7c3c-014b80506ac9,train
5afb343a-87ea-7294-2cee-18f6c2d09483,calibration
a74c73be-99b8-2542-d1d5-3c2dc9cdc81b,tune
3aea54fb-0c6c-d73c-2c7e-7d813e8496da,tune
553f9f2a-7ed6-5321-a058-f103297ec6df,train
760cd989-f086-815a-eb18-7fd0724b612b,tune
8d958a95-26bd-94bd-b435-2b91d5243fce,train
0d2a7e30-2d41-f415-fad9-a49635cc2bb5,train
17577e13-5ed2-d799-bf72-69dfd7a07740,test
ba661623-d9d6-2f5f-4461-a40b24db2df5,calibration
186a84bf-09f9-1ef1-56a6-6c14f83f3ef8,train
790cfed1-79ed-e5cb-94a1-184f12f1f51a,calibration
5fd72628-74e5-fd68-6d09-107ff09cfff8,tune
a644f9df-8a7c-bd27-e872-cdc7c24090f7,test
21de8e26-c11b-714e-a8ce-00711c0bf883,train
e5012649-2d33-a4ed-10a7-dcb5938f56a9,train
5d62b64b-a173-c803-aede-a645bec0f6ce,calibration
26d464d0-51c7-fe8c-9857-c8b2cf126135,train
431a3073-c4d7-6ecf-fbfa-f3fc67ac9683,test
4fdc6f42-0136-4a78-9bf6-fbf2da816273,train
17b10fdc-7e68-ac8c-b9e5-3790052d4733,test
b4e731a3-1acc-89f8-229f-3c38ece71dd5,train
ec5174f8-a8ad-e2f9-80aa-5ccf2e610155,calibration
c13c0b68-c6f3-3431-eb55-6f62e9366ea9,tune
5574232d-755a-cfe5-64bf-51d9338aed9f,tune
2bed63ef-e8aa-3a8e-c714-35576bef6142,train
418496dc-5c3b-79ca-4715-8c849724fd0d,train
401a03af-1173-4fce-593a-948b4d7061e7,train
3cae3808-39ef-2972-80d2-e7cc48b4b1d4,train
8e966e7a-7f36-5ccc-06eb-682efbdea2db,tune
1142a94e-ba29-2d79-5118-b520238332df,train
679a6396-3a7c-9c56-e804-6e97aa9790bf,train
ae31f63f-daa2-3286-cf62-72d9b4504a75,train
812ea9e4-1110-94e3-6c8e-6615da07d4b9,train
4acd030c-fdb0-b093-b903-ada388a89ed1,tune
3ef1ff3f-e442-06f7-daad-8ddd47264e5c,train
9b9d8748-732f-d835-2992-955bd2ab4228,calibration
ee4ee704-0884-f8e0-f364-3f1b3207e121,test
473abbf7-077b-5ae0-96ab-cf4b31b0ce0c,train
40181da6-5793-7285-6916-19a4862921e2,train
d3d2d1d8-dc3e-b38a-2fdb-4bd0ca2e5e8f,train
f84051fa-1192-94ab-fd30-65236b2ada3f,train
5395cec1-ff83-8ed9-1e4a-e66c579a5f0c,train
30575a48-be77-2809-1fa7-27598f285b21,train
129d6ff1-eded-c4d4-be20-b0cff8be0cd8,test
84cd57d2-15ca-c867-a865-2a0101c89d7b,train
66f24bc6-aaa2-e0a5-4d77-c8e139d2b909,calibration
13798a2d-c163-4e0e-f518-725df4be3550,calibration
71958e20-b7cb-0ebe-ae92-93c311cbeda8,train
09682032-2f1a-13da-2c9f-d96984b92c02,calibration
0ef8c9bc-e728-aeb8-23ab-de7cbe87138f,train
1be41ac7-4249-d5d8-6f97-127b867ddea5,train
a65d9c79-81fe-6eae-cb21-133936a29990,calibration
db897d5b-9420-a05b-d4a4-ad20d4f6a1c0,train
14507021-daa5-4d11-f4c8-5ada62db4be9,test
e12bde93-c949-2493-9a87-c5e3ba00cf7c,train
e3d5df56-4574-be88-dcd9-e0669e03549c,train
c7198b09-4240-bcdf-1d99-bc40c1a94251,calibration
5314e29c-b1fa-1a1b-ea90-f408fd0cc6af,train
3f04518c-10ac-0978-8c33-8569632d1d34,train
026b84d6-1835-1e42-b051-8e3df4da1f3d,train
65a8bf2b-bd15-50db-664e-9a15f819465b,train
7006bdb1-e91d-9f13-d905-e96f74ecf54b,calibration
bba71570-ce43-97e7-5503-4127b293c24c,train
09e41b74-7de8-823f-3a88-53b6b616b204,train
952d5496-9a80-1675-5bcc-e327078b5d6b,train
0179aa13-699f-a1a8-840d-cbf052d1410c,train
075ac474-6d7a-55ad-a358-63e475047296,train
c5fd956c-12bd-e514-ccf3-141871fdd4c5,train
e900a6c1-e720-50e1-8570-0d4f1ce0c6bd,train
6456ef3e-e51d-aaa8-7760-363303f4b1c1,train
72be8911-9541-fae9-cf96-3ac44927277b,train
1f76a378-03dd-192c-0f55-dee08d468db8,tune
62111158-de17-04bc-2608-364e499a191f,test
6ff41e91-7eaf-145d-c575-c7110de8bd1f,tune
695d74aa-3baa-67d6-0b14-b66432d48fde,train
2cce187b-81f0-ec14-3a37-c7c63488c63d,train
82639257-0563-273c-23c8-68e311195c8c,tune
d73756ec-2a1f-a003-bf2f-d2a4ff6ff9cf,train
b6a12cd0-0d37-560c-8673-060437f34c50,train
1043b633-f300-065e-9045-893636dd6e48,train
50c5f49e-c3f8-0d2e-4bed-086b9717bf43,tune
887f6760-9e50-e235-3c4c-a84db51836f6,train
007d9200-a37c-86ba-9365-8adefe5bab4b,test
782d8690-e67a-8ae1-ccbf-15549da6eb4c,train
785bce3f-1e6b-5388-1b44-83d5851e4582,calibration
a786df4c-6ebd-14ad-ddad-95fddcea4d29,train
984eed66-bc0c-6df4-ef4d-4d3e33d8ba30,train
57cbcd85-3683-e7e6-e915-3374fe598e35,train
15f5986b-4f61-5757-57e6-a2d365b3f18c,train
f95e065f-d488-1cdc-b382-6ee848b6ea3e,test
3ca98d51-348f-0cc2-6a32-f4e7dff07a70,train
e90f1735-caed-05af-fe2e-bd7a979c9a57,test
cbf91fcd-e5d6-1d35-d57e-93306e968ded,train
0b3b4bb5-584f-6a64-f299-fa162abe7738,train
4885d5ea-60f9-ba8e-facc-18ba0ade1f5a,train
149d7b3f-b859-26ba-f3cd-4886095c0885,train
91d33538-6650-a1a6-6337-5124304f9bf4,train
930aa387-b7b5-b224-5434-cefd6a022bf3,test
44d583af-1d9e-7645-2ea7-cacae9c84040,train
b1615a2e-da17-7711-046c-ce6340274f1e,calibration
83d92b79-e332-c8cd-2f42-436f3b476bd8,train
30d581dd-f179-efd4-e75b-6e57146596fd,train
582e92a0-68e7-0a81-f1db-8c8ffb63167f,train
6d404230-f2c4-3145-18f1-8805301ae216,train
de741772-7476-1688-fbbf-b3f2cb375c0d,tune
c2b48632-fb2b-ab38-d188-e7991881ee49,train
b9e0733f-6bc4-2de6-3182-1a250e164e64,train
a7c84d4c-4472-5120-aa23-0032819d5c1a,train
45dbc58d-4c23-c932-9151-06b6afc04505,train
7f090c44-c310-10b4-adbe-37f88cb15576,tune
b19ca8c4-5198-64c6-20ed-1357ac469208,calibration
e68765a6-5f6f-4b11-e201-f7be815a99cb,tune
156829ad-d06e-a9e7-3cff-dd87d082e151,calibration
64608687-3d0a-1b2e-597a-20691e164095,tune
8ead3768-1926-5a06-884c-ed172cba6bd6,calibration
527ebc63-91c4-916f-1d42-94362d6e57ad,test
459aaae0-4ae0-e321-ae95-e8e493d26ce6,train
70eb2719-920e-c0f9-3a70-ee1d286a7dab,tune
4c9a0355-1b20-9e43-5ca5-f8ca089b1840,train
9f83b521-aedc-c61c-946c-2c28328cd5aa,calibration
410d7f7f-82bc-37b9-8c2d-f7f523fa226e,tune
098b3f5c-f632-a9f0-8394-6603110ceb15,test
6b99ae50-4558-ede4-8a55-106e0b48b9e4,train
f1af1d00-b8ad-b66f-5528-29c030d076ea,train
7e070548-beca-7979-4090-eb838e00c784,train
1d29a233-5883-4335-3db9-77df6095205a,calibration
43fde5a8-7bee-c684-fb9b-a56b2f0919c6,train
1e543248-50fb-6158-a330-8d6b95a53409,train
3c7c3624-9b0f-cc5a-d8c6-98b461cf5277,train
8c3e8ef8-333a-433d-6a23-3a5553113143,test
ea205e8b-0c56-07e2-7ea1-4610fe53a456,train
c2d98a1b-cce0-c924-73f4-31b7bbdf3156,tune
95584b27-aa90-511c-c476-46a3622ba9bb,tune
72727438-795e-63e0-acec-dda868934e4b,train
c1dcf0fc-b03f-ea98-4c7e-9776e34878aa,test
99b6e57b-e406-63e9-75d8-61aa6db709fd,train
7febe12d-5ca6-f540-417c-457e1cde0fc9,train
da8f1605-b2ba-c9ee-fa7d-7aa36a8bd9ad,test
32cec27f-acd4-97ca-364c-b80de64fc5f2,tune
301898c9-66ae-9a90-726e-bfecaf0baf98,train
e23a84ee-cdb7-3415-5d7d-edf5bd8edcad,train
766059fd-42b8-fb92-4e4f-08aed44bf7ef,train
da5f49c4-d885-8740-9e62-f5ed5527e0e2,train
51fa9126-e2cc-ffad-5ef4-48becba7974d,test
f41e5319-0e8b-6018-5cd4-408fb0380e56,train
318d1840-9e16-215a-e289-b925b298c496,calibration
f9253ca6-bcbc-4257-cbb0-54ce88252837,tune
58ddc572-0c9c-a590-c63f-feb5ab6a1f22,train
5d00985e-ef8e-80f6-d82e-8d946cb131ea,train
736d826a-c41d-60da-9ae0-4090b36ae890,train
a7cd2f98-5208-265d-b383-6029c4d0f14d,tune
cfd9e1f1-6ceb-ed90-5614-4c1e63153bd2,test
9a101ca1-dd1d-4afb-05fd-69059f0ef378,train
83b3e9e1-1a10-2e50-5d69-a9a5ee8d528a,train
2c8d2043-1307-316e-fc6c-eb7807e4108d,tune
0807780b-c72f-9a48-90a0-f95993afaa00,train
1d6f3776-8a4b-43e1-af79-9b9645bc17a3,train
00288a8c-0f67-81e8-a516-cefd79a2a8d3,train
55b436d4-7453-5fcc-943a-63d696202f64,train
52571939-cee5-e028-9061-7a759da1b1ed,train
ce24e3f1-454d-bbef-3199-6098beb0c45d,test
3d31210d-15e6-bb7c-8531-526eae6024af,train
f8b30723-58b2-7d4e-6ae1-cace22fb7acb,train
820aeb55-7aab-35b8-77bf-58a396a063e2,train
0321dd6b-9e02-1ffe-1a7b-fc1aec5712f0,train
a18c8acf-aa2f-4e43-de5d-1257316ab70d,train
d6ab4995-a0ea-aa0a-4878-9d595f49fb77,calibration
87432709-46e9-4c97-3767-469377e08299,test
92cf53af-e355-2af2-565c-9a7fb81ee787,train
5c5ef318-6ff8-c8bc-838c-2a45ac08763c,train
6049f51e-d57a-d9b3-cc09-bcdcd459ca87,calibration
5a102e5e-24e8-c26c-3d96-0fa433506615,test
6641c496-925c-23ce-c387-442f98b45eaa,train
11489326-fe48-50f8-9807-29daa934571b,train
4213c592-7b28-9983-c2f4-e5923b15d247,train
d0606664-023d-fa5f-d440-f26665d1976b,tune
228ccb67-883c-e91a-c754-8926301b9694,train
6927a340-9b0a-ce41-8861-47ab95c3d46e,tune
a3d45b7d-c23f-c385-0551-6d283c10d41d,test
97ac626a-24ff-56f8-f1b2-6be0bfc61f91,tune
475e08a9-ba08-2da9-c627-cdadcd164b50,test
abc7f846-44b8-e95f-95c7-81e85c8faadf,tune
35144947-6090-2662-b20c-2e00ffbee25d,train
32cebc50-217d-9fe2-7e41-a9fee6ff68aa,calibration
9762c879-dc6f-8d40-061e-747daabf60e0,calibration
6fd74c02-7123-e9be-357b-d777b8944d66,train
f40c418f-ab17-1047-918b-eb2bcc564e53,tune
3de9eaba-10af-ea6d-511d-f2ac426ac3dc,train
a93baa93-9d17-d0e6-86d9-be17cca01d50,train
4bd71226-9a12-c2f4-ef59-de6eef78d23a,tune
1c5a5f61-57b5-6d44-1aa7-9d0e56980ae6,train
5c99fa7b-23a8-0c05-8e17-970412d7e724,train
a89d92ca-1500-8d75-6232-2fcf2f7242cc,tune
821cdc7a-3c66-a99e-0c89-f00d76e2ee5f,calibration
0415f56e-bb53-4e2a-2ab4-1669289d25e2,calibration
34bde88b-c9dc-4f69-f4f4-8ef9336ff2fc,train
0ec9455e-7132-b425-a69b-afdc0cbe3d13,train
b12efe50-c183-be4b-7940-a6f484b2b6ff,train
56c52628-f070-c062-5c62-b4916928b0bb,train
438f8157-2fc4-27ba-37fb-60a8e6fd3217,train
8a50f51f-c541-f547-c619-37678a742dc9,tune
fd42ac70-a52c-0d2f-b2b7-b3a36f6d9fc1,train
2061bf3c-91f1-4f67-1e5c-b0e85621224a,tune
117093bd-2829-3bc2-2f34-d76635322815,test
abf80e42-11a9-06c2-5f7c-9206da23893b,tune
538d5c33-858f-9e56-5a2e-afcb0c513886,tune
6f97fa50-e37f-5ad6-5336-2ba8771c7fc1,calibration
df584622-f25b-2912-46bd-ec25af8c89b5,test
b90d9af9-275b-fe80-c0d4-be2a16c922b7,train
10390155-a180-c4ef-6c54-214d4a73d50b,calibration
ff6c6a0e-45d3-7365-0d0d-73333c844a1d,train
37fd743f-3019-35a2-89ab-4e0cd2019ea8,train
666f1c49-0c64-9d28-d22e-79b227a5d47b,train
95589b44-2e00-b0aa-695f-56be684421b5,train
190b6139-6641-d350-b65a-f6289cb7a0d6,train
4f947c22-0826-753c-8a3d-932c7ce51270,test
b0379a10-cf96-a9df-71ad-ccec0d872569,test
a4e6daf1-f502-9248-287d-6dd0a0db896a,train
101bc94d-a292-34f2-5675-1bba6d99ba29,train
f6f50150-f5a2-1b50-53ec-48febc97c82a,train
ce9a06bc-19c2-dc3c-052a-3f7a06438233,train
3b84e175-caee-674a-284b-c8079cd0b8ea,test
36768d10-16ed-3bbd-1ef1-22f8a99da764,train
221e5d4e-1dff-6e20-bcb4-ffaa53609d6a,tune
f322fb46-17c7-9d37-4127-bfe0d4213721,train
b44d8a3c-6849-4d1b-5fcd-f7548483d5ba,test
85f03cc7-13cc-2ea4-8b73-2bd9c3c6deb7,train
6bc06bd3-247e-2a0f-eef2-bce071003545,test
910c37a7-f4d7-cab6-c2ce-9634190aa524,train
372a0f7d-8f16-fafe-ea7d-b60e60afd999,train
e69380e9-502c-ae5d-6a30-3b10513191aa,test
be38fb16-1cf3-e755-fa77-8ec2003863d9,train
0c240912-bc24-5fb7-0ff5-13abce889e85,test
896a5fc9-033f-8ac0-ac38-eb75afd56596,train
c8899d4b-b23b-a34d-ac3b-c36b4fe63416,train
9ac73960-a3de-c467-1280-cb365345f1b9,train
fdc71c22-1a78-826c-5987-82acbbc9272b,test
be5cee07-a27d-6215-110a-3d8cbb51f08e,train
c8ea4466-4de7-178c-e03c-0fc6b47d72fc,tune
1b92e45a-1175-4861-0fa8-6a9c5f96801d,train
3379e617-279c-6a01-5ec4-3077e44f01a5,train
8b9c8f9c-80a4-3e95-a517-6cf20f6a35e9,train
6d0989be-ab2b-7870-3a43-feedb270244c,train
ac896cfe-c990-3456-3b04-7ad4a2b3de33,train
958d51f8-bf64-7f38-992f-55e791ebf6bd,train
3ddcdf67-526c-b400-8edb-87765f6dce34,tune
c9463ccf-2f32-dfb1-be92-b4e780dba77d,test
f41551b9-dddc-10fb-e250-f02296e73484,test
5def43f1-bf63-2be4-b931-679fcd941ee4,train
9c8222e6-c8bb-3bb2-cf1e-99e650af9cec,calibration
747c549b-8a5c-07f3-4bf9-ededbbbda2a9,train
9b72912c-394d-9d5e-9a75-13f207d77408,train
2ee7202c-730f-67d7-ad14-febc815dbb07,train
63faed41-22f3-fe5a-faec-94569ade9eaf,train
3deee3f5-9cdb-671a-eea0-63cd88a8baae,train
48ca9dca-076d-e6a0-b911-645af03e7c84,test
1c6e17a9-5845-a09a-5a9a-c607d7b6a36a,tune
b2c2714b-2329-c77a-771b-dc1fa9a27e38,train
fedd5eb4-3fa5-7fcf-aa4a-401f7f3ca6c5,train
48f07233-748d-6caf-5557-63d7984dafb3,test
e5a140f4-b2d9-e966-eb24-64636f434216,tune
29563df5-7346-c999-3171-39c2b04161e0,train
f741e5ee-20ce-0ce0-22b2-bcec50470089,test
a5bcd3ce-71da-4e8d-eaa2-f3ba7683476d,train
84d0095a-4671-caef-42c5-fa7f4ac422a9,tune
eacfc9a6-0953-abb2-ef24-7cee26fcdb99,train
76884b0a-8101-0780-4a2b-64e3af625d1e,train
758204a5-398f-6b31-6d48-ba9446ced4a6,calibration
07a0380b-045c-80ad-212f-b1175c38e66f,train
751d2e26-33fa-3bd4-b50f-70f2fe9a483c,train
448f1c3c-d78b-26ef-ab0a-5121b1f9c905,test
b3b851c7-c5eb-a643-e22d-c9c938ecbf10,tune
ce6b7afe-b366-bfcc-7527-ea6a1b72d411,train
1d37b924-6f35-fa57-3541-578d12976378,train
402af101-11c9-3669-9397-3a792c3e0685,calibration
4e1fd0e1-50f5-35d2-0485-aa37ea39ce1a,train
a36a779d-e626-2cb2-64f3-f1d3352fc60d,train
524ff7b8-5534-1aa7-f0a3-a141e8cfe2bb,train
21564617-0f6d-0bbe-0151-33c8ee5bc070,test
9ae06e94-9657-cef8-d0f2-06a530f75d48,calibration
1ae1269f-90e4-4b85-2079-15524f8cb606,train
19cfd827-82a9-1ad8-1867-4876023a4d61,train
862f0737-f5c7-5515-51d3-e1c8e0a57ab7,train
9fc10ad4-b980-80fd-b140-3ecc6e795175,test
7c9a8e5c-a5c4-1386-4459-572c39e00163,calibration
a10283ee-a804-49d2-4dea-f3129e8af1b6,test
8cf983b6-410c-6e57-66a1-01a794db5c90,test
d9879bf7-9f7d-a600-36a9-e42fe4cf113f,test
ccdb0b02-fba2-0245-399c-43ffcd739802,calibration
6c1d049b-ea78-a3ea-4a7d-1fe082d5977f,train
060e811e-ea61-65cb-9be8-31a49437702b,calibration
19670328-78eb-f030-2d2c-ffad763cbd21,train
7957ba58-a3f9-0a69-fb1e-8414af62f56f,train
91850d5b-101e-71ff-ca12-9b208dce68fd,train
ae4c5e79-63f2-1315-f637-3376d732ae49,calibration
baaa43ac-b07d-260a-dce3-05b7107728ad,train
4ae80164-0823-d61f-d8aa-65e42126f88d,train
6c8140a7-c343-435f-6608-ea9228184b92,tune
1dc49e4a-1c5a-a6a0-54e9-7f62ae020995,train
d7712a92-0a40-87dc-aa47-b02c106ca22b,train
dcaf7f99-975c-96d3-a51e-6ef27c1637f7,calibration
8d1cd2a2-3b14-fa7b-01f8-a4917dd5a5cd,test
3cad6fc2-dbbf-3f74-d646-0eb60d55a2cc,tune
9ff16a9e-c557-d28f-1476-c6e4eb84f3a1,calibration
1ab2ff44-8e36-78c3-95fa-c103acaf94ee,test
0a57b81c-dace-3419-f07a-aa1d4150f98f,train
40caccec-685b-c621-9073-d2a0334feceb,test
692ffd6d-5bcd-80dd-620c-c4892d1fefb0,train
f38ef0e3-5a0c-b715-5bed-59698a5c2d04,train
41c13348-e65f-209d-3d4b-6ce97d2ce5c8,train
8b268869-d6d0-155c-1e1a-7595b3497a49,train
0b9e4eeb-a1a7-7cd3-d19f-cfb9b54d0237,train
fc7e73e8-f1d1-ab61-58c6-a1cb0eb47641,train
59bd615d-42d0-bcfe-f6f8-5781859afdad,train
8be6503c-206c-66c8-4a6f-2e3be098424b,train
85126107-ac05-be41-ae9f-9516ac61bb0e,tune
3921f0ea-1322-2b5b-b28d-58b019c9eafe,train
38406619-c640-1057-1f18-48416374a695,train
fef4f5f6-05a3-3901-7584-85a6dc1f43cc,tune
1b4570eb-f860-5b61-6563-8e50c02a4734,calibration
7395289c-b882-28f4-ae36-da2e325e07e5,train
058985df-2623-d997-24f9-ea7a0e3a600a,calibration
7503a545-099a-0c87-b669-73d06177885c,train
e3b99513-f2f2-e3e6-eb3d-086d9c4836e7,test
497533a0-c022-183e-2751-4f3279a7fef7,test
f0e9f993-26a7-816c-d740-bad1c7c08f02,train
d92d259b-3495-3c2b-77f1-b69d976a4c41,tune
2f273f8d-c364-263e-2811-bd8ae0dcd369,train
78758a7b-b138-4015-4632-213c37517e73,train
26ee971d-8f97-02ec-6b2a-129407f27ebb,train
4a09c425-9231-01bf-bb57-fce473eb689b,train
aa6b327a-170c-d0e2-545c-2414ccf8aa94,test
d7134dee-c142-d762-49b1-e56c28540b4a,train
0e47a2d2-ca2f-b0b6-c282-8f151b9a9b54,tune
0af81b71-ff5e-2525-f16e-33d01a077bfd,calibration
a1027b0d-2c7b-65f5-4952-9336317330d4,test
4b3d849d-585b-9a97-05e8-1382fc4a56db,train
873a25c8-c2cf-4e61-93d5-a05297dd6f43,train
ffc8b865-ee60-cc25-6f87-d910a395da20,train
33fb2cb2-667a-ee73-58e8-df0f3825d3ba,tune
d795090a-087e-9a11-0753-d609f5052a83,test
5548ebc0-2292-893a-2409-2dc63fa93a92,test
f2e82e64-b667-a03d-f3c3-12285f8ff978,train
ecea8661-0879-cdd4-bc8b-b831a3298069,test
4ceb11ef-9338-3b60-72ce-2a8db5bb427a,calibration
f8bfdf71-1d54-5e8a-b4b4-d4ba5680363e,tune
39a82632-7584-d48c-1182-6f277c5663a7,train
1c4deb2c-aec8-4ab9-2936-4b9908950db5,train
8c207005-4bc9-e4e8-e7be-3df93fd3fbc8,tune
c0a237db-a9ca-953c-5e50-a50377d55ea6,train
619ca9cd-54d3-78b5-35cd-392bb29f1b87,train
4264a153-7b54-d499-b340-bc3832ecb625,train
b84b41ec-bf65-436c-d194-e78b9a8f04aa,train
9c06a900-daaa-b99c-013a-cd265ab5d6e2,train
07ea7059-d380-0a07-30fe-e6e634f3ea90,train
bc68b81e-b207-b877-8a65-a0afc694a5d3,train
19c602ca-59b9-c904-386f-b26a7d26cadc,tune
a287020a-5bfc-f332-99aa-ec808205c028,train
e7cbd479-b023-89a3-7de7-f5e9bddce919,train
49ebbec1-c343-ba33-c25f-bb0d9b071155,train
d39eda21-4ec8-8e1b-7003-b8fb06a27a7c,test
4c8a80c2-6199-8006-ce3f-fbe15fdf5505,calibration
1554d0b6-42ba-0422-ed76-780169b62803,test
d4e69cb5-48b0-c573-3c8a-aca42ee7d102,test
b3ba3038-7727-05b9-e15b-0f4abe08d69d,test
0b57f615-a07b-043c-1f12-4577443276d4,test
5f85bf61-8ca1-4527-c7b9-143e376620a6,train
116484aa-f0e7-cb44-56a8-b3127a4c182d,tune
7e513a84-b11b-d34a-e4cc-67715e72a22b,train
a01d336a-f08a-2599-31f0-ccaabca67415,tune
b209a588-3d81-87f2-9143-c17ed69f00e3,train
a4ad80ca-85f7-c2e7-8f2d-7febf2fbe07d,tune
5b2d879d-3fe8-3874-cb1e-cd3371661087,train
dfcca31e-b1bb-60a8-37ba-c098d88805a7,train
fc0f8854-775f-cf27-463c-14a5d22e9fc5,tune
b0ae8606-98a2-8d98-6ab7-f833e7a55d2d,test
978dcffa-3d36-6cad-52e4-2c18811126bc,train
ddd960ab-0324-aac5-754c-59f7bb7e9a50,train
b0b4a9a6-a589-2e2d-780a-b6002708b44f,train
37571827-2829-5528-c9d5-40509474f791,train
949ef143-321c-d5f4-26c0-ba5089e6efd4,train
ef892067-bdb2-c5f0-22a2-5014a003784c,train
044eef35-bf05-e99f-6dd9-33c5646b9408,train
d70b06b5-5924-19b6-f065-91ccb038aa70,test
807f0f62-1918-497e-82f3-1d931f856ec1,tune
bccdd862-2db7-351a-3d31-585049ef4506,train
f8bee640-065e-6dd1-4dfa-9fa6f2b56181,train
30194706-749f-89f2-82b7-909f26328ee8,train
cfc8d66f-7ee8-4433-7953-f444dff53c89,train
f889e795-3d96-05a9-bc47-252aa1011a31,calibration
3054aae1-b556-63ce-4e29-18e70ddbb7f6,calibration
1ec1e0df-d51d-3f47-f422-02c627d686f1,train
b361a36c-67e3-6a0c-325c-5265b7369484,train
0b4bd363-813a-5a89-fe90-33809c34c147,calibration
212fa756-28fd-432a-a8d1-b84c1343cdc2,train
4e95cc48-6225-8972-7614-06f50a163cba,train
77abe151-70fc-aed3-8e1e-6482bebea907,test
2b0583c3-aa68-b048-c837-77ae468ef2b1,calibration
fc7953e5-b6b2-031b-9a69-2aba3b7e3fd9,tune
836ddeff-3c30-3391-b8bb-eec4ed15366b,test
16cdc1e1-06d7-1013-bc3a-7d0330b0bf40,test
a085a050-647e-5b04-0251-e9699c10681d,train
b3ba32c5-e865-6088-2197-85ca64b59f77,train
f939bfd7-610f-5012-9da8-4eb67517d1dd,tune
cef33758-1735-5544-6642-38adb58b74ea,train
b9f580b7-0f8c-35ec-67fe-c9b12939eea4,train
f6afcf9e-1a75-8abc-df24-77b80021630e,train
b1c7b78c-92ee-73f3-549c-78b4a93792d8,train
5b6ad450-283f-c15e-4a6a-a5aac47227e5,train
f38317ae-b255-81a9-c914-baaf51d5a289,calibration
12d209c0-2b6c-02bd-c988-efd5f6cf0405,train
42bfa899-be11-7598-1b46-5df59e8f9b69,train
e1f25c56-0300-e8c5-6272-b5afb06ddd3e,train
42d7c5f0-fb0e-260e-b353-33be7c7d11f0,tune
bf32bb4f-37fa-dedc-3221-0288b5d421fe,tune
52ffacd5-7c8d-b696-2384-14353532239c,train
da958964-007b-77a6-9453-d942bd5959ce,train
ccd75b9f-6c0d-d080-ce9a-33c37abc87d5,test
709e436d-08c6-8d25-b59f-8245e7d68295,tune
cfd1454a-04f8-e447-3af2-6685da51f51f,train
d9ef7f47-ea5e-7065-0b5f-a12bf8473f78,calibration
d7077a08-4c2a-56ef-adb8-e8a9e244ad6c,tune
f864981f-f54f-edcd-680e-23abaa576c2a,train
a403ccd4-2f6a-9191-7dd3-cf6ee3fb956c,test
3cc4c793-196e-2225-2553-eef2b1ad5e1a,train
ad25f584-f965-03fd-1104-0887025775ca,calibration
ed453afa-6d17-3232-6105-e5b2e98937da,train
894af220-3c0e-eb8b-d67a-4c6373892669,test
50a46e2e-f110-0a25-0342-bac9c05e9617,tune
db37f19e-7f18-1768-1b3e-33413cc37165,train
feb9e8c7-4dfd-232b-618a-8826a4dd3946,train
8b0abcac-c6e7-a5c3-d909-5d807cb996fa,train
510bc5df-736a-f213-764b-d4e8e814d489,train
d045421f-53c6-8a4b-bb8c-b2b1909493fd,train
24de0cda-034a-2b81-af3b-64817d12c2a8,calibration
a73e8939-46a7-78ac-eb1e-96a994026ee1,test
58ade317-5c7f-fc88-d8a3-a187ca4ac56f,train
bc138000-78ce-876c-79b5-8f045fb18c3d,train
249d122b-b26c-a125-70b5-fd63dd6c0a48,train
dc8f3b09-e049-5850-8623-ebe4f137d1e2,test
d7d36f82-daf4-1305-9119-765bfb36dc15,train
36b1d366-6523-f308-9e56-5ad1f39ac765,train
04982178-8975-40aa-6537-579f6d3fd1a2,train
a71e1a01-3177-f0d0-232b-159662991ed6,train
e626d995-43c2-a7b0-3a11-4b2e1c670348,train
d5ab3015-47f6-87b4-4ca3-f6a298d350be,tune
3161635a-25df-14db-9211-418278822d37,train
366b6ff4-362d-c2a5-5de8-06982eebcac2,train
eeb19e72-80a7-dacb-2777-7c74e02484c8,train
9b9551c0-6a35-edea-6fbd-c3aa575c75b8,calibration
471c9539-205b-2613-0be4-c541266dbf4a,calibration
56e09d61-1905-4c8d-c51c-18f9b757b167,train
8efffc0d-ff7e-89f1-f350-2234d42f8f06,tune
68ba5736-c49d-2986-b814-7cd32c49a1ef,tune
66399c12-c890-b2fc-db95-72a0d79f68a0,train
d3ae2a1b-d8a7-1813-984b-4da785e9c998,train
c1bb554b-3dea-790e-55a8-450a57a90a9a,test
1cb2e1d8-464a-de3c-c27e-ee3011eaac75,train
87bd07d9-2ba4-11c8-8c4e-02c56c418c24,train
9aa28967-73a1-a8be-0e34-b2f0ee0d7f0e,tune
9b570574-0aee-e2a6-0153-67a48c85f750,train
6de521d4-f0bc-016d-b7d8-07fc5795e4e6,test
685f4099-3b18-d714-0c88-3405d2d0ba58,train
c1f74147-a1b7-4f34-c10b-d2a25a814945,train
c6871dd0-8f0a-fcb4-7bc0-5157055efa6e,tune
750dcd95-ee22-fb8d-3590-12fbf51a22e0,train
b0dc6323-56ff-e903-d9c5-4c4b2d69b11f,test
e5ceef92-3997-5682-a217-dba0d33f3c6a,test
6cd165bf-4405-f8f1-7e01-cad5354070f2,tune
9350f1bb-dfb9-09c6-ffaf-344e1093d099,test
e9a5a5bd-a2e9-3d4e-7d4b-cff1eba93bd6,test
183d6ef7-7142-66fa-b607-5f2b1766beea,test
bf2e7a3a-e35a-bc9b-0186-6cddde3b4137,tune
08e9bfc1-6d07-b4b7-6e91-e43dec6a9beb,test
cb8e73b7-5a79-5368-e058-08a8e7dcfda4,train
b424667e-3088-e012-7c86-b3b57685435a,train
e67a4a88-4df0-03bb-9271-a2019f6b792e,train
fa1c137c-3f58-cd12-5998-ea5b1244d554,train
74643735-dec2-bcc0-ff94-0a07a12a7334,train
59bdab44-6441-043d-8262-765e0cac8c6c,train
41fba350-e1eb-7b94-1dcc-0b7f8279f103,calibration
1a7c4511-8a6b-63e8-1156-c6183f2e949a,train
1d4b0190-d45d-86c2-c156-2afb6d71ad98,test
a6ef40de-10ba-5f63-3472-d8262288d3f8,train
b65d171d-f85c-b3d8-3db5-da59da37ba99,test
be40257e-8591-41f9-6681-80714b5750eb,train
a133dd91-5a09-d48b-506e-f59f03f5e60f,train
7281a2ac-26d8-2b55-b944-23f07595d1e9,train
084f8895-9a23-a89c-2e20-a14def98b07a,train
a39e075f-ce13-b2f5-fbd7-0d2eb747f40b,tune
a82fc094-2e97-0b79-325d-576b7739b2e9,train
2db7fb38-7c51-08d9-762e-2fd7185a7c7f,train
f8e391be-523f-9e0b-22bd-39c2358e7406,train
9b489922-f666-a523-73d9-dffe918a1276,tune
f859cadd-ab41-ce38-a020-a720e9a9cb44,train
1812fb3c-b016-c40b-1125-a0719568749c,train
7dc33850-6b9d-d741-b094-4072615ceac2,test
a3b61033-1bfd-ff54-d8e1-0be44ff1ba92,tune
b366307b-1b5c-b5e5-7d2b-8c5a61936a88,train
eff53075-dbcd-e9f6-8907-e695eea5ce8a,train
cf244def-ec4d-933e-2898-33ecd740f6b1,train
86549719-477f-d6c1-b8bc-8b4450fcc4a1,train
246504c3-5fc9-3268-fc77-ced00c2454e5,tune
b03a689a-43a9-b849-e883-cdbc3dc468c2,train
83fa196e-2547-7b34-112f-a979bfc886cf,train
08625e59-9808-2b6e-e301-49eedf5b70e0,tune
b18fb5fb-dd6b-1456-9080-877648db80fe,train
9cb09835-527a-50e2-6fee-bde21e784ef5,test
78e96d22-592a-3944-f6c0-46c1f8745f73,train
4ce682cd-8b5f-fe73-d54d-9cc047e02a49,calibration
0091544a-d84f-a520-adba-ad1f5a868002,test
4d0c117f-20d9-9bf5-536e-34caa570bc28,test
2ddc26b2-3345-b9e0-f76d-f70a00a2509d,train
d58b9cbc-2850-78bd-35b8-342f30206294,test
37afecf8-71fc-aad1-2f02-f368529e243f,test
172400f5-5ee5-e8f7-a4e6-aa23740a829b,train
f19154b4-f12c-f091-fcfc-8726262d926d,train
0efd2248-e17e-aeab-e182-c8f88fd7fc13,train
968564e6-109e-883c-4f75-dc1835d0894c,train
71829423-e3fb-0e39-4680-0b38665b0755,tune
20409710-8ee0-e6cf-c563-8988a56bd5c5,calibration
a0cf4e77-6762-b306-fa38-da26bb89ce49,tune
fb7ad46b-f40e-aafc-ca08-03f1840e2b42,tune
d169c71a-4e62-b34b-a7e6-1492d3d16545,calibration
9b8843ea-d525-0b47-f9f8-f7ccf450d906,train
1e42bd42-9618-d79a-c39f-213d161e6bfe,test
e10c2ff9-a5a0-74a6-844a-c3cac98bb4f6,tune
8caa0945-3005-0375-7d80-efae5ea89ae0,tune
d6a068fa-5728-3ee5-4c6d-483cea426461,train
29d6b6b5-d631-b5bf-b03e-67b1abfdd6ba,train
4a6fd34d-a6ce-19e4-b500-2cef017b300a,train
3c70bb8e-f96c-a462-c054-41327e90d39e,train
cdab5647-3c9a-7b12-52bf-d03f9ded1f44,train
75956e25-d635-58bc-f356-7865e32afd7a,calibration
30c34fdc-89da-a62b-f6c6-37a4d421ef43,train
3195f8b8-de53-10b5-fa6f-2712cdfec8ff,train
50b53de5-c153-496d-a56d-6c6cf2ff4e9a,tune
a75f8369-ea67-ed83-60ba-eb07db0420d0,test
5c2b5bf1-4aaa-2454-9099-45aac835af4b,train
3b9d6a7a-cf2e-5850-0af2-32dd7733989d,calibration
fd5e2dbc-ae70-2688-3df6-da8beb7462a4,train
0be71ad3-a411-18a4-48e4-eb8f506010a3,train
e87ce43b-ba0c-25c6-72c1-b09724bdaca5,calibration
88075f8e-71f5-85c5-aada-069ded21952b,train
f939ae9d-38d2-e93f-6de4-ad78d404e880,test
00236d0c-539c-4309-c437-dbe40bdb01ea,test
52cacf32-858e-04a8-e9e5-3895b358120d,test
ba67d103-0c99-de0e-e5c1-0809444444a0,train
8e3c4893-dcbd-5847-5ed1-8111e20224bf,train
5ce7f003-5446-a4e8-6187-dc733d4db33c,calibration
be8970ab-f9bb-b22f-6e38-a17e2d196bb4,train
e5e5c4a5-eb7d-0932-34e2-9494659b0f28,tune
1354327c-708f-ae9c-355c-a700af247dbd,train
a417bfc2-e5a8-f7f8-5ac6-913ab4789574,test
24224ce4-ffea-7a7d-51a1-27af128eb22f,train
0f7a16f5-c887-e52a-6d8b-002c41f4c556,train
cc770256-a09c-bf38-416c-055c96fc6648,train
887a0bd3-cb8c-0f26-5c02-b5571f901109,train
b131fbf8-e302-a121-459f-f657319dc00f,train
e5f77ec1-e03b-f257-b3d9-c4c383be61d9,test
ef9e561f-3d6c-8ca5-58e3-470459d3fa67,tune
7fdab29a-52f5-2259-9203-49ac551ff22b,train
1cb5c4cb-ea1e-7cfe-4401-898f271b0f12,train
2b2b0ddb-c28e-4b96-0c7d-6b8ecc6fd4cc,test
a91b8186-bac7-2689-2df1-0da49f3985a4,train
f74c6f03-1309-25bf-3bd3-986d0dbdcd17,train
c39c898d-b63b-b6f1-282a-5ee95a43464c,test
1cb899f5-ac59-a3fa-7087-51956ace97d7,tune
014feaaa-b10e-a485-0dc8-94c9c5af3521,train
a292ce47-05eb-c2a2-d7ee-a735658276e0,train
0d6b8418-91c0-f108-6f8a-f30441b4b589,test
62502eae-5031-694d-eae4-0248a31c4d36,train
dca7b5f8-7026-8813-cace-afb8a4b9a53a,train
e2fdae05-ffe3-587b-6f50-57b9c49f6206,train
f220ca3e-f2c0-aff9-7f99-050f30bebd15,train
8e7c1859-943b-4d69-0cbb-f953d4829fb7,train
47b192a1-8310-ed80-1603-552ed2ce7261,test
a9cba50c-e87f-4900-863f-e3b05f511216,train
d0d04704-d645-50df-0a31-4c33d9db568b,calibration
2ddf6b66-7035-974e-f453-91e60bc48334,train
7f6046d9-dac4-1e5e-3d8d-50e7d5020607,train
8dab2039-9a42-695a-45b4-31fc0efd18f2,calibration
9ce172ff-7aab-4724-7dad-0d16a9a3808f,tune
f69338b7-9d01-f59d-2b9a-5d5d924afdce,train
d7c4d407-0863-3a8f-a5c5-0afd4d61a7fc,calibration
a5f82838-9536-7bbb-f097-cda43cdaeaf0,calibration
8ba3deed-e7f8-ca50-00a2-89e61c47a35d,train
beceaf37-027c-1b7b-8633-30ea40788d0b,train
55c8fd29-d79f-661b-69d1-10f0de20feed,calibration
e863b2b0-4468-7276-6e4d-78a3c7447378,train
c259978d-11f5-7c77-1640-696aeefd91f0,train
2265eaf5-51f8-7756-7fb6-ee4764b88456,test
57ad5bc6-a4e4-bf06-2e08-66b8c7a967e5,test
19400a1b-0a1f-1bcc-cc9e-78b0c4aa3297,tune
0ac5c171-058e-aa03-873a-8aa850d8907c,tune
38ce28ab-aa1c-9423-258d-0a2adc6f7645,train
72e7a67b-633a-6cdc-8f92-ac5f20ddcfb1,train
0b7c722d-432c-27c3-55e2-53fd342a0c86,calibration
6b53d46e-3fce-c13c-62c7-f6ff2df0aea2,train
a9ed8726-5000-dea2-ebda-4665770f37c9,train
d0d2ba6a-8818-8d10-3a12-f643cb450c07,test
c07461ca-2adc-dc5c-124e-b26abc234593,train
38b729ed-c3ca-c1ee-b487-afcf9299061d,train
8c1d3d43-7268-b835-10a8-e76422a92086,train
f0abc4f4-1fdf-a7b2-ee54-0620014602af,train
1eb97f8e-7288-eba3-d23c-6c5639d8e885,tune
9b81b09e-8258-638e-c5ad-0822d5693523,train
f0a04c8f-3a70-62cf-ebef-f2cc25dc4a43,train
8a835723-8d35-81dd-90a7-3adf8b9b7cd9,train
db0a90da-3757-3322-c198-847866a3766d,train
b87cc4d6-20e5-91c7-1e51-d86c28796ef2,train
6c483a0a-ed14-e094-e943-9e4d1a1fb8a8,train
610d1d9c-3658-55e5-3297-3f891fc98b77,train
6b75fab5-b276-d9d9-6898-cc0b4afd02fe,train
8e8f4f60-450a-aa27-5acf-de780a77f13e,calibration
2a9476e9-cd27-72fd-8028-44155af39ac0,train
380bddf0-4e5c-3198-b976-49967b4ff1e2,train
33357a79-c3c1-e1fa-472c-1c9cfd4ed9c1,train
a035ae56-cc06-02f9-af7f-339d69240ac4,train
afe3d6a6-fbad-05cc-1c5e-c6169b110d13,train
c32287e2-5a9a-de19-db14-3d4a1062c1b7,tune
723ba6a4-23f1-6299-51f5-f171aac53fe8,train
9aef242f-6ba0-2cf5-2572-0fe58c9d67ad,train
7469b0c7-c4a8-2216-993f-81922522d550,tune
337c0518-5ad7-25b2-291c-5dc493fafbb1,train
51639b06-6e56-5790-ec55-5cf185e0dad8,train
3ed8238b-fdf6-cb78-de97-a8d078ca3560,test
3ac0e393-1822-e109-2c26-2dc097807baa,train
54b2a3c2-9f1a-9725-2ccd-4632d559377d,test
212447dd-9450-f54c-beb4-a19c1598f47d,train
2a2822f1-964b-e6b5-adf1-f34e08e9d2cb,train
60455121-8b91-a42d-6ecb-d3047b9b1f75,calibration
545ba76b-39c7-342c-9bba-b94f14e64769,train
8b7cd8e8-7bfb-1852-ee71-fc9474299809,train
f2a43b1e-a2e9-6ceb-21f3-b01e12df0164,train
6e21fb6f-5fec-af3d-f98d-9e16f90b0629,train
95864ab9-d5fc-9b55-bdf7-0d202156ca2a,train
ce80fb21-967a-a585-4631-2c31a88fcb22,train
ffea1619-aaa9-7cd9-5371-30096dee404f,tune
2fdf4249-0c3e-1170-d519-2964143d77b3,train
ecaa0b88-aec4-da3c-032c-39f3089c45af,test
8cf0c488-fe2c-b631-5d23-0c2e4e8bfe92,train
90974663-1b4a-17a5-03eb-2d0f506fc0e1,tune
e8b8de1e-07b4-b29d-68c3-7b85f902228a,train
a17c3784-a727-acfc-fed4-5dfafd7ae6c5,train
1052aff2-e6d0-ed06-e70a-c52f458a8cd6,test
f9aa45a1-ae86-912d-b309-02b223adeb25,train
85017e23-f94c-7775-e28d-b1e903f989e9,test
bbc41146-74fb-e5d3-2542-665ce0c48574,train
40858fff-0c43-7289-2c04-030415f9232a,calibration
6eb127f9-6b63-f754-809f-aa758b00c77c,train
1cb90719-cd85-7962-b775-8acec9a141a5,tune
28365d9a-2964-f640-c02b-af5870f07dc8,calibration
f9cdb245-5389-3633-4116-51392819ffb1,train
77af1eae-d187-e2b2-e221-b58c8a7c6320,tune
cba45f71-c4b1-2af4-a21a-88c397d7fbb2,train
6cf15bc7-9212-d78b-9b24-515bdbb5ad67,train
d24de09c-46d9-3d20-cc9b-97ed44a450d4,calibration
7a5967eb-e7de-3696-dfa4-e64bf16ff2c6,train
d7cb2103-07ab-5826-c7d4-aa46b6dcbd53,train
7724d1c3-0345-75be-4b92-afe3608243d0,test
57516d09-12dc-4d37-ea95-602a27259bcf,train
a7d87a3f-74cd-713c-22bb-8ed0f3f6e809,train
367bd8f8-589e-8c06-e2fe-bee3d7f26361,calibration
8349b00d-06dc-ccd1-d161-1d8c99bd9682,train
df27b208-aea3-c76e-6231-9a65eac04bb0,test
baec8a66-4c7c-2b88-c611-4ac2183a3302,train
cdd839f7-1434-cba2-bbab-f0eb379733f4,tune
35c162d0-0619-56ff-e383-bfa65248e1ad,tune
4613ed34-5b83-08ec-b409-1bb68e882e27,test
5efe5b24-b9d8-3fda-e61f-560f2bf3f91b,train
77cd7c6f-e526-f24c-8117-a8e06d1a4361,tune
3c785187-c283-2bad-f3ff-36783080b903,tune
3e07a718-78ab-6db6-4993-1da1f4243afd,train
8918a447-a05c-4b40-9be9-4d7b582439a7,calibration
1c4733d8-cd1e-55b9-adb1-5c88a3e8e7b3,calibration
19d3e01c-17e1-e3ca-bfd9-d4a8e89aec33,train
dfbd8e04-1dfa-03c6-c570-8abdfd8ecfc4,tune
36130372-4d49-4a81-0715-483ef288a0b3,train
a9b82af0-e13c-3bbf-5ad1-a0c6609cf0bf,train
78d2ad63-ff7b-5c46-8f3e-4068603e1f25,tune
a000c1c9-670f-fa34-922b-db6d38823b85,tune
6bbe6038-0e18-4190-131a-967f12802131,train
af9545a9-5f09-7183-5c70-95e7ddae2088,calibration
a83e33a5-c770-ad64-8ed3-009fe13e36b9,train
9c5812f9-47aa-2de1-6218-9d13ed1f0686,train
893ffa7a-5d82-9a1a-0cdb-b7bda7a1ddd2,calibration
570d09ef-6fe8-7ce5-5f08-b6729642e158,tune
0134ce4f-31d7-65ff-0be2-41674103d868,train
c0133d9e-f1b4-419b-9d66-7a2e6c72a521,train
d98db6ba-4e09-fb78-0cbd-562b5e8d1d5f,test
1320c034-88a0-e1bf-407e-eae2d474268d,train
eb2f186f-460b-0a17-c2d0-4790dd2880ce,train
d7fa325b-ee36-d2d7-7445-83c74e1d69a7,train
3e136ada-62cf-b38c-3671-be97231c2b3a,train
98748450-4d3c-7ab3-4ff3-0acb365fe4be,train
41ec4cec-99ed-4cf0-579b-8e761dd0aa2e,train
76286b0f-548a-3239-dc68-de936ca8f6d1,train
b3b4e90e-382a-329b-8317-873610688b8d,train
6356ad07-b27c-4654-9757-ceba0e68a595,train
938f4932-f9e4-ce42-313e-230c0ce45888,tune
d981538d-8792-7976-4c00-1c0732ce59c7,train
a346143f-b985-685e-d1ac-3da3ccec5451,train
72ae7a9b-e4af-3fa0-e70c-0254f77c5460,tune
7f774542-5015-1740-6c6d-245eb657c1a9,test
9e90b72f-2a04-0903-f47d-a0a86ac68920,train
d0e4affc-68b7-d7e8-2acd-3234129fef80,tune
bfee04d9-ad8e-f3e2-1fca-87c13a848137,train
bdcccecb-440f-ebd8-0f0d-0eef6b49debf,train
53e4def4-9784-a06d-7efd-367e0553301e,tune
c65dbcc7-827e-2626-e36d-772913653717,train
cf7375ce-7781-deaa-4b6f-5f660048e466,train
58fcd737-0d5b-8eb4-8610-b9a511a339ce,train
39686236-770f-2ff7-bdc2-06d3ed36b854,calibration
0b1552b7-702b-f234-eca5-a55415b09c7b,train
b2ab9a94-b570-6a8b-1707-5ca70060a8e0,train
5fe4aeec-eb30-2882-a57a-c00c75a1425e,train
d21d42b0-3a84-f345-ff2b-4393f04c5d06,tune
f40707f5-edcd-99b1-0882-e2480de5d3ed,test
26f6cbbe-8d4e-89ec-a0e8-12e6da9ccfda,train
2cfd3282-f6f1-2cdf-3841-18da5e422ad1,train
6eb79b7e-e9fc-358e-145e-aab2aff3b811,train
f16a4383-0571-b009-cc54-70e4fe5f906b,train
952330ad-fe13-8261-abc7-d9834174a816,train
85610ef0-7d86-bd86-c9db-52c39c01af21,train
0683bd25-6f30-d449-8487-dc841675f83d,test
13577376-9114-4128-064c-ef2f854b823b,train
f106ebfb-9398-cef9-a213-56f09e7f7c2d,tune
f78eef5c-bb1a-4972-e17c-dd6483576223,tune
3880cd01-e901-dd9c-eb4a-096fd79e23c0,train
aec5d645-2651-199e-0317-e1add4064413,tune
f3932d7e-07cc-02ed-a6b8-8b43f09f991b,train
ed373700-aec1-8ceb-facc-9c5a30aa6098,train
067b768f-ab53-7d71-8ea4-67aab2149bea,train
1ebdf11e-d329-cfa1-1eb6-4983554fbead,train
4002f70e-17ab-1615-3853-962eed2c3266,calibration
0f9c9953-bdcb-3257-7124-9e8caf27f505,train
c20d9cec-e33d-dbbb-02e6-79e69c3b2f37,train
ade5dcd5-5583-759a-0a98-2603eefb270a,train
98edae9e-8204-c41e-c33c-6ac4b9ebd1ea,tune
91e9c379-36ae-31ef-b5a0-a1a0c37a9a1a,tune
57aa72c0-5718-9252-7ff1-4ac8981b499f,train
23fe0f91-2cd5-aee1-f8d0-7faa31945865,train
4945d8f9-a973-bc4c-5075-bfa9b8e59bce,test
1be9ceb6-49fc-a913-714a-a17c9b700c70,train
5f45a3f2-2e7c-a4ea-6e3c-6c858c54da8e,train
69d8df33-b930-794c-0cd2-14a43910a583,test
726f4915-df01-eb0a-1663-27daa9737fec,calibration
8111b7d1-c340-3049-b246-7279beeab231,tune
93aef7e2-c90f-baa3-7a11-e7f1c6e08e68,calibration
f49d9986-a674-931e-35b2-7682e458758e,train
78f2d9b8-bc63-424a-5c6d-1b9ab8477e39,train
f0dd1b94-20cf-13b0-f9b1-884daf66efcc,tune
247b4b54-24ea-1d40-08e4-3b4ab40b0057,train
affcd286-cf4f-a5b4-b092-df00400000b3,calibration
9c6b81c7-3a04-158e-ffac-6c34ba6e6d8f,train
faa906e7-db43-81b8-6d01-aade142ff794,calibration
17ca0193-ebc8-3a2c-a340-2b95a2f7a168,test
d96498a1-50d4-5ef2-cd39-4849f95792cf,calibration
c0fbce31-1187-7867-043b-c469d666b35b,train
5f1fd58b-4d03-0b9c-8892-64856681e914,calibration
5d1dd59e-d1cc-ce89-ed5b-bb64e901f65d,train
fe97a20d-5228-34cd-8955-e88e22a17519,train
9f020761-d877-40f2-4677-1defab0015e7,train
bf97888e-6b0f-3743-4d44-ec9b6fb69fb6,train
2ece1075-5702-99e7-3091-431bf56e1867,train
5235af28-f869-6eec-5490-9bc0b93f0c12,calibration
d7ffae40-6428-0ef3-795e-25f5e79a639c,test
ce41d0a3-7326-96e6-8226-6e3fc156fd54,train
88070427-fc26-8a3a-3212-3ee3ae455033,train
0f777e4c-4ec9-0b81-a10d-cfa01327a96a,train
075fd462-b63d-deba-b4fd-eaa723dc5224,train
a880b291-1826-4d09-0272-e606af08893b,train
65839a8e-0a4d-3253-b9ee-4d9e3feb9acd,train
b591b916-5a73-b7dd-ef8a-34d3f388dbcc,train
0acfb4b7-2a9f-f459-ca17-a2fab7c93659,calibration
d5973420-7db2-e89e-d623-ff003a3fc643,calibration
14698594-8f2c-f070-bd67-1b2b3fbfdc72,calibration
c054b179-3217-dd4f-f197-d5fafd7dfd3a,calibration
9568ee11-0ff1-7a2f-8e94-c49dde850bc1,train
95f7cd38-e35b-710b-bd43-f03a9b38f4b6,train
4f22809d-99af-0f70-57b1-3d6a324dbf18,train
124f35c1-63d9-c74f-4064-564eaf90e9ec,train
63bc6995-6283-b531-a6ce-72ce2e88bd7c,calibration
551b957e-b31e-2e51-0b65-1ea72c93f847,tune
1ab4d6a2-976c-7822-2a87-6c2556428448,train
6fdc1e1d-514b-470b-78e2-93cc1aa450a8,train
cf85478a-ccb7-316c-e9b1-d0b4491be47a,calibration
c4f08d03-6d74-fdc0-90c9-b31ea3004860,tune
81d364e3-cf84-7078-a2b1-5beb518b553d,train
bd8c40eb-112a-d25c-1e9b-3c76449e1502,test
f7dfacf4-ae6a-97b9-ef9e-23ee88074d37,test
84f9bb01-1296-0134-7bb7-1db19a25bd62,train
919fc837-8efd-ea73-3be1-1efc0a1efcf6,train
199f5d6b-34b1-8ffa-071d-26b974941406,train
2301790c-8d30-fef9-4ebd-5111970331d6,tune
3aae6e77-07a9-9191-00e0-ddf29e42113d,tune
9027f80c-3c15-bbbf-92ce-109158826b91,train
fb0e729b-4f46-9fab-9e0e-f6de3fb9f994,train
888ef396-f845-22a4-bcd9-49f322a09333,train
46aba347-0c40-8209-cd0b-c4d8aeaeb7bb,tune
ff1788e2-14f8-9dc0-4092-adc5e781ce07,train
a0ff1e64-b417-fdbb-16fe-87021b511e67,calibration
a66da4ec-dd60-9694-a5b3-b371819e0f31,test
14cd4e29-efe9-2a96-e7b4-7348741626cb,train
8aff85ec-5d59-3c7b-b7a0-5692638f87b8,train
f638dc0e-49a0-12e2-d781-c3f2d6efa699,train
8dba7bae-dbf6-57a7-1983-6b6dfd5ddae4,train
dfedba3d-10f5-d20e-5ec3-57776b1abd2f,train
adf938ab-18c9-4415-0714-5ee631f7eb6f,train
1684e3c5-5bfe-99d1-c52c-88e388a88ae0,tune
3232dcfe-dab3-eaed-d3f6-9c46452d42c0,train
fb59ed23-33fa-bcc5-d9b4-35b6b299afd7,train
fe35e893-06ae-60ea-2124-fd495e2f51b9,train
fe07f5aa-e5c9-f351-5b38-6d77f8c492e3,train
1f63bc2e-ed7f-94e8-835e-1ba5099744f3,train
f3e4bb83-fd6c-2a95-40f6-54848f153ed4,train
1ea3f82b-2ee2-f61d-4dd1-b9f04540ac5d,test
72f64700-2fee-1eb7-7ed7-8721af4c58f4,train
c7df8550-8635-d5f2-e5fe-3954e774a3c5,train
3e7738a2-4f7f-23f6-0a92-db29be498c4c,train
d7322ead-ff35-4dd5-4d0c-ff01df8badf0,train
66f493f2-185f-8562-7f5b-9f953d057f28,test
41ad434b-c6ab-bbb4-ef24-b0ad60b44d92,train
a4b2d16a-f495-8edd-b974-3f458b6dbbfd,calibration
b5cd6f6c-f600-881c-0e71-b584c99f52cf,train
ab1c087e-d8cb-5257-fbdf-c9daf4cd0f7e,tune
d0a6e23d-d376-1fb3-dbf6-a45f3e97c276,train
d3882dff-d467-9605-31db-dd2038f959f0,tune
71f2feab-405d-710b-8aad-0647526f83d0,train
e54b5964-9e33-add4-c9cb-6569808ab719,test
279ac3c4-8b21-ac08-ed9e-df4737a7be00,train
59a6ce73-62ab-c1c9-f862-e29b41d3eb83,calibration
91cd8f54-fb42-f7ca-288c-8ee85368b194,calibration
82ced732-2f49-bb42-9215-b75a97811c35,calibration
0a354a88-2940-dc4b-94c9-608fd8fb624a,train
2ed611c0-8b9f-4dbf-a75c-446af2f8e224,train
fc4f8ba7-d18c-cad3-acd1-b6a2fa83a269,calibration
3628feac-9056-00f0-f758-714c63810ed5,train
71e0fed0-fa8f-57cb-68da-bf97f4d7c1b3,train
89ff886d-e97b-2005-2b40-76e9afc5ea84,train
e10b5cf4-9bb8-8bfd-3009-7586384967c9,train
736ef4af-1c6e-2c03-fb60-be702165c29d,test
6d6f7f45-b245-14fc-449b-2859ad719e65,train
6b1dff0b-f2b8-379d-a11e-d14fc995313f,train
60768feb-3690-4371-5e86-ddb56341aaa6,tune
396d8329-7442-c529-213c-1591cbf14501,train
34ae2e2d-3cd7-9922-f28d-6fa8e5253156,test
1951b914-e445-bfd0-94a8-c0b852ab1d18,test
26f131b4-37cd-09c7-95ee-514da324ff1f,train
5eec4429-e995-ab8a-bf26-451338572b71,train
e9f318e0-cc27-4053-11d1-8adf1a810790,tune
ad3c1795-651d-9d39-8ef8-7b3770e917f3,test
37436186-f8f4-964b-ed7a-bcc5116dde59,train
1467fc64-fb36-9f4b-42b3-0ddac315f59a,train
af86ffaa-1fed-f65f-802a-5054cd78c59b,calibration
643dfd58-bd38-a459-cb86-1be55d585041,train
c921ef5c-b699-36ae-5b2b-a7140b2e2ec3,train
934d8210-e588-130b-3705-1f5b08550c43,train
146ed107-ed6a-6157-8694-d34fa842acad,calibration
32ee434e-2460-61ee-2f00-2d02024aec6f,train
9f07ec86-da20-9ed4-0e07-e8c9660907ac,tune
1944ba23-d02d-ae80-2149-bfeed93d8623,test
8314216b-fbd0-326d-03fb-da419f7aa78f,tune
88189efa-154d-2b51-41f2-56894af03cfc,train
b40bb0db-75b2-ce62-d5f8-f98aaa2741d0,train
a83723bc-7d27-e741-533b-43c5c969b237,test
c2388e04-e065-1d0f-3d22-df99340bc4c8,train
fdc0b23a-1b80-85fd-aa65-91dea53e9d68,train
3f8130b3-724f-0160-b85f-78d52700c5f1,train
b24521c3-9400-1f43-4234-4193b102770b,test
72315c43-6eeb-c1d6-9dbc-ce95a14de2b2,train
49f467e0-bec2-963e-28ad-2137c8309319,train
a8b54bda-4777-792e-45db-24b39d01a0f6,train
f16b4d2d-13ce-f3a4-6fbe-714f102330be,calibration
b507cabc-5c26-0eb8-707c-aa2c4282643f,train
57c85e05-a413-5185-41c1-c20c309d5b92,train
35a9436c-340b-443c-f2a9-7cac0b27df2a,train
d0cf46ff-9408-1a7b-c754-beccb84ed800,train
fbf56bb4-ebe9-a020-7d9d-01ac8ee5df63,train
a3791f90-6d07-948a-e812-ff9662f0211c,tune
8de7e363-b6f1-4f58-d935-afe5b2c22a62,calibration
8a6995ed-f376-f575-0c6a-7ee310ba4a32,train
065b85a0-c95c-cdac-a5da-0e05d0daf90f,tune
b3e47ebe-a6f6-5564-af89-fe38d73ad955,test
ceaaa97b-6f59-5ea3-03c0-4ef131c9924d,tune
c03f769a-1471-9810-a096-1ab0b022a3a9,train
fdb405cc-1aeb-db4a-92bf-b6807d366bcc,test
bf9a63a3-c571-79df-ffdd-11829f6a6e3e,train
d82150ea-1dda-da3a-912b-973fc84a374b,test
ab38e6ca-feec-3337-2c56-b06c35791677,train
7659d8e3-3622-9dd7-801b-7a4b8e299d3d,train
97febcd5-89ab-339d-b11b-8219db4da2a7,train
9908e393-bdd2-4427-6a8f-980c1cb780d6,calibration
f13fa512-17f3-fc15-f627-fd32c661fcf2,train
82189eef-ef0c-fd4b-59ec-f9e29f886fcd,train
99a1aaed-6aed-add6-6387-8a36034000ae,train
b7efcb3a-049f-5532-b3e1-f8d824d2e772,train
8269ba34-b31d-2987-fa03-3fc8e9cb980b,tune
d55f2708-8499-dfed-6b50-a77f2a4cfdad,train
08db7d3a-0e50-210a-4378-3e5f1f8e0259,tune
6e9aa147-6a0e-b46d-a172-936e4555437e,train
5009074f-fbf6-7a64-95da-f00228c52a77,calibration
4268f9e3-4b48-b1aa-fb59-55d471d1b4c1,train
342cae80-aad4-9819-a1c8-0071c301de32,train
9af31472-0c01-8db8-cbd0-379a5976cae9,tune
66ccb7c7-6879-7c88-adf0-273fb74c8708,calibration
7d93a752-48b1-2f10-f6da-15bdb98a3aa5,train
64441ee9-7ade-f858-4bf7-8ed286a278bc,train
dfc9a98c-668c-ae7b-8b10-4d247bd4e604,calibration
0b66de73-b056-db34-c8e2-0efa3b75d5b0,train
708cef61-d041-19fb-b429-5f7041773bdb,train
915c9eb1-fd6b-51af-fb87-d718a9f538f0,train
304bb171-f252-9631-e678-edf10b1f0b4f,train
341367c1-5a08-6c09-2ec3-3e019b81b69a,test
ffdc9cc6-6a7d-19cf-997e-dcb7ec8532ba,train
5aa03ccf-e29c-6960-a2e0-d33ecb797d9c,train
b046304f-cb64-b6a6-3722-d2bf9e5911d1,calibration
f37bd01e-6eb8-0f30-a070-8029c5a7f70d,train
f76612fe-3f63-f5c1-8a44-a46120334102,train
230f2490-8519-a2f3-18e6-50450dae7f1a,train
7702e958-8ba4-be3d-81dd-bcee1d245818,train
9296f6a3-c7c2-fe3c-666e-1fcd5fc5ec05,train
8cafbb62-116c-5407-38d5-7fec33ed140f,tune
b781e774-a85f-1278-e10c-de73cfaa0984,train
3d9a2b82-3eeb-6357-0d17-a9c7beeac394,train
e9423f43-9079-4aae-c3f0-169135f607cb,tune
56f3e9ac-7f5d-78bf-5a9a-433ace766806,train
7c96b1c1-6bc5-e992-bf61-e1d9ffdefdfb,train
48b24b6e-2c86-123a-e7f9-d333a473627a,train
0643e7c3-d3ea-0042-014e-c62c9dd061af,test
d28c726c-df5a-3382-f60b-aa9cf75905d4,train
763cfde3-7be4-6af8-c7c3-f75c7851ebc4,tune
045a765d-6653-22eb-4099-03824ecc9fa7,train
54bead7f-9700-df6d-d446-a81185c4985b,train
17057a65-7d3b-d1b9-de26-0124b71bf16b,train
45894c57-0c62-5914-d8ab-c928bed80f3b,train
53ed02cf-1755-ce80-e34b-15b29c95f8a8,calibration
2f31cf3a-a97b-b2da-575c-052f080fb70a,train
4985acaa-ea58-10df-2f03-ca275163825f,test
2992ded0-f32e-3b9a-f52d-219fc6175f23,train
876bc127-305b-9d69-f31d-ec07418c8278,train
bebbbed2-3aca-086a-cfc9-81409d7b366b,tune
8a82f772-adac-e848-aa46-e9cf6b708919,train
c78cf305-18ef-3796-7ac1-caa060d7e4cb,tune
f2fa459c-7967-8c99-e98d-4e17c32c5c35,tune
b67e72dd-dceb-47ec-0a55-cf2384ead669,train
3f887268-f542-bbc7-27f2-66e3c2d75c20,test
556b1316-b0f2-c5aa-4870-dff3d7ddf189,train
516fcaf9-8fd6-e4f7-6116-077a03c4ffa3,tune
f9d01ec8-0fa5-f7f0-3663-a935789407f1,calibration
f6b686f4-54a4-5beb-0676-6ac992e40ddc,train
de1319b3-6577-11f0-19e5-972075dfe345,train
f614050c-5a2d-0036-a45b-c82a86fce45c,train
9469f5cd-3447-bd7e-0113-00bda9dd0819,tune
da865c8d-b5f3-90d5-41bf-bceb3f7036e9,train
dc252047-f59b-8281-3ae8-41a7cf607687,tune
adafadd7-a9fe-ca7d-b06c-ad1c8a92902b,tune
cb2b867b-23e3-7f9d-d4f5-1f074d3eed8a,train
a9c9a07e-af43-431e-8eaa-cdec86120393,train
755e812e-cd31-cf42-e6c9-aea74a34d219,train
d636f2a9-e828-c363-b5cc-6778d23bc51b,tune
dafe5541-f625-769c-53ad-14bebf28c18c,test
bb9b3172-4c64-f299-0e60-a89fb2250df2,test
893b1f5e-3ce1-4773-aec9-5210ae28799e,test
46dd95e6-0dba-3f69-92a7-c3e704b874ae,train
f5c13366-ab9e-f6fe-c3c7-f2d5fc237215,tune
5a0f27e9-0ba2-2179-ce6e-3d519b453f8e,train
4890ef47-514c-af07-9f72-012086efea95,calibration
3437eacf-7079-ecae-f432-3ad59cab5a16,train
8f0cbcd6-0a87-9897-b9b8-37e66613150f,train
2def2ff7-495a-4896-a8ac-b368d43d9734,train
448fadde-aeb0-bec4-317e-b2ab4cf745ff,train
ad9068be-b02c-313e-1094-adfbba37ba6c,calibration
9a3c8451-3610-82d6-5b68-3b450d2def57,train
682d5345-506e-e87e-a82f-47fb52270e77,train
8bd13d86-00e8-5eae-544a-8a4153a7e23d,train
1532c56f-be67-d56c-7b43-7c802a0e112c,train
fd3ffbb6-2b5a-adfa-1115-e09eddf54517,tune
c8bf44b4-07ea-a461-b51b-f2dfc0acc64e,train
6bf0fbd2-524c-c40b-9b4f-cef83030131b,tune
065769e6-68b3-cbf0-596d-1546278973be,train
e2c74a25-1d66-95c2-2faa-af5b840cc1f2,train
bc37d4be-d033-ecbc-5de5-b9ca2bcb0918,train
fe54b221-83ff-db00-5d4f-5a27ab7780ee,test
0c73a273-510d-02a6-07db-8f1ed991b66b,train
846b1e2b-0175-6550-945b-6b0d0a2878af,train
0752b651-3ec2-ea7b-cadc-f71c07edb753,tune
8adce5e6-1b63-76ea-075b-bef5288d6295,train
251a52b5-3b1c-671e-cbdc-3b459736028c,train
997cc3dd-909b-51f8-fe8b-b867f60644e0,tune
616134b7-1eac-84a4-9088-52eb5e7e73bf,calibration
6ef18424-e4f3-14cd-a466-9830bec6fadb,test
031f9d63-9a84-fde5-62ce-34a2c17a4105,test
17994479-69b2-4d23-4829-107340623302,calibration
df658751-b443-4e98-35a8-ec95595be101,train
5683bc13-ec8c-f791-fb91-99c028db0762,tune
6469b7d8-b08c-835a-c53e-74bead97b791,train
2d0718fa-86a6-5750-1f60-acdf517bdd85,train
dac983fa-8750-9ab0-dd12-b08e605890c3,train
01a33672-b4d5-27b7-36ad-f80edbc59345,train
c01e1913-4a6e-ad3d-d60c-54073143201c,train
51b034be-f61e-bc53-60f7-9839c4736300,train
c9886af2-b69d-97be-896b-072d7c92a625,train
299ef500-9062-b502-513f-cb6d0b8494a3,train
95772997-f1ea-3757-a46f-8e1f0593b6f1,test
79215d98-b679-e527-be8a-09dc1ee7f958,train
56271c80-4238-7881-ad0d-8728126e5be3,tune
d9a34b4f-9f8e-7d65-2cd9-436717dd1f78,train
21d1ff42-a136-c283-3679-b62d4984a86d,test
4f830374-66c0-33d6-3829-76980c450212,train
87d8ad7c-851b-33b5-db57-9a9bcb35bd5b,train
bb3dd849-7707-9429-52ad-2addfdeab3f6,tune
38d40370-0dc4-b96a-4c60-4395461842ee,calibration
15f327c9-6c8e-5d50-7e3d-9113d999570f,test
b7c5772d-cdd6-973d-ae7d-91f03413032c,train
307b4a3f-a516-84b5-197e-e921214d6a4e,train
dc94aa40-f8ea-fc03-0f12-9291b45a41ed,train
a3e0b6f0-9ffa-19ef-366c-e16a9c36e3c4,train
1a462eff-4d7e-f72e-9fa0-71fa0f9acc13,tune
938be362-8340-f0d5-b656-78c8aaafbc94,train
1659c099-721a-8614-6202-ce29d5440680,train
b6004528-58ed-a2fc-b0f1-934a1d3fd029,train
c7530198-7e58-dc34-21ac-88b0f5a5ac63,train
0b053571-9c98-dea2-347a-f184d9230e00,calibration
2fd7a0e4-e46c-e003-f9ab-04fb4e89c5b3,tune
4ff0c973-0399-e05a-3f82-cb490c9d16d0,train
ea8932b0-e19b-687f-70eb-b394d34f0b43,test
8b224764-7e53-6c99-6167-56a98b357ee7,test
c38e6e34-3d32-83f0-3d8c-76035410dcad,train
3878de93-9e3a-ba8c-b0f4-038cd9058b02,train
1e443a00-606b-0f2f-f4e2-69a3a2a0849f,tune
31743e30-2f1e-1410-5cf7-f93b1d892356,train
b1e9e9cc-75be-3f81-0dc4-e2e058f5db40,train
5a1a2c4f-59da-d1af-5210-7b4709e33dee,train
f5d59d34-dc41-4bdb-0e97-67949a5af068,test
4c1ff6a8-29f2-7141-c522-6de6f7786a65,tune
fd897438-80f0-4d01-fa5b-a9263ec3788e,tune
4a461a9d-7eca-380b-2277-f1f5250a7842,train
15f43816-2456-daf8-4b66-6d44f47b02ef,train
4eebb742-abde-c20c-e486-d2e9854121f7,calibration
a4375e0b-e97a-e52f-52e1-2d77c134b31c,train
8e366a84-c705-e913-bef7-66e7c12cfa34,tune
8633e621-c5cd-a490-bd31-3cfb8164716d,train
f8a0ea42-db68-a5cb-791c-86d8fd3efcb5,train
5ec05162-7253-4d5d-0d5e-5b95140d7d92,train
2d31536b-da77-5912-2c80-901c6af4461b,test
21d7ac44-3cac-df5f-b34d-265340f14307,test
158c56ef-da02-c6fb-480f-1a7d4ae2a6fd,train
46e97376-b822-1031-db2e-33ff197da3a6,train
200a4d15-03d4-45b9-f1cc-8fca763ac386,tune
cdb20ee6-c5c5-0217-4000-e8d890826aac,test
6a51c22e-f453-2e38-98c7-4a34d55e3316,train
ec32ca90-caef-53d5-7307-28d616f1309d,tune
40e54479-3ddc-0c2d-dfc5-d2ee8f1b437d,test
e682dce3-197d-9044-8ede-ff6cdb4e2a08,train
5e67d469-5455-9093-c43d-eea7bca4f8e4,train
3eedb8ed-70ab-407a-8a27-fa9f5f817cbb,train
042133b8-714e-8189-e2e5-fd5fd38247b5,test
09fa0e5e-1d47-299f-fe28-88bdf3d348bd,calibration
6bc45279-cfde-68cf-7d50-1bbcae5e4596,test
de2fa756-0006-f226-d3db-1ec727b3ed2a,train
985e185b-fef9-9914-59c1-b653fd8faaf3,train
e91f4bbe-e871-fbe9-ff25-ab3cbc4685b4,tune
40c1d7bc-fe0d-469d-a4db-0c35bf3407b6,tune
098ee3b6-1180-ac8e-df6c-bd74c44afa4a,tune
31347daa-8c58-481a-c252-a0da9ebc0905,test
0a79c9ba-4f3c-9179-d3b7-51203a416f05,train
73d59b6b-58c0-b698-ecae-6ea55f757edc,test
cb0868fe-d229-1d8c-1be6-09c32b9ea2fa,train
8fd0d89a-d9f6-cbd7-69f8-d9e90dd284f3,calibration
efb9f67d-a3dd-a327-82b2-84fa2e7785be,test
be8c7375-9ee4-694e-184d-273627f3a38c,train
64eb7898-7552-c203-9b3b-b3c1c29ed3aa,train
5663a82b-6adc-3b8d-8693-ff867f167509,train
64fa3b45-7b89-d2dd-f371-d01eff87f989,calibration
ffeed8fe-3273-3ee8-e54a-bc144235c8bb,train
1942f6d0-7430-4c1d-9408-fbc1ec4efd12,test
3651b29b-ad7f-900f-a139-4da867b35056,calibration
53dbfcb4-721d-81fa-3ae0-bac8d565d319,train
f7f9d345-150b-d1e9-cf4a-d128a2a991de,train
423680d1-a179-5bdb-bf90-c17c0f894746,tune
eec21b22-50db-e711-802d-c61dcc5a8f04,train
7a922b65-40b1-68dc-ffa5-efa4a2c55a4c,train
19f85ad9-f7f8-1d54-fb3d-0107f3000f99,calibration
b55181dd-9426-7984-fb8e-b42a67beb346,train
747b8c92-ecb6-6b2d-6bce-9ed816ff6cbd,test
f5fc658c-2afe-aee0-101a-a7ff5a856a5a,train
730384d8-7880-cec5-99a4-fa45ae375b81,train
d4679777-524e-3177-50b8-5838de93cb2f,test
a430a587-d317-6d27-55e0-40fbef3f32a9,train
5c088437-1ac7-60a9-e347-07cf60479f17,tune
f2bea5ab-de3f-ef55-c1ed-3575713b4dc1,train
be1fbadd-41f9-b61d-8934-c6ae51c36035,calibration
8425b9e9-ee43-0e7f-ee76-c0692ca19d70,train
7bcff09f-f14d-17c9-af5b-ac25d1c2137b,train
0a1ca4f2-6830-169a-20fd-d8116222af1e,train
707dda23-0473-e435-0e61-dcb8a2ad7894,train
86626560-fcf5-1817-f9c3-c106a7de26a2,train
9111ccd4-dbe8-f51b-3c94-1ac19b3ed5ef,train
53cfd4bc-064b-4752-8fa6-70b197645908,tune
3feac16a-ff2c-78b6-7722-414340af0c3b,train
21153727-2528-723e-4eb2-19ab1edff06c,train
5ce33520-31ae-b349-4e50-c38cec88a3c9,train
0fced9fa-48f0-58a6-5806-4a7fd66c1856,tune
d1c5f682-fb60-d538-def8-5af827fab858,train
d9f51940-dcf9-20f1-70a6-d06fa79a0287,test
510cfed4-2975-d6c4-d644-81b7b57220a1,train
344a9820-41c1-b632-3ad8-215be3392298,train
c5d0526c-3d49-10dc-926b-057f8e016285,train
0ee1c32f-6f09-8699-e692-0551e8371c07,train
671023a3-9275-3c8d-5cb2-1dff7f9f7cf5,train
1d7e0132-d61a-f2cb-b20f-a971eb515788,calibration
0ea5191a-65e9-3985-24c3-1c29bbf540ab,train
1fbc389c-8013-9cf2-8ad4-33c418c813c6,train
a22206ae-7495-70f6-69db-db6709d94f48,tune
8ca724fb-6f39-4d37-252f-38e610eae96b,test
a711b944-abab-adfd-175d-dc38ba2cbfb0,calibration
95075ef8-a929-64ba-6815-4f55db2a5107,train
3a2326a7-6f56-6aaf-673f-d53adf7d93a0,test
1cc57f96-89c3-dc10-eb37-7a4bf4fe1d7c,train
e6f3d014-5cf0-82ba-ee6e-37476fe23232,calibration
97c76374-515d-83a5-407c-c898ed50ec3f,train
207681af-4190-66be-f977-2c6701258ea1,train
b36c042c-2938-7de0-48a0-05fa920b84b3,train
64e45d16-f48d-f49d-874b-b624c5395f5c,train
340fc6c9-df00-89cb-86f1-d10ee2232096,train
27d87a3d-c8a0-b9cd-bebc-30966bfaadbd,test
28980790-a09f-fb12-531b-7ed7fed18343,train
d0d81b3d-c78b-93c1-9582-072ea371d9ca,calibration
31186897-4192-034d-f09c-557f9acc3e3b,tune
1a96d59a-e78c-0e82-85e7-c3d8c31640c5,train
3fa3d423-2872-1ea3-65b4-c81a3efa5b93,train
f87816e9-af67-6f66-793f-3af4cd11a567,train
0033e693-3f1f-959d-0af3-6006b278b936,calibration
a5ae7c03-ee13-5508-480a-20eb0d195e8a,train
52c5ce27-1881-2270-7dc0-2a63a08a5227,train
713a7b21-fad2-8771-92dc-500bdaf91693,train
0316fa6c-7171-db59-b349-a90810bfca15,train
02413e39-89c0-5a8a-123b-d58b23c2d97e,tune
b251725e-3b4a-0fca-a43f-99b279b9f20c,test
379cfd28-bd4a-f90d-2119-bc3f20ac0e99,train
2ad2094c-67d9-0558-f23c-2c7c90468f36,train
d6f761fb-6d3c-d80b-59c0-f4aec74d70b8,calibration
c2e8f129-57ab-4360-749a-ca21d6135545,calibration
5e375e43-66f8-8328-92be-da47a74fc87e,calibration
93430a6a-ffe8-671c-0420-98338e3a5dd8,train
c3681105-112e-debf-ca91-809966900cd1,train
83815e2f-1f35-aa74-7873-c4e34dfd45e8,train
8041c3a0-0a32-73ca-2439-749604757f0f,tune
ef8befd0-ff8e-c90a-6f7e-6734c24a6fc7,train
9955ddc7-07cf-4f50-9f24-e2386a527771,train
6dad6562-5a54-9149-0673-c2543ef7dca9,test
21821371-93ea-ee73-71ea-c741088bd85e,train
1f9c90f3-afb9-81c5-e18f-241316eaf936,train
31c99aa3-977b-a40d-f7b6-eb48aaf1dddf,train
f8e74a73-6f5b-e7ad-ac09-ab22cf0339fe,tune
0dd3d3c1-94ae-e2db-9191-e7b207654585,test
069328e8-c955-b52a-dccf-a65627a85d15,tune
57bc61f6-92e3-64d2-efd8-960c4c5dd5ce,train
a0bdf3a4-9fc9-8952-b9dc-fe47c008c25e,train
563497b0-8b89-400e-015b-7453bbf77eb0,train
9a27212f-7b4d-9c28-c315-7f9ca128576b,train
7eb14374-9e89-9396-ed15-b5c419a65113,train
0166b956-30ee-0442-979a-fa3606aaf8d3,test
0554782d-efab-bfb7-4860-73c967c01cb1,train
b499c85c-e0c2-f020-c957-9f181a9af9b8,tune
e51e1e41-2e3a-03f0-47e3-889bf9f9c7de,tune
5bcd10ee-9d99-72f9-2490-aa110920d281,test
527a338e-dcb1-1775-8e58-41a9235e868f,train
998d9968-24eb-5652-acd0-9e5f0e1794cb,train
f9de7604-415c-c126-d2c8-ef443016657a,train
b9a0fc86-2e7c-6275-aef0-e9a24c64d52a,train
abc699e9-567c-0613-7560-c0493f4f673f,test
2563bc2f-3762-d4fe-2466-3059c229539d,tune
1b1d4fcb-6934-bb37-e451-8355bde15caa,train
cb243328-9931-c1dc-fb77-906be75ca3cb,train
49bae432-626d-24fc-9aee-d8fb9e0e57ae,train
d7e09ec3-1f41-678c-0b10-6be93f6cc167,tune
227e0d18-0dc9-3753-577f-f658d8027c47,tune
5e8ead5f-193e-2946-9467-ce9c50ec5e6c,train
4b24d1aa-dc76-be46-0219-36759d6475f5,train
fba399d6-2e53-e985-87f7-3ec4450b2b92,train
c872e352-0beb-7dbc-cc91-0757978d2945,train
fd662a2e-b572-99e7-4b51-dcec49e908f1,test
959c5b98-d1d9-212d-fced-732a0081d781,train
3d412b08-bc47-f42d-0f10-149fe651c185,calibration
c5bee609-e10a-b005-6f3a-790c8d0e94f3,train
b14c68e8-02d8-c0ca-2881-3f3a9f6a39f0,train
14debde0-8e3d-b20d-f8e0-aec94fdd2081,test
08aa97f8-13b9-e180-d7fb-b67f8d09ba42,train
5f689ed6-e040-6a22-6531-8b53ce10eca7,calibration
58a12881-a589-570b-e25a-025424c515ef,train
4fcf822a-1ade-290c-6872-b0020201d8b5,tune
fe06ed96-451d-b26e-7274-aeefe81e44be,train
25ad0214-0753-c2b9-7403-dc2aeb47e5a4,train
040c87a1-8162-8725-0148-d4dd7d7ccbde,train
4460d1df-b3b9-2fd2-5900-5da85fc850f2,train
0ba5572d-ecba-606c-532c-2e5d60e8f63a,train
0c16192a-f83b-a23a-684b-1f6617422298,test
ba47218c-3a51-52fa-fb9c-3275a8fd5c37,tune
333b2491-d7ba-3118-cab5-63eccacf8093,train
3e29a058-25c6-a707-9785-050bb9e5665d,calibration
16a42078-ed83-0722-a810-f78e7b351759,train
97babc0c-bd35-dfa2-795b-6f6e68103b9c,calibration
a8e96715-da17-fa9b-46e9-1015f0e9d8d1,train
bdc2dada-35d5-7400-f614-1558cf42db65,train
45b3f580-f3dc-ccb1-a0eb-880558dad2a1,train
882b263f-53b2-f1ec-3f46-3ebb1e34bc51,tune
0359021a-bce4-e412-e64e-e755cd4a7d10,train
b958d52b-75d1-ec17-c82e-0c5d39c7f9d7,train
320db98d-3954-777d-0368-fc0b9537b6e2,train
ae345479-a124-5e6b-4683-a7199724c730,train
b85fa571-39d2-ae42-0dcc-e7cbe3b2c405,train
b25b7eb6-16d1-4290-b9cc-9c6a62707fa0,train
196e7475-bb35-e858-4058-297afc2a207a,train
0a9f2f4e-89b7-f72a-6a33-c6097aee6fed,train
a0a5e1a4-4b88-7a08-396d-a26c4172c91b,train
945a1457-7b77-056c-c1ed-acba406bc7b0,calibration
0d887ecc-6ea9-75d0-5c9a-3fb9ef902ae8,train
cdccfbb5-378d-6a4b-d8d6-95624555d4ba,train
c8260081-1036-1e5f-37f8-3dca6d6d0fb4,calibration
69b99aa5-a5bd-4c29-2d12-6b5c2bcb38d2,train
454c99c2-f91a-1bc7-34af-189b4568290f,train
b013c340-f9b0-fb38-fc13-37251426074b,train
95695241-f6a6-7987-8ee9-1d5691430b65,train
1eb3f80c-ad61-e76e-28cf-a8a62b886325,train
e91bc788-3be6-d895-78f6-262229e3a715,train
a2133ea2-ca2c-b08d-4247-547fcbf9514d,train
af01a007-322f-340a-c354-2454bfa4b68f,train
461468d8-769a-4c66-69b2-7df9468f7e67,train
8f78a2af-667e-d1ec-894f-5a8401f3a49a,train
c355b352-a90f-2a05-1a06-af7ba545c769,calibration
7fd0a88f-e55d-6700-52b2-fd8a1501f01d,calibration
72df42a8-9764-fcd7-037f-9e5313853d13,test
ff706804-0f1d-1a0b-c322-03f1d7e584f6,calibration
6ae936f4-0a20-c0e2-95cc-f2a577dc9fdb,train
54f11f3d-1d0c-1ee6-367e-834684d6a344,train
2143d14a-2fca-4539-d589-b5fb394c389f,tune
14ee3301-947b-fd5f-a467-30415bcd9769,tune
fe6234ec-47e9-dbca-1951-96793b5b1e0f,calibration
33899578-ff4d-33f6-58a6-6edcb41274ba,train
65f80407-5c93-15ec-18cc-bd6141e36483,calibration
45f695a2-810b-d8be-ee61-12d139d1489d,train
feed0a2b-fce9-f872-a900-4822954a2733,train
3c536731-50a7-043c-2fbd-ff9393664aad,test
0383eff9-5694-3cf1-7d31-5e1cef8f8c2a,test
24640525-147c-cec2-5658-bab8aac184f5,test
e4c40d68-29a0-9128-c2e6-8c041aba913e,test
c5011858-80b7-9450-9e06-42db468cb79b,train
dbcf9e02-e8a1-555c-7959-2e425367825b,train
3c18c6de-b33e-a13c-872c-353416ee5374,train
a04a1f57-e03e-494e-bc18-21e0a4fd129e,train
ba2728be-1d63-88b1-346e-1503e890e6e8,train
275d0c92-de3f-0847-011e-0a9644011892,train
ba33bf04-8c8b-e779-bc6b-5f8ff2085361,train
cf146d9e-be76-7ca1-7d26-f33d26647500,train
040d860d-7b10-972a-3dbd-301b93edaa10,train
cb680189-720b-cd1b-c6d0-f55d18d1a781,train
50f605d6-2f2d-6ac3-efcd-e44f02a6f6ec,tune
73c21489-8b0e-0d90-eead-095ed13b8f8f,test
b8241669-e1ff-1de0-5a19-cbe923897287,train
4741ead2-d4da-7b00-1719-9a7e7863a6c9,train
9811fa71-643c-f722-16fd-4b3ad75cf9f1,train
6ce8ad8d-f0ca-4bbb-aef1-095104bf810f,tune
5eef7c99-caf6-a100-7b36-6eb2ce10705c,train
afcd1249-b822-2e13-5a3a-bb2b7b45598e,tune
3533caa6-293e-beec-5679-e5d6a29a198c,calibration
f0c37d70-8a86-1062-55bd-3824881859fa,tune
15d160af-e33e-3743-8995-90ae98f391bc,train
eb1e3b7c-d0a9-6bec-52ec-96cf68861ede,tune
2d445abd-2e4b-4d89-e1d3-32648d68b0f3,train
0c5a5620-0afc-8392-8375-b8bf9e4b9f25,train
b180c648-48b6-7075-7650-b17cbd06d25c,tune
49761461-5e56-7e80-88ef-59d9010172e9,tune
b94598c0-3730-e63d-a295-c313e0fb0504,train
1f544b8a-0a68-5bd9-9100-0cb408f8f473,calibration
5d2a8ee9-0e64-a844-7274-58a322f8ca01,test
dbf05f1d-142f-a8c4-b623-7f658651766e,train
2c4366fb-66a8-5858-6026-0ec4129cf948,tune
14f0bd35-9cfa-e1d3-9a27-a96b11ef9383,train
ea218f45-6e9b-3030-c409-6419fa79f52f,train
7a1c43c9-2422-ebae-6ed1-d99e65800a91,train
d00b4969-0196-f933-56eb-dc64f3bee76c,train
b79a73ee-273f-6a12-18fc-00468c0cc09a,tune
8104dee8-6931-f133-78d6-e4571d390ca5,tune
55745d2d-c4a2-0768-d6b2-bb8fac5ed0ee,train
6952e493-8559-c433-6dd4-074e4a832aa9,test
d2d9bf74-3cf2-9491-9a93-fb51edd46d23,train
1412d434-d1a4-431b-2c57-b6ada600022d,train
49699ae5-4b43-0056-e4ce-1e0a59c86c8a,train
d68e73e0-0543-7f05-0f25-731253902465,train
4bbfdc87-8a40-ddd0-c410-109650383067,train
0157a630-43f8-ee51-d965-6fa2a2048921,train
f5ebab8f-9d75-20df-1255-08589b0114bc,test
d7d32793-8073-7169-52c9-f9f6e081008f,calibration
d876cecf-536c-1c58-fe32-01b85d3a8e74,tune
1cb64131-621c-9e4b-fb6c-81b1e22e1213,train
45cdc264-db5a-385b-b6a6-2a2b5b9830d3,train
bd778e85-be82-8b2b-a0df-bc57a15b9aec,train
e20841fa-d567-6558-1d2d-62c5a8f675ba,train
c3a4e5a5-0525-7c69-452e-37fcfc853608,calibration
c75c4704-cf11-3875-8adb-5570d2709019,tune
128485f3-a3c2-0978-e9e2-f33cae0c92be,train
2517d70a-ead1-ead7-f24c-17ac3c2dad56,tune
55303fab-46a5-a5c9-7e40-ec0996cd856a,train
db65d4d5-8966-0221-9315-1a64fad378ba,train
e291e3c5-fbc9-613b-a38c-33755d937350,calibration
d7f6195e-5cbd-d4f7-b4bd-20617bdb25c9,train
a20f8e99-5fff-3d26-783c-dc862e666db6,train
bc9cde3e-533e-8c51-59e9-4eeb926951d5,tune
949801eb-cc3f-460c-c8ff-05389f554176,train
65a7063b-8653-bb37-08da-9fcf72b5e365,train
6b0db1bc-7b40-c548-92c8-235e57e6e973,train
edcfc152-76e6-59ad-c2c9-c365e0ce8fe9,tune
bee08916-7f67-b51d-219b-e2d52c4f27c0,tune
4c48dfae-567c-7243-79bb-ad5ea88a60dc,train
48987076-ce44-fa46-ac9c-a232c573281c,train
aabba5ff-f5c7-adc8-70a2-ea0d5cdddc12,train
1dd18b92-41dc-4a6d-73a9-2d24cd8fc0e3,test
103509bf-8e36-93f4-38fd-2cce6ad9cba0,calibration
464eebe0-6af1-f5fc-f264-6b3e652de037,tune
5dcc796d-ebf3-9a6c-4ffd-b75646b0f054,test
506d447b-3019-09e1-63c1-c0198a2eb340,tune
d0fefaa2-8c42-eaf0-0546-10e28dad2e75,train
77b521c4-5a76-64e8-74a0-ec1572b3afb8,calibration
648fc117-ae93-8e8b-b3a9-0e105e784275,train
251f9b99-465a-cca2-1493-eda12924866a,train
6b373412-b9ea-d073-f9ae-8327e19cbda5,train
677ff63e-2f76-0b69-3173-0843fcdee395,test
298193f0-c46d-9ed7-ebd2-0f67ca5161f5,tune
f1a79767-9726-964f-e3c1-ae1da8144395,train
3ed63e5e-a6ea-4030-5eec-2eb2e474a3ae,tune
e51e17c1-627b-aa71-9bb8-d70ee00e2742,train
4a552616-5810-6d9e-3703-ea898a915dda,tune
dadb3a2b-29e7-b9c8-11b5-fb17b62764ff,tune
4c555639-e775-cd6f-bd2d-fc4d59d55ca5,train
c5defba7-b988-3ea6-0f1f-8984c73c73a0,train
9a3c5d07-2e33-90e6-70dc-92924f1ee5e2,test
b85d7282-5a90-eba8-41a9-18dfade4b161,train
0c480716-e960-e28e-4676-aee6e0736ab3,test
024707be-b1bb-b925-62ad-53baf5a6b527,train
79cd2daf-7d9e-5ef3-89b7-e4250b383a2a,train
39f320f7-1422-79f0-633a-8c26809d2289,train
9ada4daf-00ba-0614-456e-431ce8ba471f,tune
0e4706df-8d75-1df5-e2ec-555999044d79,test
efb42125-1a5e-53ef-b098-ded1d99393f7,train
bf534c80-8972-3d6f-59c1-0cf682cee338,train
a1202dd9-555e-fc72-5e6d-8eb8b8550aba,train
7706ffd1-7c3a-96e4-9012-8e0f34afea97,tune
af52fff3-ac65-e3f3-aa55-e15b6184f810,calibration
286cfd1e-3123-96d9-a5ed-0d0b9528cfea,train
a1d14b9c-0e2c-7d44-c06c-73871ae4e9fd,train
2c9a88ec-2f4e-e934-a32c-8aaa821a488e,tune
b9373169-f8ba-5e49-ccd6-30089ae70c91,train
56fb682b-6e1a-ea7f-a66f-cacfa69f6b58,test
329da8fc-e2ea-5dd1-b04d-e16b93a994ef,tune
910b8eab-9e4e-8303-9765-24387e7bcccf,train
aebba24c-8bd4-f6ba-2cb5-a4f73790e71b,tune
5f448975-24be-1ae9-43ab-dd4dec3d13d9,tune
40570c5f-5066-5c2e-86a9-ac0f4ffed4c9,tune
c8e2c41b-9fc0-1960-3d10-dc26d15267af,train
a7762ad2-37a0-cbaa-fbec-fa89fa69a00d,train
7745b146-3127-68f1-2000-ccf4ccd26361,calibration
7d059c8c-d828-252f-ff7c-e8ccee367c6f,train
da68c786-865f-2948-c170-e3ebfe8f5737,train
70f9e794-b126-f016-8a3c-3f194436e1b2,train
a788c086-9f0b-3050-47c8-f11c3a0ede2f,train
00da08b2-18e7-3c40-785f-e0efc69212ba,test
674915e5-385a-4629-02f2-8e9c4d7727b8,train
07526c50-89d8-8394-243b-9d335566314e,train
6c913976-8cc3-3adf-a282-2dac026a420a,train
c184e920-c56c-4f1e-414e-43948e28c33f,train
549654bf-8e04-ae33-f49e-8479e3213f3a,tune
10fcd5a4-01b4-eaab-f951-b79f14be8a84,train
dc02b8b6-31ce-b40b-292c-a99d7cc73756,train
17d08fdd-c11b-536e-874e-20673f234ea5,train
49d33756-71c7-f416-3eef-66f60b33236b,train
d6386512-0f18-4940-a2b1-be5e79cc7610,train
a30e64e0-56b8-454b-830d-12cd70ad9a26,test
b9fd4bf6-06a9-1d25-658a-5aeec2b8592c,train
a44610e8-2049-781a-26eb-e3b74c0b29b6,tune
0ae64ed0-505b-ab72-1e25-8a531517390a,train
3d2b9c6c-b9d6-3927-8de9-5ff42c47cd3a,test
283d7062-980e-4685-e4f3-be12ecc0e3af,tune
d7b1b1da-7234-bcfb-0c8d-90a3429bc991,calibration
6b4530c6-ad75-a8bd-2253-5e366a1fa6be,tune
2fe216ba-950d-c1fa-6860-30b8deebd233,train
05ea09ea-2df6-dcdf-1b3e-b8227a6966eb,train
f634de2c-e06c-1781-5e47-4369b7375183,tune
46b145d4-f35c-22df-10b3-126d8be51b36,test
f3307890-65b1-1f5d-5220-35c61ade4d56,test
0e56c7d8-fb7e-f130-0647-b071f15687bc,train
dbd473a7-e96a-ce62-2de1-4aa4e48819e7,calibration
c6f1ba90-f7d4-76ca-9ff9-5e670d3d896d,train
d9e4a1d2-c1a6-8c55-11c6-e7011581e5f2,train
739436e8-d307-0ba2-d5a4-2850f23c4fdf,train
5acefdf6-f269-8285-f2f3-2776c0a4af1e,tune
068ed183-ccc9-0122-7572-b5fb5a3bef54,tune
7e39354f-9778-3012-6f3b-4ea4eefa9c3a,train
8178e689-f72a-83b5-b5e6-7ff222ca4c87,train
1d976cc2-56ab-e8c8-b98f-30144eadbb2b,tune
96f33ca9-1bb2-73f4-200c-6fda5902e4f4,tune
43879ff1-0a86-696e-db74-7f20d04e9df0,tune
96a6260a-d924-7519-eca1-241042486328,calibration
c781c53d-e705-e53f-4cdd-fdf263fcdc03,train
75d95a3e-01b7-727b-958f-8fa6f98ef3aa,train
370c3360-dcec-9f5f-1c29-2844b830ace0,calibration
d2a3efeb-5ceb-9e14-9816-0f7b5dcfddef,train
c8ca4917-e707-9d59-dac1-b329d99a217a,test
07ed245e-10e2-9e58-d46b-184c4a34fd8b,train
9a597fbd-91e0-c24d-956e-947000df33da,train
1e1021df-71f1-bb72-f111-29028979bf23,calibration
8033df7b-6d27-3e20-684a-fd6df91c10d8,train
46025986-1090-ceb7-0be5-b62f7b657ed6,train
c8149627-3c0d-df6f-020a-b3e5f985381f,train
afd8557c-ef9a-8856-6bea-b86d8dcfd84b,tune
02e594a5-6630-d05c-1886-b75d3ffece50,train
5027bf30-300c-e7e5-2fb7-61008a472f32,calibration
475d1e79-cd52-7659-14c5-f59ad05405a4,test
9fcbb696-288e-5604-0ed5-390200edc7a0,train
94bce66e-c1f9-a443-5672-19bea6373168,test
fce2503d-fc06-0dee-1f79-50aae350326e,test
ff8c1a57-4568-bba6-402d-68b49c42089a,calibration
3fe6e677-e59f-b920-fa50-047ef2e7b936,test
86d07da5-f1e5-e5d4-b43c-d9688839e5ba,calibration
52966f28-5302-05b3-9981-ddfd628d6eb9,test
829347b0-3da4-25cb-b79e-171fc1704e7d,train
dc46a40f-c5e8-0ed7-b610-52b3e99520ef,train
cbfd2801-582b-13d9-6e4f-8d73c4a009d3,train
a79a503a-a9d4-5197-9857-313b0536813c,tune
cefe613e-2a80-c5c2-ec78-83265ff13eec,test
12e538ab-bc06-8e6e-db5f-6dbab8f45cf6,test
6cef129c-1943-9753-b5cd-4327bc5d08a5,train
1d65ea4e-f4b9-5f53-2369-8c05434bc4f5,train
28b31125-50a7-b5d5-cd95-707ea284e7c6,train
a67573a7-99da-4a22-ebe6-8e194752d552,train
67821267-c1d1-2e91-7110-f2b3501bb61d,train
ef126548-e56c-ddcf-b38d-e9405cf818a3,train
6559f0ec-26db-b582-24e6-194be0b11226,tune
fe7e4a8b-4886-c102-9b0a-b78a85db7a76,calibration
50c478ab-7281-54ae-4ea3-404190526b77,test
f775607c-cc3c-ebe0-f38a-d96412d6c916,train
c79e386a-9644-cd16-dd51-660ede3273e5,train
1132c048-0e02-b962-b49b-1cd22582e63c,train
e5169804-fda3-bca4-6bc8-06421751f2e8,train
3b51f3ef-846d-765b-cd56-490909a42093,test
f789c143-78a2-9d71-49c6-64dfcf359c73,calibration
7d1cad26-43da-e2cf-336f-ddcbfd85f20f,train
60b46a8c-d192-f69c-c820-4ad2517c0d32,train
ccfb3897-6aee-f8cb-426d-22b66845558b,train
18490833-df08-fb48-2733-f99d3aa48afa,calibration
e24edd82-c87e-63d8-c423-2ff7121b599d,train
86edd1d9-3fb7-0c11-64aa-f5a808523ba8,tune
ff5bb294-82ce-b3f5-48ba-45925f418bc9,train
d0d1cd19-c1c2-625c-1721-2ee35694f1dd,train
55b02d41-ffdb-c2c6-b703-bf8cd0eb282b,test
8b3c2c4b-d9e3-ffdb-24ac-e731b9823e37,calibration
c82f1810-efce-4386-8df9-446f24a2473c,train
038acce3-4aad-e6c4-cbe4-ec68d29d6a59,train
571bd551-1c76-f712-a698-739c3d85652f,train
6a127106-1789-e35f-127a-cc730fda7ada,tune
83902287-baf2-6812-5138-35cfb8373673,calibration
c2312e52-e6f8-9913-7af6-3688845d204e,tune
4e98df4c-6c94-d12f-b710-fe668ecd9d3a,tune
e7acb5c4-262d-368c-dc84-58d1953fe015,calibration
d953aacc-9fd4-7089-a4b4-cb8e2e97d187,test
c973c83c-9b45-fa3e-df19-93493b18572b,train
5b162330-3ecc-a9d1-5728-7765c848df1b,train
a73ee522-0590-bbb6-bba9-a289a9cb9f8a,calibration
ab780ab1-2d46-b94c-f524-9177de091be7,train
c2b48426-3729-43eb-b1cc-1852122f7913,test
6bfbdcc9-ae56-9a79-aa7b-e68e746f2dc6,calibration
296ff0e0-4c37-6116-1858-ce36b3c31991,train
3af4b495-c07e-99d1-9d7c-bd9a471250ac,train
db1684be-712c-502c-edce-d1e78efdd099,train
dfd593c8-82e2-01d5-829b-a5f1308d1f3d,train
c2ffd5dd-de98-5645-f7ac-83bd2d8a3d38,train
d91ffde8-3df1-aef8-cf0a-d53e141bc338,test
e8c9b9f5-d402-96b8-f550-5c761d8689bc,calibration
5b815007-05da-1ec6-5ef0-905ac1ef0d96,train
aa8805d0-46dd-8087-05a0-9a34212302c9,train
4a1cc08f-6f06-c30a-1c57-b85090ab6374,train
c84467e5-c8bb-fea9-a387-c29f8a9f0f50,calibration
0261acb6-5078-f762-e0d4-7e57b651d266,train
b9cb008e-ccbd-2b59-96dd-a43a22d8de06,train
2140ed10-dcd1-5554-40ca-70e5799d5623,train
86419ff3-4878-f0de-b6c8-13813d83f45a,train
ca67f94f-da0b-6eb5-b85d-74620ccfbaf4,train
ee9191c1-e273-123c-dc08-faed7a1621f9,train
228d1e0d-414f-04d0-19b3-dd430136ffef,train
c283681a-e094-0578-1dd8-b8d706eeef6c,tune
e2418c62-7c1d-397a-02ae-99fb84246755,train
74352b83-9708-71d8-a76e-6a4e3040a679,train
03fe331a-1b05-ea8e-d512-53c9b6346eaa,test
6b6dba73-6b1b-0b58-c53c-6895e8357086,test
c3094b64-8a9a-02dd-c2ed-b36b10af645c,calibration
2cf82830-5baa-4870-1254-61fa4c43b5f5,train
558b11df-3b75-be14-221e-2091e88890a5,train
0e3230d3-ab8a-e1ad-0c8e-d6d6a907cbcc,tune
962ec6a0-9e41-d672-017f-c815bed590cc,train
f1225ed2-7c05-9f9c-0d59-ce81d664bc30,tune
d59c087d-9628-ca4e-0ccd-9981d3e15e37,calibration
dcc12cad-a9c2-e2d1-3493-077a82eada12,train
b29cad4b-ab42-dfe5-48ad-ccedd69267c8,train
2ededc90-0f7a-6356-ce6a-e25a4774344d,train
07c6627e-cdb5-eec8-12cf-4ffc383f3e05,tune
768a35c4-ad10-3d73-f4d8-5a09467a7329,tune
635a73b1-99ed-202e-20e6-21312e7587e4,train
0b056d09-311c-f964-8cf2-0730d33afeb9,test
39167706-c499-76b9-bd88-994fa5b633ce,tune
4e26d9b0-d459-69c0-3fdf-7aeedd93059f,test
81d057ce-4ad1-d80f-ff3e-94c01e755850,train
a40566f3-5792-0ff8-f1b8-3978314d8842,calibration
c02fd078-458f-61a1-715c-2b538f3cce05,train
50f266fc-78f7-2882-3064-b01c40b74817,train
8324bf5a-11f2-c437-df4a-153f3b33388e,train
dd093d1d-ee13-169c-bcf3-794da76a8f40,tune
54d5747f-b94c-b7a4-bb02-b119804f540f,train
4770c189-73b6-9435-e39e-7269d1a1a66b,test
59f6c8cb-bb03-3cf0-7160-d94c69ac64d3,test
b447c5e8-7747-165a-3510-afd4eb9ab293,train
943fb67e-a9db-e8e1-e9cd-1fb41f7381f5,train
51c7eeb7-cc89-d970-b181-fdaea4c262f5,train
663ab2ea-0e2a-ad48-49ff-fbf6685c4b70,calibration
99662cbb-898a-624c-7e0b-e1821f642a0d,tune
d33a56d3-8008-eaf2-f99d-15f351d48dde,train
8f60ea01-887c-9c7a-bd21-5646ed3af944,train
da351025-6530-c4df-afb6-45770b0c43fe,tune
9718db59-0071-2684-8e91-1475715bba4f,train
2448fbe9-6776-3967-10f1-bcd94739419e,tune
e737e640-0337-b346-6096-85710d1a9383,train
ca48a24b-9642-b7a4-39dd-d30841ca799c,train
2f07b774-78c3-b45c-c0aa-a87ebc8910ae,train
36a5bb4f-6441-81bc-04e6-2c4e2c94b63c,test
0bd25fe3-1f6b-b0b1-2835-0daaa84683ad,train
c270d51a-32e9-24a9-c844-4877f9b2aa2b,train
213f5815-ef44-5db5-4cb6-b7b583278dab,train
90f373d8-d04e-b095-0fbc-fe2734866c26,train
39e597f2-13d0-c127-e5ba-aee2d8aff237,train
7624006b-583c-d7a7-07f9-ae6cf39fa5f3,train
efe82bda-f99e-80e9-6e57-f9d3061aceec,tune
4903b8d5-acd8-8159-9d77-e1b13209ed79,train
10c46747-acef-287d-199b-fdc3f83a3cfd,tune
b8e6384f-af93-14cd-ef67-e88d4f4e1288,train
06d08143-f82c-0a52-e159-57a79124e6cc,tune
75a90946-bf95-eea2-b31b-0a8f797671b9,train
00f0c463-b6ac-366d-2c37-c76b67c06057,test
cbeaede8-0252-1873-227e-90ed4475ffb4,train
f03f5d70-c302-8a36-d761-4a50713a4602,test
3776bf88-ce52-5eb0-7b8d-e2d61c17dc33,tune
c0f9e559-183c-d21e-6325-312a2a288153,tune
11a01691-3c69-80c4-4d49-484bc9b589d1,train
258b4ca9-0c09-1a48-5a4d-39dd2d4196d7,train
0e1442ff-0f9c-0ec0-90b6-87329a38165d,tune
c596a1d5-856f-515f-2c8a-692c462e2b06,train
75ba674c-39ae-b793-434e-b002d4144849,calibration
cf2a46f9-d50d-86d6-5d96-29412068aa74,train
3183c031-2d0c-a9aa-3e5d-c6bfd2782781,calibration
9f460e5d-11f2-7698-0c9d-46eae6f372d5,tune
ba4820fb-41be-8412-ec4f-ae9784377872,calibration
e9dd5599-c525-ed0f-2e17-bf28aaf9d29c,train
1571db5a-b80d-70d8-0ad7-859c30607b37,train
dad9b8c7-3c81-fb65-2105-08f715ddf30e,tune
68261e3d-c149-b357-3c93-2e3a56f39477,train
08cabfc3-4877-3cee-820a-be3474d81356,tune
027c23f6-c2dc-1334-7ce8-0d4d710814ea,train
46cd740b-4e22-c23f-b221-8e0d11960df1,tune
6ed6bcd0-60b6-040e-5d68-1c296a4ae717,train
c6031858-3fa5-93c9-ef4e-448f06cdbc73,calibration
ea1e86a7-7751-5f96-d94a-dc33cb6c867e,train
0b1279fb-bf23-dcc4-f54a-b02918717f3e,train
87f0c42f-b707-66fa-b23c-65b6b0ceff87,test
62bd4a1e-b3d5-732b-a8cf-a7b4164132a2,train
ac0cf6c4-ae34-5077-a7bf-13c7966c52af,train
e52b7c13-0fd2-e206-8fb0-211159ff2e21,calibration
263f14f6-81ce-ae0b-977d-96d1dc0f7b66,train
6016d684-5e20-7209-093d-b27e7014c159,train
a61c1717-eff0-66f5-9b30-a409cf61d7cf,tune
c6e2e884-e8be-51ff-1297-e7234e2002cc,train
eebc9d36-17fb-986f-c703-3ebe1bee0e90,test
4ceb6273-f273-b964-bfbb-830870a388a0,train
8e245cb6-927a-e45a-681c-3ed1d2645ed3,train
10bc08a0-8ca5-2353-bb39-a492637680e3,train
38f11937-b274-e1cb-6441-cc7089e65807,train
fae88ab8-94b3-920c-1076-6809e4f688ee,train
262a9a41-65ee-cb56-0de9-83547e6c5b19,train
7b35ffbc-399f-d9db-266e-02918f3c8fd7,calibration
02d6d815-9182-42bb-7cf4-ea61d494c056,calibration
05e5be75-35d9-a8c0-b44f-270b05237522,train
36301b79-fca9-37cd-5421-217a803a65e3,train
8b2a3c60-e387-2309-25b3-98179ad0bc2b,train
d5e18379-fef3-9432-ae62-4ffbe09a8178,train
12fe39ea-9e67-8c3c-95ec-44cecfdd90a7,train
696eaa59-ca4b-7a66-b246-5a7bb24cea77,train
4d4b6840-1ddf-ed1e-c5bf-11ff73b926eb,train
c5f28fc3-d4e7-766f-8299-854807a71b03,train
ad944070-d765-da41-c1b0-1388b47ca508,train
fb431d31-ceee-390e-0e25-a9410f2e09ad,tune
93a36f6b-2472-4072-a0e8-5a23005f6aa5,train
0b1fd279-fe55-0183-ab6f-8b53286bbbb9,train
b3911c71-2fdf-0003-b8e4-53087e40a1e4,tune
bc6edd46-2a89-e7f7-d351-86f8e27f9cdd,train
2b4baa42-f07d-98be-22b0-92495ae7b46d,train
3380a004-202f-ca20-cfc4-59a6c454f418,train
0f315f42-9104-e5bd-099b-a6ff7544c3c6,train
b19865c9-565d-7439-9028-f818586b4116,tune
db1de0cd-a4fd-6717-db43-ccc5fbaa059d,train
d24d82ce-e686-5a56-b0d2-3babfffff8c4,train
d92c2e57-fd51-dfa6-8277-43f8302345f2,train
b87202d6-e2bd-fcfc-20b6-3344a6719d55,train
5a5ba63a-c603-aaaa-84eb-68b36bed462d,tune
76d2f35a-70ac-8ac8-2466-ef24e4072415,train
72093059-cc59-4b86-4d72-91c57dd8c30f,calibration
9fd19c47-bff0-c486-2711-b7ae00691489,train
a5d0124e-8d6c-5953-2e48-3703ce0c7211,train
e21c17af-a218-5451-9734-43ea8de9edc5,calibration
dbbd00d2-c420-418d-02d7-8362c69b8546,train
fb4c6e2e-b23b-0bc9-84eb-08d6c492ac3f,train
516e6d9a-e152-c3f4-fc62-bc6c216722f9,test
01b8a7b6-bbe0-5775-c097-34643dad222c,train
bc1f998b-d286-87df-dc74-c8a413958b4f,train
07cd0e7f-2c41-6fbc-9035-1f363fdbe5dc,test
9ea6ffdd-8e4c-e831-982e-77f655fa3b06,train
3a171e8c-2823-6d44-5c3b-065de4420f2a,train
4c946659-6085-35ca-dbef-78af10d40c6d,tune
6598bace-5db2-8193-ef81-4c1c0584852a,test
a44cf57f-1bda-8d5a-929c-c50dcfcdada9,test
e63d988e-4fbd-2760-4a9b-39d26202cc29,train
71d4fa12-a54d-47bf-00ba-512e241ab4d7,test
bf4d6711-3e1f-7ff4-81e8-090548fe2c05,tune
1740a8ca-98a3-510c-c490-532f4e68080f,tune
aacb9006-596a-f682-d124-f5b0f12832d5,train
ed57418c-c018-b095-581d-83d535b4a785,train
dbc14d4f-b56d-59e2-bde4-8d72add2e6a3,train
3dfdf36b-599c-b689-2325-94639b9a54f1,train
dd9d49a9-95cd-b2df-3e28-23641adfeb53,test
72ef8ce0-1f14-b9ed-50eb-c4e338089ecc,tune
efe35df3-aa26-a1c9-9835-fa8544fcf1ff,train
22d28c70-9ec9-5ce9-b246-1b33d20d5cdb,test
781b2775-8a52-6330-a5a9-9b710523bc43,test
5be04194-9379-739f-a3f7-a436b432fd49,train
17d07128-800c-3d4a-2c09-6f88b2b45c34,test
3df2e042-2a84-f051-2b2d-6274b8688c97,train
a950b676-d857-68fc-0378-4c137e4d7da0,tune
e5ac0e82-5fa1-e1b1-e502-1ee996694636,train
2d080e3c-ee1d-2a1f-322c-30813f4040f3,train
9c6a0930-ffcf-981c-0dbc-40e79b6df3d0,tune
57a2f5b9-b39b-cfd5-4b93-12141a9ef3d9,train
45dd16dd-372f-4f47-a191-688dcff845c3,train
05a27cfd-d85e-b704-9c29-e72638449da5,test
fcb0439e-45a9-368a-2e63-5887d46e682d,train
e89ed9d5-daaf-5a05-a4dc-5045d145fe1a,train
b6fd5970-6856-49bf-a604-be20bd0c8604,train
78f56809-e7b6-6ffc-10de-831662ade41a,test
81f02a8b-400c-2705-f2ae-2a472263dd57,test
a47a9ecd-4880-f226-6605-3879c19c7eb1,tune
336fba0f-d48e-d4fa-2d8e-81ff34e8e3b9,train
9a43fe19-9360-989a-1b68-718b665b83e4,train
21c61edd-b069-ca1c-5466-e8b4b0f75ac0,test
fa727f40-f69d-27e7-1509-105623e74e30,test
3db19ecc-0568-ac89-68fb-7555b708c687,test
e75691ee-12bb-7947-30aa-9c9e9777cbf7,train
001fe42e-0e38-fe46-33b0-397a00693842,train
f7dc032c-034c-5f3f-872b-29787e12d456,tune
cd666e40-db9f-f240-0789-a9daf7ecf87a,train
8aeeb58d-d649-835f-34b6-6065f7108f6f,train
4d7366cf-1ada-0d42-272e-5bbad3b9c8b6,train
911fb876-a6ba-12cc-2317-467ffac9ec27,tune
95cddf25-0aca-2280-9582-56b4991b1580,train
ebfeafe2-41b7-3c65-bd76-2476178bcc2b,tune
537f54fc-aee3-2eec-cce8-fa9627e5c5a3,train
229611b6-d99b-c23b-a8d8-7ef4fc55cbc6,train
83e25782-89ce-73d2-8be5-01946e102228,train
4e24bc04-9026-f2d2-d9f1-57ba4d24d59c,train
3672cdb5-f47d-761c-9c0b-aaf29816823e,tune
8a587dcf-73e1-e40b-2fc1-3e86dab100df,train
617eced3-13e4-44a4-38c3-5d04384c09a4,train
4df45ace-622c-6388-c701-e0cc53aed7e2,train
db281497-4db5-1bd3-e525-542e20131e29,train
0107280e-b1b8-38f5-98df-eb908329411d,tune
6848c865-9def-dc29-1700-d95a9e12f0ab,train
85c618bf-d3e1-1c6e-5970-bd5ce7f81b85,train
fada9ee2-1f24-c85e-c422-1078010dc809,calibration
69a9b0a9-0053-3be1-6fc9-76ce362febe7,tune
50aa5750-cb01-12d6-1886-be724bd1ebe2,tune
e27ec2c8-7960-0768-6453-657a571789e1,train
f2aee011-899b-a087-f798-ba1bdbb06a9d,test
c1c8e593-2469-d866-4885-7438a664cc6b,train
9682881d-c12c-ea45-a291-56ea44c0d5de,tune
0d25f204-af67-143e-05aa-ae0cec6544e6,train
66acf021-1309-3e85-9a49-a86d54537424,train
79d3f927-e274-ccfa-50a3-6adfc5fe702c,train
095db331-1fd2-b825-f926-b56b20f3f176,train
98121526-55bf-3053-8802-4763fdfd35c7,train
93f2d8ed-5561-40ad-d3aa-536bf59ac10a,calibration
2ba5fb3d-3887-df38-dec6-58f87dc6129c,test
173a1b7d-4127-b1c0-aeeb-ce08a8061006,calibration
8245a05d-cc4b-e83e-ac53-71620dd08f6c,train
856472a4-9571-1f1f-1ef4-8f9fd01b92fc,train
5d25260b-d800-443c-161c-d2bd8de3632c,train
fe826fe2-0732-3cdf-4281-32c8e85f4a1d,train
e4f150cf-fe84-3929-ddbd-eac4eafa5e57,tune
1f064c38-f71b-5b37-0a27-6f8ab970e8d6,train
5fde0784-b042-549d-5568-bdcbadf51861,tune
3e0227ef-abcf-db4e-ab08-25688f94c3a1,train
964dc33d-3e1c-437a-bc48-7c3dc4a06d82,train
ebcd8798-55c8-5d36-17e7-79d246209089,tune
96354be2-b41b-41ae-8801-504678379a07,train
a1ed64ec-6ca3-b6e0-15ec-4efb5019f24d,test
fd4dfc55-4ee0-54b7-45c6-0bec7989d5e5,train
1e178b2e-1630-9509-d1ce-b83d306ec4bc,train
39b6bdf4-defc-2d26-36d8-b348bb1bd393,test
30a3f52d-60a2-595b-275c-e418bfb093e7,test
78ff5b40-f366-251b-2605-56affe312905,calibration
bd94732b-5c36-6a2b-e402-a94183139626,train
26ed9b9a-3b4c-b919-581e-ee0bf6f97d2e,tune
f0bc92e1-e254-6378-5ee8-e6316f4a589c,tune
9c6b9c0a-e6d9-b40c-9550-9d6f8a4e7901,train
a035ed65-cdca-1698-aa89-3cf451cc6ef1,train
d2ffbba5-7afc-e2b5-81c8-38ffa8b6b24a,train
239fba8a-c513-6a5e-20fb-18f2a4526c20,train
dfd916d5-74c4-0043-d87d-619de02e24d4,train
d9db7346-91e0-a6ae-1ce4-9f14260a5a5c,train
4a2f1954-78a1-12ca-b566-f9c844187c7c,train
9ab2c8f1-fbd4-03ac-48c5-df2eb77bfa7a,calibration
7ad07ab5-dae7-eee4-b1ba-28e80b12d454,tune
207987d3-d9a5-d63e-8d1b-f5d7477530b3,train
1d1e679f-48db-dc5f-8ded-38fecc959f6d,test
14fdeda7-db16-f973-a6fb-0d6cd4e051ab,tune
c9e9540a-96cc-8407-4adf-1519d1086f9d,train
a4cbe387-550e-fb2c-8b45-f2552bf77088,calibration
c1d1e66b-2763-9dc0-069e-b1748f6ba474,train
0dac8889-a3cc-1990-004a-0622ffa6d79e,tune
aa2f2750-b4ce-89dd-04b5-b82cc77bbe65,tune
ec6e82d1-3db5-22d5-1deb-d4cc040bfa8b,test
828a1cbd-f527-0ce5-935b-1d88159d91dc,train
0b49dc8e-e3f3-48da-9a6e-f09bcc0f2442,test
165cbada-fdce-565c-3e66-0d361c6abc6a,train
1c6f4ed4-2012-a11a-f2a4-db09131126d0,train
576c8e5a-aaef-a724-7627-53e16407130a,train
f7478e8f-3f02-5115-04ed-56fe5cec6d48,train
c5daa597-4abd-0731-0051-464518df956d,train
77d18ef7-0306-e998-406f-85dc1a2ed0ab,calibration
32c5386e-31ec-d348-1721-8438089b1ccf,tune
8e578769-399f-13d6-f59f-ab689b2fd750,train
5c077d79-1e9d-1fa4-20fb-629fe7a8afc8,train
721a908b-931c-7b2a-53bf-ccab9bbceb70,tune
46c07d16-1f12-ddb6-4d7b-2a87f068d5b8,train
69cd9b7b-61b8-3457-62b8-df8f2f29cc3f,test
a0b8a204-0a8a-60d0-bcac-4c52f09f8421,train
3fc57be8-a06f-7f52-48c7-2a4d0e30ad25,test
e7794c00-331e-1c95-c4e5-7c7a58067008,train
e9ecee03-c15b-8c2d-b7d0-b1922e0896fb,train
debf5dec-e920-f02c-db73-ad84cd509351,tune
d8a9c1b0-1694-98ad-55df-40ce4ceccdd8,train
b3fff57b-79ac-887f-8ca9-3aeb26ad0d5b,calibration
f5d76b66-f348-258c-63c3-32fe592b75dc,train
de323af8-7a66-df5c-7dbe-e88dcb07e2f2,train
0b88344f-ef98-28d4-f70a-0a85ccec089a,train
dde91bf4-745b-c235-683f-b16427bd78b6,train
6ba16eda-1255-0ee9-fb68-079a7fdf7c9e,train
5e603055-2230-2b96-faec-aa5f526cc109,test
e59e2926-c3d6-8683-70fc-abbb286a75fa,train
c3e7bcd4-79dc-3fda-e714-76f895ec9a5e,train
a21db9c0-7353-e7c7-175b-dcd1169a8200,train
c4113e27-d62b-415d-f5e3-c71e97884d85,tune
e5b3670b-9c34-a65c-bf80-1a246329e9a3,tune
b64c4384-bdbd-2ae7-5bf9-71592a122859,test
288eeb81-f8c7-da08-9489-1ab3cac18496,train
ce859974-6f61-de57-0c09-5fc28610b994,tune
3a7d3d47-6b3f-fba3-1b52-5fa1ca875bc9,train
882db5cb-794a-2935-f721-e3650d437a14,train
2b9949bb-0e5c-22ba-ae45-e758e5c9f2c6,tune
d4de68c4-307d-74dc-75d4-9b50198d7ef4,train
46f1eb7a-7f76-d127-0208-d3324b34e842,calibration
e16cb044-5a1a-1c8b-d4c3-679fe084946e,train
747f5167-21aa-ad71-af09-5ff4fe8c1931,train
66617c61-9733-72f7-f897-f6a474dfe72e,train
cffae294-073a-849b-261d-160d58ce4173,train
670fe7d5-d4bc-12be-c2e4-74c745cc2ab4,tune
38d468c3-1ef6-b04c-0990-9560c19d2d78,test
24d0f945-8b34-a5ed-4519-e5a5f21dd3c7,train
76e864ab-9fb0-24af-ace9-a306cf793e2d,test
73e68dee-7f38-2d31-6025-67f6a168860f,train
11d330c0-a18d-60c6-7b47-72a066878e42,train
c7578cd4-922c-13ff-77d3-3a20b1537987,test
9d8af4b9-aadb-4108-ffac-a3893604076e,train
4883d163-6d57-f619-60c6-d437625c1931,train
b1df569a-ef41-b2dd-cde1-1b6c07584505,train
1f5defff-cc06-759d-eb17-029b35e056ec,train
e0736e0a-d678-e129-c539-cdd6cbe06b32,train
bd1d4160-49e1-f192-309c-3d32e6f72748,train
66f4e619-3282-5655-0883-89be9b664d52,train
5820d24c-cacb-c234-a2f8-60b595fcd321,train
d84ca048-a866-4127-1878-7def0fdef916,train
30604fd5-b16c-e55a-e037-8abb845cd371,calibration
0b81435e-433b-7acd-e8a2-07ec6746df26,train
3dd66179-0007-685a-9f72-e60f206fd6a1,train
3391e6f9-a0e3-d82f-206b-6dc935a948cf,train
d6b99c1b-e3ee-81e9-840a-e13912d11419,calibration
c850ccb4-6fc9-bc21-61f5-af992cdd8bdb,train
f248acbd-7763-87cc-7250-9b2cb0f6d89c,tune
34773fed-be31-be4e-6d2c-315eb9dbe2ad,tune
e7a75628-b2b1-7a0d-2062-2a39fbdf6ffb,train
7239491e-9f28-0dce-4c6f-78b91b9719a3,tune
ef2a131d-f3bf-f91e-4bc4-3e65bc7d7bf8,test
115c8353-0cbc-10ec-5865-840b604ebe00,train
850ede45-69d0-96e4-d0c8-5b9b012366b1,train
061216bf-c5f4-d2ad-1c15-96b7ff7acde7,train
d929e25f-9c14-e4fd-be3f-aa0b4b7f9cf2,train
b20ec83d-98a7-e12d-965e-8efdf0bc6d48,calibration
0257abfb-ed25-77b2-9638-d226232d2a4a,train
650003b7-9733-8f55-9a0c-a3b83e6e9129,train
94340e62-88ff-c3f2-b158-4293a7c41b07,train
483dd08a-e8e0-d4bd-9ac1-a0d21fb07d85,tune
9c9afd24-ffb7-6113-b3f2-1e17e72d25d9,train
e53fee91-362e-abf0-f7cc-18ab958dfc41,train
944614fd-c3c4-fb24-efe9-cfc7310e9cec,train
a36efda1-2a2b-902a-d8b1-e3dcb914af00,calibration
26efdf35-bf86-44f0-a518-a5ab892161cf,test
9b3f0efc-4e5d-9536-f920-086b04e508d0,test
5fd7b897-54a8-3059-ce22-ea8861e3db2b,train
fc478256-9dbf-6bde-a255-c26eda9338d6,train
098922fb-e180-59d2-5c17-3e5c5c7b39d4,train
d559fb64-9f34-ef42-0eb4-0fdf2a2f1e84,train
ebd6801d-5c46-733d-8d7a-fd0d453fc75b,train
b7f41347-548b-cefe-1fbb-bc1cd7582846,tune
33506929-d3f7-cfc7-f2e9-60d52052de95,calibration
2755e977-5b65-effc-01b4-8e411b2c7925,test
b932741b-ae4f-e861-6967-5dc6d2f7a089,test
650d90cf-d012-1303-470e-254652c0b7e0,train
09a94d14-a1f0-eebb-60cb-9244c4a3390c,train
974d7625-043f-ab2b-7d66-5a80f7800445,tune
0d9637e3-734f-d348-ba9a-116061856242,train
bba58b4b-e73c-58a1-a94b-433eb94a5f53,train
98b3ddc9-1333-e4d1-504b-9d3347672419,tune
1b3c3a84-8e0f-db41-d1cf-7d63184b6e8d,train
25c9ccf0-6c6f-22ee-ad14-bd68c5a1dfb9,test
29018223-b7ab-ba57-9d5d-87807b720805,train
c0c39092-b11c-e1ae-59a7-b149c55aa0cd,train
b6fe972f-7c84-33c7-6146-d7f46752f303,test
f00ef792-1fb2-f8f5-f6f3-5434eea1988c,train
70aa65ca-645e-5c18-a5b6-e1c11e4e20da,calibration
1059d350-d725-f5c9-a4af-f1d98507a2f0,test
8d5046c4-799f-b9c9-263e-19baf49d82f1,train
e1ea0554-4ecd-8ca1-56da-60e91b986651,tune
b455ebb1-a58c-086e-9cc5-1ef62425f808,tune
2bca9b51-3604-bbb0-7942-ce3001a245b5,train
2e4c64cb-6278-87ef-6e96-d76c398ca96b,train
3291742f-e586-3278-a436-56a8ddeeb8f2,train
52ab1264-1eec-e3d0-6e65-7efa4df98c88,train
f55822c5-199c-1990-97b9-4932c6445c4c,tune
5527c223-0502-3318-2785-1d2ca6e3cda5,calibration
4d3a0b73-b096-6498-1286-3b61ac471849,train
11c6834d-3f0a-3a43-7df9-7d4619035fff,tune
2737733b-7a60-cea9-e113-ff88a233341c,train
5f32265f-d5e9-1a39-a60e-527f486011fa,test
2e191d3e-1642-a53d-9d68-a2f3e6917bfe,tune
da3b0eae-8204-b301-4c22-c72cd82b125e,train
499d6309-d8e4-b6c4-a584-8f1709338b94,train
77ecbfbf-eab6-1c9a-4038-a69e24c3105a,train
f49e736b-feed-a4e9-26ba-8cf57c866336,train
24adb9ff-4c85-635c-4384-5bffa3028298,test
5dcceacf-2019-d7e7-4e24-d3b126321ff7,tune
cebe1b46-5900-0707-eeb1-e3ec733e6452,test
b58dd651-4fee-c21b-661d-c554a403d655,train
16a554c6-b867-1bea-64b6-6045d5b7b4c5,train
32c74445-066a-7889-59e5-b4afac3cdcfe,train
b1811d80-0703-23dc-4220-af193a5eab4e,train
33c618e8-81b2-5820-5ea9-c24aac4fd993,train
3673cb5f-8adf-ba04-2c6f-c16dbc94ab08,train
1c8b1864-43b4-acf0-62f5-67104d71063b,test
e0ea5bbe-4d3c-a511-6016-67ef521495e7,tune
1470e525-962b-bb66-b89f-8c38bf0e57a9,train
3325e62f-a93a-bfda-944e-2151f794c234,train
0c04fd33-b3f6-bcb6-dfa6-db2a5bcb83c2,tune
36b2cfad-88af-1d3b-03f4-928ef08f3657,train
16a3a23c-223c-fa5b-6c56-72ec189fb3ed,calibration
bdae910d-d2ad-22ab-cc74-b78e3b44c27c,train
d95d4688-46f3-52c8-782f-079424a4dd65,train
9efdcd24-a73b-01c1-1cd0-f14868c2644d,tune
68663d5a-dc05-010f-e344-dc6610542618,train
e9e7ba1b-4b87-b174-bcd0-a1923daf880f,train
f7831eba-5658-91c4-30d7-4d512ecf41f7,test
029b2f5d-4bed-2a47-3b2e-9f1289d35579,train
6d4b04ef-39f6-4820-ba15-2aef9c7252a9,test
863bdb2a-6926-2816-7432-25103c55cd70,calibration
0a0a8b59-628e-3669-bf5a-25ac7f2e665a,test
be584c4c-a51c-ef68-b28a-aafcae61d07d,train
cfdad5b0-96ac-c494-8d66-c441ae7fe620,train
d3984b2a-d43b-a93f-3b8b-2995475e4857,test
c32f76c0-1875-c7dc-c138-ae9a12259ad9,train
ba648c41-1720-65f3-4574-a2f80a8fd403,tune
d57a43fb-5035-f129-e674-22e61357742d,train
59a8e4db-a5ed-7439-c15f-665892a49d5d,train
a36d6849-3d64-07d2-4ee6-7ce050897cbb,train
862955cf-be76-dece-8699-2923a9a39cdf,train
3a01613a-0e9b-62c2-56c4-2c0fb886ed33,tune
88881df1-07fb-e475-e75d-7dc45f42a2a8,train
c9ba6a57-1abd-840d-2070-dcdc307c79b5,train
d3810a16-fcc1-65c7-10a0-bd62e0187e18,test
4c1c0b91-7183-9d3f-d6e2-27619c940a89,tune
ae9056ff-1129-c8bc-32c9-7251ce0e71ae,train
e8df23bf-e091-b857-ea6b-0e69a385c127,test
37cc5013-ab07-fe2f-b59b-402dc3ab7b0b,calibration
f3e5dd86-1c30-9aa0-1df6-ccc74777c5e8,train
daa70591-ca06-909b-1a88-fb971aa1e126,train
7da4205c-c33e-b5bf-4e2a-354973f28818,test
27b1be96-f072-2e18-b7a2-85ac24ceec70,train
cfb204dc-ab34-b5fd-9071-25b8e67666ef,tune
d6fb25ae-2197-9570-9882-c588990d8984,train
a81b382c-b355-18d6-a3a2-21b4ed6558e5,train
568ba87c-f5b6-1e7a-4090-88fcd1ba1805,test
ee618870-f39f-0133-81e0-612aacff3b81,calibration
e6fbf279-a342-07d0-bb77-9a060337716c,test
8a7fc09f-bae4-ea98-0e8d-008b763f5161,calibration
b2de95ce-95c9-6828-c730-7fd66c44ae5e,train
ac905263-1683-e950-dbdd-d7c5f094ca65,tune
911c3f8c-59fd-d035-9969-ae361e5e44fa,test
826a751e-8993-10f2-4b5e-6dcf91e29b9c,train
efa3894f-557c-d490-5513-3c40aaeeb195,train
8e8a1c64-a6fb-de93-abf0-e9054f69a644,test
8240d0d6-ec7d-a892-7daf-2d82adff083e,train
747b8921-a22f-7754-f32a-63742240f7ef,train
f05c60f0-2636-7f6f-103b-52715de1ea6f,test
6a4a009a-d387-28a2-3124-eef9ec5d7a2e,train
29966378-5af8-440e-41bf-ae6dc861c358,calibration
8bd856c2-d0fa-d089-b511-0d212337deb1,train
9a8d0f81-b6fe-d7a5-7f37-a756386d96db,train
9be35d42-9b1f-c439-0388-18e63efc8bb5,test
eb1aacc6-02b6-3696-86f6-aa40372febb4,train
19f80e37-cb79-1aea-9297-34edd93f50a7,train
f108cbf6-dd03-1967-00bc-e505a8d62a9c,test
6320654b-798b-77cb-4f5b-260965ec50a5,train
9f5f7235-7629-1679-b559-3f5d1ac663d7,train
f53a7baa-fcc9-10aa-f68b-19d4965a683e,test
cb1e0ca5-316a-8520-9417-b63cd0bcdce8,train
87e2f67c-b0af-eab9-2846-d32bb4ec87cc,train
0244d5e2-bfe9-8295-f545-0938098a94b1,test
97af54b1-58a7-b1c3-fe00-be1e7de36d8c,train
7e26e2f6-6a17-4274-12f5-5f00f45e65ff,tune
41b0f6a2-3c6f-d4ba-f81b-f9b4eb6a2c5a,test
b62801f5-029c-b93c-f303-c2ebab351686,train
05b3e382-44d6-c2db-89eb-cffdc9854fa7,train
270b2669-3eb2-1892-786b-d3293e9ff7ab,calibration
99fbfe23-d7d8-1ffd-9336-ab84285c374d,calibration
fb2b513d-7fa9-fabb-0986-c6a02ed63137,test
aedb8907-4484-eddd-8696-037a43de4523,train
fdf557b1-4511-e6d3-3f7d-5b60363da25f,train
a56d55d7-4c02-b970-0d9c-c5693091453d,test
6380449f-5e06-8817-5481-a46b482b52ae,train
394836c7-2762-d48a-af5d-683d8ace95b5,calibration
e6f5c6b4-1ee7-361b-6776-1269be2ad341,test
4680bb1a-b6b8-7206-efd7-c4cc3fe87b6b,train
f47d6ba0-2332-a448-aa04-86d4c4dfbd6c,train
2c356f8d-5f35-3bfb-bd8d-6718e323fc24,tune
1be7cd7a-aa96-accb-aeb7-1ef1ba95e07d,train
e4c36287-93c3-c09f-e4c4-43a5df085672,train
82a2c485-2657-c717-95d3-5ce0ba50bc69,train
4e4f8dd1-0b52-5b07-4875-84d2b2c1d1ff,tune
2cdd0b74-6640-4234-5c79-44ee809270b2,train
befa97b3-4451-5716-4f66-859debe618d7,train
d816a8e4-f460-63b4-a031-c6110e357ebf,train
b834b2a9-32a6-e1bb-cf2b-4edacf8ff0f7,train
466b4735-da35-5f6c-4721-f6e0c6f3e32a,train
508d40c1-4320-e7b3-cbf3-334e6cc08054,train
bddf1bda-b93c-4f4e-a2d4-b5df893397e6,test
2b0efc16-5f54-1725-f5b6-c44e3dc7511a,tune
41a30b8b-1571-c2bd-3925-39795175f0d1,train
69b502ef-fde8-af76-63c6-afd82aeef88b,tune
9b257e14-5c83-9bda-e1bc-90f06be2be82,train
8ff7f949-0d0b-2e0a-bd15-887cd7b957a2,test
2bddfcd4-5474-82e8-9864-744aefe663e9,train
462a4a64-c4e4-b683-e23f-dcc4db63a27c,train
414b0ed5-6875-a06d-450b-1a7f135612bb,train
11c15438-d8ff-d9ca-5bcc-3dfe552fc96b,tune
07926ef9-34db-497f-a1f0-79dfb6963edf,train
d31fdd62-776d-0028-a900-075909d63e71,train
bed7d829-203a-c3df-aed1-2de71f542b49,train
00f1bb91-ab8b-702d-bced-5d27f718d9cb,train
d89ac526-46b9-e0a7-0ebd-f67c883f44da,train
d54823d4-0b6a-d102-b993-94b81baa52fe,train
eb094275-e43a-c51f-b3e8-ac93ee246733,train
d9bebf25-2e15-82c0-0458-b302668af131,train
b9791f36-0d97-751b-efc6-a2cd617a8f8e,train
68e2300d-fc55-fe35-e077-3f61d4ce1c11,test
870649cb-fac3-3f7b-3205-950233a0d022,test
1464679a-3409-53e8-1f25-5a939a2c8fe3,train
0dd46648-0b39-c3de-a56e-3e41a17e238b,train
dfe7dc3b-4b3d-59f0-e9bc-5a6fca6b926d,train
a5ea6980-5f36-da6d-6f88-ae4844e9cfc8,tune
0f9daac7-f417-3bb7-fece-6e84ab24315f,tune
4f6d3ce2-0e27-3e5b-584b-12cf735c5ac4,train
0f4539cc-4875-3ba8-dc48-d96323bbe58e,test
b01ddefa-2357-d2d9-8902-78813171c486,train
daba2818-68b2-a090-6682-23b80b0abfee,test
ddc77857-d626-65ee-170a-eda351e0f717,test
e50d0999-5e81-9d18-baf6-318ea403c38f,tune
5d1c2c21-52a6-1648-1bd9-1e879f94afa5,test
e3d3b36c-8866-452f-6cec-30892c753a63,train
ab123444-bfd1-54ac-cdf0-73f88f4fd8da,calibration
a225eb89-6103-0ef0-e9cb-81c90c2dd5f3,train
9b01f255-854f-8bea-f2c9-967d003c990f,train
c0f23bb1-c3e9-1dec-f480-e6574a26a16c,calibration
6f509656-c4b6-ffc4-ca76-9812f2c5e6ea,train
f2a40a87-e7a9-b5da-8511-1982b4e78b77,calibration
abb10127-14aa-5b1b-ae90-c3298b4a7e86,train
367d6b40-3fdb-06c5-27c4-73c390da4959,train
c0d49971-5ae7-f286-a61f-d1d1490425c9,train
8a5d18e6-fea8-6a63-5e3d-254f02e16976,train
2e986900-136a-0815-bdae-e1d4d9242927,train
761b5f2e-555c-f9f5-ffc8-64efd6db89ee,calibration
67a9ab00-48ef-3ee4-41f9-bb691f85c51a,train
439b6948-ab22-a8f2-a192-983f291f9920,tune
b5b20108-a070-c019-1958-93fd8ff398e2,train
3702371f-25e3-7bdf-8cc0-c978655b564a,tune
6e9e82ef-f16a-b0f6-5507-ad43157fcbd0,tune
c414bc65-37ee-21de-3031-ac9bae3a1a44,train
4ee612bf-27d1-18b6-9ef0-2f82ddc54aec,train
c48ccf38-6b9e-7f3d-34f7-b5db1589df67,train
a2c48d4a-606d-e765-85d4-2a7b6ed40aeb,test
0f23872d-797a-9066-0de0-41751af9211f,tune
1de83226-ee70-079f-604f-11ab65e10751,train
ab283cb0-a6b7-a842-7ff0-456c60b82107,test
16bb985f-8a51-a4a5-becb-e7856957262d,train
82e56d3a-edb9-1855-73f5-85c8c231b70c,train
be432c55-0f7d-2458-3e51-22391e391ee8,train
22994e2d-a3c9-6f80-20b7-583b9228a1a8,train
f8ff8a82-fcbd-796d-dcc5-cacfcf1a52d4,train
42099a93-4a3a-9838-2607-e9fee44a8781,train
eb15f04b-7b92-9dee-70a6-f282796f78ff,train
c681a634-4078-68c0-b87f-855355bcbae1,train
83431d5d-d032-810e-95e7-449ee275243e,train
000e2a38-16f5-b341-87bc-2ecd1cf1a45e,train
cd654bfd-4328-ba1c-1b40-44e770403206,train
1e2b8499-32b5-a641-1f61-08f4e2fffbd3,train
d4fc9ff7-b1db-cdfb-d1f0-3e4facdb78b5,train
d4ec7945-b974-10a0-93f0-dd83d2666817,train
92254845-2da0-a5e2-e6d7-38740eba46d5,calibration
d1d1549f-68fc-f30b-8b1d-09c0bb7a818a,train
87004139-aab0-4240-5438-0f71020369ed,train
cea5b364-4b30-1e2a-cedc-4fc6978eaa5c,train
253e5803-57e2-58d2-e11b-b3179a4a0186,train
b3f8b07b-057d-f5bd-5524-f7bf5ee77c18,train
0bb9b464-6a93-11f9-ce7d-a9241979ad01,tune
61d4fcbf-9ba1-8b92-e12c-46aa31120e3c,train
bb945534-bf96-6a95-f751-b1aff79044d2,tune
de518bfb-4702-f603-ed6d-8f72612f76ff,train
4327b9d0-51c0-4c14-5750-4a9d117d2c8d,train
d10b0bf1-5e4a-ea59-7581-f4bdb35c39da,train
893367d7-0272-62b7-292a-fe35f45d8e55,train
79e4f4e0-9b3f-b441-94d4-6ff13425aa92,train
ab217edf-5507-66a9-681f-0123f8fb01bf,train
caaddb77-72ff-c280-d580-eafee1a22790,calibration
8a12bdbd-b0c4-fdde-5647-c51ac99994a5,train
242dd9d9-7985-aec7-853f-bc37d1b406c4,train
ed7d0209-fd44-1ec8-0838-ef64a4c2b7b3,test
b4edeacd-c6d3-403a-2b66-823f9e42962a,train
243f78fe-24f5-dbaa-d836-b78f680693d3,train
9e2b0b62-4c64-1b98-3b2d-4ad71d09a675,train
adef5582-67ee-341f-0cfe-70c31de92083,train
35c86fd0-585d-d00c-e371-b0a68ef1e3d5,train
83476e03-98e6-4089-f928-57e3e90dd3f9,train
0c43897f-6723-5393-13b5-c71df66869aa,train
465c8d79-30a5-0809-5337-d65aa59ca9c7,train
d0043bdb-db38-bcb0-f218-49281bab43bd,test
2cd38c48-f597-9a10-309c-3ba80316bebc,tune
2b55738f-00e1-c428-f87b-aec1643a44fb,train
7a87fc74-38e5-7df3-bc49-5469a7efd2d4,train
39bf4e0a-df8e-1faf-8f75-4fc94ac5aba5,calibration
553ff110-8b15-4b4a-c93e-f41e50559ea3,train
df5aeeb0-713d-f986-1021-ebb6bf7dcc3d,tune
b723d094-785d-2782-828a-5ee89efa41d5,train
c92b9e37-2026-de85-fa10-00ca418296ff,test
f2c7ef37-c482-b12c-174e-4bc194d790a4,train
403e1861-b291-4847-95b9-e2e247d1af8e,train
d7c6b1c5-2dd5-e20a-b8fb-7808d0533b25,calibration
bbe4405b-0492-e0be-c97a-977c51fe66fa,train
c5afeaff-3888-942d-96b9-9f3d069baff6,train
728deb27-2735-e949-3375-028c1bd0272f,test
859154ad-c39b-7d92-5895-dd84fff44144,train
363b8d19-3a7d-6542-6a88-c1957ee2c01b,calibration
35e5c07c-0bff-dcaf-0e3f-355b442fd69e,tune
1d0f30b2-a6ff-8dcf-cbd7-5d11e507eb2d,train
3d66b5e7-eb7e-d5df-52cc-7a9faa0c98be,train
6240a633-540f-722c-9df0-4fab23b54dc1,train
44895fcd-77f9-ce04-6c1e-a03252c4c327,train
5c8033f0-f64f-53e6-57be-cee08cf7fb6b,train
b4518784-9a2e-55a6-8f77-ff5e0eb5e1f4,train
61999a14-17e7-24f0-f772-abfd5e79841f,train
8cb4dd3a-6a84-f21c-4aa0-665d1bfb6ad6,train
e3a2254f-4e53-0e49-9d7b-98f97964c2f1,tune
13a4c689-fe41-6f57-6b11-17c8320a7959,calibration
51594f2f-fa5d-b53e-ef01-97ce1e3db479,train
dabd1f06-548d-a89a-ad62-36931f2a8456,train
fab84129-161d-8142-b9a3-5ec7ea350672,train
27e3ef69-e455-3e3b-9050-3f1d89cd94ad,train
d8c643a8-98bb-6ab8-6b39-fb62108dc557,train
b1d80dd3-30dd-a208-a94c-d6e496c636df,test
8db22fc6-7a32-9d5f-7934-7e057e00c995,train
423aa5c3-e83e-1ac4-1466-afb96eda74cc,train
cb25037e-9c49-41a7-b6f8-d4c77def4e2f,tune
3d9d9461-50c0-66fc-f02d-3fe8493d2896,tune
5cf825b4-28b1-d0be-0611-bf9ec5cb84a7,train
60bb0eef-3024-8738-db19-9de4614198aa,test
f8265e9f-f8dd-33e0-e6fe-807da06cae20,train
5643a552-64b5-f082-596e-0e5a10efd921,train
5a2da02d-18a5-d446-ed8d-3d8c488babc4,tune
a055e042-8f20-f68f-3cbf-92cdfdb38b27,tune
941c342c-3198-b2a1-93d8-39c88793ec06,tune
96c261e1-7337-db09-4fb9-8e3a8b604c44,train
bffef855-6463-9d37-1e4e-871a2d895595,train
c4f2910e-bf61-0f2b-007c-3d88aff9f4e1,train
5f72e672-4904-5e6c-2413-88113c0ec179,tune
2d2ecced-bd53-d40f-8e68-f27a469bf27e,train
27e23c0e-c7d7-0b6c-8bd9-30a267a87cdb,train
dd92d87c-6733-ae7b-0f48-2825856ea404,tune
321ca09a-23e4-81e4-27e8-29d91dc76502,test
c197c6e1-c2e2-ba9b-2611-b1619b021513,train
3ce57177-94ed-f393-6d28-146e2d4f6045,train
9bd9f2c3-ae93-e760-66a5-aa152d630db2,train
fdaddddf-a4ae-bb3c-408e-65e1f50cc1f9,train
5bc491db-f73c-3355-f8e4-7d465e0bcf44,train
a2457095-4b30-bb8e-2b9e-bae3abbd0ffa,train
438dabf7-9fe7-d391-6e86-b0b2ec8c7acd,train
975ffc4a-cd26-a35e-be69-4681315426bc,tune
e99924e9-0c7a-52f0-685b-10973bb975df,tune
38307d7d-362e-ad28-c923-da36eba37751,train
a55a92ca-d08d-05d3-a12d-ad0e87d96a8e,train
4fbd6497-1237-877b-1b62-c79262f434bf,test
68031812-0080-0a64-b219-1f3b8761c944,tune
bca2fe47-2fe6-07df-bf95-9d6db283b5d2,tune
390cef61-5f2f-53ec-c772-12628eb790e3,calibration
2182a7e9-e47a-2f19-ae60-53dcfaa9d333,train
d7dbe1e6-9235-3ef9-e188-dc4f88fcc73e,train
e7a6b035-6a5f-63ab-bff1-cb0eceb081ea,train
2c839349-cdfe-ede8-548c-41da5350366c,train
9db5338a-03cc-2aa6-8876-f80c1056028f,train
6aedac05-a4bd-0654-432c-0487c020c79c,train
14ae08ae-f506-a937-bc66-5ea21f2c585d,tune
76ad4f40-7ad3-a1bf-a42e-3c4f63a7d563,test
dda4c1cc-2f79-cfb7-f0b7-6205eb2cc337,train
53d1fb8c-9bc1-7719-2065-2a97c351c059,train
70b70e09-a527-e7b5-69ca-0f091b205493,tune
cdb5b65d-29ed-ffbe-8262-be1f5a2c9a5d,train
f03526e5-d256-6e8f-5783-d00265ca5632,train
d5efc58e-cf7e-4283-a51c-eb5b89d283d0,train
ab64ccc7-3f60-239d-5fc9-b24bc1c6cfe7,train
82b172d3-4c0a-d989-0b03-e6d480e99d44,train
c562dbc2-17e5-db42-91c6-0177c7088584,calibration
630848e0-d332-a7d5-ad03-3101ea621e66,calibration
caf77f1d-3064-d11b-fbe3-f2dee8226bc4,train
790a0421-8928-609c-1653-4f7d595e2789,train
7a82ac18-c90b-1cb3-80ac-37e6d331a98a,tune
e3fb8db1-dc3d-9e47-c6d5-d56ecb4b74bb,train
58495b27-333e-d7aa-5615-70364071eec2,test
e4b3f062-ee38-0032-3b89-b4fdd8872eb9,train
2eb50599-e338-63e5-a02e-54be1aca2299,train
9736c9ad-9cfa-f6e2-c9b6-026de4392230,test
07dcbc44-e8c7-002b-3101-599f98cebe7f,tune
a8153737-d2a4-bd57-a746-6d8bdf22168b,train
d5cc19bb-c64e-4506-7e13-2e0de2c9783e,tune
425700f2-2cdc-7bd2-7b5b-6f02386ecdc6,train
99a0f87d-48ca-2d8f-5d4c-31c65ff35669,train
763790b7-68fa-11a1-cef0-bacb66c7d85d,tune
6501d153-5a6e-4f48-b29a-a37dddc3abd2,train
8fbc2b20-dfbc-86c9-b9af-e62241c0ff45,test
d367aa2b-2fa3-45fe-2f83-47b2690bbbc2,tune
309ed889-866f-e234-91ef-8a6d6ee9d6cd,train
565f0dba-5a32-34c5-3356-3cac6fee4124,train
aee35889-6030-eae2-9ab0-b5b77b1c9842,test
6a5345be-f598-515a-c347-61dbb6f58240,train
f4d23070-bf06-cd40-32a6-928dee44988b,calibration
613655c4-4628-758d-292f-2a557eddee47,train
ed89678a-f38c-eced-818f-08b07385e406,train
83c0123d-e8bf-d649-49af-aa9aef6e703c,train
c448570b-a4be-85e7-ceb5-86f52b0fac78,train
a6f294db-0cb5-7139-1a92-978e5d1f0cbd,calibration
720f0d18-c8c7-c747-3c8d-e0df1a283cd5,tune
74de5012-2a80-414f-cc66-2bf38aba9cbd,train
7c817aad-ffbf-8022-f2fd-762d58344114,test
3f7df815-e472-8549-4fde-4b73087dd5df,train
3ec10242-5597-7503-ab29-0bc4dfe5c6d6,calibration
2e777604-67bd-5b51-e8dc-0f8df9b732fe,calibration
c8eb12ff-ac0c-70a0-57e3-276b311327a3,test
ce0130bf-1de5-4501-87ae-47fbdafb7b58,train
3935ec7f-ce18-9a70-af55-99385f0cefdb,test
620f88f9-aa36-1143-1ac8-5b02741e8d88,tune
5a11e1d8-2024-5318-982d-995ce7f534d1,test
d98fa220-e223-5955-62cf-c0da1cde404e,calibration
151ac9bd-575c-eb52-17b7-577d01e051ff,train
5c46125a-d1af-4b8a-c81d-366075127d75,train
bc9753dc-9de5-3f0c-1532-03310bad2375,train
338b6e62-cc09-f24e-500c-2e2a6d83ac52,train
c15059f5-b0c4-a419-149b-b5aa517c6648,train
89a8f8c5-f0d6-3156-2fc2-0c78c3778033,train
ebfeebb6-1b58-406f-8c16-495420672885,train
a5ae057a-6d15-91af-2aaf-6912c50eaf5a,train
d78d7ce3-4ddd-215a-6481-5cf5760e770b,train
07c279a5-a13e-85d5-f9ed-63a40f1e5450,test
2534c6f0-45e4-1db6-5bb3-99073f32887c,tune
397b7bdd-9408-c7e6-5ea7-e594a72c17e8,tune
77ccf0c9-0c18-6123-57e8-d8015f441fda,train
b4d55a74-3cb4-0aed-6704-1fcf85b70e90,train
a91663d7-e318-88c9-8ecf-997ae115f62a,test
a8d273ec-b540-235d-6f56-dfc1cb300649,train
6641e6d3-52bf-7577-749f-89056483e1be,train
6b568203-e851-d704-2cc0-e9b713e7c263,test
20086243-8c71-305e-152d-dbb90b972319,test
26dfcb91-ccd8-7595-d11e-f58326134487,calibration
ed5fb95d-aea5-7660-c2df-4bba7797740d,train
b754385d-2aa4-c986-e83a-e20b06057fde,tune
0967b92e-e4e5-9f09-aa37-36c320aef74a,test
753deb5d-9f56-445c-1b65-4e2643a78378,calibration
81fc997a-fa2c-c443-079b-1a5d90d1443f,train
6b9497e7-75c7-fe42-0924-1ecbffda90fa,train
71ae3684-899a-f4ff-405b-f0b5477ec91b,tune
713b7e64-2a71-ccf0-1fed-d6132d3c715d,test
963699b3-f822-2cc6-c09e-a001d3495216,train
e9c62467-fe6d-1e3a-ed22-d92758d38b3f,train
67c5bbfc-c4a0-cf80-99af-16534435250e,test
b8744f0f-c99c-529a-d5b7-ffb14e5889b6,train
be49e1a7-3552-4e36-8012-0ef09d8d7cb5,calibration
e30faea6-3da0-347f-d6e7-62e84251ad12,calibration
45e6f15f-0a44-e036-1f70-a589ea10984f,train
3056593f-2ed1-6192-ce4a-4dd981dd6c58,calibration
71a1dfa9-6d6b-3ea5-ed12-da26f31f1564,train
650c4ea8-fb68-4615-7f3f-f04bbb2784eb,train
6d6b61d5-984b-52f0-8dea-9b2da09ecad1,calibration
95237286-3a2a-62bc-f9d0-c6ed0d85c54c,train
14e06c7e-5fd9-447b-ff87-16adb00682ad,train
bd8b79d8-a1b5-05bb-3551-998255f70f1b,train
355f41b2-e381-f32c-e514-11085e7a6b69,calibration
217979a6-7cdc-4104-ea8a-0ce6ca717ee8,tune
49876b5c-871d-560b-c1b4-4780778e14fc,train
c72b4421-0d14-d5aa-80ef-d4ad336af307,train
8b9f9491-ada7-023b-a5bd-4e09a6908e35,train
229e90a3-b420-274a-9128-455058143657,calibration
fdd8bfc5-15dd-2533-672d-ed7f8e9f7320,tune
c28d03f8-b629-b19d-fa9d-7f1d9d582749,train
4d003b8e-01cd-f512-7f46-2371d8020f8a,train
1597b510-5255-7284-7d9c-f2a19c043b00,train
d2ee0480-18ad-44cc-4f72-dca53d2defdd,train
e21e6f32-3f02-29a7-c752-a4033af47912,test
45ae631d-0223-e5a6-0bce-19618eec3b4c,train
8be22d7b-197c-1c65-2a4c-5655a423d530,test
905992ee-1309-b3ec-9b62-82b39f3e6bae,train
01bd5bfc-b293-991f-7feb-ec836929ccfe,train
63450d88-b089-7920-75d2-95575ba6fc51,train
27efeda2-ab67-8d25-41a1-ea5abf728af2,tune
bdad0ba4-ee33-da91-2ca3-8a149cb62217,train
6867bcf9-8507-4be2-3b47-66a29923278a,calibration
63109185-567a-1ad2-9a70-c9e0601eee23,train
6822b462-c3fc-ab65-7a2b-2f1b60e355e0,train
aaa40f50-3048-f5f7-966c-7715e0d7dbf1,train
0caaf7e9-e61a-fa82-2e55-36dea8b71438,train
96ce74e5-ce36-9722-6c18-608537b40147,train
870f297b-25d7-d36f-78a1-c6c257d5c81a,train
e2c46ba9-4b84-0926-9799-b35ae6ef7473,train
59af3364-fd96-9318-37ad-2edd19fc28bd,calibration
306604cb-5a32-4fec-1514-0a4e6893853e,train
28af2ea7-f572-1787-1e22-979f98873622,train
d21841fd-04ad-51e8-f55f-050256a183a6,train
81681700-bfb2-33ce-458b-6ed12e71f783,train
bfa743fd-27a6-311d-3ff7-b97c9cd1e5d7,test
1264d1cf-7513-d26f-fac0-523ee3c3c77c,test
1ce7e6c4-11e2-170c-3321-9792a68d7085,train
9d5ec58b-9c7d-1010-b26d-6018c67705e3,train
87703c6a-5fdb-2b76-f42d-62248c021561,test
5c10207f-e2f4-d8c2-6feb-57796d9d7c7d,calibration
e2436476-92ba-8e17-870e-b73b79b18233,tune
2c629e80-755c-233f-4643-5198105e875c,train
272ffa43-b65e-1c89-c075-6d235d435e95,calibration
0f4acda3-20ff-104f-30ca-e1ce6595d747,train
18ebcefd-f5f6-19d5-93f1-2f693c70a578,tune
c439c81f-4901-3bfd-dce9-c75ebda53f1c,tune
21e91c7f-616b-c059-595b-737bc7ad4936,train
da19739c-6897-dc1f-732d-1114dbf74cd9,train
f1ae9a17-3017-67ca-52f2-c272210f8416,train
e8424375-4252-832c-4af7-60da6ecf81d3,test
f6c234c1-e1c3-f509-af6c-85a9191c6033,tune
e8895490-0547-1f9b-558f-3c8bfa2de9bc,train
f0268220-de4f-c1cc-a2f7-9afcb15f3487,tune
f6d2c22f-0fef-37d8-03df-276b9e96240f,tune
0039a06b-58d2-5a7e-4530-0b04435be496,test
11ead0e4-c4e4-00e0-8195-95027155896b,tune
64a87241-bd51-d981-ba25-1f77eb46efb4,calibration
c0403be0-253f-bac9-207f-3b2d0616d7da,train
1b61f1c6-21e9-f85c-1883-daaf4a20d828,train
edadc558-cf7a-d23e-66a3-fdac867dab35,train
09d0144e-d3a0-a02b-4142-267ddf397744,tune
151003bd-0484-cb08-3cbe-be34365f289b,train
a43e5d51-20d2-9c06-c197-916ceca4cb9e,calibration
ee10dd27-0437-9371-fe04-1f2600009a97,train
9a40546e-ebcc-c063-b6c0-12dc81fe646b,train
954f2c4e-5850-79c0-d254-827808b16612,train
a06abb0b-3489-f84c-f963-a69edd3b562e,test
9ffa9cc7-11c9-418d-200a-e4526647a0a0,train
e1429f0e-62f7-ddb4-26f8-18935c39d57b,train
f85a807a-d4a7-b1e2-bce2-3e2f7940a69d,train
c04c8a1f-c2c4-4748-6304-066f93587a4e,test
d2b85ad3-cb12-4409-5111-0f7d68e6d31f,train
633c145c-816c-17de-663a-172ec8396ba2,train
0bfce5a5-de41-fa3e-00e9-92c7c72c24ba,train
de2a30a9-1cf9-15ea-7b9a-776e3ca37f6f,train
904c2893-41d2-2acb-9e36-9336fdf3d48e,tune
b7c5f9e2-5566-3964-9753-a8420c229223,calibration
14cf9a5c-fa8d-a011-81ce-ea8957bb564a,train
93310c0e-bef0-b196-f85e-8fe26571c782,train
50b9223a-3eb5-304d-c6ff-a9ba90829cb8,test
d301adfe-4ca3-8e5c-e608-7075ef8c9024,train
14bf56f7-85a9-8797-a15a-0817c6d923c4,calibration
685ffa6c-6ac1-228a-93cf-74ff4bb7e803,train
635905ef-8672-cbe8-bf06-c179f9eb43e9,tune
575e92bb-2dc8-b0cf-a4d4-b6aaea2229d4,train
115218a7-5567-88bf-7eb5-ad47c527ab4f,tune
2e72186f-416b-83a4-e292-6d863a7ecac8,tune
f7fe35ed-d76a-2efb-938d-1783e4e776de,train
c9a2cd26-3035-730c-8f2d-46bfceab11dc,calibration
78bc481a-9eb1-c32e-7e09-c4745f8e6afd,calibration
60d8008d-7ff2-01a9-7476-0bafa075145f,tune
f5a8bb7b-d8a3-e1a3-674c-2d76ffe91ca8,train
22ee5be1-b731-a408-5ade-b9b4a36d7e72,train
775b90c9-513f-7cb5-e430-5e0d8eaf6b2e,train
95f41282-11a8-f32e-3039-0d6bd83c3f27,train
ca92efa4-b50c-e9ea-e84c-278c3940ed59,train
ac429b45-94b4-76d1-3971-fcce17b2fdea,train
304d3ebd-65ea-d8cb-3fe5-89199f63873e,train
f79725ee-3044-664f-5f89-537634a2fce0,tune
fe0f1593-8dc6-3837-1f4a-cf60efc955ed,tune
2558ccfd-945b-5506-0c46-a5c292c0ee6d,test
5e3ec27a-1777-ace9-8da7-bc30e4c505e4,train
0d5580e8-7b21-7977-279b-5ba47b40b047,train
e5385281-3c1c-edb7-abb2-c1306488bfbd,train
0b68b1ad-b3ea-f60e-a3f9-e69290c36340,train
0494024b-1ce3-fe11-c8da-31de1babbfa2,test
3312ebcd-3475-ab3e-bc63-9bf6d0ba9b4d,train
5b02f2c9-520e-2cb5-e484-99e6a125747d,train
6d3d8170-6c4a-7a8e-165b-45b125845582,train
13a36636-6464-73a3-867e-0d09cf2e8671,tune
989bf3a9-b153-d04c-8cda-224383ce22c5,tune
52a5d98e-b090-a44a-4ffe-c0dec084d420,tune
5287353d-7a97-b73c-88b5-6a5b0cebd4f4,tune
52ce0336-2065-c5d4-5418-fbe9ffc79ecf,calibration
80e58d48-c16d-35e9-fd30-3c1bf88723f7,train
12db177c-d774-3b45-7af2-397272ecb348,train
6b36299b-0d58-6cc7-ccdb-59355eb33d38,train
dd14d70e-18f4-e386-f46a-c78f54934490,tune
5da8b473-b6e2-80bf-d5a9-33b7fb157ee6,train
9f0972c4-cef9-d865-67de-91de895e1e19,train
2b60a059-4fa2-1d03-620b-45b70ba7b80d,train
e51c21ba-80fd-0d52-ba97-42d4912d38ef,calibration
9be268ce-ff3e-3e83-8d8c-0becb462a5f0,train
41ff2563-b7e2-7a5f-3a67-cb9f55ae3e91,tune
ff08bf62-68d5-4451-7d95-c2ea10c4adf8,train
5bc740f4-17cb-bb45-b228-2cc63dce42d1,train
1a4c0c48-201a-9bd6-7c28-cec7cb800dda,train
42f33a51-99c0-f284-224a-c69fe1a3c6fd,train
6ae84dd8-c9f1-5b0f-d8ae-cf331ed25120,train
27226f27-2dd3-6411-2388-0cf1adc12280,train
27db8f43-8fb7-0dbf-5828-9fbbbd9aa498,train
4d80c175-0419-f8fe-d3da-e58b2cf3e774,train
8852e598-9969-b7a0-f466-746a14c26c36,tune
27ca7690-9f9e-aa02-1146-04eb7310c4ff,train
f494b13c-4892-c49f-4007-e8b4f42967e9,calibration
e803a9a7-4c71-d3f1-a5d0-6c94d8c4fc79,test
989d12fe-7d57-d8bf-3d49-171646390402,train
066caec4-a913-8e1c-c034-693a4b70ffce,train
9a0616cf-1bb9-ada6-a6a0-1d6aee1b65e0,tune
0fd8b13a-2ad4-9084-bfda-b1b66185aa9a,calibration
c777a5bf-135b-c293-43af-1b3be1f0c258,train
381e861f-099a-b874-fe71-8989aba59d6e,train
5103b5da-6d47-38fe-e156-1474237571f2,train
dfd1370c-7590-a2b2-499a-2d708d39231c,tune
0e102d22-39fd-755a-959f-947370874f92,train
356ca17a-07fe-df43-e0df-a1b1d2d8ad86,test
3e259f8f-f2c5-1350-18c8-47e9a10ff653,test
ab14fb97-9a3c-c17e-17d0-07f9ea7813ad,tune
768f4914-ef81-88f6-a92e-90a864b3abac,train
6c0d988a-a7f8-4558-9aa8-01b081e833f8,tune
a7aaf052-e558-1e43-24d9-33bb8b6238d1,train
caeb1e1e-207c-5454-b618-73a9a927adf8,train
bb5464c1-cd4d-7f1a-ee99-84ce6499006c,tune
ebc385ac-3e2b-dc18-be89-48d8be5c89cd,train
f58709f2-b275-a100-703e-86fdf96ccf1c,train
ab9feaa2-44e1-d075-b457-f3e027984c81,test
5f321688-9679-faff-050b-f19b8b992c32,train
fab55c0b-f75f-1ba3-92d5-2c8ca2762aa9,train
fe2d2af7-cecb-342b-073b-25c77c2bd1e5,calibration
3c207cae-21ca-8fa8-0cc2-cf2074bfa4b9,train
26df0b4c-ad3d-898c-1f91-fd5e2d9a5c6b,train
244fae8d-1d86-2d86-d97d-c569d5ad1a80,train
1b819c8e-c3e0-a96f-94c5-f38a8b702735,train
c0cf5591-5141-05a7-2d6f-5a0a0af3fd4c,test
a07f3ee2-5078-e220-e359-52bfffde508a,train
65796234-c013-e98c-2435-57f59a3d5544,train
4fe98945-72f9-ea88-70c8-2d560ed052ec,test
1b906347-68de-868a-b3c0-e5919456169d,train
b9af9155-8a4d-e092-9063-8b08e0991068,train
ce6d6e18-dc28-36eb-fc09-19f148c31689,train
788e1bc8-82ea-b5f9-b745-3a28ef7e6c0b,calibration
01b45c0a-c332-5ce4-eef2-43395af3a821,tune
139e85b0-dce4-a0f0-7fbe-a35cdc1cd5ae,test
b7c16204-530c-e631-511f-a46fad5c25b2,train
28c0c00c-a7b8-10ae-9f28-c23f0fa828f0,train
f91904b2-9dfc-f183-dc12-f555f5c3b3e6,test
83ef0200-ce33-bba6-e64b-9a9188ee167c,train
1fa2ec0f-5e81-f2a6-e5b2-55147be87823,train
d08ab755-d09b-918f-98c6-a6b4d3491fe3,train
7bd9f883-ac99-02cc-2585-d28db36a3d4d,test
db48a8d4-f997-bf0f-0ca1-61436d6e8926,test
7bf85e5d-f3d2-ee68-8264-08bc8b333c2a,train
a3ff5ae6-d927-983e-1c0f-3075a6c0bae2,test
b35e28a8-9f59-82b9-5fad-3c53d2fb878d,train
3746ac1c-9071-a706-1bf2-8afb2c63cbb4,tune
9d39cac5-9c49-5cea-b2cf-9a8367ebe226,test
f5976bf1-ad07-05d4-3398-6f9d3253815e,test
2a141c75-484c-893f-42da-fe9f308f8883,train
386ca87d-4310-8e31-9716-83c5a8fa68d8,train
17910461-7c0c-9e19-c15a-892700572cab,tune
0a68e3b4-4fbb-431d-e589-beb8deed526e,calibration
865b9c52-2a39-b6f9-63aa-1aaa3302f356,train
91e55673-1967-00ae-9d45-a123e868926c,train
913bc971-b171-87bc-54b1-c5e2aa787c1d,train
dcca60cf-19d6-028f-1c20-e6b94ea43d4c,train
28987397-ef3b-417d-6627-552cde7ff6a9,train
e4185702-5b4a-af77-1a6f-11fc9a311934,tune
692d04b2-acd5-e8a0-38e0-860215910e52,tune
cad70c68-fe1b-b93a-a2bb-d25cd0f063ad,train
bc90cbb3-bf5b-41ba-1fd3-fc525ac3d8de,train
c4984a8b-c56b-db73-df74-b712f4277408,train
ec8934b3-371f-8c81-7719-d6ae666aa088,tune
4bee94b6-67c6-ec2c-1407-6dd7fed1e35d,calibration
51b33ea1-c288-55c7-f570-5ef251540f01,test
1a771429-895e-84f9-c0d2-ff3fb3fbd6cc,train
aea3887b-ff67-9279-87cb-d3e58a209502,train
730b6ee3-108d-5668-8885-74da13e4a77b,tune
40217c42-14b5-f456-b0a3-bf045b1f6c0f,train
68afa1d2-ce85-b8bd-7fb0-45141124299e,tune
fee550e4-a3f2-649f-c6df-03bc0e0c8fed,train
f55d1a80-a429-109a-cb7e-350cb8814c07,calibration
ed4552dc-fddc-1201-bd04-a21b662b5edc,train
c6d533b3-a226-2dac-e3d4-0b4d9a270fbd,train
0f31b148-6ad7-4817-8845-cab94cac8361,train
6a4f7112-8772-67fa-3246-56d6dd33a6fa,calibration
a5a9019d-802f-4d25-88b6-c787448490f5,train
f982cc1d-6c06-0ec2-71ae-5a163ffc084b,test
346172b7-320e-9390-c547-5fda7b55172e,calibration
bd0638ef-7447-184c-e3c5-a0d97584e691,tune
0d03328b-8003-9683-856c-aed88d3083c3,calibration
66b3536f-3bab-399c-8c43-42ded641ee30,train
f6fdb4f6-8861-6a32-667c-ea3a2665fc8e,train
4948368e-a64d-19a1-6e48-de1f5bfdb025,train
4b8722a9-9c9c-932f-9f63-1183a20229f8,train
8de8ffda-c1cb-3392-ae63-e11938efda16,tune
2fd190d3-93a7-71b4-67fc-0e2404dff49c,calibration
02a648bf-07ab-c4a9-73bb-fe6f4c9bcda3,test
bd2a1282-fac0-ef6a-9e32-b75c892cbe05,train
e99b1c2d-d833-4c9f-f996-d7e5330e073c,test
00fd1715-e47b-4dd2-de4c-fe85b840d0f2,train
67823db1-4eb8-dfbf-e2c8-e933b8743084,calibration
eb5e16da-b7e0-20cd-ae7a-1e7f7a86bb71,train
7d97869c-5e4a-5418-1909-dea65a112ceb,train
0fed4467-ea37-6a5d-b361-1befab6f181f,train
da7817f4-8a42-6a33-283b-73cf22d33c97,test
7adc906a-4dfd-e029-fe2a-5a5d1831f0eb,train
ab996346-12a5-f75d-7f04-2a5aa1c6d556,calibration
b9e75a6b-2c1d-72ac-7fc1-13ae5869f11a,tune
2d672359-17c4-6018-9491-256b21a5bee2,train
c8560096-4463-3ea0-b1bf-b7566be75601,tune
481098fe-096a-bd60-0208-5a5b887c5466,train
22517421-7798-4a9b-e1da-c5033454f29f,train
c296eb58-2bfd-36b4-bbd0-848344bbee47,train
913b0a16-2d97-8daf-187c-1bdf4780f9d0,train
3b46ba81-b010-0b72-7893-d15a9c35b046,train
1ba97137-f4d8-c112-f009-8c1eed185b67,train
21c6b494-2da1-3b2e-2b0a-84429b47963f,tune
99baf442-67fc-440c-82a6-bbd3b0a798a4,train
f09d7673-cc83-d04b-0010-675d73cfc031,train
1bafbae6-2e73-2098-4b81-dd71c4880ddb,train
a2222b58-db8b-7958-cfac-7197235cccf3,tune
b8deb09c-d56a-7c1c-8000-ec7787ac4ac3,train
02304f90-d7f3-2301-5b44-6bd14d3448ad,train
8b6a6f5b-7013-d5f2-bca1-8b2adafaa2ff,train
2935e0ca-623f-f2b3-55d7-e241c4369612,train
6fa823c7-f6bf-36bc-ab7a-3573e39b22a5,train
ff57f3b1-f881-425c-6c39-2a21c57628c1,train
98fcab96-dc8c-03cd-1073-961a22a04aef,train
f69947cd-7259-c95c-fcf7-7c2436fe89b8,tune
f872d778-f33d-f909-25ca-4d4852e2917a,test
e5f8e499-8d36-2971-4b16-adbf1699e6a5,calibration
ef567fbf-f1fc-9f7f-d989-cb4445f887a4,tune
ac73aaa1-919c-092e-0902-174ddc668734,test
013352ce-8865-2c0a-7300-c13f0abba84e,train
4004ec82-99fb-b02d-d4f2-22d775ac845d,train
7d693f4f-1a38-35cb-df59-1265503e8a47,train
5c14e5db-6b2d-af05-d757-9224edcdc70e,train
f3eb1e90-852a-95fd-5186-99701fb81956,train
c0d5fc07-88cc-d2fb-efbe-50a53946edce,train
4bd52fa4-90a4-cf05-805a-0d5c3905394a,train
996ad81d-a872-d581-f4bc-da66b42f6b56,test
baaa3848-21a6-a5a5-94cc-5cb1bc607c02,tune
75e2de33-6389-07c5-2db3-bbf345c3842a,test
4deaaa98-fbee-9c50-cfde-b0d230fe2c06,test
19172c7b-9389-8082-816a-1f846fadc927,train
cb43044f-6d96-3c3c-dc10-caddf85f3625,train
cf0b8b49-1594-0a0c-b787-4266098b83c9,tune
3e414fb3-0e5e-be22-0a7e-1b655d33c072,tune
0ac7b395-6c4f-028e-c73b-648176bcf904,train
88a6df65-b906-85fd-c13d-596313fd5a23,train
f058831a-b3c4-4f5a-2da0-9e4e43f89515,train
df11270f-16af-4e91-8d58-94def999939a,train
ef0b442f-9b38-b0f6-a124-7e77af5004d2,train
084b3fdb-559a-6c84-e25a-89a2d347993d,train
22be36f3-67e0-94be-dfc4-e67c270a41c3,train
3c1f8fab-df95-8758-2f03-a01c4be87b59,train
2067c00a-5ed8-352b-b9f8-8154561348c8,train
a73b10e4-2478-3666-97cc-9e450338064c,train
590acb67-bddc-0938-074a-50e9f1e22573,train
f96a8999-a325-885a-d19a-d502a004e7db,train
179c5dab-bb46-1411-72b1-25198dc97d46,train
edbfa53c-2642-85e3-eebc-c71feda7919a,train
a1bce30c-8301-8ad6-3d98-c11339d0e729,train
4d1961b8-5188-fc26-8c73-c9fae188aea5,train
13fe3f96-acfb-e609-fabb-4b76d2bc3240,train
48f9316d-d4ed-d96d-b8f2-f3bf61e7c63c,train
c5d2f4c4-fbc3-ec8c-e536-106500748f92,train
3a0e9a89-1276-a529-d43e-92daa99c2933,train
57ccda85-9476-aeaa-b9e3-3cf21934171b,calibration
697b80c0-3f9d-91c3-842d-36e81e95b740,train
88ce7897-fdff-a917-4a27-d623415c6174,train
237a89ce-34c2-c32f-a7b0-fc81f656c418,calibration
fac563d1-2bf0-c6d7-b9ef-e8b1677b6084,tune
e6646d4d-8368-56a6-750e-66e9f6e4206e,train
057bf8be-b66a-08c0-5535-bc4b2637305d,test
f6546715-3265-00b7-993c-71f5e2312bb3,train
6f397456-9342-1de5-d8e6-e389d59cfabb,tune
a0e859a1-8aa3-67c8-b7da-4f11b1d8abc1,tune
479132c9-b85c-2736-5270-69c266844d47,tune
1413787c-7ea2-c975-7d96-800c13f5319a,tune
b6a09015-65d9-5624-6bfa-3b1a7fcf9fed,train
7e4a9b3f-5c58-94e3-bb36-2a494df93825,train
fdfbc4e3-2302-7dba-0eec-8292d1dc7bd2,train
1a8ae61f-a6c7-e1da-5e1a-3cf55e700e79,calibration
44757316-2e28-ee93-175c-44ba266c9fdf,train
42febb4c-6ab3-af1b-ceb5-adb474da97e9,tune
a2a0f1d0-2858-20c9-6c5d-6b02fc8a925c,calibration
2f87bc66-559e-5d9b-33ca-1a21a69877a3,train
b28ddb25-1623-d931-70dd-48c65f7dec38,train
ab097ddc-a830-4783-6b59-2c57778178ce,train
0cc8f60a-53b8-2349-4638-52c9befee563,train
64bcf29a-4d94-7aac-26a9-7ed6ca1efcbe,tune
7f453556-e72b-e439-39a9-0dd24f7cf0b7,test
10ed9af8-f312-e949-f84f-68fa5a8daa26,calibration
0a65222a-ff69-8087-48dd-90c424b4508a,train
57fc462d-45bb-4c9a-b13a-84dcd4ff3008,train
aa25b010-912d-c5ce-54d6-5dd902ade14b,train
12ac7fe0-afdb-7a6b-ddfa-479290b8beae,tune
0deb58b8-f684-a70b-0203-19b606121bb4,test
75dc5029-e4d8-6b39-67ee-e951b76761f1,train
0a45d570-6190-7339-c0d1-71378a3b3fd1,test
7a6417f8-74c3-f557-bb20-5b1392a71e98,train
438507ab-43c7-dcfc-98e8-b3248a1f78e4,train
58824986-3496-1408-6e7f-0e254114be00,train
3ab4363a-aaa5-1546-6440-712e513a993b,train
7801a31d-3dbe-bba7-e1df-98940855267b,test
7544dae6-acad-5793-92d6-d62be9491ab1,train
204a92fb-1011-3f2a-c32b-79efff8da2e8,train
03a4142f-610e-046d-030c-8b8a96033656,train
0192a27b-6ffa-7720-1290-4b8a69176055,test
e7a8f4a8-de8c-8f84-39cc-9ee870175893,train
4c9e5521-7a00-ce71-c3b5-94b7ffef408d,calibration
2147bc9c-afb8-bf1f-6d94-be0bb1606b0a,train
7b03439b-5ed8-e62b-89fd-d0dfe24cacdd,test
cd4b8f26-4f66-924d-1d38-d4161ccac01a,train
80a8cf17-5c0b-03ab-67d8-9866c6d62804,train
09a1dcef-c478-a7a9-5fed-535a8745dd1b,train
bc48d0f8-c51b-745f-00da-8dadd903d812,calibration
fccd36b5-9beb-a2fa-866c-64e04bee2fba,train
d8adfe3d-2c50-08ef-a4e5-975d26b875d3,test
dfd19bf7-2605-c12c-0084-605a9f9116fe,tune
181f0e31-bb7c-ace0-4cbc-1a7aa57bf408,train
8eaeb403-6a16-40fa-7eca-9af2b02b9bdd,train
7b3d0195-b82a-5a1b-0b4b-b1550dce70cd,tune
19378f95-0e2e-f3c8-a191-a6af875bbb9b,train
bfe4959f-c5b5-c16a-9073-2f72fb2d2875,train
3bbe3b73-7b85-a71f-1763-039553af6740,tune
c5f6ac6c-b444-88d7-7f45-f1daccc00f88,test
8061c19e-771b-7f15-c617-5bfea8c5aa4f,train
58ee6235-e5da-fb8d-e233-7baf4ed473ab,tune
221600bd-26e2-a008-ac36-1686fc7a4df8,test
dac358c7-42fd-157d-26f9-d924d07b364b,test
7ff9de38-3666-e0c6-bacf-a9095c6712fa,tune
77c91cc9-ca6c-4a4d-d2cd-e420cb5ba41e,train
092819b9-079f-0452-6a8a-70a2e6e6c739,test
7936ccbd-e0af-b2d1-b249-0730d0cc3b4e,train
2f42db93-92d4-6169-db7a-51c2cc47df93,train
ee71e994-8066-2e00-9463-a15c6210f658,tune
2ea6fc88-e0fc-ecb6-f313-ec05c3feee67,train
1ebcbc27-25fe-dfc8-02f1-b4b401856fdf,train
0ee3a26b-6a8b-dfce-9f5f-ef440a30b246,calibration
ddda9b95-bb05-7501-9abb-1c0905b53adb,calibration
14f74843-359d-12fb-5943-36ac1af60f94,train
c6405989-c58a-d789-a9c8-a1d7c3889f28,train
eaf48435-b3d9-5631-4ca9-a8422937a027,calibration
b80b37f7-301d-065a-7f72-08cc5a011044,train
785eb6b0-4e0a-211c-a3f8-24631ad3f7a8,train
51a6f65a-d304-b77b-3901-efcdd549f867,tune
b3ded729-00f6-3263-2e28-58c97bb905f7,calibration
bde7d38f-b538-05db-b33a-d27c3f5c380f,train
539556de-42a5-5e99-749c-f0c64407ff69,train
7f8fe008-fbb7-1ecf-dd95-83c06e2b2160,tune
fe3965c2-0ee4-439a-9b29-58b07ddcc6cb,test
7860a1fa-3471-cb0c-d134-09063a4f6745,test
75837dc6-8708-7e95-796a-1b7ade08c553,test
0498de36-3b7e-5a66-b8dc-0549f91c37e6,train
e9858f81-5e5c-ac4f-076e-5d980eaad9bc,train
04295830-81fc-d20f-a452-8fed20736902,calibration
0b1216a9-ab72-d29d-95df-aec7e75c04f6,tune
30705e14-ac07-5cbb-fd1c-bd4ea9aeb371,test
577d08f1-0cc2-8b2b-d35e-61b060321702,tune
48faead8-efd9-71fa-b870-de1e21b44d77,train
89003da8-5635-26a3-5884-918a9d696acc,tune
5d6a6c2c-cb97-4080-4346-2f703a96f3d6,calibration
013efe89-c835-7dfd-8683-7dc2ce253781,train
dfd44fda-7ff5-7b28-5b30-d5b6b48d2e3d,train
6e594dfb-8d26-c813-e268-10aac860287a,test
b0f648ac-a559-dd59-92f9-2ed9344dd548,tune
bcec37d3-77bb-c158-cc51-05324d9d59fc,test
ed0a1cd9-2081-1c7f-2855-dafa0d2a3d69,train
1b933ebe-3c7d-5e1d-515f-163628f812c5,calibration
b161105e-6c8a-a768-50af-93145a29ea95,train
b59be574-fca6-9541-a10a-d99251a3f70b,train
78690a7a-ed40-d20f-2448-7cf00039cebe,test
acdc43f0-21b2-a33f-967d-767072ad7fcf,train
2ed0c295-818b-0d83-d0b6-1aca4ca1ef1c,calibration
fa7c6ee4-fcdf-26b2-ebf8-4a7fdf37943e,train
50b7185e-037a-c5bc-d1ba-0c9eec9db903,train
355012ff-a74a-65bf-d624-540845ab8d2d,train
7f018eaf-b6be-0be3-28e0-4e36d04aa323,train
8b224b0b-bd34-a15e-be47-d739c721d5b0,test
4fe67b4f-bc94-2672-0edd-a5cb471ff05e,test
405b746a-9d5d-ee72-110f-6bb10af3cbca,calibration
c873b618-4d23-e987-cf0b-437908bf6d13,train
13954b72-617c-b527-282c-7eaaa32955a6,calibration
ccde5793-6181-de8e-43ad-9cba28697a6a,train
dd953edb-bcd7-8753-66a0-fb295a7577fa,train
7083282a-af14-ad89-be9e-a1fa43057ade,train
ce1b9a75-4bc7-3fed-1ce4-2b7acf3af9ec,train
a77da4d1-dd6b-f9fc-5e21-0b2308dc1d77,train
e82fab60-b1f2-6e08-3920-ba452bf4db2f,calibration
991abc29-1aa4-43f0-ca86-a99e983be39d,train
eb27f121-3447-16d6-6713-f9cb9b5743e2,train
66c832e7-3ce1-481f-7e12-2097247abcbe,train
567f9b1a-f1cc-607f-f8c4-f07f1e7acfd6,train
fd0b596b-b658-5de2-fd95-a071998af142,train
100756bb-b494-e0b7-bf1c-ab84a145c647,train
a49e2320-8dcc-6f64-b9f5-9394c3aa0d44,calibration
e21c7367-d817-9d46-a676-79cba49b1fb0,test
b251131b-21be-61f6-9c55-5aeb9089ab5a,train
491b592a-fa89-36a6-7b19-86a83c93a748,tune
4bd98dc9-9666-5c4c-6bcc-6262134b5b86,train
c78fb9bf-af22-7f94-b0ad-e0a28df1f63d,calibration
83846b93-5f7d-7e06-dbfa-883a5e8b90ef,train
54556908-d759-7c8f-cac7-d6e952070de8,train
0d92d759-fd1b-b675-2583-9c7ca2ac7d06,calibration
8039c784-d751-9422-16e1-787112997604,train
c38daa4d-610e-b8c1-1751-fccf83f22bea,train
1cf57ca8-c2e8-57b2-550a-ad20ebf2a30e,train
49d271e5-197c-401f-19d4-bba8f5dc7732,test
55f1b4bc-ce97-a90f-97c5-cecca8ff47c5,train
9282a148-8617-7e88-b941-c33fc4875134,test
699e80ac-a03f-a114-aa28-a3bcd501d79b,train
898c0bfd-ed60-d888-5633-4d2f8d0bfd64,train
5f451179-c362-08bb-f15a-100a051d8fb3,test
4366880b-ff1e-db5e-d2db-03dd764a0c14,train
4cbbae7e-7190-f8be-5efd-6a85bea38efa,train
73c0bbd7-4301-1a9a-ac5b-b7501aa0b401,calibration
560f7a0a-1942-9b5a-aeb1-f1ab41fc60e7,train
af2dae19-e619-78a4-2653-5497e8e13661,calibration
f3b4f883-a8c8-610f-7bb9-b61aebec62df,train
fa7701d7-103c-021d-32fd-d21652d8c3e9,train
117b3db6-1fd3-828a-d0a6-5565836c8429,train
77872348-0888-6c65-eada-aae7f58ca3bc,train
d1162596-72ee-086e-125a-5956e37a13e9,calibration
5fc57948-a2c5-5926-f941-140328f3da1b,test
e176b873-3f3f-8410-bbd2-a05c50cf4ab0,train
4b67e562-7ceb-6929-a915-92cd770a4457,test
ca708df7-ef20-646e-0cb4-e5d6d4a4872a,train
2aa5310f-8927-d156-8047-fdcf8c2883de,tune
6c333a9c-6d0d-5a60-f51b-c0bb70e582f1,train
b8104f2e-b8bc-63a0-2e8b-fec31df3e24e,train
921d959d-f8bf-d9b2-350b-970cc31bafab,test
df9c1839-da00-8f42-8a1b-90fa5657a618,train
b639fd29-04ab-292e-9ce3-5d58c6083195,tune
4932545c-02e8-169c-0438-6aa61e483bf7,train
bb84db2e-62dd-a08a-ac13-d47b8a383c3f,train
7187560e-bc4a-ec5d-6a0b-af1169ee2648,tune
80fca981-6744-555f-2d58-0c4ea661e0e7,train
d20ff917-9d36-8810-8d25-99ec2df07de8,tune
69d8c49c-53e8-162a-082f-6a9505c26b60,train
0c5d3198-37cb-178d-3ed3-bb2aec0ba9ce,train
33aa492f-9b65-9126-50d2-f252e992ce6e,train
d99320d4-8296-7016-ef9e-dc2c679fdbb3,test
a5f71be2-f743-18be-6f0a-5eb77611b0d0,train
d5dccb63-4de2-2d36-071b-5f590a50dc59,train
d5b2950c-a405-4461-5380-04cdd88e5c50,train
d87cc74d-bb30-1f52-3e97-ab5bfb15c7c6,train
30234ddc-e431-ec0a-c7a5-8116605e137f,train
3dfd7c55-3e13-4d78-9986-963dfc082b39,train
1f162797-4f97-0b68-c566-f8132f427d0e,test
effb0d8e-d85f-88ed-901b-6a4c677692f6,train
9b30c950-d9bc-02b1-49c0-5f9be52b68c1,test
8f9f1c59-1e04-461b-e18c-20a4ead7e86a,train
31b72c55-5084-faa7-11e4-a2b66bd60625,train
955198ee-0e67-ad1d-b449-eefbb8bd4d0b,tune
75f8b421-af19-ec31-cbf1-94675f775aed,train
a33eeea0-9afd-a47b-9867-72d1bb0d0ada,calibration
cb855987-b217-ed4d-df4b-0319c0d29321,train
a215ca86-76ff-232f-8517-6c578945fc31,train
4a54dffc-db88-63b3-7fb9-88b7c983298e,train
391c40dd-3d0f-7ba1-bab9-82904f3072ba,train
95b83baf-6213-98d9-f349-3d411c6f908f,train
f3fa604a-0ecb-cb44-0e51-eda7b56f1756,train
251b8e1a-4e5c-9281-849a-e5af63c7f413,train
a90e763b-099e-5f17-abf2-8c3406031576,tune
6fee132b-1c38-df40-a803-942981cbf925,test
61cc8ae0-4a83-000e-fea9-74ab2b180067,train
4c98fcbd-4eb7-a8c3-1281-a64088488fdc,train
08728b75-26f0-e103-3de8-0e8ce5e70129,test
61e512ae-5c00-5472-ebd1-fa89b3cf26c6,tune
b7aa3f62-09e4-1b8f-1b10-4e20ee0f13a0,train
4f97040a-4dda-4ff9-6ded-67c9e4d8350c,test
98f5313c-7748-cda4-8f02-d0b697dc3b6b,test
dde12267-e231-0656-dc0f-370f9cd1b6ce,tune
d088dda3-800b-7540-c5b9-5d2d4f10f0c7,calibration
b5ad430d-b9d7-02a3-a0b8-00573a8d38d1,train
2a46c1f5-94d0-75f5-8de2-1cc17e80f8e7,train
8114ff80-5c90-2fa0-4d64-9c3662aa7860,train
ce09c0c3-c319-8019-c233-165034d0fe97,train
e9f32952-8966-5779-7751-5ed0e2b738e0,train
b1a236e4-11da-fb62-8a0b-8cf54b3bb0e3,test
0b4bda55-0949-cca7-5682-029b4a5c6409,calibration
cc5d294b-7aa0-919a-781c-e52b8aef41e1,train
5750adbe-c002-0473-a170-6a0ef2c387b7,train
76407790-c804-c15f-82f6-5a5616d34497,calibration
0604ef90-e9be-9ff3-f542-451c1975cb26,tune
4f47555b-9444-f22a-47b6-ba25a37c1915,train
71a36503-dcfa-3b47-49c1-ad09ed367fa7,train
6372b819-3760-bed6-192d-729017a54e68,train
38ec25ea-e4f3-b439-3f48-24052ca04d4e,calibration
21945133-09e6-5d7b-bc91-f322e278ef6e,tune
20f435f9-107c-a7f3-b123-5a8079d8d33e,train
698bb21a-7659-f88b-1149-ce4a475bdc3e,train
d371b94e-912d-10c3-3b61-2cf55a4c847f,train
dcd034cd-dbea-93e1-cb11-35fe434b3899,train
b50d9667-458f-c5f0-5654-4718282bccbc,train
a9c137aa-c98e-27a9-a88c-c5561fc925e7,calibration
9aa63dc9-0fa2-ba5b-f555-1f50209e25a9,train
38930a0d-1746-54f7-f2be-c3cb5cb651ef,tune
9b0e2977-46c5-fafc-c2fd-1d93d49711af,train
ace68277-e1a0-4c5c-d662-74c1986ca975,tune
6860fb9d-7bf8-4373-90c8-5521bfeaea0d,tune
0d43c0d4-ad12-de8f-a2bf-16b70ff7fe94,train
0f035d12-901d-ebbd-271f-eeda0c913dd6,calibration
48191f97-ae96-7214-3190-c5109c5f9c2f,train
9a286fd6-b0fc-aabd-d7e5-fedab7ea25d2,tune
17962f01-f933-d60c-a298-a7b81a060f08,train
d5a5eb6a-32de-b62b-397a-02cd466481a0,train
64e9b421-e6a7-6c10-cd46-7053f4309993,train
685d93f9-a34d-1bf0-89f6-b8c254beb47c,calibration
01c69d41-cbd9-1d14-63ee-65b51686bdc4,calibration
fb375e42-f54c-33f1-5dcb-a786895fe002,train
bb091c8b-5948-aec0-9905-32181cb225a4,train
b9bb0b1d-ad7c-6a79-1762-9f667fc66c1b,train
d610b7a3-4507-97c1-35aa-5d134c5bd5b5,train
be3446ea-d617-5605-e777-453691ce1b7e,train
de80e850-5c59-76e9-7d6f-694695535384,calibration
6c082e31-96c7-2db8-6d29-5e5019c990f1,train
a5fe4b23-3c60-340f-ed4a-d593f49eebb6,train
57746686-f20b-5c4e-699f-1b6ae816fd9d,calibration
af5150a6-d694-73b1-8515-fd0ed6c92624,calibration
590b3281-5e92-85e6-9f51-79a2c6613bd2,train
c20b06cd-6f29-9325-cf20-f60adb9f2c59,test
37c0cd78-803d-2f8f-baff-d8434881eaac,calibration
e486ffa6-f14b-dc25-0425-f5ce527cef3b,train
9fed8f69-01fa-55d5-1c61-ed8c5d2d8a00,train
fd406672-c6a2-3aea-d5e9-057c199ca5bf,train
20d0907d-e7ff-b437-b65f-522f9c0de96b,tune
d180473a-cacc-e221-17f2-7a3d94c325f1,test
7c7a2b61-5bfd-7489-1508-de0d9db5e17e,train
70b30b06-72cb-c5ab-3321-01d03aacd06c,tune
2942722e-7be5-792c-c92f-a448e4b7a228,train
1f10d533-8d41-9329-0366-75b099230e6b,test
2ec315b9-14f8-fbc6-7d15-4c7e88d24cbd,train
c8f1336e-ea9f-12f1-142f-23c68572fc1c,train
fb16c641-2499-1051-99f0-948b662130c8,calibration
5ef67847-4197-0d3c-a870-75924b9f9a26,train
5e8ed735-5f67-b93b-a1c5-199dc40a1150,calibration
52bdda9d-c039-119e-d16a-cf2e7d2bbe09,train
f1201f5e-b5f2-23b0-1dbd-e8c53085f1db,test
b295d3bc-1b4a-9e91-d149-b530a68d6d70,train
6a0b0dee-a19f-3769-0c97-d9e25248943e,test
6cd2eb9a-f445-181e-99f0-f87fcde79c97,calibration
87e35b5e-48a2-b094-3c10-79b7750bb860,train
3b2cc04f-d13d-677d-c13c-41cc5749a46c,train
fb565451-465d-4645-c3e1-becdbdbe94be,calibration
03c0ce3c-0f7d-2909-3b63-d44d69ee5bef,tune
25312211-ebcc-fabb-adac-4e46290a66cf,test
07724d40-7726-fb3e-b470-2dae87c2686e,train
248224c4-c31c-35ad-a34b-d8e14a7fe756,tune
fb4f658a-6ae9-2ad5-dc16-1f121ea2595d,calibration
acd40fb9-7013-c114-337e-b72a40c3e098,train
6945f116-aff9-e889-f4cf-4608f69cdcf7,train
9cba0b8c-bae6-59d9-acff-c6f198c6b3e8,train
db6e28d8-966b-3dbe-c543-2ac7bde54d59,test
278d620e-28d7-7153-c226-9518614c9629,tune
6514139a-8216-5930-0c66-ebfa20550e7d,calibration
8c1110e3-b2cb-9423-7d0a-3f455d61e208,train
b7a1efb6-0dee-cdec-d5d2-73ab78a60dee,train
ba408b57-525d-b65b-9fda-66828c250b94,train
5f4d3896-c153-b90c-8018-c68ee9d4122c,tune
014790d2-d499-b657-62a5-ab1f0a19d348,tune
b9a3f5b6-74a8-566f-dd13-698cdd05c32a,train
519e3b95-1372-4c62-32b4-e4c63353be94,tune
3d6b88c4-c699-7f1e-8a0f-a7c9a6f938b1,train
c5cbdcbf-4ba6-018b-1dcb-27128cd5b0aa,tune
9e6bda42-5ffb-f4d8-bdca-6c373a195f3b,train
b82408a8-3049-dec8-ebef-31a21a2607fe,train
f0056d43-31b5-4071-8618-e92887dfa4ec,tune
076ef95f-67ad-45d4-8c40-b73a38b823e1,calibration
e87aba8e-98bd-3ade-135b-d7540309c332,train
551dc45f-2202-3abb-2196-ca88c7427a42,train
77a1d75e-aa7b-4a13-726a-786f4cf65b0e,train
dc8d2c2a-f692-7f68-3063-245c595f41ee,test
3ede67ce-b9cf-4cd8-4d40-d9c6a097095d,calibration
adc82857-f55d-3415-b0ea-844b2d2b8c5f,train
4833c486-8768-d0d8-6c8a-4b6e5d606ad5,train
aeee5d19-a075-86a1-3492-3ca2fabd45b4,train
f2f5277a-81d5-2fbd-486a-ddb3dfde64f4,train
21a0bf8c-e172-06ee-964e-6333c7636a6f,train
313b667a-4e72-d3e1-470c-bf9ec5371339,tune
75150437-e046-0ee5-120a-0739282ea52a,train
e96050bf-c6b8-b8df-7258-745daa367919,train
02b9c383-6283-e116-de4e-8526618faefa,train
5bd99480-5dad-2239-a135-4c04510ffee6,train
7dd5c78c-e33a-7f2b-aaad-785f809a5ae4,train
b55bc320-e01e-a983-e2ba-100cf7b568fa,train
7231de78-0f01-544a-e015-b3bac06da9e4,train
f2584a18-35ed-8065-de19-babadeef6e31,test
650088da-3b56-e80e-384c-584f1ea7739f,test
dde8863f-21ab-edb4-b6e0-3394d6378ebe,tune
3db786d9-77a7-a109-8850-a3bda0c26c91,tune
536fff87-66cb-6602-75af-1e032f9c0300,train
caffc7f0-7554-144b-76f8-0ee61b68e0a9,train
17a3fb3b-5baa-13c6-5957-b7175ef01ffb,train
fa602a5d-971e-bf37-8579-ed29bc0b6183,train
5efbcc94-0d90-23a5-ac38-84d5085b42ec,train
953b36bb-b996-59fd-9edb-b006f61659cf,test
5b6794de-6210-91fd-2b3a-b19e6e932faf,calibration
56974063-7df3-db70-0a23-61f1696f8ab1,train
b3ef7d02-82ec-50b8-2233-9ae4d296e62a,test
5a09c8e2-b8c3-01aa-b569-00fb04a558a7,tune
87c57181-f475-fc9e-f519-d6a321a1992d,train
41da14e8-1e9d-e0d2-57cb-3ce31c8586fd,train
02bbd390-7e3e-2a7e-6ebe-cf3f874377b6,test
62d0151d-af41-d872-6f28-3e0243a22ceb,test
ffd3f5a7-c5b3-d8fc-b23f-18c470df55d2,tune
82cbe3f9-0238-2581-b52e-42f67b436edf,tune
9ddbf9ab-1aaa-de2a-7db0-f90af5c4ad96,train
053f0844-38ff-7b45-8bf4-187185e014f2,train
5d25f81a-bf52-500e-af04-b80329f9dd9d,test
e8ad0187-81e3-45a9-e7fd-ffd64c3bb9c4,test
c526eb57-86b1-bcb1-ffba-89894d515c75,train
93ccce52-5674-a642-7ab7-4087a77f6d4f,train
7c90582e-fec5-94f1-5c5d-bd2f27e62fe1,train
13e8ccd5-adc8-d3a0-c927-35223ad74caf,test
47885e7f-4f79-09d4-58d1-ee2e5f792cc4,train
968178f7-b83e-a2b8-16d5-1e74a2139d86,train
abe2d61f-5bc3-433f-f762-a426424ce0d8,train
0ea9f6f4-96a3-42e9-6764-36673f339b81,test
6fd1197c-c3d4-f750-a6c1-3353c4a1b33a,train
350d73d5-b963-535a-ac9b-374489a4e1f6,train
f39d31d7-7799-ede8-1450-52c0038af6be,tune
c4910e6b-0c72-9f81-2959-0b2703c4ba60,train
728e6809-4cae-98fd-9476-7ceed7cc22bb,test
c9eca94f-a461-d7a9-169a-debad48f04a4,train
8d1dccc8-2613-0619-de1d-e3f1df2ade8d,calibration
45949de2-4967-9ca1-a451-b8943be99386,calibration
8fbf1b55-5432-3098-2015-3ab290745937,train
1c6a1168-f4d7-d90a-c48d-7785cb146bfd,train
2cdf33bb-0921-1712-1626-226602f782de,tune
d32369f2-2b8a-73b3-4dee-8a0e86004bec,test
e6a0ea55-7069-d73e-d12a-72378731ef57,test
6a9b26e8-7a93-9c10-f465-ad1cffb4a32b,train
e6885047-8056-d643-02fe-266506015dab,train
5ab20541-c460-09ee-ce83-79407e6d797b,test
f7a0f32e-1212-1f42-b2a2-5102ecdbe11a,tune
4f6b2353-e7a4-eea7-26d2-b526eb3df30d,tune
1da6b6c0-9f39-6f94-fd4e-25a66004f69c,train
8a09647a-11c6-393e-e90b-24807f115d6f,train
f2042d48-f1ea-dcc8-1153-cb63ad79fcf6,train
d5e4cdee-de3b-97a6-75a7-a33f232dab82,tune
a722f039-bc46-75ca-8796-71bcc0c4c706,train
00c91203-7660-e916-190e-2634eedf09f8,tune
d5ec00e4-9d59-5fc7-7237-4ad5c9d75b8c,train
bdbc2f8a-77f7-0a5d-ffe1-3567db541f15,calibration
d3f27df8-0a20-9826-a0dd-c3fcec9d477f,test
ddfc4966-8903-dd21-a012-fa88536eaa43,train
20eab627-d53d-88df-864c-1b082be384ae,train
3ff47d77-3613-e824-0aa8-5cd7ddc2071f,train
8b0262f8-50a9-0154-bf64-b529066b5adb,tune
8f9d010e-6327-82d1-3709-93634f1cd94c,test
65aa241a-d2be-a3ac-b6c9-e966f9f650eb,train
996309e9-ef6c-cc3c-29f3-6624d00101e4,train
0c9e1cde-8679-a4f8-9219-49d19b67c9aa,train
8896947c-dd91-16b8-0601-5308bbd6753a,tune
926b6693-6c3e-08c3-5736-4b2981b0863f,calibration
fd465c81-ebc5-4a3e-a211-2bf027fb5422,test
1521c904-6ba9-6c6d-cd3b-518d6bf32f8e,train
542e3b6e-f7aa-e482-210e-9cdbb0deb91f,train
2ce17318-7d73-5143-90a0-d63e319994af,train
6f197d7f-fe40-4adc-5205-e48e3d65be86,train
8c070c2b-c1ed-bd50-224c-99602e2b24a3,test
ba7b5a37-56ef-65ef-77ec-d3b96edde81b,calibration
6c9be3a9-af52-bb50-1f02-27eca0c6bf27,train
51266744-fc60-7c50-90ba-d7d53eb7e8ab,train
4ae5fd7a-30e7-285a-98ef-0213ea595551,calibration
00515bd3-cad5-4ba2-c77d-b01a82838740,calibration
3a7f3da5-7e14-497f-d8bd-5de7b7d374b1,train
782d7c53-6ca8-d944-9bee-ca3ab26d8d93,train
d976dd26-0bb1-b920-6168-f601783d5f04,train
fcb5cb77-74ae-1b71-6b6d-9c8934d58ac9,train
e465d579-b42f-f200-f906-8cd7d6f32f65,train
cca871cf-1631-e9e2-45a9-40d4d35b2d6c,tune
830221c1-b4cc-584a-20e0-3056ae744604,calibration
11a2286f-dfa8-639d-8ae5-78d73b567e93,train
d6a376e3-233d-f4ba-65ec-990eb5c333e2,test
a3532dba-15b1-fcd9-bc42-e0fa911e84fb,calibration
32cafc9d-2c49-25d4-f493-8338f958a2ca,train
6262fd74-c24f-86ca-5b40-480923ded30d,train
159b1ce0-41aa-60cf-0e22-7e09579a83d0,train
bf5cd554-e674-02d4-5261-540ffc12c17d,test
6b6aaa3d-71e9-d8f6-c981-e7a5ca54909a,train
1e7c739e-ea44-03c9-d711-116e098ef98a,train
07242213-2102-17b1-7d7f-6ae30733b54b,train
da6420f8-2918-267d-705b-9ba241cdc257,train
48149215-272e-c3fa-bb9a-e6d8a142d7dd,train
b596301f-7c42-e56b-c49d-edba9694eeb7,train
48c65223-0112-00db-3447-f645e7a2e6e4,calibration
8ddbdd67-74fa-beb9-cb5e-f95abbe7ea44,test
470e6d89-8999-8957-3756-e0dd9f3a8efe,tune
3cafeafd-43ff-9d5b-58db-f267ab738bfb,test
3fa0ae0d-3d89-82f0-0aa2-09f4ebe1bf44,calibration
ccf3ff89-87c9-796e-1a65-d61516f72fb5,tune
b72774c2-be44-e485-2e3c-775e31cc6dc3,train
d51d5387-469d-8a69-2563-c1333c5c4341,train
e6444f2c-2387-8098-8fce-0cb0068991ca,train
743ed49d-7b9a-c627-a171-d5e1d12f6085,train
0556d068-a7fe-5a31-b42b-6b21ea4c3c47,train
6a44d12f-60ad-53ba-b328-9f4b11f35db3,tune
2541f6f4-b340-0878-14fa-96637c309eed,tune
d0686b11-6ef4-67d5-684e-4fe29d8a6722,train
051efedb-d22f-3be5-f161-b93faaa48f07,test
57879572-000c-61f1-d872-1e96a1cf5cd2,test
faf8e28e-236c-af26-ba37-afbc6d872a0f,train
72f925bf-4394-e556-f319-61dd77050aef,test
95886cc3-750a-bbd5-4ba0-a3d4a9914d55,train
3d98edc0-8d98-6dba-cf92-3b9a6d3ad306,test
e615130d-9fd5-dc86-14b9-4fca26ff6dac,train
5eb8da5e-220c-64d9-959f-1accd6842e87,train
03ef26f6-d68f-ae75-5d6d-c4f0662cc089,train
7dea3446-2651-f588-fed4-816f3f30dadc,tune
ef31ae46-89e8-a2d2-e2eb-ce40a05d9324,train
9c1a2cef-36b4-ccf5-d519-9cce7171ab67,train
6f752a1d-fee8-15b3-a29a-af96638a5181,train
e3289b9c-8585-57b4-9ff8-d42bfbedfb73,calibration
55d03ab8-cb5c-4d9f-ad68-985345f5d9f9,train
04dd1a67-2156-8fb8-64ce-b69e2434d46a,train
f51234f3-c2da-adeb-1671-45cf3674837d,train
94542630-23ef-22d6-12ca-a16a207f5952,train
c6c1c629-d92e-b76a-9918-95d68c0a7a06,train
e4f6f14f-e5ee-c7f5-5eea-129d25080a89,train
e71478a7-f409-b330-70f4-afd627f50f0f,train
1d8bb095-5e39-8087-547a-b7b9c2a3c62f,train
cb39047d-3aca-02fc-e7c6-b72a277eab5d,tune
d5447d14-da2e-8f73-5c7d-5f10de7922af,train
b350a605-d560-f1d2-0c08-0d2fe4b6cf45,train
bb23e2d5-bd34-496e-16a3-2ff0c14d61f3,train
7b95d980-1eea-6563-029c-668fd9eb3abd,train
ef98fe44-6fc3-f02a-a52d-0c68b13b9e13,train
2378d8c3-ab9e-e891-1187-da61e6ec7f51,train
b0e4d3d9-23a9-c880-56bd-5c146f2b47a0,train
3ea8d781-87ac-44a7-03a2-c9475d484247,tune
d0623869-2b74-261d-64fa-605cb75c79b2,train
f52212ab-5b58-0a12-2f8d-d509bcebb9b7,train
24128e93-2fc7-4805-15ac-3c89d3fa56b0,train
90dc71f6-856a-226e-5e46-48cbe5fe6975,train
37b9cce5-63a9-c778-f570-f6f8a5b94385,train
2f1d8d8a-b5d8-f444-b030-adb79bfe9dcd,test
48f547b7-4a84-0616-41d7-39da3463cfae,train
82a61b4e-9212-23e6-fee8-2217f6818930,calibration
22ad9fb4-7f06-7959-a0b0-23b63b5bad35,calibration
8d82e7c8-f53b-3875-51f6-c9d701643c3c,train
1571e6cc-9ac9-f750-6df4-4bea450713dd,train
3fcbfec9-c4f9-e071-ba16-8bb0295e436b,calibration
d66acd6b-d830-c0bf-2bd9-a3f87d254953,train
9c297c9d-f558-ae72-3f96-6bbaea988efd,tune
a34897a0-cb0b-f100-3dcf-93f6106d64e4,tune
6bb6810d-81c4-3465-33ee-05f4df36dfa2,tune
07c33297-c0d0-35db-3b16-33b251ebe7e1,train
cf835115-b09d-915c-470a-4c38095f1b4f,train
7ccab594-f43e-cf20-f970-d47ab7ff5339,train
4d7aadbe-4ae6-986f-496d-dab1235ad545,train
7f409c87-de8c-d4a7-a9eb-ed5dae27b11a,calibration
728e048d-7931-bce0-9091-d2a5cff90b5e,tune
01b45873-d80c-aca1-9562-87cf931b8474,calibration
c20eabf3-94fa-5022-9731-c1c56589145a,test
c381143d-b7f9-5fa6-6257-1faaf50a8f12,train
64f04204-d69f-9f87-099f-ae3ca6d123bf,train
e5d4a559-3dee-d0ec-cba8-14f25714d98a,train
db35d174-9d35-e9e9-168a-8ac5840b79a2,calibration
29845481-0570-bfdd-9e08-c6d3def050c8,train
e46d0ecd-18eb-f55d-067e-429f44995fb4,train
fa77220a-7a14-ee78-6f3a-46614f966654,test
3064efc1-c97f-4c81-f611-334f1a11a13e,tune
b03bd122-b95d-bd47-116f-dd268fa5060e,train
518acc31-d505-7904-c72c-2ec50290f50b,train
ee63738a-b8ff-da74-4175-8a840561b936,train
cf9954ff-ffdb-01db-e86f-3a038fd4b600,train
9e92d636-721a-8e3c-8974-5ab5d482e6f6,train
2db6286d-2d03-09ba-d37b-1fb378a06b07,train
33d70c6b-e29a-ed00-0052-ba174c8f86df,test
9e2bb5cc-4eb9-ad4f-3589-62327e4cffab,train
655ff1dd-9ec1-dc79-dd06-15db823be751,tune
9af31c09-3114-5385-3d12-1d766a8bd9e6,train
91598f82-a15d-d6b4-d88c-741e35ea002b,test
3a86707c-99a6-b9a2-72d1-800f20d647f9,train
1904603f-9d8b-ca8e-e977-15d707b91210,test
5d5f4a85-b134-d8b0-88cb-00c76b688c5a,test
fb6dc22d-78f6-6687-28f3-189e35f2c729,train
3dbcdfdd-8de7-e450-43ff-50557cc4ed87,train
17be8e95-c9dc-935c-c052-b3abb0088d16,train
f1371650-a7ab-25cc-c333-692424cbc788,train
eb57b011-aee9-1307-02ec-02733129224e,train
503e2c8c-c444-8cc9-76d2-24b3390b1409,train
2b870ac4-3837-95b3-22a3-6cfed466f6af,calibration
6b688c46-c8c2-2918-c149-e03a3a1c36de,train
156c7f2f-ad3d-979b-4921-be01e5f89053,train
825761dd-0638-7703-286d-db0e691c81df,train
14f32a88-9f92-b816-0abc-7a6126a06b44,train
a533fe6d-d40e-25fd-5d43-4febb170451e,train
22e7aa86-00dd-8c1a-0d85-e3ae425f807d,tune
fd83b8ef-8fd4-5cb8-aae2-5274962d72fd,train
15df4cb9-7756-b69c-4968-6941b0159a14,train
112e1f0f-7941-aa47-cb68-25560ae49d96,train
9a773b6e-52d0-cdf6-bc2a-627b279f6daf,tune
d8646985-b0c8-5eaf-b13b-ce473ba61677,calibration
42d7b328-e91c-c31d-db08-d28713e3fb0c,train
378b9de8-2753-903a-c814-abc3ac9ee71b,train
3d4b835c-562e-1dac-361b-92d2f6676227,train
e3cdda7f-10d4-1d0e-4826-8c793d134d9b,train
8c4edeee-0c26-4a71-ee16-236015494801,test
19d050f3-ebce-4dfc-f462-d682d0ce8fd4,train
4e5b8f24-81f1-df34-233a-238ab09274ea,test
c62e170e-a3ab-2367-013e-d4ab56742cf5,train
08f7b22b-d18e-d1a1-1b3d-a4f14e822c27,test
e4ab2d54-1ecb-4e1a-0fd5-3ebd4daf64fe,train
b529d550-d249-b15b-c772-49eb25f69845,train
bec9b30a-9595-1054-2b55-c5f700bd0a4c,train
72b5643e-2081-482b-aac6-417cf9d327f3,train
14513254-3149-5267-d0bf-eaaf530f59d6,test
7317e983-fdb5-f2f8-07b7-2e9fa7dea37b,train
e6861076-858c-6dee-92c6-5fc276791860,train
6b91148e-36c6-6534-e2f5-69c841eb456a,tune
54c8bc8b-7037-5a69-ec52-7d2775cef784,tune
dc1a10b4-ba2d-4e9b-3ffd-d85b62d022a3,train
fce18aa8-c55d-cc22-cedb-b6c0a6f16532,test
c280edba-69b9-2447-9225-4d2331438b95,train
dd773579-2f27-1f04-29e5-d3f919194f09,train
40783f14-2280-6a24-908b-fb9329e6a60f,test
0b7b0f31-6bee-0352-e88e-2b9eedc3f81e,tune
f4f748f9-7ee6-d396-7fc0-058530d3677f,train
3285a79d-1f11-10b0-b7a3-471c9e3d65ee,tune
ccd2fdc0-44b9-cd1b-fc66-7c6a0f13c6cb,train
4c8ec1a5-85b2-7125-e2db-b2a871c9457c,calibration
09997684-eea3-fda2-2a60-aa88fd12794f,calibration
e9852322-ab38-9925-173c-78cd0b2452af,train
d147ad3b-e58d-f6f6-4c53-9c75e7b88204,test
3ccbc019-3a78-9067-04ac-48e5bfeda42c,train
0258d76f-17b3-8237-3886-7586bc29af0a,tune
0aa5c4f5-89a2-250b-d5e8-07b094d42023,tune
1aeafe75-d722-d347-158e-71fbacb8022f,train
4b315ad2-a7fc-2bde-a6dd-ea2054839562,tune
d9f09b35-f1b6-20d4-313f-fc58e3056451,train
b9944d57-84ef-8840-10a6-624941726cc8,train
92dfcc87-0a6c-4a40-c529-a64dbcbd9284,train
3516b855-290f-13ba-0f77-fc9db80a4fb3,tune
fc414f7a-21bb-8324-a6b8-1fa13173ad4c,tune
3580cff6-1c80-15f7-b828-75483ea01d03,tune
7d5583ea-b6b9-05ee-9c51-9a8d5ffbf9df,train
5644ee50-cc2b-4cbe-30af-4dbccb3c9264,train
0e7a91cd-bed7-7391-469c-6ddc0822f5ae,calibration
a1597026-8d45-ee63-2d44-dd705654d951,train
f2b13156-843a-59db-3be5-49424008aabe,train
90dcf5fa-d46d-5292-8376-93da7522106c,train
ddc3f604-384a-7f3f-3bd4-fbd6df8822bf,train
610bb820-fb1d-470f-0abc-1b7739a126bf,train
a4a9d1d6-322a-9797-42f8-5b0e8d65f6ca,train
dc97bd15-8fe0-b074-bdac-87c49815b7b9,train
6de2bb80-1187-3c3f-2f4d-eb039ef587b3,train
3309e620-0883-09e8-db6a-30a4240ac925,tune
0191259b-3700-30af-0a57-f5b3e79f313a,train
eb0bc3ed-3e95-2659-c7af-24debf7a81a9,train
ae4e4807-a27b-8b83-915e-c2f0a3c04fdf,train
5179a060-95d0-b5a7-bcba-bd49f67bfb61,train
af12d339-8c97-f27c-d426-1184fdb3470b,tune
bf200971-06a0-b8b9-df86-22c8594c4aa3,train
4852396a-c387-330f-92e7-b0d62ca98e0f,test
08fbf40e-16ae-6b97-8e79-298c5a2005ef,train
8d6e0a36-33a9-eb06-0163-61ba57e00595,train
5b0ef8ed-37f1-67b7-e83a-54a2215e7055,train
04c12509-b2a0-4c87-cc54-6ea4da4a9d81,calibration
e1663278-b918-0a23-6cf5-bb4bdbd13a6a,calibration
28f7c1c9-ca57-34c9-43cb-53a2f556cdf4,train
9ee07c10-7c02-4850-6594-22a7c0c5031c,train
89325db1-8589-a78f-31e2-08eb75bf06a0,test
7a87e2ae-90cd-e482-742c-d7c436a305d6,test
3656b693-9734-503e-58c3-30749610f795,train
28223655-ef6c-922b-e2df-b5206422a873,train
1c4a3fc2-cc50-711f-dac2-ac6befbb3891,train
0a43f80a-a410-e4d7-3288-51ea8f22ff8a,tune
991a2d32-86b5-1c63-ac89-04f4fec3f1fc,train
63b4fcf9-5c10-fc6e-7561-0f391c8480e4,train
b05064b1-0346-e203-35d6-f1b9c7bcc1e9,train
5308e2dc-580e-36e1-9b8d-ca0f1be24607,train
2a7b7cf2-fb31-baee-298a-9e03317c01e4,tune
628733d1-1fbe-70cb-7ac5-e95e68e0f9f3,tune
47b4f265-c394-e242-4ef2-85901244b5a2,train
6c45805f-cbf4-1e04-4a86-eaf258225f5d,train
05775d1e-75a3-d9e8-1438-f5ce4c758e56,train
eebe2a40-b309-fc0f-1f94-4d93896b419a,train
d9413377-4c21-4953-9565-aeb6ecfdbc97,test
fcaddf23-7b0e-dc98-980a-30a0446f93b8,train
226fbfa5-7049-5374-8dd8-4eddf25ad123,calibration
e6b32868-c5e1-0431-ae03-34311785ef29,train
5abbb648-36a9-f89d-e9b9-78b6197a8745,train
9906ef9d-ddc8-6228-f410-0c0983a98a89,train
00998e99-5898-8275-a2c3-1c1f595cd1c6,train
bc9f00de-6efd-bdbc-854d-bee92a36d849,train
11f11e48-b6f9-d6b1-a78d-ee3c05edcd74,tune
ea2d137a-4d24-c003-4aaf-6385caa6f1e6,train
9a65264a-6b23-fbd7-ba46-12e624c223a8,test
5008a54f-02d2-2af7-6ab0-e90cec872bcb,test
94de4303-9b11-c8f8-26f6-53b8ecf85372,train
30e42ecd-b4fa-5d9a-3adb-14142a567410,tune
f869079a-7828-a904-3c9d-fbdf65c0a72d,test
cb010f83-fd63-97a6-d9e0-ca49847bd06a,train
9f20e0d2-d439-07af-e125-433ab66f1c0d,tune
01c0ef54-a6c8-33ff-72f9-169f248a4ee8,calibration
ee3d60d4-a7ef-5df4-ec39-3b8d29af05e7,test
d158a3e8-740e-0e70-a6d9-91102a2ad70e,tune
17a70b14-9bfb-6c11-6cbf-62bd46eaedcd,train
6eea9386-f41f-f45d-54a2-516e371ab445,train
b0d8dc1a-43f2-d5d8-8eb2-49f6dedf02e3,train
3c0dbb22-ba53-550a-05d9-060bef84e187,calibration
e493be87-31ab-dabe-26c2-8fbee5f68b8c,train
66170f51-94df-b86d-fa8e-69aa5aad682e,train
54e5ae0e-e6fa-1ef6-6917-7515f77ce9a3,train
acc18d25-a13e-7573-29bf-57033722a37d,test
71ad3a94-68a7-fda7-0a72-a539f406d28d,test
8ca3e95a-8d2c-f079-05e3-ae13d600d845,train
60381f6a-9ae1-b108-ff3f-b1ca8ff12277,test
60bfc879-e9de-c789-d7e6-dae1c40fe90c,train
42cb1da9-9b27-6c97-7966-a9adc38a7946,train
18939d41-414b-f257-9cc2-8997e2bfc88f,train
f4183174-aae9-8224-ae70-b72a0763e970,tune
106dfe0e-009f-1648-80a3-b4dfe1bc6f77,train
a6f252f1-1eff-2ad1-efb8-35f9c6b14807,calibration
f16e43b7-4ee1-421b-3ca1-431caa8c5fe0,train
a6a32cbd-d237-3972-4b8a-0313e71770b1,train
720b7d56-6c92-3b95-80af-08fa70ba4227,calibration
f0a2dd54-7c23-92b2-4038-e2846c3e36ba,train
1f73537f-f456-df03-e458-408a3e554c55,train
1fad7bf7-3eed-0b72-0b8a-b2cfd3c56b61,train
d78b699a-6705-5bf6-ea9e-b716a5234d84,test
22af6713-d0aa-4eaa-f2b0-5da98fd23626,train
25af4503-b01b-05ff-ebda-4f69dbbd70e4,train
6788e61a-7dfa-ea57-0cc6-3f6860bde360,train
00d1efd4-5716-e9f8-d5f2-2347871f7708,train
bc849f47-1719-6720-b846-6d27280f2e2e,train
c31e7440-346d-8fbe-6fd3-3262935ecca6,train
85e4ab10-7e7a-3627-2501-f5d804ff6d2f,train
547060c0-7ada-b05c-9091-266dbbad9d2a,calibration
8225e8b5-60fc-1ec8-c1cf-d23f5eff2f39,train
6229e1b0-4739-748e-f7aa-c479753f25fa,calibration
259c2d2a-698e-9c30-5bb4-5543ff585881,calibration
9f0802f0-3d83-9dd4-69cb-e72fd93c5aa6,train
b167d237-79fb-43ac-e105-f41af8e1ca7d,tune
a230439e-450d-5fc6-4342-835c25ebc063,calibration
3e1187ed-0d59-6edd-6b0d-d939c979919a,train
2066e31e-bb46-a830-a740-500f86c2695f,tune
00cd4dca-59f7-0d07-9a5b-391dc2fa7cb1,train
8ae95540-3f10-042f-4bc2-153063176462,calibration
284b90eb-95a9-f1aa-3e31-5a7084fce9a3,train
82829aaf-1424-8357-7a69-ab5954b7fab4,train
6d317e91-ea9f-c91b-0cbc-7f75c57eeef2,train
eec438a4-c917-3347-ecfa-19751bdb8c16,train
6e1fb5ce-a632-03bc-e217-589e7798e069,train
9553084c-da00-249b-776d-1d905849cb77,train
5ced9eef-242a-8a36-b8a5-4888e848a722,train
cb1766c5-64b1-81a0-c6c5-d69c5c757205,test
b59bde2f-afd9-09c4-5abc-939e8ddf12ad,tune
e4d17ce2-34e2-00f9-3e02-a92bc2561a37,train
3a8886b3-f2c2-4f21-3a45-4e00e90d5edd,train
6be0d56e-68d6-3bcb-6455-4a670eabe8af,train
c0e2f14e-d099-dc1d-cc02-6976aac29147,train
26b95338-e2de-c979-d7d8-0455a86670eb,tune
15f61c24-283d-4fd9-a621-2578ba2f2c44,train
1266d307-932c-c004-4a9b-0e41402ee682,train
e75aaa83-d5c2-d7e9-0dd8-1b57cf8f863f,test
504e622e-dea0-e8e5-79a6-5361cecf8f06,train
903bd7dc-4515-a13c-f3bd-6867d228ca14,tune
791245c5-224c-f994-e528-073fd7477387,train
faeb4927-f8d7-4823-19c1-946a215e5b92,calibration
2a289a98-8351-d097-74b5-fe3373c4294d,train
4102a35c-efd2-9531-42ae-ba23470d951e,calibration
79b1d854-967f-f97b-7b4d-fef5c00a5a99,train
7fc92933-5f23-f5e8-c384-e450e1993661,train
b1b3391c-1af0-9728-b3e2-d16683b461e7,test
6f1cb6cd-89c6-5bdc-3487-e4986d19dab5,train
4acb4577-4184-02cf-36b2-188008020c90,train
a38db79f-1e2f-053c-22d9-78780ec23cfd,train
abef2b61-8ac8-2938-5a14-8cb2d523e182,train
4c3d0865-c9e2-feb6-bf95-94a59284b388,tune
d7acade7-c534-710c-120b-231b07f8d404,train
38fe48ca-a92f-ac3e-f241-9b93e260cc2f,calibration
2d915878-16f5-bead-a672-ed10ff537079,train
ed1ce5ad-211e-0dfc-5d3e-0f7f3ded027f,test
bdbe544e-5b5b-8b3c-7853-9dd62c0526de,calibration
836bd59d-1a7d-11ba-147f-926fefc482ab,train
2fc84342-f050-85b3-c0d5-c8ae2e544b24,calibration
d9ec3b97-b9a3-b2c8-9f37-13be6fae2591,train
14a9b5d4-5c30-8d9b-e4e7-e74699b19168,test
ada7062c-7162-958d-62b7-4b6eaf0efec4,train
741f0a49-8fcf-2d65-6f9c-a6a287af81d5,train
21a30d6d-52c4-6532-9b9c-47dc089bd378,train
85848c3f-2bdf-834c-2717-7b7de5a48ad2,test
cee45015-9999-81ce-b353-90c9b0e9ff29,train
fe0bd117-a096-fdfb-8d75-fab391e5d342,train
24d2e4b4-5951-8aac-cff6-c205c76772ca,tune
8ee468a7-ca48-a04d-c9e2-eb48d935d13b,test
6bb36ecd-2964-e430-0fe2-c6d1b8566971,calibration
80a1f144-e14e-eb15-1dde-edab8435003d,train
e4bcc351-4943-70f4-9a06-a05f9c7dac1b,train
2cafe384-2bc7-7b5f-af37-09ee2a146561,train
f76b4831-faba-5feb-d0e0-62eba3218bfd,train
98b260ec-c9e2-22b0-85e9-61de4196585d,train
3a368194-1c71-4003-a9d7-240f1b584dc2,train
1351ee74-274c-6045-a6e5-711a1734067f,tune
ed39b5e9-99d6-5cd8-17f8-db27befbfbd2,tune
5d5f4834-c64e-a71d-4274-f370b76ca063,calibration
65adf0c9-11c8-7602-5d69-609f724c294e,calibration
999ba74f-ca0e-3ec4-830d-3c867d06bc9e,train
3b71060c-1028-48f1-5e50-286f05a553e8,calibration
5cf0ef9c-6d38-2a7d-4c2a-94562da48942,train
bf36fdf6-7783-98ec-b960-e0989306cfc7,calibration
e2bc5c04-e18b-e946-efb7-308daf0f08ad,train
6c1a71c5-b134-2367-053f-1d7276ef64f0,calibration
e14c45d4-87ae-25fa-6588-4898d0c96a8b,train
a2c1a9ee-2581-7715-8a00-d74a59550e2f,train
c7896e33-7670-47a7-02cd-9c6bc969b4fc,tune
1f923d72-77b0-41cd-0474-09a96a4c8ff2,train
a902a351-45d8-4c4d-6cd4-48e19c48a42c,test
fa765d11-1668-306a-c876-9a8e3d97250a,tune
6a5b4d25-1c44-2f8e-6e94-846781c8beaf,train
4bb90e7e-eb6d-fc88-e042-60b518b42d34,train
e30cc1df-c29f-1f6a-d87a-b691bbba2561,test
c470db56-6b8a-c406-74af-c0e2833e2d66,tune
73651f8b-80fc-f820-2ada-716d0d0a5cd4,calibration
c5e24e1b-806a-3612-fcc7-4089f315f73e,test
a0cab32f-27e4-1cad-0dc9-338e0daddca4,train
1abd98f8-8a9a-8cdf-f4f4-42c4131f8ede,train
dee48655-e188-a241-d6c1-4af864d691de,test
d7eed4fb-05a0-2778-928e-e2562aeb6dd9,test
bffc6d7e-dfd1-b32f-234f-db78fa18259b,train
5e532711-06f6-6ccc-e024-f25c1dcf1292,train
395c73ba-cd7b-b340-6a81-7cda5ec275f2,train
205d4d62-3a16-bf84-2cec-9527a2add8ec,train
2f6c4abc-2190-09bc-9ad2-8360242cff79,train
ae087c7e-6ef8-f4c7-0da5-278a03964f89,train
625f69e7-4478-e882-4c73-b9dc95423aa5,train
d49451fe-d6d3-f357-6e1e-4344dfc1909a,calibration
258d01de-baad-c1fc-b3f1-52423fb9cf1c,train
53552525-e904-41dc-a76e-efdfacfb6340,tune
1b0cdfce-99af-4cc4-bbb6-81813db516ac,train
8ea2537e-3f15-a7b7-372c-195ea66ce36a,train
a3da0e11-8159-8a7f-e41d-3b80df9c8648,train
4e512ddf-4c14-f7d7-d642-311a8897da6f,train
76d5f564-30b8-52d7-2480-a118a0f36d1f,tune
4620434b-a48e-b63e-ccd9-731822f6ee3c,calibration
41cef53d-7ef1-523d-ffdd-380791e3f7fb,train
f837fc9e-567d-17c1-1aa2-42e819f6408b,train
1aa9f520-5aac-fadf-1c78-8ea3d8784217,tune
37b2f35f-69fd-07df-9b88-3d20b0fda279,train
0752dab6-7042-6844-39e8-8358da294ad6,tune
61546e94-d0b4-e935-5ad8-c36c3d1949c0,train
0b118710-0e6f-97e8-6620-823a80c17387,calibration
de01d1bd-3dea-56f2-9175-73f879fd8c8c,train
225324a0-5460-da21-aeac-60c6d3c10c06,train
52a1d5f4-6ff2-d8f0-1261-993b9e68eafa,train
0de6e57e-f34b-de14-af7d-b5c12a0bc53e,train
a23b194f-e0dc-7218-84c5-88882938048e,train
9bcd3c9a-cc62-2729-1900-1c4bfe6b3f0e,calibration
cca5879f-4023-5657-e5a0-d33fe08311ac,train
9fe55e4b-866a-a87a-ea7f-29769c75f39e,train
1098a09e-b3be-b986-8046-9e83b6043242,train
0b258ffd-5c91-a92d-22c9-b14e397aeeca,train
83d1d2f5-9f12-ba2d-febd-1eaac2f09a67,train
98ed6fe7-7b99-5e53-831f-edd67e2dbfff,tune
81d5df95-6d3b-54a7-296e-ae754f79b7e1,train
1aa99651-4e90-c937-091e-c52e551d6a14,train
8fbf4f3b-be56-870c-91cc-f2b34492199c,train
c9bc6fe2-7260-3326-1a71-5a93c99f3d3a,train
c608ac82-7b07-a6ea-2d0e-28ea82757b70,train
13078303-9134-3cee-8009-27c403786c63,train
709cd707-1241-7fb2-1422-e2f2dbb2f1ad,train
0a8fc07b-64b5-ea42-8397-970c1cc46272,train
2d58b8bc-7dd2-3199-cfb0-b58dd06d8d73,train
8026348d-11e4-60dc-661a-0bf9cf407842,tune
f5bb6ddf-0347-7f0a-2f7f-7cad8bef0355,tune
1643c9d0-7605-74a8-83e7-f219a0bb677f,train
609c7a45-d6ff-ea08-d1fc-8928d59dc86a,train
88196c7b-5b92-90db-0465-25d391e875f9,test
9f1d76c0-6ad0-fb82-993b-a47c69ec79fe,train
2ad20178-3c05-4576-2567-e6761a93837c,train
3a32beb4-0e27-db0e-500d-991353e31bd4,train
f8f1ddee-0b1b-ac64-10ae-2d32a287e231,train
ed3b8750-d8ff-770c-2bb2-c255cf5abdde,tune
1b8e4cf3-aa76-f2d4-5691-a12057fb4151,train
fcfa586f-42e6-be0e-911a-fa4d47c7b753,test
3f8120b4-a415-8ae9-e011-39d36736266a,train
3804b945-80f2-2178-d185-dd9e0d50281c,train
f7d9f0fa-c157-ea8b-1906-68eabf9ffd34,tune
bab98787-a38e-879a-9421-8e12d7eb93c0,train
d714f3b8-1aa9-ff84-4792-d26095d3f885,tune
e87d44e4-3d17-393d-73c3-280c1b3d401b,train
1e2ff57d-e9a3-a55f-c584-d89bc3b24d98,calibration
d53c6d3b-4054-2018-7ec7-f0f019868ff1,train
8368fd42-c941-93f7-2f75-155bad333cea,train
be0a35b2-a4c6-9e19-2ef2-81fdc4e1491a,tune
3334cf67-b058-d213-134c-84f08aee3979,train
276108cb-63aa-cabe-ead7-daef92935567,calibration
b64457b5-f246-8955-ce24-c3b35e92be80,train
85948f24-50cb-8006-931b-e523b2836023,train
8ba9ba41-6d42-986e-4492-fbdc6694818e,train
1353d9fd-1f8f-e8e5-6d26-9ad06be9d881,tune
d0e82761-5e00-2722-263e-802569260b07,train
c3a513da-bf68-5b2e-e044-bad035bd996e,calibration
a0cdf78f-5a0c-e5a6-afcc-c47bf01f0415,train
5e11c756-077c-00e7-1cb1-5c21261f0a11,train
d0e91129-e936-b4ae-f219-b351b224e791,tune
fe1beabe-b98b-d80c-e2fd-e6ace8261981,train
ec7f6f79-75ec-5570-96db-1610318e7ca0,train
9c8db3d9-06e2-2dda-9590-85514f6d4894,train
75d05bcd-d5f8-b4e4-3678-ef35116556a6,test
9546ea43-404b-d458-f9e8-254e3bf9bd75,train
98e2e16c-b8ed-11bf-4f25-d0282a72fca7,train
ea573d11-bcf0-b810-405c-c2ee44604bbb,calibration
567e461e-cc1d-8217-5bcd-9e96705e1ddf,tune
83f7aec9-f81f-8670-581c-e2672a04527e,calibration
c50bfd37-a494-b544-c8c6-1a624d3ec6e1,train
6a3a27e0-8cd0-f60e-c0e6-6264c39ccc4e,train
5d5f60d8-b7c2-f1b1-0371-9e6d0cb23a4f,train
061a5051-ebb1-2d4f-3fed-0a94b8385051,train
35e821a2-a94a-f931-1ab6-92ba83ebc1e8,test
61f2a6dd-e687-d62a-fe39-f7ef982da36f,train
47fb6da4-1307-170d-60c2-015fb745254b,calibration
a755c3ed-5a37-0d0d-2902-f4d893f15ef5,train
2a5c46ce-dd3a-5ff6-40b4-f9ed476e3628,train
9c728d66-28f7-93ce-a3b1-e3cd975cebd1,tune
606db51b-b166-d6e2-9b44-e95e20462be6,train
2d620fcd-4c86-92bf-af45-208576be6f00,train
51fbcfd9-31a0-7244-7318-c6d06202b02c,train
57ac9d26-f958-89f4-e0ec-3828c4996e3d,calibration
872259e8-581c-5607-6f74-8d7399bc1ba2,tune
66fe6cc8-6b90-825e-5de2-6123e7bf99b7,train
8a68bd51-6e4c-9173-9cf2-8ad3f7dbb460,calibration
22459182-4e5a-a3e4-a92d-44d718c8af25,train
f7c88a57-1091-23b8-00c9-7111dc1bfcd0,train
ecf8395c-574f-d415-5097-76884b5810f1,tune
1001bdfd-3d13-534f-9a29-c2a57f520fec,test
65445c7b-ca61-d212-2994-7f24eaea975c,test
23af66c5-cd37-71b4-13a8-d2c64c6b1fde,test
dfe6c8f2-b9c8-d668-ce3b-9dcd91cfed5c,calibration
ce25b300-3871-0aa1-38af-ebb18faf16d2,train
7ebe82e4-71c9-d421-ffc0-2c3a69807ff3,train
854bb05c-2fad-bf89-4901-cbb6de48daaf,train
be5f5eab-4056-33b1-322c-0e32bbe45c7d,train
6d69a619-e17c-7d17-ffc3-96d8d926ef83,train
740c712a-f592-2c4a-eedd-bfae03ccf730,tune
54c5dce7-dfab-9065-05ab-3139d07e433f,test
d929b0fc-0fd1-7850-03f2-987fc414d840,train
2276da1c-3d7d-f573-f952-31fccb6f0005,train
d3476ad5-31cc-871d-bacf-5c4d9b53d5d9,calibration
d875d46e-d2b6-7b38-9e85-4f7e76a5d947,train
4ac90c97-6476-a7b5-7854-7b5283a1656e,train
17a0b2d0-09cc-7ec2-e0df-96d36b0381fd,tune
65c66e31-614f-9487-20dc-a57c53379c27,train
4b1f20b8-7bb3-0562-8cb9-784b353cadce,train
295f4012-f9ea-2bf5-c9f6-eb35e0d007fd,tune
3348e89f-2e36-8249-8ea1-469325831b74,train
ccaf75dc-9b6c-87ef-bab3-a0b05f3e7d5c,tune
7f78e03a-d39d-7f76-06fc-deb9c96faedb,train
0b112582-df7a-91bf-04b0-f3a50b7f8e96,test
a605c2cd-f3d5-6d18-be70-d552ffd00aaf,test
b9130360-ae52-aead-b000-f3ce0ad9ea9d,train
26513427-6498-3914-cd92-84e1f0772420,calibration
0d627a68-51e5-b4f7-deef-704f4acacd2b,calibration
8aeb0820-f271-a283-3155-8c4f867c967b,test
1489d2e8-24eb-8fa2-57a3-66d887dab5b8,tune
6009c109-7e64-045f-09ae-e0b768575f4f,train
33f39098-f981-4de1-9b90-d95956d4740a,train
76786035-fe6e-3e04-9990-7d655bd5d72a,tune
2caa2c74-66a7-ea38-2c70-1b35d76dd281,train
02506b00-b601-d17e-b198-e429823233aa,calibration
74cf2385-f9d2-0235-3a1e-c30a32222efc,train
1fdf3ccd-8410-e6ed-d7a0-c9fbb1b98dd2,test
78981048-fa3c-831d-da33-c4461bc399cc,train
f63f8ad2-9cb1-29b0-cebe-a5545404b48e,train
51ded2a4-a5c8-e6b9-914c-a557967c7663,train
3873cd59-cadb-bb37-4e14-91c5ac9d05ce,test
f3979851-1500-80f2-1cee-f621f6a7755f,tune
7cfa7f05-86cc-752f-8f13-c813a7aa5b27,test
12648907-6ea1-402b-3f56-f7a86f9983f6,test
279c3cad-5224-aef0-1dcc-7efcdbfc2868,train
f554d53d-d462-8b33-9695-ad45630e5dbd,train
b3567bc3-1b94-d91c-f61e-4e9793962d0e,test
69292bce-f6d3-4121-b714-da45c85c0f81,test
48297849-8534-5ba3-d8b1-3e2e60986cc2,train
3fc2be39-ed60-160a-bb19-369657c444ca,train
b8c138fb-09fe-016c-9102-80100b0f06f2,test
1cadb1a8-dd38-0683-2334-1a6bbedbd70e,train
eab90b34-6936-3ab8-19ed-5bdd043d5db2,train
b7a506fe-24d2-1ba8-968e-92447c4efe37,calibration
2a3fcc6c-e359-79bb-851f-9633f15fa170,train
314af66e-b0d3-a194-6ea2-ea7e7b18f910,tune
76cc3ce6-5ed3-a0bf-6dbe-e3b4f6c6d58f,train
9cfdabeb-f1cb-b909-58a3-ca40037ad08b,test
f5bc59bc-15bc-f181-81c4-e882c83afbc3,tune
1cf77c81-0d08-62f3-8350-5d5c5d7b9ab1,train
954f3898-feb4-d9c3-0cd8-f20897b8eed7,calibration
0c18d010-bf71-3581-946d-4366f1d8ed4b,train
84a49a5a-7a82-cead-435f-892c5c4d7c8b,calibration
15d7d14e-9d3c-6701-1eb5-795a4633999d,tune
b964feca-f982-dc26-7d36-af7221e3efdc,tune
3229e2cb-1666-bb2c-ffaf-36ec5fb5a843,train
78b212cb-8d88-2010-8631-deffe51c26ce,test
51eb14af-5112-fe2d-68ea-5907d41e39ac,train
df780356-1a80-8eec-55bf-ffe824459d78,train
90c60ef0-6b78-ab20-e44e-7e85d22bbb59,train
140f895e-2dd2-057f-b63a-3299714e1a64,train
135e391f-b0c4-11e1-f95c-2bfdc8f7af85,train
10870a16-9d3e-f686-d48b-ff3d20308d10,calibration
9aad58ce-65e2-22e4-90f5-5b083956bbfa,tune
ef058095-1073-f3ee-e805-1bac87abb248,train
76610816-e089-225b-69ab-eb5f6c48e385,tune
07fa5924-d4d9-e3c7-ddca-4462c242ec2b,tune
b706f8bb-73bf-cd79-09e1-2bd7f05e98c4,train
24b5b0ea-c4dd-bf95-6b57-5c08e98defb7,train
7c68df08-f7d7-bb82-b61f-32f86d9f8d30,train
0de48948-76ca-55f4-b431-7c8d0f8c2091,train
6f9601f0-f033-a37f-25fa-e68d7a700fd1,train
ae6686e1-2b00-ca91-ea90-0faccebb95ff,tune
df6cfce1-b8c8-601c-ffa7-cb9d92143404,train
f06a5e13-5864-f075-0bb2-5eb8f891ca42,train
d3a01cad-1bd0-a744-8413-ea8c0de59010,train
9dc864bf-4a87-5577-7ea1-b3399b121085,tune
ec78244e-d80e-fa10-c465-43eb5b719088,tune
484acbbd-7bd7-2be8-0d1d-7eab04d6b94d,train
b00446f1-a029-c4d5-d4a3-a5b30ed20d2d,test
fde3c2cf-5557-9e93-f66e-b307a474a58c,train
1b9426e8-cf22-492c-049b-866cfa7d40ac,test
ad484dce-1484-503c-81ae-a4bf7c64d2d5,train
a2289cf0-3766-1fbc-330c-9c581eda1534,tune
aa0e6281-cea5-1dd7-db95-a57e6d41241f,tune
bba4ae5a-40bc-c30a-90ab-dccc63ced361,calibration
0a558d13-1b0c-ba72-9514-bc803cd53589,tune
4d279d13-9ac6-696b-4877-6f594b9efde9,calibration
5e4caece-87af-b566-6eb9-fb1015f666f8,test
8c1b89ae-6062-8455-6918-0018c4a5c66a,test
e47d4b6f-97c5-331b-9602-67b9df3bac46,train
1965a21b-6d3d-5520-33fa-36960e48f23d,train
1f7a22b7-d5f5-ce6d-0867-eca852fa2596,calibration
c95d82b1-23fe-c4ae-1de3-22e787ec6917,train
9e7bf543-3f03-db6a-0ce7-1394fd7392dd,test
70b173c5-7a7b-69b8-faa6-6b8193dc9f8b,train
47401bc0-af70-d9a7-848c-294cdb520720,tune
498fc8b6-5636-a25d-381d-e1b4aae152bd,calibration
5b7aee1e-2734-dabe-5757-6db0af817a8a,tune
95ca2438-41b1-13b5-002e-7ed99afb47c2,train
e5270e51-ac00-127b-d10f-6cf7a01d00cf,calibration
c92244c8-853e-a847-84dc-90ba71a42d9b,train
88ec5c08-f55f-3c73-d7d4-e69f399c136b,train
12c238f0-991f-bdf3-d1b7-1038c452423c,train
3ed674b3-ada4-0eab-be33-d6e1d2542dcd,train
205beccc-f6e4-86ad-7f1e-ab5e7a1a1ec0,train
8041b811-0869-f0f7-8c6a-5fa306109403,test
e1a4b779-f3b8-8a9d-1264-c3677c7efe1f,train
2fcdf908-e48e-bbd4-5b57-2a0fc8411f11,tune
44f95146-3ec3-26f0-6f1b-b1b798a3d3dc,train
09295217-3298-0a8e-218c-25561d9fb3f7,test
d9f99caf-2236-bb5f-1cd7-81db6cbb2a25,tune
fd4a5679-45dc-2356-50b9-7051efffb6fe,train
7d83f55f-af59-26b0-34db-89c8cf0d9ec1,test
2ec87940-672a-7d3e-0cc5-161ac34d04d7,train
4f8372c8-cd77-40b6-7040-4d01f8108534,test
10a2516d-b764-79f6-d4fb-dc43043b9e42,train
ea84a10d-56b7-fa90-d034-b33c5d078960,train
a9658bde-88eb-0a50-d521-a4ed20e653c4,calibration
b3f21bd6-1702-c95d-c897-8090089e1eec,train
1b6ea92e-594b-b9aa-57c8-13f3d308fb5e,test
5e9a6c04-d3a3-88ee-eaa5-963fb2c431b0,tune
d6784707-b0a5-70f7-b9d1-14c7e5931ffe,train
59d09f91-19e7-3edb-f137-c0126528be37,train
b874a139-d274-b93d-da63-d6bd2d6dc675,train
a9d3e3ef-fd6e-f626-3b76-d7d05d5e692c,test
573dacfc-adad-17a7-0cbf-15298a3f04bf,train
15bf66b9-8253-4416-f0bc-7a9c701d81d5,train
64917f55-fa32-7eaf-8442-c55e3ba541b9,train
9a9130a3-30bf-910b-cc4b-4caa2ca18d82,tune
6090221a-ad8c-b258-5842-91f5ac795df3,test
f5b8f7f4-c73c-f87b-c6ed-f17732c5138b,calibration
d9481dc1-8244-4e9f-87b9-db9e137c4e5c,calibration
f2e3bc27-d3db-88a9-4da6-f29eba5798de,tune
9c4fa7ac-ec37-ff22-dc0b-a1f03aa80fa5,train
84ebb608-d782-6cee-6a12-06a7e4778d89,train
b3bdd69e-0c82-efc7-e8ee-250985a36185,train
7044044d-73fb-d7b6-2735-f31c5243810b,train
5a938239-8a9b-a919-1697-797bc6af3caa,train
4b9142f6-5d0e-b987-a183-b2ab3cd823c2,train
93a67675-0592-7ac1-621f-0be6e49b89b2,train
cddb4b96-f5f2-9100-876b-55adad4644f7,train
8a5801f5-d476-2c97-7937-9903c05eab45,tune
a2c13864-044d-be4f-d109-8ea03fd68b59,train
4137139f-adca-1493-7252-83b938cab673,test
cb100d6e-90f8-2e33-dd80-12607f21db8c,tune
0ae5c4bb-4bb0-efc6-9352-4d07b9062851,train
c0c933c5-a913-1b3e-25ef-7bcb9c319ed3,train
14da6a55-1631-d79b-feac-97dd79b403fc,tune
91e12950-1aaa-cc4f-602c-4478d8d469bd,train
3052ed24-ca65-e6b2-06fd-29ccbaa23f19,calibration
4b6a396c-80e2-40b7-3063-327b13f19892,train
921b4036-0f67-7040-8a10-0bd6a8f93ab1,calibration
fa4a0baa-4c30-b063-706b-1c3ce39445de,test
61fdea4c-b97e-a997-e25b-93b6aea49926,train
84cb9013-ebde-d450-c2ff-5716de07c3bc,train
bc5e9f93-714b-37b9-e679-a40da75ceef3,test
5c5f57c7-3613-bf49-c532-0d06d005d910,train
8b1f8e45-dc58-d4fb-7b55-76909b18b8ff,tune
5e7f54ed-42c8-6716-d94c-b3a41eed6bcb,train
66d12f34-5a57-8611-3d2b-b40d6c26faac,train
9865209e-98cf-29ee-db90-6475974696f6,calibration
6a9b5ee2-b92c-149c-3bc0-29c87b8afd47,train
5c2143cd-6231-c63b-e37f-e93a5db210d9,train
771d2af1-4217-1c65-1b08-b7f7d4ced656,test
2fc421a0-fffe-1a6d-5cc0-b1e7662d786c,calibration
d936c47c-9010-26d4-af2b-d38094cd7a89,train
38de47c3-0f7d-d1d1-6227-b0f0c1f9c028,tune
f4b4d158-f77d-4c94-3c24-29877a15eba8,tune
50c838c1-aceb-a55d-1658-9319a060a196,train
b3c67a0a-417b-1f59-74fa-29909eb99a4d,train
6ee2c1e2-4219-2ebf-9d58-ec83d1fd88dd,train
bf784a6f-bd2d-4acb-c8d1-44b064623dcd,train
7ff230ec-432b-b12b-d7f3-2c69bdb903e6,tune
4bc38f06-1548-263a-e76a-e3c81fb6d01a,test
a23928bf-8909-5bfa-7c09-5c4becbf0f5c,train
6b42b3d2-2932-6ba1-2e23-84bff0b45794,test
fc90ac02-7d3d-bdc5-e0db-c031f6168ead,train
031c1c91-84da-f4c0-78b9-0d9dd110ab0d,calibration
b02ef38c-b001-090c-4b5d-b200481386db,train
de8fe731-3f22-7038-50a4-19808c479f25,tune
dab07594-599d-c165-ae7a-db83481fb085,train
70b5ad7e-bdf9-150e-00d1-d2cbd29dd59b,calibration
923882c9-9f9a-ce56-bf6c-bdd332e95c1f,train
f70597ad-5397-fbde-b67b-3d1ce4954377,test
ab17cd46-1972-b5ad-cdee-a8da3fe12ba1,train
9bcb6584-35d0-8f21-343a-828e12bf410e,tune
9a6830b9-695c-5673-0bff-a334a3d2405a,train
3bd60e51-24c4-a80c-b1f1-d335a8da3fc0,test
9206e31e-6e38-fbba-6b39-07c23211cc95,train
eb00d7da-83db-6f24-10a4-1b7381568815,train
0efccafd-0636-fd1b-be24-e116e7015b08,train
2f6d32f1-67d3-31f5-9727-16d2814f660b,test
0e2a8fa5-c840-80c5-4537-6403329cdd6a,train
a72fb10e-640f-afb3-69a7-ef72febe348a,train
4c99ef8f-6b57-71a6-a207-dba2fe90fe0e,test
b732776f-6b4c-b744-66ef-0a46ad6521f6,train
990667a4-e8eb-7784-8786-fea14f01eaa3,train
d4cbd6ef-5a7f-3741-c190-67582a2df0cb,tune
7fce3f19-e635-1790-91a8-09b49af86607,train
c35918ec-fa96-bf75-39e6-a3a45b042a99,train
ef1feac7-32c1-0409-4122-156afec19a5d,tune
09d4911e-31bf-1acb-6842-207c3a76c422,calibration
90ac3bbe-1ec1-e481-a740-2b70f9e515b5,train
f2eab3dc-e987-8f7c-f2cc-15939afe4cc9,calibration
5bc63e7b-d55c-51cd-b937-6b39266fdff6,train
533cec29-71cd-3563-d51c-8f67ffc12e17,train
b9992d07-be1d-f055-4ecf-e17fbd2c18a3,train
fcbe7332-412d-35ea-221b-5f060d8c1fa3,train
82f46de0-56a5-933a-c6e3-3adf60dc5259,train
663228e6-ebf0-3b43-ce80-0b4f598082d2,train
f72193e1-5d46-a373-be50-0536cee6897a,train
a1d0f8ba-67be-1907-1766-0705b37b75d6,calibration
e4a8c1e5-0724-ee93-3a74-923d152fa944,train
5f572dc9-7853-16d1-d63a-8e6b3c55ad63,train
2b6ba15d-3902-308f-e4da-76f1980d6117,tune
45137a7e-19cb-fbc1-31d6-ec8ff77c2451,test
94f772c5-b476-2609-e99b-8feb3e022742,train
17980f14-dbcb-8941-de64-63d8ca0d775b,tune
72e4d24a-fba6-39ce-bdd5-5be2b0c49941,calibration
33aa1644-ca4a-22b9-1378-adea26fd020c,calibration
224bf0d2-89bc-aa37-a1d3-327ef93ac112,tune
af2b4f71-bcf7-36b4-e758-a2720be18e73,tune
2cc6739b-0590-d4e7-5b78-566a7accf5a2,train
9141c89b-fd4e-01f7-f644-f9188f0cef78,train
eed9b8fd-13d5-255f-2d7d-ae739dbecff2,tune
d3d364e7-77d0-15d4-050d-e8259341b6c9,train
345fd5e1-77bc-c7f1-d7d8-37c6b6c52dd5,tune
b37c0819-7b20-83fa-7097-920f525bb6ab,test
6d40aee6-429c-6812-76ce-ba24ce11043f,train
5d11559d-b6b9-3cf8-32a3-84fca1b3b28d,test
449cef37-4b37-3a18-e633-6a591a09cd85,tune
732e323d-3171-e035-8687-3daf1ba71598,train
56614e88-6631-88d6-1ae3-fafd0421d75c,train
cbef9dc1-233f-8c36-f37d-64e43ec2d339,train
5cd6d52b-83ac-b9a0-df0d-9f0d1956b413,train
765cfbb9-660f-7723-3c74-9dc6dc159387,train
d94dc365-82dd-4182-e475-f336c3b07e4b,calibration
c2d7b62e-05e2-a8d8-1d99-3507bcd64680,train
0eea3be5-f463-5ff3-4644-46a0e20ed725,test
f0081584-71c9-ae8c-da91-8099c3b1035e,tune
4c606a5f-72d8-91ca-eb0a-685fb3fcee72,calibration
df9ccc5d-dd4a-5f77-0d5b-47e7be2cfe7b,tune
f08de194-f8f1-ca10-5087-f295f7fbfc22,train
9f4d6376-e471-7b8c-7794-a222438b058a,tune
fa3ac9d3-469f-8661-3d58-e999ed6d869c,train
16a95b84-1909-9a6e-32d8-2b2e493761aa,train
12579ccc-9ff2-51da-656a-7e80d9a27694,calibration
f8610862-3474-9b61-b3ff-db5a6b8558a1,train
8aa86b46-7b20-5f19-6449-dd3b8a25abd7,calibration
3db2ae81-072f-1cf3-511c-8bc7de66d1b6,train
6e010a54-5f04-9172-afec-dfa1720a98aa,calibration
af0ca463-eff6-e516-922d-ddbb007be7d7,train
99041db7-5081-2b32-4a15-928ac9cc3351,train
5b6a35c0-e994-d50a-87d7-cc8312f54953,train
47ebbc26-09b5-7c90-d388-0ef6a2c82bdb,train
82d2b2e0-6a38-7a3c-85d4-458e7912425d,train
5fe79aaf-c31c-9006-10cb-e411d810aad6,train
6c732e69-0132-0dfb-4945-bcceadf0677d,train
675636bb-9041-8628-1ab8-70524ba86c55,tune
e5caffbd-19ce-285e-fc39-30cd209033f6,train
756bc0c3-6ea4-a32c-d63f-cba9f7b913ad,test
c5dbc6fb-6fab-fc2b-4182-4642617ee98b,train
eee3c1b9-6a56-db31-a63a-8ba9cd7fc678,train
3a1c2bf8-32c1-cae7-b9d3-c99028650fda,train
bf89fcf3-a8f1-8d6a-431a-daa2813802c8,train
aabb4880-adda-63fe-eb5a-d446f2ef701b,test
20fe0cd0-8f24-e0c5-f652-2bb954ea8d72,train
4e2b4c84-4467-d4d3-aca5-4d83f5a651ca,tune
c5919ce7-cf06-8a18-5a7d-494e0fa630ec,tune
838b1ed0-6700-ee86-48b9-45fe2d3369e3,test
ebcf3ea5-1bec-4ba8-23c0-967b8d6873ae,train
bda5c1fa-d0a4-9688-2cde-04011c862315,train
2b42d974-3257-a79e-a6bf-5842d6237819,train
d30a777b-81e2-aa02-e34d-70468c7c2db1,train
ad20e76c-dab4-33de-4829-d7d0db83bcc1,train
cf17341d-e578-78d1-b298-8d272f7245a8,train
8dbe12e6-9306-5ed8-15b3-aec52004849a,train
2735791a-a50f-78aa-1786-2006971168b1,tune
d9447c02-219d-0f4b-fa1c-072691804aca,train
a8583d1c-e9f9-b82d-ae17-c784584fad09,train
582dd701-aee8-d6d4-78a7-b80b1b0f84b4,calibration
c968b3a3-ee50-89fc-b9de-f3f3475be880,train
96660ffc-4a4e-9929-a640-0281b638d8a5,test
ca7012e1-8f6c-21f3-5c1b-9bd3f59e8161,calibration
fc42f300-419f-73f1-4533-1392ba8f32fa,test
9ebd0e85-79c0-5dce-362e-4a6af986d3ee,tune
d29e06ac-564c-d5e3-0f1e-6636191a2866,train
3edaae46-840f-10e0-d341-513b88adb6ab,train
f652eefd-1461-bf12-dd8b-c4f5a2140c23,train
18f98f8a-3c19-16ac-9b0a-6ab4ab428d69,train
cb1bca24-7826-00b4-141c-f60ec5ad5cd5,tune
611a98a9-24ca-c9aa-3b01-59d1b4409e09,train
6f336745-1df2-e828-8034-62db1cecc63c,train
20686b9a-a19b-353f-552a-751845ca402b,calibration
63bfa5bf-a6c6-ffad-eb67-22893609db60,test
2d70acc7-e1a5-5236-3d02-1ae18fe67f7a,train
6c026c05-3da5-f501-665f-66d39d9b84b1,tune
b193b068-ba53-bf32-21bd-fd05abb516f1,test
6d047a1c-fe12-74e1-8ddc-d680e54f7ced,tune
d60c90a7-b915-6c63-1ea1-2bc2a1ab3f5e,train
05b8818f-4605-530f-297d-482605b64a85,calibration
4000aa0d-7b39-5750-166e-5a1342aeceb0,test
b4f4ce0c-f9eb-d633-f1c2-9b44207b30c5,train
eb89cf2b-a94e-2123-8d84-8fdb2bcca4df,train
88e633fd-090a-86f4-6602-d5f6b93c23b1,train
2c82c1cf-a662-1c9a-af06-2684becde361,calibration
4f20198a-2f3a-6734-ac30-9361f60c99f6,calibration
cb62a3a4-3983-767a-80cd-fcc5fdd97e44,test
62687885-2dd1-0d60-ab32-6ef47f8fed6c,train
3d37738f-552a-9d2b-d28f-be0a3a747d20,test
1ca3a5f1-17f0-11ae-381e-40edad09023c,train
285b70f4-5a04-d0d5-d374-6f3a67d6d4ba,train
08f37aff-5e03-d641-01b5-763ca052776f,train
b59cada7-0118-be97-f98b-c858c98ec90d,train
a8311e9e-7200-0d4e-acb4-b14caf82864f,train
17253dd9-c93f-b40a-1a83-3cc3f7e48813,test
7621d7af-dc0a-bf45-4eaf-591b49638f6e,train
886fff2e-8b43-d0e2-105b-da9b9ed4166b,train
9001a1aa-2192-294d-c037-17ea27858360,train
88547edd-5547-a9a6-fa6e-aaa8d7dd8262,train
71a7a6b2-867e-10c8-3f3e-ff4b1a4ae613,train
32d34eb7-f244-2b4c-34f4-a31a09bd9c60,train
260a99f1-7aba-75aa-208e-1dd43a602c13,train
40533ea9-ff1a-97b2-df37-3c8e663d46b2,train
d42bc916-5f8a-70c9-068f-80f69c8349c9,test
f32cef65-bffe-f344-4a07-c0d3b7912a89,train
fca2538c-4f2f-97f9-3ab6-efa20be01b59,train
a26487fd-9169-be74-63e0-cd7d19e75315,train
8cce00ce-1636-791a-6f0a-a67e2a7744f2,train
ebf01ffd-73ea-4d29-b434-7a5daeaaac31,calibration
a4a46efc-b211-5937-ee00-79646519b292,calibration
c9f338bc-616f-ae59-61a5-7f46b1ea2e1e,tune
d6d32af0-20bd-bd4a-58af-c7d95e32d4da,train
c5fbd950-62a1-2a50-0c6a-34c63f97ee87,test
a7fb62ae-d620-9395-17b1-81b93c854bb6,train
5068bb30-18cf-154a-ca9d-d5e01bec1ad1,train
b8c74aee-a9dd-943b-7f1f-de944b42a7b8,train
18252d94-6c82-3a82-d357-57592b4b517e,calibration
c2f32d23-4fda-02b8-d4f8-5adc95dd2a0e,train
c993f791-fc18-984c-37ff-4cf2d690f819,test
18385a1f-489f-b588-8e0b-1e99fd807851,train
0006ee7a-1458-19cf-1250-03657a81d050,test
9198d689-7f6d-1207-eabc-6e3f1f1077ed,train
570f0443-753b-36e1-cfee-5aaae4a95b7a,train
30e63021-606f-5285-ff59-837ea5574508,tune
c7501282-12ea-5d31-0be6-25162bfcbd60,tune
75ec7309-8278-ad90-5b1e-b15a2e6accb9,train
3583ef80-067a-9e78-3e86-fa4e618430e7,calibration
453dc8b2-3f7f-87dc-59f9-ba862b9cb155,tune
d0dde9f5-1a75-25f8-962d-4156e20cab7d,train
ea005b15-8683-dd46-9378-d81e493b60e7,train
c2c99961-1d61-37f4-f934-f707e9604b63,train
a436d828-466b-fcaa-8217-0410322542ed,train
88bb59f7-0a00-75e5-56e8-88126100f231,train
cc3df6bd-8a5b-cd80-b3f6-18583f945fb0,test
51f8826d-4477-37a8-fd9b-113a037b37a4,calibration
e1dda7dd-87a8-1516-0964-39840d3e87e3,train
77c56737-3de9-fb85-1826-8ea95a3eedd0,train
27cdde76-0808-9b08-720b-2404a3984514,test
ddb73516-e924-6c15-b6fa-078d66b47eac,train
da2a3afd-e5b6-45f6-c8b6-b75273a98f33,train
34cfa017-a483-ce5a-a2d4-539d4dc9a3e8,test
807d86cc-d569-d503-b529-84aa8b067df7,test
dc06493b-8f97-bb82-db0a-fd859dca6458,train
fe4f2a65-f025-e993-dbbf-28b3e91a109a,train
362771e7-5a75-15f8-d25d-430d57d1e8f7,train
e0fb4903-292f-9bf3-7b67-975af0e1e41c,train
38f2ae65-9824-9931-f013-f4dca333987c,calibration
1d69879c-e57b-a256-6b66-010d6ee6375f,train
faa79560-104f-82fd-3cf6-a8a9c0da4a23,tune
6656a3d6-4501-2a63-39eb-ec53fb03e228,train
c8179698-fa5c-9e1d-369e-3c2d18c97391,train
c9c0b151-5944-7bbf-5e5c-50832db3b34f,test
1cb2a081-478b-8eb2-2b45-533c88701fd7,train
a4b42f3e-b23c-59b5-e569-c4679283d175,train
c22ba081-620c-50e1-149d-998af1e2f12c,train
dbe981a6-fdb9-423b-ca32-45141fec7a8b,train
00b0ac09-0d14-49e9-02ea-d22d37870c43,test
7c414f30-2cb8-ac84-7abf-ee5af0e3a43a,calibration
e63e8f9b-774f-416e-9ce5-576a5b1273b6,train
265d8911-04a1-e3ac-2a2b-5b69a95e8578,train
23997942-2c27-cbab-04b7-7c2809252bb6,tune
230e2fe6-49e2-dca1-19d4-9344abc4a9ac,train
700be455-a145-74f5-8e1f-6951f5faf11a,train
6e679fdf-a444-95ea-38f8-27cfc1634b7b,train
2b41c87f-3f2e-61d2-aa97-1fd0188bac49,calibration
6a185fe2-9012-7941-0e00-b04df6d84c17,train
d31d6c89-a63d-cea6-8e65-63dcb7645f7e,test
ce5d44a5-fcbf-b714-7fb7-c6ffa5e13958,tune
c5926ea2-afd3-b1f4-8052-e9bc5deaf91f,train
7015bc03-3b89-3195-6120-68783e99334e,train
ad2ab3fe-e226-4e81-6029-08003bc06261,tune
5edb5743-8ab8-645e-7182-6bd4071b7d55,test
85948fc2-69fa-a21a-f3d4-54525289f828,tune
f478d11d-935a-9edc-1742-12073727c295,test
69cb8a27-8a3d-637a-232d-e09770a54e6e,test
689e7b32-3297-0a94-ebcb-b2df479bcb06,train
05c664bd-c4e8-d85b-d2ec-f5c00697431c,tune
81993259-2236-25fc-7f41-3ff6b7553c71,train
ea2fc04a-72e2-ee61-f6ba-c3f93256f14c,train
619497ca-6b19-6ba0-c9cd-3a43ebfa9061,tune
436ed9e9-8c45-7b43-4c70-73575f3c8c23,train
f97b730d-b06d-9af6-4043-4d1e818dac72,train
7ec7e608-76e9-ec60-f48a-e3449d9b9f95,train
c176dda6-748f-9162-979d-cb821faa74d5,tune
711b9259-9d90-ee11-ff1e-c9d93c1b4d12,train
d4f141a6-0025-a337-31ed-9a6892b48aae,train
1e94dbad-db29-e991-1142-2c809b60d9c4,train
54f57f8a-87a9-1760-e025-fc32d045f36c,train
ec876920-ff82-f366-8d02-19981bc99727,train
c0a4952f-ca6c-4492-007d-3eeb958d60c0,tune
b6abf937-4bc3-6fd8-35da-f5e0b71caa80,test
6a7b8861-65ff-36ba-bbfe-6fbb5733f3a0,tune
4c7a9f1c-6747-ce17-3b20-8c2637e8ce84,train
93364a03-e6bb-a775-ff6a-5f412f96e645,train
74f73231-5c1a-848e-47ed-3b227a9b9876,test
17dc03aa-dc3d-fda7-e856-8a8033099545,tune
232e4ca0-3b8a-c3a4-3afc-6cc727b5d90e,train
02ac947d-d4c7-73a7-455f-ba53ceb2d006,train
bbaa2983-a11f-5a2b-84a1-f9563c1db1ce,train
299d8f80-ad67-0db2-52fb-b2cd6c855739,train
8fe7e32c-f689-f11f-8038-ee6d677dab01,train
3bb5d8b9-fcc7-31fc-7be0-1e07144c63ae,train
b6987040-10e8-0512-a21c-76cfaf592629,test
b42fe8f2-f1e9-d76d-3643-a0dfe9fcc3b0,train
febeb218-6fae-fa66-e50c-ea1f38c911bf,calibration
86688952-dbab-24cf-69a4-77758baa5d76,tune
4a4bcb89-702e-d12e-85f4-c7804cbfa069,train
76e506b7-3bf1-7a38-6a93-356388bcc99d,train
735dd7c5-fb13-1be3-5b3e-3ac3466cb857,train
41e3c552-0c8c-dd91-07ff-be1a6675adbe,train
94043475-a16e-bbb9-5026-5d2d1f74a8e7,calibration
21d43ebb-c153-8c29-f908-80c15d0a1702,train
93f167f4-da86-0c50-1c2a-8a55b5e3f843,train
743745e1-6a57-4030-87d6-36461ab21374,calibration
8b9f01b6-6c8f-6f98-fd36-08222a827d09,train
0b1dd017-8ce0-ec6d-d25a-d253051b7748,train
d357c1b1-364d-92ef-5706-f45ddb2b8b67,train
55056e54-9d06-9ea8-fa70-39d28aca68b8,train
eebecb0e-ab7a-97b2-f7aa-99c71f8f8250,train
9bc8174b-929f-3d2c-e586-29c4b633f161,train
fa086341-b937-b89f-d168-d186bf0997bf,train
3a089878-e151-d4fa-8d7b-9fca783b7586,test
497e9d3a-7b09-8422-6b1e-86113871e34e,calibration
a0e0b2f6-8d74-1189-2665-4fbf87d63ba9,test
59f6787f-28cd-6b13-603d-b73c26d45134,test
e6814958-40a6-c8b1-fa5c-a140e82e8553,test
c4cecec5-6067-b107-cb33-bb796c12c9b5,test
16740e84-771d-222d-72e4-1db7f624ed69,train
3ec3fcec-6bad-753f-d063-b6337353dea5,train
4b1c16ea-22aa-ca2d-716f-6296524d0aa1,train
9295f9ec-2691-7c70-b21a-1a0ce4ab02bc,test
5936ac29-9744-f5bf-8eb4-2c418484c072,train
e3808806-9c78-73bf-e7b1-758b3b61fdd6,train
bd2899e6-af39-b47c-5441-e61171272375,train
6a8cc458-4b52-84a4-eec7-b2d01d5c79a4,test
78b6968e-0078-62bb-d0f5-6a8acd14d11b,train
794db1c4-47c8-3aeb-57c5-d01f063a2ec8,train
ff5e4586-43d8-f74e-0245-4ff5c2202697,train
2ac9b93c-d178-95a9-69cc-b2a2b788ccd9,train
5af088a7-5969-b011-21eb-cfccfc936521,train
2d3fc5f2-ea53-53d9-98e9-8cbd10ff18f8,calibration
fb73c39d-e1bf-f4ab-e5ff-7f4a97ea3835,train
ac1072a5-df4d-1b79-4aeb-718d29cfbf2c,train
e93f4b83-fdeb-491e-bd5e-2599e3918778,train
763235a4-641a-2d0c-c54a-c72a66bc9dd5,test
4650f9aa-bad8-8bbc-f73a-593dd395afbf,test
64c25b7c-01df-e78a-9647-00cddb3648ed,tune
8895f76f-2ee7-41ab-2b2b-2663ddac5d52,train
5fbda379-e7c9-a8a0-b9a4-507ca616bc2f,calibration
5ab118c4-06d8-83ea-596b-113ec28833d1,train
60407acc-33b8-40a8-f042-fc7f476332e4,train
1f5c38a0-4b74-490e-c73d-c245ee795cb7,train
7acfffd8-3cd0-b743-2768-0c1f9d357f0b,calibration
b22a4213-f90b-5079-de16-bd5bf00e5b7c,tune
95ac4913-9261-19cd-5513-b8bc54d3621d,train
a545fffd-8d32-8cf4-771e-dfd9c05cea46,train
8c91e9f4-123f-1060-2395-49034c300fa3,train
94a97ace-c556-e9cd-33e0-8f597a07aa01,train
1683e847-e52d-1078-5c9d-2706d8f85bd1,calibration
0cb50af5-c8c2-8d00-bb17-d5940b06c13c,train
4d8a0292-2acb-aa32-6882-20fd8d62b472,train
766f65bc-3ecb-88b9-5267-063334389803,train
0395d673-8d57-5593-e8e3-76d79d31d4a9,test
39ae02c6-a323-8a37-a5b0-03c78102f1e0,test
48895170-35f2-5014-a3c6-b933e9c8bac8,tune
06a07ef9-e67e-d1e0-5be9-15250d431515,train
191bce5c-1301-b276-1ef1-d30818905840,tune
70df84d2-351b-990f-47f0-6efc42fb09c2,train
3b8aa900-9cbf-f902-f5e8-185dfc8d8393,train
38bfccd3-7f7c-a060-6b72-5525375485b8,calibration
65321cdd-d368-fc7c-fb87-aeec4fe2d904,train
ef828292-f1e4-36dd-618f-411811cbee78,train
46904272-5203-75dd-98c3-efceb9c6b9c4,tune
c59bcb5f-6f02-7cbd-aef7-049522cb7e7d,tune
b3d31379-84c6-6203-d991-14e82cfec316,train
1eeda33c-d48f-2baa-9646-c069ebe825b4,train
9f600500-abbf-60a5-3a56-be27b1c9225d,train
753e38e4-4f06-9cf4-6f38-280a5e7bb32d,test
a9f1eb6f-9234-6901-472b-6ab2f0cc02e5,calibration
1fb89178-db83-0345-4e37-fe11a730d2fb,tune
ff04b500-0ad8-5b94-f995-c6f21044d5c2,test
3dcd4b7d-79ef-4f56-80c3-472ac0937ab0,train
9a29d734-d513-f955-1cc0-f6112d82ca94,train
a2576bc6-d5cc-bdd6-4da0-394fd9649fc7,train
5244a05e-cd5f-2cff-f765-f5df0295b0d9,train
2ca41615-90d7-3f76-2f80-3d4a264b7271,train
013aa0c3-c7b3-7e26-ebbd-c27a8e3ef196,calibration
967906dc-68a2-3bd4-1e81-0f493cd91ae3,train
fffa85de-9877-b7ac-8854-7a8b966835f0,train
87050fd0-b8fb-a75b-314b-3e04cea3e097,train
9380e04c-6489-b5cf-5b3e-73290c9614c6,train
15bb1e04-6395-039b-d0d8-5a8179aa674f,train
36c176e8-f65e-598d-6a28-0638bf52bddd,train
a9368e7e-888d-d57e-2e63-e4a5f62404e3,train
03c863fe-a54d-b75c-74d7-b8b0448bcfd4,train
7d68e185-d43c-60bd-e618-e28366484f74,test
05b00fc7-b3ac-36a2-78e6-654559dc2c18,train
64b91785-59c4-523c-5411-b55286b466e6,tune
bc1bc9da-f2ad-5507-8a92-6e0450ed9652,tune
9b584e06-6cd7-553f-7261-dcd9ab81da97,calibration
a8d38c8d-e380-aa62-cb44-cf8cfe685191,test
0ca6ebd1-22e2-da75-0aee-045a38cc3a2d,calibration
dbeac39f-3ce8-4378-539f-59e6c9794db0,test
0973f7f2-9b35-5e7f-6064-31cb91b7526b,test
26cf20f7-08a1-7bde-6418-38c51f77f1a7,train
e7bae632-9799-3277-8c27-4aa6a1a64981,train
9a2d3069-2465-722d-c005-efad9d1929c5,train
b51a661d-4f3d-ee7a-532d-5b89d9c4bdb3,calibration
cda2053b-a918-a524-92ae-eed04fe37a1f,train
0f608b80-22dc-6199-c0b9-491a4467d921,test
44bf7652-e0ce-8025-d72e-782a4eb34c52,train
fc69d7bd-acba-c5fa-4ed6-cdb5adc0c982,train
5fec19b2-d86d-a971-240e-bb085e9cdabe,train
3d204d1c-0bc9-0c29-c482-7262fdcadbd3,calibration
9ca4cee3-e25e-eb6d-97af-87342dd14da1,calibration
a11128bb-66e9-9181-62f6-02c250c6ca55,train
d7b30fb7-6c91-17db-baf0-5f79bc25ad85,test
d4e3b31b-98c9-a6a4-c9d4-43ce24edf1d7,train
ad33fb88-343f-0b2d-bc13-d0322e9df10f,test
deed7897-6baa-ba54-8b6c-06220f83134e,tune
22be62ed-e690-1a3f-270a-2fb8fee1ecbb,train
bff3396e-5fe0-cf1a-0199-17aa49df8b2e,calibration
a9ca88c6-0463-3c62-7390-4eeed257848e,test
db43868e-f1b2-e35b-3444-75646cecae2f,tune
bada6b27-738c-a0bc-d50b-ef03c275cae9,train
c98a0a20-ce19-c92c-a860-d2437e488c02,train
55d5e711-b36b-a5df-f716-39441813b365,calibration
1b378ffe-d2d9-7b5e-9738-0a0152c22900,tune
f83c0802-310a-ad49-279c-5bcecdbe3045,test
b2646315-94d0-1e13-ece6-982c4a9bf5dc,train
608119de-db48-5f4c-814e-9767ed8c7c56,tune
0af62f0d-9678-2b12-4002-86312d99db55,calibration
6a988839-d831-7768-8ad3-b15259dba5f5,calibration
879717f8-4710-0e0c-79f6-a4b0f8f501e7,test
4f17f82a-f456-7eee-1565-0ea96207c7f3,train
5e050889-a63f-58c1-765d-b76130c914b4,tune
1f8e3141-278c-efc8-32ed-804eca0c2633,train
dcd2c40f-3a42-fba2-019c-967cce89dc93,train
9f31d7e6-e07a-3414-7d7f-9474f5eeb2a7,test
a2546f9a-7613-7574-2ff6-35e3f10e0278,train
16591ea4-fc53-3893-601e-22deb6fab359,tune
cde88b03-196b-61b5-5c3c-09ac6196a25f,calibration
43428ec4-fcd9-f2d9-1baf-4a413a467655,train
2459ad14-ddfe-d8de-a136-54f7554b20b5,train
9bf29d78-1c60-26c3-2332-3e02993460d0,train
b7ae8828-f133-591d-8400-cf98993cf6c2,train
f2890361-ceb2-f182-6273-effa1a0af087,train
a889169a-6b50-ccd0-ec63-1e216cdcb775,train
fe13698b-8781-3def-993d-5ad06a1b7cd7,tune
212bcbd1-6e23-f9ec-93b4-2aca4e18efcb,tune
08ad5bd0-cb1d-8e60-e708-75b4f263d2fd,train
09a2f9a9-bbe9-a5f1-123a-a33f0653761d,calibration
a8c17b13-b88b-c2e7-a51f-4b6d08559c6f,train
85f69014-6059-183b-9460-861dc88384c8,train
3585e252-86c9-d3e5-aa58-55a6dd0da74d,test
a24304bc-ff64-11bd-fd22-fdeccc3d1353,tune
60a41b72-168e-b9a9-1e50-d9bdf8845a41,tune
afe7ad1f-e065-a3bc-fa52-0c198f5b4c20,train
f329d337-5efe-e161-045d-24391149a2ee,train
a8b77a06-c3e4-c0d2-7cdc-f6fc8b8f0499,train
18b2aab8-5333-d3ea-3427-81e3aa78400c,calibration
f933fd10-dcf6-2b7f-95ef-90ff7313e100,train
fa467526-40d2-c356-1686-5265bb712821,test
f85bd9b5-7b75-d893-aa58-d016268e7393,train
ff7931c2-8aca-97ea-bbad-e62eb5dc7089,train
160aafed-7320-ccbc-3282-305fbc73cae0,test
e9f2f7e9-95ec-b64b-0af0-e10f95565878,tune
7cecb4df-1625-db13-173d-760b41c645c4,train
c245af0e-c524-c09c-db07-0d4a010e877e,train
b5b8cebd-96a0-be27-c19c-a2d780fcb07f,test
292fbe52-d403-7eee-51ba-c20dc7a8c365,train
629ef623-e8ac-2a6c-17ba-22c3457253fe,train
61c0b479-7e5d-abc6-fbef-18ae1d676b96,train
da29c298-9af5-2613-d27a-5de7486e2b45,calibration
83a39963-69ff-45bf-54b8-7bbf437746fd,test
55f3ee77-bead-559f-ae84-6853c689c440,test
b9904362-ec23-bfca-18bd-5dc55383e5f2,train
94c45ca3-4773-ccb9-207b-eb6ece793408,train
bdaf0c39-f9ab-9bed-37e1-9edb3d85e232,calibration
24f6997f-438d-e180-a213-598826a604e5,test
8fb58c60-5ad4-0213-0ade-c05924798e57,test
e195f982-341a-b4d9-f4f2-d731fc163986,train
805088c5-9c6a-353e-9e55-133c61451ac1,train
f9bcb4c4-00f3-0d9b-2820-e6b1ff34b0b3,tune
317eecf5-4661-f104-0c56-0ca90d6da313,train
93ef2f7d-511e-ca38-397c-2b3d0f38ba10,tune
a6a84b09-f2f1-18fa-4cf2-5c55722eee35,test
3e528b5f-7548-3022-a587-b9357c526a6e,test
7d8f5cee-7c00-a29e-5e3a-a9b7e022175b,train
30dba09b-1144-14b8-843e-8add586030bd,train
21fef813-ad47-f84b-015a-5f5531a07563,calibration
1d05557b-7bf3-977b-1225-714b93962f9b,test
fe180345-e565-4d18-2d7f-d8cd1488987d,tune
6fa2137a-14d3-e723-f148-e92ef0379e0a,train
07ba43f0-7367-0495-bd31-659e2b6dc959,train
d29a4cf0-2b28-93ac-0cee-47ca23c39cb8,train
db0866b5-8af2-bcdf-c141-76cf49b07f24,train
8815f3cb-fc0a-843c-ea0b-4ffe8b4503fc,train
583f65e9-3c74-c50b-64e3-63f5532dc579,test
4a2b6bef-f91f-a64d-c544-c2216c8e9236,tune
dd330b25-c53e-4afa-939e-c5e083edcf8d,train
b8c76ffe-aa88-77c9-f6ce-6b581598c8fa,test
3c08e7fa-ddf0-674c-7448-aabaaf63a67f,tune
4b4597e4-b927-71e4-b82d-614dfa6a3375,train
4667451e-1719-fbde-a30b-0de46e5b6d73,train
aa1e56d3-8692-ad3b-7e94-6056e09ab473,train
32457ac3-b058-d33e-dd46-3502bd81569e,train
a053e4cf-fe39-0d9d-649b-2f92de927ae9,train
7f724731-5505-c751-1fd1-7ae6bf88caeb,train
766f0ae1-3a1e-90fc-71ce-069871e379b6,test
def43b97-1320-aa0e-5d82-283b048bbc21,train
6da967a2-2ed8-1149-1f41-0a16cb1e7753,test
1e43f1b9-4b52-7765-128f-3738da38a2a3,test
462b9c0e-b313-dbd7-8ae1-63a31e7a54ea,test
690431b4-8a08-eddf-c7eb-9fd43fcf1ad4,tune
bf41305a-ccc4-5b62-5cc1-4f02a94a1927,train
ec60ba86-9717-3a54-ed06-cd58649bd0a0,train
5b995b4b-5b2c-d92a-14c6-40e11bc160a2,train
9c9141f1-3419-d655-ef5e-cb50f85d15f4,train
cd5c79aa-979b-4231-eb42-737db9fb47df,test
795461e6-8b07-170c-8f45-22279472b9cd,train
813eb66b-6923-6cf6-4535-0e8d9bc6ad46,train
b5805c68-df9a-4f82-990e-8d333c08406d,tune
c62c0e3c-68ab-bebc-fe35-45aba9e78c93,test
a56212b7-24f9-e55c-baf3-9b531591dcf3,train
878f46b1-aa4d-069d-78f2-095152059a26,tune
d78416b7-9283-d65b-7c8f-57d80e6ef2af,train
ea41f28b-41a8-b1f7-3976-6cb1c5be6326,test
80cec197-9e02-38e0-3112-83e73d0caca1,calibration
b31db6b8-54d0-4bd5-1d74-46fe506d99c3,train
b3cec167-d50b-3694-bdeb-7d513d1d84f1,train
485f4336-3bd5-1c26-ab0f-d692cd69ac38,tune
879c367b-0b8e-e76a-6e26-aed99f849ffc,train
53a2a80c-593c-da65-f2d8-9f4881d933db,train
e3730ac8-ee93-aa1a-01bb-8d7e8aaedb37,train
77044e68-027c-f9bd-ab85-537226f6ba06,train
b5a92b68-fd6c-762e-7a81-93285692bc5b,train
6052c52e-2095-bc53-1b8c-992112f69ef7,calibration
43e57810-22fa-a6a1-9884-360333644141,calibration
54abd685-6c02-834b-150e-906ce997a222,train
64701b9f-227d-04d9-5f31-8c304d8e4804,train
bd9ebde5-5648-25bc-3a06-b941038f2331,test
6781afa9-b566-4093-6332-ba229a62e6e6,calibration
826be26a-142b-81a3-544b-947b8a43d9c9,test
a89215ce-b616-71f1-693b-256be0f2e22c,train
94ecf9a2-7297-7d44-36cb-ead585e6f253,train
901c6e63-16fa-b629-b2a3-09a1466bad34,train
876e80a0-24f8-fb7e-8838-c79ec1b2cbc4,train
03b42162-34d6-20cc-cc79-695824f17445,train
ab5f7917-75ea-f6b5-41bf-160033db78ff,train
0e15b64c-7999-a3d7-a681-aa96637ed2a4,train
0024faf7-9b6f-b12c-5f69-78d648dd9cc5,calibration
572c89a4-6ec4-2df6-7941-21eb2764ec56,train
62fcb35f-c19f-7414-02eb-e01cb0923d01,train
0ad0bcd8-f363-7772-2cba-577b0962eb5a,test
815ac6af-c017-03d5-da2b-6b0d1ca8641b,train
0f2b0325-c57d-526e-2fea-9154243df185,train
68526352-7135-78ed-9395-990b1d977be8,train
45c12f06-32bf-3c5b-179f-61d19fb810a8,train
af41821d-4278-5f1c-e08c-c972702afc11,train
16c3869d-5bc8-6083-9e81-a9327f938704,train
2e08dcf8-07d6-7cae-b5b8-0e4a7eca7fa0,test
ace4e1cf-f52e-3c3c-2727-c9634f9f9276,tune
04e28750-c04c-4cb6-e918-7a42ba868749,test
ba2f393a-65a6-dc99-ef49-227c63421f8b,train
62e0ed01-4d01-3c0b-e352-b91169521250,test
efb8d071-1872-244d-b7b1-0b4941db00ff,tune
6fbd3235-09ba-91ef-858f-85467fc873d7,train
e925f808-230d-db00-5c71-c57b390f1919,train
6faac41c-4cc6-0743-9b3a-b1f83e40af48,tune
caf41ee8-c04a-d627-68ec-a29fa81ef4c7,calibration
84172f2b-f894-384f-f017-615ba6617f7e,calibration
335cc90d-5f02-10ad-437d-ace4956142ff,tune
5a56416c-3474-81ce-94d4-3de93503c90b,test
3312f1f9-833a-cdad-2502-aceba01004bd,train
2632ba7a-f2f9-416f-b5df-07f51734e7a6,test
658fd6ad-6786-47e5-cb00-206db5a7c224,calibration
11b10df8-34b9-785f-e613-3dc0298fba09,train
9ba84c96-99cd-9da0-86bf-3863c34375a5,train
22adf789-85a0-c5ab-e99a-12f488fd9759,train
9e2d8920-d0b2-39ec-9599-c4bca8761f24,train
ba5cb7e4-dc5a-0405-9f58-fea690b70315,test
a2d968c2-566d-01ce-3f5b-7b390e4d099d,train
94eab355-eb05-43d0-59d5-83df8e26347e,train
77a0af3f-5154-8307-54e3-b77e9436dbec,test
f2626194-3790-bc15-b534-dee30d8df13d,train
02dbbe1a-cce2-0bd2-e279-cef6defd4c5e,test
0333f78d-d943-7ecd-f73a-f235995afab6,train
c79a5b06-f891-4525-95d1-211a309d8cba,train
e3b9bb67-cc45-1ab4-1215-56ea9f14979c,train
55145504-8c76-705d-a081-3a9689b3b73c,calibration
ada2f753-9285-0bb6-5b13-84a8b8b9cfd4,calibration
c2edec3b-c858-2754-7048-95fd59977cc1,train
070435ec-5222-5aa5-547b-df6598ed9f00,train
ecf1df61-86f6-a532-66c0-2167bab2bc6b,tune
d0f22ca8-0e80-cb2e-59b0-035d73b00d1e,train
1c351c78-fa8d-4417-d974-0db7ca232631,train
ae0b8ca1-03a4-e14b-ed73-a9d5283db541,train
a478fd92-87c3-06d6-0cdc-a6f46e93b366,train
3bf0f9d5-b617-e525-17ae-880510ec1fea,calibration
32112f4e-b9e3-8d90-cf5e-c8d34fbc6f82,train
919c164b-4fb0-6e2e-1f58-6a772e898c85,train
5f797fb3-6f5d-d0f2-5a4d-0ba5053cca34,tune
67d41544-6359-acd9-82af-d917670565c5,tune
511d63f7-f24c-2b1d-9f6e-c92c3c9044bd,train
fe00d2c9-010c-2105-8bae-d069d26c2291,train
a7099a24-6965-02db-af42-f14b5142b304,train
225efbfa-7944-b2ff-905b-b64850c4ab7c,train
cf540863-4728-0e76-9554-7d6153aa6624,train
fedc4392-4ce2-60c6-e2c4-a92041392aa5,tune
d1d63f90-daa3-f973-2de1-8c1de17c5e95,test
31e5b577-bea6-9d08-4028-3ab9ac407a4f,tune
caac1b50-aefc-29ec-7230-c073370182c7,test
94e8b4cb-7a2f-a6b3-c153-27e9d941ac05,train
b26a4f3f-f0b0-cc63-2aef-d84d9605a353,train
785c947a-4281-633d-da1f-8fa334b2c3c9,train
6c3c135a-b846-6118-b50a-c16ac7992311,train
fa144969-be5e-ebfc-df39-e0f461320737,train
f4ccaf02-5d56-dd62-ff97-4fb9173e4f57,train
9b702ee0-491e-b1d3-502a-807c186c6b5a,train
0b6d323f-50fa-f8fb-cdbb-56d6b16c06e8,train
591ba9c1-f9c6-165a-50e1-26800f02b975,calibration
6c8e62ea-7635-1c6b-22c4-9433cccfe37c,train
c8526995-6a47-52fa-4d0d-f7062dc719b3,train
1c67e1d8-0ced-c3b6-94f9-305ee8f0d506,tune
d3c6ee52-63a7-f1cf-dc6f-d9d34931cd2d,train
52de5ec7-0b38-81de-aae8-9447dd7906a3,calibration
f8548672-4ac9-2dfa-1f8c-ed6ccfa40d14,train
21644e6f-cd84-b300-273d-ccb3fe6a5b7f,train
9d4d4f4f-b23f-3655-6182-8282c91f2b33,train
2299a8b3-c935-f7ac-8f6a-71856e026911,train
c0a09b71-a786-1ce5-aadb-9e198fed87cf,tune
5951cc22-f4e4-a4d7-2e6b-a51415038a73,train
a486e59d-5d20-534a-b044-4fa2759fc599,train
ad1b3340-2e24-cc27-a559-6a6e6310c405,test
35907312-f119-e81a-50d9-4d63e2fbcd1b,train
c503840e-3d2f-aea2-5822-081be51e211c,train
4c183100-ec81-4d8d-5261-b815407ccc80,train
98110b70-829b-26d8-ee29-ff29a23896f3,tune
63d65dde-ab23-0bdb-5f9e-c097bf95c48e,train
913c2a6f-e3bf-3655-50c5-1d4e34b337d0,tune
dd0224d9-f768-40bc-b428-75643266b2f5,tune
38f7040b-9abf-7142-6e69-9e4c7d3e0a12,train
31096bda-c3b5-f9a9-fca6-12c41e83ccbb,tune
d2374680-3c12-130f-b5bb-69013137fe89,test
e75e0929-ad64-02fb-2a16-740c35c7935e,train
8aa86d92-465e-7dcf-4b5c-e9ed3163bb77,train
e026c347-d7ab-13b9-4ff0-12805a80a9dc,test
7facbffa-8d69-2538-d7d0-2a00bcd52210,train
c46e9296-7a92-b5e8-238e-ba8ecc6b2363,train
11e9dcc7-b8a3-5fdd-b5f5-82a4b402e2cb,test
6b126c44-557f-9283-25ca-b5096d1cb919,tune
0dd98758-4366-a04e-c616-12250781cd5d,train
ede73770-ec08-bdfe-9bcc-0843407fdaec,tune
51e71cfd-f474-0416-7971-e7e950125350,test
e5f1346f-2133-5fa1-edab-8f2b2cbf88f7,calibration
435fd083-0adb-9577-c303-b72b5842f850,train
a2c025e0-7b80-9cbb-161e-0d3808a84928,train
de3ac23e-d90b-6f40-9b24-fec1b01a9522,train
817831e7-1ec0-8dfb-b225-b16ecc1e1cdb,tune
c9f9bf71-ec2c-e37c-3752-a498f9eaf0f3,test
d6ecaf20-8734-f80e-4427-0d701e9dd09d,test
736e60cf-96c5-cbf5-fd36-2837b06847af,train
3ad612a8-4717-dd2e-061c-eb99f516e341,train
fa7e258d-08a5-509c-e35d-c34ba6a1726b,train
b9c20b1f-80f2-6ba7-cb33-cd2d1fad4ede,calibration
e464e8a1-d9fd-8bf0-c0b5-945c30320b8e,train
9a815208-b239-89bf-71bd-285e685674c4,train
031afab0-8da4-6430-a70e-6e23a9c1194e,train
0c5abad0-3a01-7612-8138-ba7ccbedac37,train
f022924d-e27a-2112-a206-0ea9ca8d6034,train
8796df95-767a-e6ab-a4ea-2063e69e2716,train
3378ac7f-4546-9f6c-fa82-1950746c7dbb,train
83dfc745-f29e-a6ab-8683-de23be2f7ac1,train
af343bb3-ff4d-e573-e5c0-e479b07eeb00,test
039a3164-51b1-2a9b-579f-b24742959a23,train
e1d772bf-5d46-3fad-b79b-395a15795e36,test
345c2f7a-ec07-1d70-a2d6-209c1453db41,train
8015f4cc-db72-7627-42e9-97c59176b94e,train
8297e954-c53b-59ad-4c8b-9bc56c8ad2ab,tune
55836546-14da-7a0e-a47d-50c93828bb18,train
5559f4a5-6bc2-f275-ba8e-339c3e289ed1,train
dce243c3-ed4f-50fa-fbc1-e57d6b097668,train
c2ebbf4d-0899-a770-f547-aa273bad1d9c,calibration
3479ffbf-7c73-3c57-9500-3ed28a557b85,tune
626dd8a4-516e-729a-ae49-913b32579243,train
9a080b81-529f-a2df-d47b-d9df99daebda,train
7d06aadd-7850-b9ca-b391-07984a1b057a,test
3cb71d62-cf8b-e758-2254-c389fdd4cb83,test
6f8f84f0-1932-0381-1266-e22045d207bf,train
de48d5ab-8cbb-37a3-858a-ce0a1e0dd684,train
fa43533a-c220-159e-8805-db25e38bbc2d,train
beaabd7c-2745-7e9d-4511-ec6cfa63a8b2,train
853e3b03-e00b-71c1-fd0b-7e94d771a0db,test
6d381a56-e3dd-d127-b21d-c59ff7dcfb28,train
329340eb-4d8c-4586-84f3-7f0424def035,test
0230d88b-b190-50e7-33d8-b359a8e7dd3d,train
c829ada3-9cb1-a896-6776-00326c142d0a,tune
9f0f9d7a-1545-5119-af98-68f729916804,calibration
96d56e9a-4695-b636-c253-34f21d043fb8,test
e7170c7e-aa7b-aa65-5fc5-1351973a8adc,train
75dfd113-1f6a-34db-feb9-9478ee227f2e,test
527dd1ca-bc77-10a6-477f-4e357753761a,train
607159ec-9bf3-4be4-28f5-28f9a52f4a13,train
e7443a3a-18f1-90b8-28d5-f89268fb33bf,train
58adfbb3-1fbc-0b0e-506d-fc5e17faab8f,train
16198d69-e14a-cd48-f174-2ef8c5072d7b,calibration
af2298de-c8a9-43c6-c880-e101982d2b85,train
9571e83c-2e06-7bbf-4fa9-9bb1f580bd5a,train
6557df14-4f0f-e12a-81f1-d96fca2a26a0,calibration
d7c01584-2cf8-748b-a2bb-fb4593ad8de3,train
bbe9c330-e7c2-8f81-578b-e2e2906ce76e,test
df54d254-693f-d420-bc87-c657515c0f36,train
abb15b48-e25f-a26b-81f3-59912477aacb,train
59d92bbe-308f-e535-9385-16e496bccd7d,train
cfb4b102-c295-7c81-6ccc-b98d8f11d356,train
952a50db-f262-4830-a585-aaec198d0e07,train
58a31329-965e-c193-e5bd-01e30b569f17,train
1c44684e-91b6-741c-f67e-2605ccba7b8b,train
571ad5d8-802f-5efe-6b6f-2a9ced10cecb,train
47f5af7c-4197-6bcd-73f0-acf692cac69a,tune
772acc5a-c0cb-d829-7253-320b6aa81dcb,train
f399488d-9805-fbf2-2bd8-2ab2645a09aa,tune
fe8d5ec2-f685-1e26-754e-54a7716fb873,train
40eda838-f5d5-500d-01b3-5dea480283d6,train
0604fd39-549b-a443-9a20-c9791b2c6e53,train
0a8c092b-6143-b3f8-7c98-c45eb81f4352,test
b76ddc22-54ea-0a0a-aa44-eb593bce27c5,train
3660f110-9098-e8fb-1af1-73e3945c60b7,tune
ccba7a2e-c235-decc-b396-e4b528fe2a25,train
61d32be1-fe8d-04bd-9057-589ec34b8290,train
c28ad361-21bd-31be-c024-4095c2667d52,train
7d4d4812-8300-774d-b90f-973561fc2a55,train
e5f6a149-06f3-c7b0-ca12-593c369eb303,train
1fbbc253-5043-a16d-93ed-77db5c8ac335,train
4954f64e-8d3d-c73f-0a3f-907e999a5f16,test
f7647e79-b2b1-7ccb-0519-b7a8ce09030e,train
f4f67c28-957e-4fd1-67ae-b92e56e25e0f,train
033639e3-1397-be28-22e4-1996e1398fa8,train
6202f6cc-f3c3-cbe2-964f-23ae4b5c6a9d,test
429f631d-b5c7-4895-033f-44b79960ee84,tune
82ea4529-7337-184f-8a80-b5ac720dbfb2,train
2655122e-d899-3c64-fe32-a6d675f2c01e,train
580c7160-bd7f-f59b-b371-5001c2cec5ed,test
5eb27981-5007-2e29-be4e-e66f1375ba68,test
b921592a-1906-55f1-1335-806baa5525d7,tune
85d12b84-81f5-8a6e-a4c9-ba07ee342259,train
f3797848-1915-0ab1-d831-4124b185068a,train
8f7cb45c-ab0a-3a80-baf9-b555f5be760f,train
2016ee16-6288-9d62-86f5-b2e6adb7a013,test
1f41e4bd-dd15-068a-9db4-5ac8a6e78337,train
491fb3a6-566b-4222-2f6e-45588a2a634d,train
b28d0428-de24-d438-9b4e-9e5cf715156f,train
b8de2f7e-ce6a-49e1-76f2-4490ad30c8be,train
7ca77e1a-b430-3777-aa9e-b19510d0a66d,train
034ec2d6-306f-995c-38d6-9e70950a3757,train
289c815e-0098-3ae3-1c67-57a6a7a82abc,test
30443383-10e6-715d-af58-f7d66b213b62,train
eade837c-c9e1-f0be-1a88-ce4c5e31a023,train
699c3583-f39a-7fba-d05f-f43aa7e41482,train
7e45f8f2-c579-c2c8-f820-e5a5f95710a6,train
e60c15cf-8135-85c4-5cef-9974fb98d414,train
2da09837-6d81-c86c-ada1-46dd05c2d912,test
580308f2-11bc-fe77-cb41-89641458243f,train
1d1407c8-b3b4-a8e7-2ea7-272a3bf06268,tune
1c5d3bc5-f673-f36a-06bf-a6e902c1cf0e,train
da918c6e-529f-b7c2-8a1a-2f0a0488379d,train
e363191c-2cd8-0cd9-f50d-dddeb9ad80e9,tune
c9241e30-6d84-b6a8-ca45-2f89e225647b,train
447284f2-43ca-3df8-1dc2-cb1be53889b8,train
6534c138-6459-5e2d-04eb-2b32bb28a079,train
540cafcc-189c-1b48-4dc1-62a87a1235e4,train
60561dc4-f839-a94f-4fdf-dc065a94f25e,test
60164629-d800-fc26-8816-9602172e9bf9,train
32809f5c-5ffc-6000-884a-82b168aa0780,train
aac5865d-a29a-1eb4-9f21-920e56d6d59b,test
ebfe80d2-d750-f20a-b8ee-8d63f81e01e4,train
ea1896b1-482a-5fe9-d5da-68c5980aacd4,train
1a6ac95c-16f0-73c9-b238-f2696d770a39,tune
8595b8aa-f650-59db-fce2-7d99bfff27bd,calibration
a05d73f9-014f-c07c-3134-f5d72f7790c0,test
28f60c52-4fc6-d860-b469-b0cc11452b25,calibration
c6a31232-8882-cda5-4c7e-790bbfae4c43,train
8c17b93d-17ec-edb9-0613-a93a436bc5fb,tune
6ed060ba-c9ab-52ba-23f5-d15a8a132ab7,train
02756c20-72e4-4bc9-e6e6-0d696f0397df,train
409bb953-8ccf-f0a2-28a6-90b1c1d5a329,train
d2c94452-74d7-2651-88ce-439889454c5f,train
bf035e2d-4f64-f42d-c44c-f2595783be95,train
d82d44a8-bfd0-afa0-bbea-84766314fe75,train
f0de0ef1-2bdf-b9f1-b914-6edd49e6aea7,train
1f505beb-1134-0e56-44f2-b120fd346854,train
72cd75f2-5202-1556-abde-85951f21e6f8,test
57a5107e-a6c6-b0b5-0153-6daedfb768bf,train
b4d8cc35-3799-6d0c-1ef7-303b1ce576d9,calibration
49322e9d-9e68-dc46-497f-8093a78b483d,train
ac471eec-a917-d47e-f7c3-af43728df368,train
3cbdc455-0972-089a-6f09-6eca429e7872,calibration
c75f84bf-683d-0ccb-f064-709135b01c2d,train
dc4f1b7d-6180-b8ae-98c8-238c2ec508c4,test
2f2f44c1-a0ee-af3e-030e-8d6b3805402b,train
c76394c6-5332-69da-46ba-aaffafd9f0e8,test
1fa901f4-0841-61bb-007c-5ee40d05b661,train
67be3a66-19c6-e2d6-7bd1-054411c4ce79,test
4b546288-3823-1bf6-36b9-b6bd4a71caa7,train
66f7835c-b153-da04-0742-5aa2956be679,train
2e112a6d-c01a-737d-8b7e-bc8131b1af0b,tune
0ebce9d5-3aaa-6fe5-de0d-6f744b00ff95,train
bdff269c-e00f-f8f8-733b-a3871b981895,train
906f201e-62ff-a91b-6fbc-ed284550d0b9,tune
b2d3c202-e78b-66f8-5fac-1756fe082da8,train
25e41148-77a9-d808-4f23-a32cc45cab4f,train
fd79b63f-e701-e27d-cdc3-c181eef59d5b,train
354717fb-dc4b-2bb6-f6e7-b2ac6fa10637,train
4fd66f11-b873-d1f8-4619-01a152319ba1,train
32e8fad9-9628-49de-0ac2-4827f76d808a,calibration
e741ad49-0014-57df-f493-4933187eb67c,calibration
2c6702cb-57a4-a84a-cdf4-1893f0bb2273,train
a9332f7f-517d-d976-64a0-0dd594c44f4e,train
66d41d7a-3251-e8ed-4a13-1bff66ff499a,test
2c2aee25-f69a-0d45-d276-c6c967d4e9e3,train
154e1415-35ef-28eb-63da-f12622eb71eb,tune
7a30c7a1-dcf4-a7cd-c331-a9213f853ba7,tune
33bf890e-ffb5-bc7c-2ec6-f844146eeb88,train
3e0de1e0-9b78-85f0-0ec5-1a417f8ee175,train
672eb8af-8e92-94ef-787a-c6e0f562fc33,train
53e3b806-0bb2-1c17-09f2-18c41b3b370d,train
0e47f002-865a-eee3-be96-3e604a0c4eac,train
0515cbf7-a25b-89b6-0c39-dcbb7e11153a,calibration
fe769f6b-2554-4c31-2e42-e7b418537698,train
48dc5cc1-3041-c311-47fe-62edc8e5ba1d,train
f9a55d58-74c8-58f1-532e-099fe019d636,train
9e97871f-6154-67ed-d2e6-9e919d2ec0e3,train
baf6517a-e1f2-c0a4-bac0-763592d01a21,tune
1deb2dc5-c685-e10b-4ece-dc4ed8060757,test
fc8ca97a-3885-2201-42dd-36debff5aca5,train
b5bda41f-88bb-bb76-63d2-9bd6fca2a5ae,tune
7180a953-44de-583d-ec83-d66178d611b0,train
a42cf045-ae4d-5355-6fe3-6e369b75b62b,test
b8e93859-3b23-89e0-69b0-1d316d465cc6,train
e8721428-47ff-0bf5-4d75-e4244588e0b3,test
17a884ca-50b4-f274-0cb5-f548d4b7959a,train
6aaf68b8-6970-c8c6-1afb-56d143ef3f8d,test
a1603a31-bb9d-f766-5ea7-460e0a79ca95,train
7b8a981e-e1eb-15ae-d5c1-0748746678c5,test
4c886600-9a8a-da28-d46b-8d7887f95f7b,train
5bbe2818-4c2f-79ad-65e9-3d0f697f5749,tune
50a4fa66-c5c1-e971-e317-0f1797accea5,train
b8ef1bf6-6866-efb1-ae48-2f5e55f9f864,tune
7ddd6426-c599-7863-ab00-9fdc1a02dd8f,train
f2da9584-1b30-e3d1-a5db-b35f6e4c1640,train
8a5ed4dc-6cd5-c35e-f3bd-3907485b97a3,train
222313c8-f2bb-e053-c371-54cb19abba2a,train
532feb63-df17-d7c7-d3a2-b4d2462bb4c0,train
59eef1f3-9487-307d-3a03-ca1d9078b51f,train
f698889f-9c27-6cbc-0d69-51e004dd18db,test
01abb4ad-914f-6976-ee88-f04f0161d957,test
9b50a8c8-46d1-d50a-fcab-a861eef301ef,train
bea1d355-87ba-fd31-12d9-7feb0b1d42cf,calibration
7fcefe80-cc51-94f4-3e89-7558d6588c33,train
98245b29-5108-04fc-d1fc-065dc62e413f,tune
80ad48ee-fd10-598f-cfc9-e2ea42bcd2e0,tune
ae3349ff-20f3-0a14-8893-a98f13df944e,train
08210b91-281b-cc17-4734-85096727b200,train
06dd2a7c-24fa-675b-dcae-dc82d7469d52,train
4699b3b2-d314-446b-b95b-fe397e02acdf,tune
565afc34-25e8-bfc4-4163-bb128601db68,tune
914e0672-8695-2313-114f-d503b76a5153,train
8555429a-2e26-374d-53b4-151be4b5b98d,train
415516ef-51e9-a410-0cfc-220563cf9952,train
6c73a476-fa90-bc40-5309-de5242ea3356,test
6c882fcb-431d-a191-abe1-6cc87a8a119a,train
863e7f77-20c6-3d59-cccb-406d7b445855,test
e59ce9aa-19ea-5c45-c196-02ff22c51b37,train
ba99949a-c1e3-ed81-e8f2-7d7950a57c88,train
7b4c47c9-9b4c-e2e2-6e7c-d11a6cc6411d,train
0868e4c6-851d-2e36-b74b-6e5618c0b481,train
ce5096c6-d607-cd25-7549-91e2d3255b26,train
f7d18070-b2b1-815e-41a0-30b9f7a03d62,train
03534e6f-b515-0db1-1591-fb4ae7cde6ac,test
5063f182-2cb5-e3c5-b14c-ebc9ac2b3a0c,train
1d2a3f2e-13db-65c5-54af-64d5e1ebb432,calibration
5224ff79-1631-3d6d-78c3-29b8e437e667,train
7adcf076-92cd-994f-48ac-8758e4a1a6e2,tune
032607f5-044f-4c49-569a-f19be8f8947c,test
f99a6ae9-c440-2124-a260-77be64f35fb8,train
22adcc63-f52c-6944-1b5e-6122b87ecf25,train
e7a9f85b-c383-a500-ac88-dd8b90c7f0b1,test
a78ea693-fc96-55ba-cee5-7e24cb6bb8a7,train
75cad53c-fb45-3efc-64c6-4bf0b6a03131,train
e7e397bd-56e9-29b1-9976-a8ed4268bc34,tune
cea9b825-eb3a-cf4c-f38a-a48578994f06,train
8c8a1589-229d-cf78-6ea7-4d602eb4e1f7,train
67c9ef4a-0538-e74f-a0c8-4387532248e9,calibration
e8436a30-6824-8c93-2bed-9f238fdcafc7,train
11c8d063-184f-9f63-f463-b5509223c78e,tune
6ad64555-f17d-6e09-c173-cacaf3c9fb73,tune
4f56db94-c824-57b1-b6d7-ab2e423a91d6,calibration
b6073712-edd1-32e5-f821-f8d717483aa5,test
79f55950-3361-4246-3af3-6209a54bca7c,tune
a1d3690b-e20f-339c-599a-cefec7de5888,train
b33f5489-4dca-5b8b-80ef-a659d3a51dec,train
d5cb12cb-d75d-7bab-f901-552bc23f7980,train
e25d3763-0036-5885-4f69-571ce002d420,test
ba71987c-a4cd-a3fd-4bb2-659e46be6722,tune
4c1d0cbf-b4a8-69b4-0f57-376bffc527fe,train
e2e4bab2-3378-892e-c1d8-daf392defadb,train
e3187cc3-73d4-289d-7654-11d6c596c659,test
c37d13aa-7a25-ea4f-3aee-065eb48345a2,test
5fc94a40-e9d2-a359-b75e-81d69c668301,tune
e188d3b4-54fc-0cc7-794a-767f96e38e5a,calibration
1f543fc5-4182-3071-46cd-c5d18720ce7f,train
e7afb562-696e-fb8f-8c47-74055567a9fa,train
f0073bf6-44fb-a1c8-e2a7-10be58f5b06f,test
18ffe10e-a000-6878-9145-9630aa8caaa2,tune
a805d8a6-f6a9-db3e-ecb7-14dc44e0c58d,train
12084c2e-70ad-d622-e5ed-acdef6fade27,train
1327550b-aacb-1b02-d22f-8e68e3dc8715,train
dbfb5839-0097-5ec0-acac-33805dfc05ae,train
92d8d825-918a-4f18-2e6f-da0cb4ed8fa1,train
593e5f11-a3bd-8505-343c-fada0b37ba0a,train
9bc05360-3ed7-f602-6b3b-4fd09dd5a636,calibration
969f9f41-cf17-fccc-ea19-8b77c6cc6b4a,calibration
b7d3a57f-7bc6-ab2d-deea-6eb75f9f9513,train
0ac8a5a0-a335-6219-7c3e-03ec58a87866,train
4e0c21bd-2330-aabb-52dd-4771e656ee3d,train
856e6e25-2032-9b0d-13e2-7d4446e0d341,test
2b3fb02c-2ae7-2c81-844d-9e9e395d4dbf,train
db28236a-6c70-bade-a04d-25bd51ada074,test
a5ac4ff9-316e-8338-40da-40ec8e1b8ab0,train
140b6f7a-1f88-fa84-7b7f-8202137b3e0a,train
f4b6d033-943f-7a3f-61dd-855d0d8f912f,tune
7ecab476-ba02-9abf-f001-4abde1cf6a1e,test
ee139ef8-0296-7c30-066e-5a7f8ddf6a1b,train
a24fd71b-ed84-1c81-a4d8-6cb45d6f3d29,train
da28c5b2-bb3a-fff5-8286-f78e1fac1504,train
3ec7f40f-ab9d-3d24-905b-a55f05e59531,train
89825280-c391-be22-7a49-9ea3bd596c00,tune
40ac39eb-df66-9a0f-0037-273062de3bd6,train
66a1ecff-459b-f210-963f-5728c6fa29ee,tune
3838c35d-acd9-10f0-f7c4-aa729708409d,tune
adb7486a-caa3-a3cc-42f8-8e0d6e02d1a5,train
26e9bb0c-288f-931a-5214-a6dfd7e00597,train
5d64eefa-6555-39f9-7286-72d4db945c02,train
cc7defb4-7b98-3744-478f-a157cd6383db,calibration
f370499b-8f7e-3555-55bb-f6618cf68dff,tune
22816664-5736-a7b1-d7be-9cbab86e8226,train
c22b7d48-5ebd-70fa-63f0-5ecfe4613d06,train
64767b41-71f2-2588-2a59-b9f37df2af2d,train
d54325af-e5c9-cffa-06a0-d1c095efc723,train
373105ee-dd60-042e-7a18-2b9cea4a80dd,train
acd31908-e9c7-2c5c-e3e3-689d4725b8d2,tune
1cc34ec7-434e-25a0-f38f-a1ef08bec9fa,train
756b2e26-3ce7-4019-41b7-58687c11ee54,tune
4bccaf9b-ad91-bb57-6e6c-6cbd64a4db7e,train
0d649ea4-101c-c59c-11dd-3bd0edd831f5,train
4f70b9ec-0a93-b81f-a7db-f7514d409b41,train
96a6d68d-375d-d7a8-d035-44654d87566e,train
042771a8-10a0-5004-cc70-ddada526d049,train
4dac2cfb-ec86-b4e8-4b95-5a61287bce7b,calibration
299f8c8d-423d-b9b2-0ce1-3e1600d35526,calibration
5101d12c-cd71-7385-0187-8c3174342aa8,train
3d97fa36-66a3-a194-4e2b-1670d8e9104b,tune
170b09ca-f655-31bc-0b8a-261028213f4b,train
ef58d7e7-a704-a8d9-606f-5adadac6758b,test
2c1103c5-acbc-9278-06c4-269b2e5cfad4,train
ac270037-e6e8-7e6e-8c24-6cb014d88fc4,train
ae1faf73-2f66-9949-63c3-cae4941de586,tune
e9ce0c7f-1f42-a3c7-8a26-c79db3495ca8,train
4f8531e1-6a11-684f-e724-d4edc410b910,test
6c1ea09d-0454-3261-a5ed-c0f01920f9ad,calibration
b6069534-db05-c71a-eb90-47adcfcb2930,tune
6521412e-2540-8293-f576-bbb6e5a93ed7,test
e8e9bb83-1958-ae96-2edd-13b62b82306c,test
69006061-32ed-2d5a-76f6-e61debcb7a8a,train
fd085e9b-8b8e-897c-8ad6-85a3d8ff71c9,train
2d91efe2-d145-c371-14a9-630e7a656795,test
692f597c-1c7d-bbd7-af01-1e962092c295,test
7f3a7d69-1de0-87ae-367f-a4fddd20c28a,train
72f40943-6b30-2a0b-64c0-6150aa7b8cf7,train
848608df-b3b1-5d6e-2f90-66ebc28d6f73,train
246d5809-c7e9-f1a7-4d47-ef19f07b7839,calibration
77f40284-7e12-0e7b-6a86-314642c87518,train
83c3ad27-d485-badf-4148-e4b64963418f,test
098449cb-bf82-064f-bb37-d8887f260ce9,test
121645c3-fcd6-9119-6c9e-a17e46be948f,train
688d6bb1-3d0d-5358-1e05-0aec9c660b70,train
b7bddeb8-22ba-029a-d6cb-9c8705f5ba0e,test
dd5e97bc-db4a-a35b-39b8-068d2171afa5,test
e6c6146f-557c-aec9-1d9e-254fef9c7f77,train
ea095004-d8bd-1ccc-8b06-4ae46ddbefa3,train
66809797-ebb3-54ee-6d02-f334e9488838,train
589d1a07-14d3-09c3-70f2-2cdd2117bbd3,train
9a901fd6-fb9e-72fa-7eaf-d78ef9d7f366,test
910e9e13-3013-2e0c-1481-674971dd3e10,train
d7f37e4a-9deb-d4d8-f5f1-6ad682895423,test
24c7311f-bcaf-e15f-d0ae-7aa7be741d21,train
fd8b0c93-86aa-5ea6-6a75-6ac8a23da69b,train
a23721cc-3a05-0d65-92bb-81d37ccee3a9,train
520f0d4b-6aea-c784-5490-9f8cdcada2fd,train
e38f133b-f0eb-afeb-1a5a-ef9bf9151797,train
bbdc8ea7-56c6-43b7-abd1-edf1780972af,test
a49f8ba3-2d36-88dd-5bdd-80fded445217,train
6b504cfe-a241-43b2-38db-0cf4cd98ed47,train
4e20ab2e-d5e9-b6b2-fcf6-289d7ec36d52,test
49002d01-a177-c447-a7b8-c5b28026a0fd,train
459e3cb5-f354-e573-0fe3-fd30ad03b62e,train
999f5f87-588b-6505-5f65-f1d883d945d7,test
540c0902-d964-2f7a-4e3e-69901ee0fe2b,tune
6e913fc8-68d6-23d4-7f49-ee243bb4ddb6,train
bbc734d7-4c8d-231f-99e7-fb4bc7b249a5,calibration
e36ae37c-2a82-d9fd-c5ab-aa6afacf074f,train
4239b35e-8f59-3346-1273-3eb2a7fd131b,train
78c2e830-2ef5-ff43-6eb0-7ad483e252c9,test
2d5bd402-eb41-9af4-84d8-abb12e1ae59a,train
f671b0ea-b0ae-bd4a-272e-0338ee996d43,tune
04ed5068-ff6b-372c-3b4a-686aa55cea91,train
e0334009-0b37-492d-4ebb-9c364853be65,calibration
ca95f45a-be0d-2329-813a-75d453c7423a,train
e0948d49-b9e2-bc58-3ac7-1f5a091474af,calibration
8e5bb46e-df99-c584-d0e2-a70818ddb6fb,calibration
bcdd1ef7-6fde-0e88-aeda-42c23d4c2e92,test
eeb698c1-f66d-a385-f4c8-2ec1afa29f4f,train
1d678fcc-074d-c692-c00a-c067e0a8f1a9,train
63f485ae-b8e3-1fe8-3fca-8f946887dd7e,train
853961cb-ad34-191b-c84b-2b1e05240dee,test
230a474f-a6da-2579-edd9-9aef0538d667,train
2695a65b-279d-c68e-9b90-56b53f868703,tune
8c372c68-f0a2-1806-3654-fc958a6c2f10,test
5925bca1-5f44-0b56-eaf9-086de2bd04b3,test
d5c21537-2f30-fa89-3247-5427b37ad1a1,train
a6e9e647-6f91-a5b9-aed5-a1621447f298,train
0aab5325-823d-b6ba-b253-5049a19bb965,tune
bf08e09f-279c-1cdb-7b7a-7f4a2f69c654,train
30fdd397-0349-fa73-a997-fc0b3923dec4,train
eafcbd38-242e-4754-0ef5-0c26517413a8,train
eeafdaa2-cecb-1c7c-4a5a-dae31a43aba1,train
ad68f615-ed47-1b3e-1017-61ebf798a9ee,train
22b1f941-0667-a92e-e8ea-734abbf73b9a,test
78c61a7d-4cc4-78c2-8153-582b33255d88,train
4ac2b47d-32d4-b659-4b64-de5cad209645,tune
e1dd1954-e7ce-2ed7-f10d-6d21f0107175,train
83507e79-b076-146b-67d5-76b6819d9b94,train
2773c61d-f301-a6e6-7e72-93691370c47f,tune
52e92a6f-455c-5211-6b54-d9ac0d43a465,train
e4f9e90a-9f9f-b423-4313-7cede10fb0c0,train
d8cee6aa-d09e-3da1-c23c-22f19da2d5f7,train
36b58e32-9980-6c99-3248-002ba2851aeb,train
07e84663-2454-85ac-f07d-b5c2286e565f,test
6c4692f3-e85c-efc8-c728-09c44123b972,train
48e64ee3-4745-7ff1-f1eb-5238ca375e8b,test
44899ff7-e604-fff7-4b39-9b33a61aab4a,train
4529a2a4-9898-bac4-518c-e8ca51009e27,train
912a5cd0-88a4-e93b-d75d-cb75e5b1776f,calibration
8e1f46e3-d0b2-3ac7-d5bc-6d222297fc4e,train
ad380442-4b5b-12a2-250c-69ba71c7069d,train
1e34805d-887d-1791-5864-9b92bf8ff5d0,test
c8089d45-85d6-b45f-9af6-9f1e836227db,tune
bca29320-f42e-50eb-8895-d9f823b2d58e,train
ce0fa035-d3f7-b7f8-c081-1e38b1236884,train
d401eecc-b6c9-ce97-2a70-ba04ac43ffe9,train
25160939-6170-2fd9-8707-af6811532717,train
c535a5e1-14f6-4232-99de-5a188c5d980a,tune
2f608c18-1886-9b2a-326f-bee60f0ff67b,train
2a96abec-8ecb-3ea3-692b-e221570c3b1a,test
d15b90d1-6fff-42f3-7c37-d5a47e1bf1f2,train
5a531bf2-1615-826f-4883-d7727cf7cfda,test
b21eb928-beab-d445-9103-777f4a852e8e,train
819db3e8-7ac9-9a5d-f82f-e04a9c7055f8,test
1560ea12-2f36-b736-aba2-ee89fdece4d1,calibration
f6b6aeca-c9cf-2610-d083-d4d3ac417185,tune
f9584577-08fb-51f9-e4e1-5dca2c3c51cd,train
4a467f12-17d2-f5cc-6bfe-43f5bb73b95e,train
f8c450eb-504e-d5f4-e041-dc4376b50dd3,train
4808c852-768d-9410-9e0d-9b7a8233e05d,calibration
6dbaf302-e7ed-0d5a-5c9a-ec89f2975b8f,train
6c137d7a-342b-3d91-0c3e-843f5ded5597,train
fdc7c13c-0403-8edd-f77d-43930dd9d254,tune
b08bd58c-6c79-55c2-6f34-d8bbce6f1a7e,train
17e29137-22ad-a817-a0d5-a7ca4aec6092,tune
79c552dd-6639-7593-69ec-10767d3f6f23,train
7beb3f2f-14ab-5aa7-fd49-91664738f8a7,calibration
94c31383-1b58-8dcc-d273-c398a2a3dec3,train
ec6139a8-751a-83e2-8e72-558172683bf0,train
e716d327-4989-25d3-886f-b2f4bad9e140,train
6219c652-27bc-924c-8e9d-a97458d35f0e,train
a844a843-0b73-264e-63d6-bdd79d2d2fd1,train
77919d9a-e727-f419-195f-3374df6c1c38,train
c7535c42-8f1c-f180-db94-35746366ff86,tune
ce628797-8df1-09ca-8fa3-f6d470da8ed7,train
0d14717b-9e7f-72ca-8bec-56e64fde1c26,train
29d1fef3-18fb-863d-df3c-dbccbb9cd3b6,test
4355fb1d-6de9-bdc3-c08d-b68edfdb6fda,train
fdc5289a-b89e-c1ad-0cb4-799e17734482,test
0e41ed2b-8a3c-0f73-1fd7-913c2522d99a,calibration
27b1f8e5-3d49-b54b-92e6-6973c42355c1,train
538dbce1-fe15-3e17-d786-d52ca5fb8cb4,train
b3f3f487-0032-636a-67b8-4e662d5efe22,train
e06aa9ba-7af8-f6ea-c2be-0167879c706a,calibration
4e416037-ca65-e9e7-06d2-fb2073086d56,train
92b947d7-f409-be0a-7336-144f51c33fb4,train
ecec5acb-c6ee-09f2-cf36-2b05b3b29d18,calibration
c8cf8c6f-354e-ef87-16bc-fdee18dad5a1,test
ce4a60f8-cdb9-845b-fa5f-9a5bdb41f5d3,train
d3a97d45-ce90-3daf-3ccc-97fa3fca38f3,train
241d757c-b9fd-fb02-b0d5-a5be19eb84d8,train
02244f44-6e88-846c-44d6-4b7fd77c4f41,calibration
25114368-3129-74f4-3f05-be71d61db32f,train
ddad4d91-eb06-9543-a5e0-3a7d50fe7c28,test
7c083765-8144-54bc-f59c-ae53f58b65ae,train
55c1a885-678f-040e-3f20-7185b4f95c84,test
f5995591-a167-6855-4039-53c16fa56450,test
1a4a2ab1-5514-ac99-ed2c-eb2f687037f2,train
5fbd1381-a632-1faf-1b0f-3ea2eb653d3c,train
7a7699f8-c733-0c01-fab9-479fefd7ea8a,train
970b94ae-0d3c-c2ea-8ed7-5ab8922005d6,tune
8a0c05be-6616-0951-7cca-9a90a74ed16a,test
1033ee30-fda9-42a7-d360-cf5867859b7c,calibration
0819f3bc-1204-a5f9-af9e-adbac3a6e0e9,test
1dc7e01f-65d4-6bad-5fe6-c6d75b886e2f,train
dfa36681-9a39-f528-8ccd-1bd95397f434,test
10eb0ca1-f246-e360-20e8-2608a507cfce,train
308264c6-86e0-ed58-a986-18720e43fa9f,test
f30d3806-c650-fb7b-567c-6b824b79ef55,train
0b0dc679-75d0-4c34-08c0-ca6fe62ad04a,train
b06fd78f-a337-43a5-8670-e52e54e24d89,train
f0e37af5-fe40-27ee-70cc-9f98ed860ea5,train
a3af404b-06e3-a470-dfe6-0d6be78e55f7,train
8d02db8d-06e8-f2fa-5efa-a7990d343052,tune
63857e61-8da7-abed-3186-a702b5da34a8,train
a4f22174-3588-cd76-b812-deeb2ea67e71,train
75ff067f-63bb-06e0-bf91-240a43935750,calibration
b2d56d6d-425c-ce81-b862-51fa81025bf8,train
a9844351-65d4-e4e7-339b-a1205976d2fe,train
ae0a4f04-576a-f2f6-497c-abf58e8ab236,train
c6ce50c2-f9d8-d574-3d61-83c812f44a26,test
bd326b7d-b1f0-4dab-ac48-c7c7454d188e,train
0aa5788e-f63b-e2f6-31ea-53d48c61543c,train
b7059230-52e1-9b79-c24b-56d9f35188c3,train
88a7f5a0-3cfb-0ddf-4064-d7d8a23effd5,train
85948e66-f267-ca25-dd94-2165f58a49f5,train
b78a6564-228c-f043-13a7-0367c048d80e,tune
591fd1f4-222c-40be-aca1-9c0975f298e2,train
5130028a-fbff-1fd9-2f0c-aabab18b0834,calibration
b6e3f583-aa90-6734-17b5-bfab2fb30810,tune
c7c5d90d-08bc-644a-bec5-6f5583b57e04,train
c27b39c7-f1a3-edc0-c58b-80e4e2ebc77e,train
8252730b-bdeb-45c9-16eb-ec40dd32f826,calibration
afe349be-54d0-a52e-61b7-c2dad12225aa,train
22415efd-337c-acc4-fc8c-c527e41f9d47,calibration
64869c12-6821-a9a6-7093-69abed828316,train
561422e6-6c0f-b491-3bc0-df2140b1502b,train
e24c66da-7161-ef97-f8e5-43f67d600629,train
d1014642-9a31-a05a-943e-d0bc80ea309e,tune
80ff50da-ace2-c8f4-019c-8979007599ae,train
4e3b1045-c683-a7ca-17e7-6c02bc9281e0,train
955876e0-4043-33a3-826c-7359e6f6e336,calibration
99b5afde-356c-d0d4-91d8-edd119664fca,train
582e75c9-d37c-04ba-f82b-897cdf24f674,train
79d5c188-fba6-afad-e15b-ed5e7a532392,train
9f332ec0-795c-f95d-9062-252f41e7e121,train
9a489923-9d12-ef48-8e68-03b1ea1f789b,test
f7d5d203-974c-22fe-2986-d6e6fab0c403,train
32452d82-3da8-57a7-13f9-511d8937358a,tune
fc669089-a37d-6020-395a-0ff9b8a81852,calibration
a8b8ded3-aacb-4e44-54c0-f137bc32a49a,train
b8565e2d-54de-95a9-6353-ea68e839a8de,train
4b21e020-86cf-94cc-da68-ef219ebcb907,calibration
6eba2744-951e-73ec-8ff7-ab144debbd4c,train
6abf77a2-8331-b1ca-74ea-c1b2188711e2,tune
0b70ff42-14c1-e678-a95c-2ced5d2fde06,train
4b9f1d68-9df6-79c3-9ffb-77b3a7a3eaf4,tune
baefea8b-1dea-ccff-2261-ea9626be208d,test
41c9419a-f0ef-3b79-a949-17df0bcb1c3f,train
56c6d55b-9a3d-8efc-274f-301583fdb2bd,calibration
b1c50e57-c515-ec9c-1021-1ae30dcf03db,calibration
a9f4bf1c-3174-01a4-c184-aa150322e7c2,train
172ff615-2f41-88de-54d9-a72e91d5584f,train
82750c37-66a6-5096-9070-1f39eae2f6a0,train
6c7d4a28-0440-8339-f78c-6cd16cd5ef0a,train
3c2f0a78-845a-e37f-4854-8d2554a188e3,calibration
abac560e-4e81-aa53-c6e1-06a1b64e5069,train
0333c932-8e30-0194-7d1d-77aad9623766,test
c8290a47-b6ba-8597-19b7-8999afefa50c,tune
1deccb23-df91-e5a2-59d3-d6e8ef9102ba,train
461756d6-5a1e-7463-4554-541574a494a5,calibration
77041646-d8a4-3ac3-9e64-06174c72d24f,train
c71bf0b6-5328-81e0-c927-19580ddfe29f,calibration
ae591ef2-d89c-d61f-0bfa-f8b143bfe5cb,test
400ec5eb-4f5d-d8f8-d1cf-e71260614421,train
cc0cfb5c-bfea-bae1-f105-33472920a26e,train
64e367c4-853a-ca67-6c4c-81a4d754fb8f,train
4c0da251-0d2c-30e6-9b29-f98c3ea579df,train
ba21e16f-0b9d-b3d4-7cf3-333b13aef5e2,test
7189cbc7-d817-c87f-c1ae-874463804e2a,calibration
0b07db6c-6b41-0e39-5034-f0e0c02d3a57,calibration
224d2071-97cc-5ca0-dc67-103dca088200,test
ea59d69b-8e61-890d-f0ac-1bd48aca7b7b,train
f9b96208-33b4-6b14-ef0e-1f286df64a59,train
b064f6a4-b79c-1840-a4db-66e6e409449c,test
016569e2-d5eb-ef20-fcc6-1711e96ffab2,test
f27b79fc-e90a-09e9-c540-6c99730c7515,train
0edf21d7-77f7-a130-f4c2-cfc50f8ab197,train
95e7eae8-f947-a909-5ace-a463a36d18bd,tune
ab6e8d84-c32c-5d73-cda8-fa7f5ecd8006,test
fce2544e-a9cb-9ba4-eca9-085d5b7c8d56,train
f1e27266-f7d6-9850-4b14-75aa7a7caff5,calibration
d7e35476-c307-756f-af01-06257194f301,test
4ae7235e-ae6f-299d-a181-46c574c3da15,train
505a8777-b2c1-b2f8-213f-289f9a6388ca,train
6c6c5b79-1ba0-2360-78b6-24f7914f724e,train
69cb2c1c-b645-424d-aab8-56f2b4c91d6f,train
1e25d2a2-f374-4b6d-dd36-35bf00964a21,train
9c6a8c2d-5611-b326-9911-e506570d75b6,calibration
6b8233ce-d0f3-aeb1-2a84-3a4a11a025ed,train
a9566766-7f0f-e40f-6397-19ecf8ca3441,train
99403945-d5e2-a7c2-b78f-ce71c7171ead,test
ea09cb88-344d-14a6-4ba9-7b907503cde4,calibration
6b448e1d-c0f3-3f8f-4d48-d96ddb491fdf,train
29015e8c-dac1-224c-aaeb-8caf22a261c9,calibration
40215b11-2d03-e69c-608e-4c72769575d9,calibration
ee0ca197-278d-fb51-4f80-f04607ca3ebb,train
e8f30911-da21-8ec3-2eee-aa6004fc4201,tune
afb7c07c-f6ca-2943-e468-521393415592,train
a6ec94d4-aa48-ab54-8aa7-8642217a5096,test
2e64cbbf-ecd5-1ae6-3cf4-6795dd133d5c,train
e1915bcb-469d-f1af-85bd-da619e5c7edf,test
3d378e81-2c3d-a7a7-aa58-4eb645097b23,train
f649d856-1161-f2bf-3652-cbfac57365c4,train
62da41ff-4544-106c-344d-b8014f6ab59f,calibration
dbaeca5e-ef29-f4b8-c5ec-d98f3900e5c3,tune
5b7c5025-4653-66d7-f730-7adc1c83100c,tune
e22118c4-c4bb-d86b-bd74-31c3d52a2534,train
5bd35d70-654d-a009-a2d3-9c85215ffd00,calibration
005fdeda-4b2d-2b84-b846-4ca666fa230c,test
fb37c799-a622-773c-62cd-e5fe6b0f7487,calibration
be38f56e-ac29-b507-05ac-c5e92771073d,test
b7e20d99-8b50-8396-9b2f-52f56d016596,train
c9802158-ada7-685d-fdf5-1749c4d5e3e7,train
53a7edf5-8dec-55c8-7b1c-e1185e6f6d49,tune
26c7a01a-e16b-61ad-c38f-8e44b82ef12f,train
5fb2cdc4-d6e5-8183-b56f-f01fbcd6a148,test
cd994a0c-e37d-4539-e340-44ee18310683,train
cce005c2-12e9-579f-64bd-d7a182fb90b6,train
66b67abc-d77a-19e1-f0d6-c7f517ef48fd,train
daaf59ca-1733-4368-437a-b4d2e36e794f,train
97f1102f-1f3e-14ab-14b3-f0fcaa29d47c,train
6721295c-c732-b628-56bc-ca25b493a98f,train
e4ea4172-8c97-e7aa-a24c-48991d3a26f6,train
b05a89f4-5c95-5f7d-8110-adb7626e2e33,tune
06f7c25d-49bd-2944-b9e7-1e44b521b7dc,tune
11b63926-4fee-5ecf-f920-49ee6710e3df,test
4fa6e60b-61d2-b99c-f5c1-90b988ba0f32,train
5d55ca66-29bc-0970-5433-e4903d4dfa22,train
0261f5e2-4eff-d821-ef28-5685b49ba6d6,test
39b1c79f-cee7-631a-d68b-3be85c020bc3,train
e2627160-21cc-264d-0eee-61382fb775b6,train
e268948d-6ea2-5402-6665-6ff7d801e74d,test
3ae27397-dbcf-7a79-224b-941b524ddd16,tune
a5aaef03-9cb9-7247-dba1-3772251275bd,train
f671b7ef-482b-d8af-8066-f8b03fe815b6,tune
5a7afaa6-5286-cf4f-6050-feb91c989c0d,train
bb2eef17-67fe-6e9c-eacc-1e82bc1a6321,test
bc4e1b7d-52c0-fce2-9cc9-478849f4674f,train
68d57af6-226f-80e5-8011-ba8819f9b9a0,train
9c92de83-7d43-c2d1-2c78-1b2446ee2e35,test
7567b5d4-0adb-0521-c3af-096f7bfcc76c,tune
7bd7e8b8-00d0-853a-ebd9-e0c74b7e1e38,calibration
aa55494a-7690-7426-e6fd-3c58e5478409,train
51a45910-77c2-6d22-e3d0-e169ef39089e,train
570b79ed-7c07-1914-632d-25519da87c71,train
ff96dfe9-0217-0f83-a3f9-0a09d730c456,test
4d10beb3-488d-cd27-137e-cdada9ab3cf9,train
08434aa5-2adb-5b81-9437-4d41b2d1eb94,calibration
d86e9994-4c9f-a12a-537f-88bae3487ad0,calibration
5cd3f3ff-3823-6a97-d196-f3cfa414113d,test
eec6cee5-41d2-c4b5-0815-46b9b543796a,train
9b426748-73ac-24b7-02a1-4b930178fd08,train
623fe704-b0c8-5568-778b-eb623383ca22,train
b35fbd75-4f31-989a-2bea-ef8c527c0d42,train
93e9e3d6-2141-a7fa-161f-7fa1f866aa27,train
9c53b96f-2cc0-b5e0-a124-434434429b46,calibration
8ea38b92-0885-f812-faca-3df872282e49,train
4945448b-712d-fd2d-9e8b-e01c84feb038,train
f2c4a15e-0f19-3e92-2ff4-284ade832b3e,train
f9a97f44-95ac-42bb-59da-4f9628922bee,train
2b87e7ef-d150-9829-ef77-4cd5ed187226,calibration
934fae9c-fa66-d547-a739-11a4af7b69bd,train
303f08d0-c9d8-1ac7-1de0-e9ac7873ec6f,tune
d08602c0-8a02-83fd-b141-e52911198069,train
8b440765-ba55-bd04-5386-2c51a5556ed6,train
d186945e-3fd9-4a3e-12ef-b038f37f89aa,tune
ad5fbdcd-b4aa-0257-4978-e7fb020deb88,test
560a6b17-e7ef-f2d7-9a75-2ada098b5b3f,test
ae135c60-39b4-a63d-8b7b-969cec628fe8,train
407262c5-c743-bf8d-0d19-7cd82cd5c216,test
089264e0-24a6-bbe4-db92-3b13a2646f11,test
3e3254b8-7202-384b-f9b6-fad211394e21,train
1e12b583-4480-5d56-7729-2b39c25ed378,train
99b96eb1-3136-a7fb-25d7-8ddfdf193817,test
07fbb217-f10c-de15-9b56-e01187e8bad4,train
5d828430-69bc-bfea-d43f-472a329c1106,train
eb224ef1-5446-8263-236c-f9476b9f0129,calibration
45945060-2fd5-3ef5-e57c-9184c848e5bc,tune
fe361e84-4e9a-6419-52c7-8bc93b7df168,train
510c5fb4-5ea2-7489-5c2c-1eeaba0d9fe9,test
27193460-ef7c-8cd8-8f7f-95b3d0995415,tune
72b90296-c32a-6863-c0e8-cae33f6aef7f,test
49f316a0-fb26-2638-7c40-732af70bea37,train
1cfc8a57-ca8a-8e53-018b-110fbe86dace,train
3dc1eba1-f005-1ca5-c124-cc26a3a63fc8,test
6241ab5c-d2d1-230b-ebf8-b4f662afb0aa,tune
9810f2c7-c5a7-2ad2-13e9-1089c29e2930,train
1a9922a4-b434-ad6c-74a5-0415bcb33f50,train
7b61a593-334b-299e-4a07-29e30fc1546f,test
1575aa96-6e92-1359-df33-e951c92a641d,train
7ba35520-feea-825d-a09c-991a99069000,train
a349b442-225a-cc70-3855-8de29081b51d,train
71d98703-4955-b701-06d1-92288ee02248,train
0a4ba4bf-f546-b405-52dd-a7c99d52aad4,tune
709928a1-d2a4-ebc5-b94c-f47c1a65e55c,test
3519a72a-4a59-c19f-530b-661b9909e066,train
6e870b06-2535-3582-a6ed-221d1ff2819e,train
00f63595-b5d2-07cf-50bc-c0d92a59d163,calibration
1c6c79ae-e344-b6dd-1955-3f00b718e924,train
f2d84cdd-e6e3-4f00-400d-f3df025ee145,train
d78f4a78-e827-79c0-4559-3120fbfba227,test
f0f5c855-b049-abea-2694-04a2cef87073,train
d679e9e5-399e-377e-6c71-dc599c79fa0e,train
0fcbeb20-28e6-d989-fc60-0238fcbbc884,calibration
d31a1d6f-ea09-fa9f-a5aa-56367886005d,test
51856d46-962a-7f2b-52ff-7b6ae1e45a7d,calibration
e7e0651a-9024-9528-aa8c-e43c266dd797,train
e3ea0021-958e-6d17-043a-03fa68810cfb,train
614d9ecf-3bd4-4349-4275-94fcb28333d2,tune
6934cea4-13e7-f21e-0a38-78bad8e40d5d,train
de2ddf9f-6860-779a-c0a3-0b1b8538d385,train
f17f340d-9a15-88b1-16ea-575d23b8cbc1,test
0859051d-bdec-1d5f-783b-6f6816b460d7,tune
cdbdcffb-4360-a49f-f2c6-78c065040093,calibration
c909143b-2fad-db62-3e23-7b5d78229cca,tune
d93ff0c9-4b41-6424-7056-5e6b137c9eb9,train
983c5f53-5b4d-ccfc-bb0f-e20d1646403b,train
6df7f34b-a9c4-7ead-5812-99ef8dd24c39,train
b76f6b6d-b363-e1a7-dcc4-694c11a3ada9,train
6a6f2b1a-3c6f-a310-f640-053e8a5dce69,test
71343ced-3044-4de3-5a5e-e68e4450ae6e,train
2b0aa0cd-ec0b-76fd-1a52-2ddb6a33302d,train
af519bad-651d-da2f-f59d-66618e795fcd,calibration
4f1ea45f-2b4d-f335-d6b9-30963f43f18b,calibration
257f77a9-3a74-fe20-cee1-4d337ef7d75b,train
812ad105-e619-e6db-38cb-ea86ba320459,train
2a636a73-28f5-e197-b2fb-278d13405291,train
17683781-2a68-f722-1252-e0c60d87b44a,test
e91f64b6-44ea-e770-db0b-fc112dc32ca3,train
d8e179a6-767e-78d3-2c41-a728a1a12c24,train
d61b122f-ec6d-394f-b60a-5199edce58c2,train
ed03fe4a-ce6d-f0d1-8939-48c875cdcf34,train
220c1cb7-2911-cbda-61f8-65abdde71ca9,calibration
4b52c81a-093d-2729-f1e6-51f77a2f9fd1,train
49445e53-c515-c92a-9af9-c8aa604d1717,train
afec2519-91a1-0f44-f281-9a6f0a8ff760,train
cc8ccbbc-fa41-0933-9b0c-ac98ae8096bb,test
8584ce8c-ddf9-0c1b-67bc-5aa798994a43,tune
8c9b06fe-6ada-473b-9d86-3d766a215420,train
775d8f7e-3379-5c60-9a7b-4d3fe0d849d9,train
34d4bcb8-26bc-5bd9-4553-e82aad27474d,test
21515665-8624-6871-c3ec-a204faa94ba9,train
80a40fb7-de1a-3a45-2d5d-c8bd6235dfbc,train
56aa4b57-e70e-d0ee-3388-65b7f8e6f6de,test
10d09502-e707-ff62-9acc-1cbfa31ed52c,train
15a02af5-202f-964c-02d7-b66d4edeaac5,train
6c4c485b-ef72-3b4c-84a0-c398bb9b7e6b,test
52c79242-45a4-0bbb-cb18-9568f301eec3,test
f7dd4b9a-757e-662a-554d-ed62c2f68597,test
70bf8c29-e4cc-df53-adda-eff9fbadf976,train
ad6be13a-5660-51db-5ca7-f51b9d1b7cb8,train
7256202c-b0e5-2918-6a78-8ef379aa3790,test
cedb8db4-3203-6eba-4c4e-b2787250303e,test
9f4bb896-aa25-4d36-c3ab-bdb600840fa6,train
22eb4b86-b914-7bd5-d8a3-7628ff9159b2,tune
a6f1c7d7-4c1e-b528-80e5-bc25a811d712,train
9f460a1b-174b-3634-a637-9da73fde31cd,train
e4250cf2-3d89-e65a-61a6-291ee03f6c11,train
e94cda13-7386-0ca4-7185-086b7c72a9bb,tune
7fbefd0e-f960-c1e5-ace3-f1b3d7f5ce66,train
adb84ec5-41f2-c6e1-b561-acd2a7002629,train
6253ba4d-ab7a-dc4a-47e4-df7569ad8cbf,tune
c8f0fc3e-1d73-3101-fb2d-4f3c7ffcecb9,test
b5f0e876-119b-02bd-4764-a189e57c6ba5,train
3f9dc82d-8540-1b69-1131-464fde83bc20,train
cb5cdcf9-643e-0c12-5522-97f3ebd743fe,test
0f2a0f65-cf35-41fd-e4d7-42544696f3f0,tune
91ff30c9-154b-7e61-5934-4463a58362a7,train
d4efe66d-7e34-e83d-e2c9-97607ba16bd6,test
5000210b-f7d1-9428-2ef9-d536506625a5,train
02e2fa95-db96-a69a-7697-a024ae8fdbd3,train
1eaccabe-42f3-7886-deee-e5f6d405f7fd,train
f6a6067d-bae8-b13f-469a-f84f75ea7331,tune
630b115c-6c21-eda1-7fa7-c3008c66858a,train
310c1742-d33c-e86e-810f-3da4fbe7f722,tune
7ffecf17-8a5a-2115-fa1c-6134a226e07c,test
05bfc66e-b045-29ca-19c3-c43e6c570d34,train
7a1b2813-03b5-09e4-7fd0-a163b85dfc59,calibration
e0fb2334-2ca0-00f3-81e5-2b580c8f9193,train
0df5de3d-6c97-9aad-7619-be0a91bb2479,train
18f4e5ba-2ba3-f64c-613d-cff2bd9705b5,tune
4d2e577b-ce70-59d4-95fa-49929b933193,train
f19ada44-83dc-794d-ed77-fb481cc5aa46,train
645eaf26-2a40-0b2d-93c3-18f259c42d39,train
8da198cd-1fd9-439d-3c6c-e9cf33af2077,tune
75d8b460-1e61-7c86-60f0-28f5ab9a64aa,train
98346e5e-219c-50d8-e34c-42a04b267986,train
b6fe5cee-0674-aa9e-27c0-7c2a10e585a5,tune
db97e96e-7dfc-2c8a-e7b0-10dcd6572097,test
ff73c461-176f-83bc-ca4b-81320d1d3986,train
4371be74-d06e-fb4c-f3c9-05ef21d0f73d,train
66e4ffc8-1296-bec0-1785-9a7436a9d242,tune
886ba8ec-57fb-851e-e61f-166ddd77163c,train
ecdc67b0-d772-3c3f-9b79-c759cfcc48a7,train
0017620d-0c61-2038-63d4-e40a21ce3803,tune
4201e43c-7337-110c-6be5-0274f25ff3b6,test
51fa0df0-3c31-bf76-f938-9a3b8ce5c1dd,train
c81e6174-9f38-900f-a22d-3275f553a287,train
65d2793c-0fd8-2424-e827-9b8969ab5359,train
b6aa1e6a-67be-5d12-ffaa-a68f85668c3e,train
2cd9ec30-5454-81da-3740-bc2be85862a1,train
887edf47-f8cb-108f-26ce-f1daa59c91b7,tune
dd6b04c5-f8bc-f5cd-6ff7-a1d57bfa8982,calibration
5cc80043-ca97-2df4-099e-79743c0c8a2f,calibration
021d8da3-17cc-d820-c443-ea812b276f81,train
8643369f-e498-3b1a-a36e-efbd529853d3,train
9321a2b7-94f8-a904-e542-d32f55244a9f,tune
01a5cdde-08ed-ef0e-e87f-7e62e99fe052,train
52fb154f-692f-7380-d1a2-ae4b9a3eeb2b,train
e82ecce6-a34d-9272-d581-20ab028caf38,tune
30b75519-7dc1-752d-2c14-b1009fbb8061,train
7041f9f5-c271-2044-5e5d-736f8814b4e9,train
800fe482-08ff-ceb6-2d8c-6cd9b1754107,train
4285e831-13d4-b10b-a3eb-2f83e9966385,train
20536c9b-82e6-8079-2e11-02b90e93e44b,train
cce26900-4e0d-db9a-29b1-0a9b92f2bdcc,train
2508d36c-6884-5750-a2d1-5145a38d842b,train
b27d9f19-b14d-1726-6ae4-ecf4c916911e,tune
8aef7faf-3148-34b4-1504-342020fcac49,test
a99da9c2-406a-1cb1-83f4-1fe7b52362bc,tune
3d65988f-154a-7a06-10a3-455e5efb301d,train
de81f7cc-cca6-f9b3-9b04-5cd35f855e8d,train
e8740a87-28a4-db58-d9f0-fe061bf0e036,train
2e48b773-e7eb-e2a4-e78a-e39ebf2984a3,train
a3809cef-5562-e28a-bcfc-766cc0870929,train
1692cc55-f284-4615-e75b-578c5576c34b,train
7c9bb8d5-f5ad-758d-5a32-05fdce2cf5eb,calibration
b9267479-1053-8602-d119-b50ff95ecada,calibration
50b67a54-17c5-0c13-a854-3a611daa696f,train
94248baf-13bd-8daa-1cd6-669d01e5225f,calibration
521248da-36e7-8fd6-390f-0708b7cd6056,train
da830546-193a-cde1-1023-37aa35b5fc50,tune
35a6e2a2-c4df-136a-9e19-04fd50a4fb41,train
e972efe7-a147-fb64-e313-6f11955cc2ca,calibration
36f6159d-ad42-2d2f-b210-53e5619e7a73,test
c6a7fd28-8b6c-1c6a-2733-18ddbcadd758,train
25eec424-7661-5a7d-d73d-99037bcd19c0,train
ae5984bc-4a4f-0a4e-ecaa-33aca1c3b86c,tune
e1a42663-bb59-6c34-8967-4547c651a185,train
bb01272b-4243-f32a-accf-6d20bf120339,train
8e97ce94-4a90-1ee5-2820-5c30d5ad0a68,test
7cc41ed5-2cc0-8aaf-2f69-c268c803fe09,train
09129a6b-4147-d335-53d4-e71f804406fa,tune
e8dc044a-0661-0fac-4f49-028a57f70bbb,train
f06b983e-d489-80ac-a8d8-d6364381af07,test
9b867d0d-9ac9-7d21-cf54-4b968146bc65,train
f562f24c-da72-4ef9-3cc0-7310b2b4eb52,tune
5f9567a5-452a-cc43-081e-b60974028ff8,test
ba971fd8-8a1d-93b6-3025-e25d8533edb2,train
81e41944-6dcd-9062-4f35-b09692d5a6e1,train
ea1917c8-be94-62f3-eae7-7d52380ed1f8,train
89fc48ca-8555-7c81-1f42-1ac87f148f1a,train
6df38777-5b75-933d-e8a6-d2f923808c55,test
d1d0d897-1d04-9441-de2a-c80634459aeb,train
253bc309-d681-a3f4-adcf-de1b93c6abc5,train
7554fb52-c0d6-dd25-ce57-725d78fe7bb1,calibration
c331b482-f89b-027e-718d-e9ed54ac3427,train
399e2c00-8090-3a0f-124d-b1270a3b844c,train
72b46d1f-897e-d5a5-e360-259e69895413,train
1c53c227-f6f8-3dea-7985-3b1dadd64fd6,test
e86777f0-7525-d548-6208-d9022f7e1909,train
867ebc34-b13c-350c-6e98-3d438f0ae0e7,test
b85a1398-f35d-3088-4207-cc2dcf191cef,tune
9571b91a-5a5e-c2b1-fec9-cb3881235645,calibration
56f7afde-9c65-722e-ec40-0f74d5f01f5b,train
ba0c9472-aec1-3d5b-d832-33a97149cf44,train
ef30989f-4ee5-1870-a598-94a3bede1704,train
6b57d7d5-ddee-b8b2-7eba-82bce699b78f,tune
a67f281e-8bf5-320b-d887-6ad4e8bc69b5,train
c7cd866a-a341-2438-6512-22a58edbc9d1,test
52e6a6de-6754-3570-1836-9e98842ad941,tune
b4d87fb8-3656-82af-0c90-b682bd490900,tune
a82520c7-dccd-bad6-9d9d-d9add895501e,train
643ebeab-1b71-c8df-52af-63b9d0c1ec85,test
0cd9553a-3607-fe0e-760e-974e0c48612b,tune
4d2389ee-77f9-bd8e-71d9-3a1316f0535a,train
d5d7310c-b776-112b-f2c3-6a8eb5e4ef64,train
a39c525f-b17f-e420-1b95-98033b445698,train
09e2b066-59e0-373b-179b-2ccb08369991,train
ca3d8a14-24c2-b8b1-5b8c-0e60422d6969,train
55080c20-82d8-64ab-4a05-878a0636f896,calibration
6686902d-f8eb-e2d8-9dde-51be549adb89,train
6c963c77-3e67-18e0-27c6-dd6e207e0307,train
8e41b4a8-98d3-e516-1f52-cdae155427a0,train
afc93ed9-6e0f-47df-63be-503853a42269,calibration
f21820f7-1cd2-753d-1bbd-c3cdcfa050d0,test
a5dd51d1-99fe-4594-4af8-321724375f77,train
03e0c787-bbfb-ba93-1825-97a4b0cd9433,test
fa5fa8a6-9501-1e0e-7fba-b9957a3cb04e,train
111f2872-b129-39be-b2a1-27e006d865d0,train
b1821d38-9bf8-e014-a54e-41f1b4986cc6,test
ba6fe5b9-4db3-9cf2-2f1e-684550add08a,train
f45c1ade-c657-58b7-ad90-7507041d7590,train
14edfb1b-44c4-d3f2-6230-11cb58c694af,train
ea96b90a-208c-9ec7-0fce-ca04dcd3944b,test
1f45371a-0878-1dc0-08a1-5f7188c0d179,train
3d491230-6315-420c-716c-c66d6f26e5b7,calibration
4ca095aa-b87a-295a-2042-c4b93965877a,calibration
458594c3-dac2-1dcb-fa8e-b767358b8721,train
b11fb6c2-6800-1a2f-ce7e-f73d5f403dd5,train
52d03d7c-7cbf-fab7-9d5b-672be8d9aea7,calibration
05010243-0f4b-6b3b-0053-ba1994254845,train
28760ad9-18c7-113e-1216-e7d0990cd5a5,train
de2bbbe1-5ad3-f46f-4807-529d3ea8e711,train
d2bc55a8-1e67-32ed-cb40-62365b14918c,tune
c845172e-348b-501f-593b-2751b50785a8,train
274c87a6-75c5-0dc4-35ae-82dd887c12c5,train
0a8d5290-a9fc-8391-cef6-689be03d530a,test
468a0011-3cc8-b606-cf59-2d8c716d2bed,test
0ff8eeff-69c2-ebed-7da4-d8117b5a31fe,train
4c1aa124-f2e3-2f08-b129-3442eccbc91e,train
93643e29-92ba-81f4-e569-2d7b82949d26,calibration
69628a3c-9c54-6145-5e43-ebf67f7fe18d,train
8fc8e5f5-53d6-54c8-2c5a-6e40e178b337,test
e346b3f0-e170-ff4e-180e-973012b61907,test
f231ef6f-da01-2386-22d4-deee71e6062a,test
d9b1802f-b1d2-c141-ee0b-f4776ff022e6,train
33028151-7430-00eb-60db-7fe43abf8526,test
d015e7c4-3db8-aeab-8446-a5dcfd651db0,train
97f99c0e-4782-3c2f-b9a3-65fcc5033259,train
2d8b1d4c-c936-042e-5a74-f16d972c95a6,tune
87e498ea-6f7e-71ab-f41a-31971cf81fa4,test
eff7cb03-0723-c98f-18eb-5d587258c6c6,train
bcade5d0-f536-27e6-e42d-94c8516a4f21,train
ce86dbe5-a05d-88cc-13f0-7030d4bd8ecd,train
2f35b647-82d4-c0c8-d0cf-f04bf4332604,tune
337075c4-0b77-a08a-38e2-1c0b71ce939a,train
02d927f9-a612-d25f-0d10-abb00dd6e637,train
b78720ad-0982-bae7-8ed6-22438f12d9ed,test
a4e79a18-f150-bd0a-422e-b58dd71de59f,train
a374ed48-4412-281b-49d1-cb7e312f33ad,calibration
8773c95e-9d79-45dd-e802-c4af9467cae2,train
702e1ae5-c77f-2777-05e0-1339a2870898,train
af52262b-ba73-d802-cdb0-53e82383e618,train
03c3a05a-f577-35a9-b7fa-99abc2424aa2,tune
261cc056-a85f-73db-9df3-1b7f6904fc90,train
69ddd69c-546b-49d6-1a71-6ab559213566,tune
890175bf-ca57-bd59-1209-b509015dca2a,train
08204a1c-7d5e-681d-e242-ebe28d495a5f,calibration
adb7e82f-2c1d-9212-ae10-0480d261994c,tune
ab3d64e8-840d-804d-d42d-12c509109b70,calibration
a4669073-e240-6f50-a7f9-ab342d5463ed,train
1ec91a6b-795e-a3a8-8329-c506ddd56c18,tune
4fd2f062-863b-0316-4077-63f57262fdc6,tune
52b3cc7a-1250-f7eb-3855-8442f8bfbda4,train
ac0eb2f1-d990-05ac-ac3b-135a94c44a4b,train
e494dc93-7f67-294a-395b-0389e69c2b5e,train
bda04045-e79a-134e-4f4e-a7d81ddf5da6,calibration
2f2220ac-5c16-0d0b-6ca6-aa2888157701,train
670df7e7-f3ef-06fb-81c3-44d118cfae14,train
896f9948-5c83-bc6e-4e4f-2363ff75b280,train
e30c630e-b639-82f0-a13f-dbb4fc030aa8,test
df5b2395-a0ec-949c-db8a-b59ceb898d92,train
def61c72-1a19-07e0-1cb3-43b7018ddeed,train
1cc6086d-9f92-7a08-a5d0-85a5efbf1fa6,train
00b6774e-8db4-bb23-4172-25792c6b04cc,train
e19d0f2f-5757-d572-4f3e-09f42ba201d5,calibration
756b9a59-e35a-3d89-05fb-f6ee626759eb,test
48a7dabf-667a-67f9-3fcc-3b126949abd2,train
65ab2d52-452a-c5d3-2274-1a6f9615e2eb,train
97d20e86-3140-bc8e-0e07-03564e925949,test
9ba49856-a486-cfae-7e31-b3a8c9e0b3a7,train
792e15f9-8435-e99b-bcaf-13e73f564c5b,test
14b6f5bc-3573-70a2-c69b-d7743dde774c,tune
345f0cd7-80ba-0264-2ee0-a8ac8329e8b9,tune
a175fef8-e48a-0e93-dc11-2baaba74d336,train
c0870656-c621-5ab4-54c0-03ef83e980bf,tune
c5a049da-3826-847d-9090-ec44a59fa946,train
e7dd2a75-cad9-8085-3d02-375db8f4401f,tune
fb2ba8c4-ce93-105f-4b39-38f15993527d,test
6b0de790-4b1c-c0e7-7d36-f6053cad6ab2,train
b217d746-7d26-ed1a-ae67-cad43eb52418,tune
a160c2eb-3a45-dc34-8be6-78c156f34468,train
68f9f3a4-e0f6-ec56-8f44-784d25a5827b,tune
65795072-6211-5fd8-1a8b-cb0175530b60,test
a6382d7f-b350-c9ef-47a0-d681e9dc6b57,tune
8301a9e8-9d81-8483-c6ca-eeb245039efe,train
9421391f-ad2b-c375-c6ee-ebe8f49e6e80,test
08d6dc2e-f028-feb2-7c7c-216306864e41,train
72e04513-0ab8-29cd-1240-46b32986ae87,tune
4a5be844-3fe2-371b-6b35-d0a4c031c40b,train
60b0e1d7-008e-c779-d9f7-0d00dd905dc9,train
9d766991-54cc-0b54-ebcf-5cb56d70e831,train
b7ee763c-152c-4ffe-745a-ba09bbab9c5c,train
c4ff5249-109b-db80-d54b-86f1a30075e0,train
cc6198b2-e4d5-8836-b771-f0a3d9595e61,train
f00567d5-0768-258e-4b67-710be0009d28,train
9d8a6eed-d703-549f-338e-639316068b20,train
84575bbc-b891-e12e-8d8f-0f30262856fe,train
4f5f9ab3-c68a-ada9-cb45-10bcc25b20a3,train
af12d6eb-cdda-9587-2382-3b7babb5dea0,train
34036abd-33ca-4dc5-255a-70985fbbde4d,tune
d81df6f6-e96f-1b71-0ab4-d84410e12289,test
d52b33e3-c3b9-6c55-908a-280b566a3c5d,train
14a8c22a-aa4e-a946-869e-bb294868f711,tune
a58f7da3-ec3f-a6b2-6369-f079ef26bbc9,train
1033f613-a931-b0f6-dde5-ee590d4b2c51,train
7b94cfdc-23ce-ade4-188a-85f72b34663a,test
c457439f-a98e-ba91-8298-4a7ef712ea09,train
f2d4eb74-4fa1-069f-e413-85cb4ff82f5b,train
3417d327-c5cb-ee45-9d8e-0ed058569ba1,tune
17f4722b-3a76-3084-d039-0c0ca8d6832c,train
acb2716c-9b96-9a51-0344-29c1a08b7eda,train
e6047a61-73ba-fba6-ce3f-f14ac7cbe2c1,train
056da072-8bc6-1d16-4962-e12ffbd47750,train
e2dd8d29-87b1-aa23-0407-00537537707b,train
4a35b5d5-68f7-ff5f-f2a1-27a04fef5b2f,train
b99d040d-fa6a-daa9-dd10-4cbdb2923551,test
e69bc001-ce27-c521-3414-cb64283eb562,train
4c2d1108-63bb-f501-a336-269507ccbc95,tune
c0fefc5d-1cc3-9685-16ab-b02c1eb3bfce,train
fa833a91-05b2-b731-93e5-1feefb1b8c07,tune
f24c382f-e92e-1cd1-c166-819b06ea4b9b,train
fc09a542-eb46-7757-3707-6922b30bd959,train
ab44f40d-248d-444e-c9d0-adfd5addc27e,train
17310d6f-4412-72c7-2e0a-743e9bada321,train
38c48051-3a64-b972-16a8-eb2908406b60,train
2eb08946-9759-f62a-3d67-538330186d0b,test
264c5882-6f8b-df85-ad2f-8822b1da7748,train
5b2d52c7-5dc1-4c67-e9b5-f7287c8853a0,calibration
81904490-9f7d-4123-f016-ddd308ed2be9,train
a3f8159d-0516-9477-a9ef-b3f239d7e5da,train
ea292ed4-e4f5-6528-7543-3e5d0a996296,tune
792ae758-b3fc-0b08-c58b-91ec0e64f7f0,train
7360b344-7514-e6c1-15bd-11a9d8b0d54a,train
67fe6a83-8c86-fdbc-2987-c6a6c930a48f,calibration
46e0f689-d451-e2ab-03f6-8ed623538102,calibration
377ef266-d1b8-296a-fbc8-2bcf2d99750a,train
efdd63f8-16c4-ca35-8703-d6c97eae64fd,calibration
8ad88637-d55e-c374-ab13-7ba70b11d12e,train
c180e30f-21f2-fcc3-f75b-117c722438db,train
14929b52-7107-2fb3-7e42-45be204b715e,tune
29e6520f-cff2-176a-a7c3-a876b2d8e067,tune
89628359-9e63-365b-51ea-3bf3eec5681f,train
08970c0a-f21e-bb76-05b0-6145741f2cee,train
39a1cbcc-179c-f955-a195-5b9bcab564ca,tune
28ce4e97-465a-e08a-64c9-f6f5777b8042,calibration
be0c5360-6245-9892-3618-f449773dfce6,train
d088fe68-958b-1322-960f-eaf4b9baa26e,calibration
03e585c0-e900-806d-9d06-e08043e53d7a,train
e478ddfb-a73c-c3f2-773e-318e1d9794f0,train
f04addda-f3e1-d9c4-50da-f4688ea0205d,train
06080b3a-b0b2-c59b-f44f-7991972feda0,calibration
b435d994-a12d-bda4-a8f8-0c6e5b981b87,train
0797d77b-b71a-8185-37d2-c1c0cfac7313,calibration
26e3a8d2-aa40-4325-e9ab-5b78c67d9298,test
0df75032-1d5c-8d04-3597-ab818a1374c0,train
4a52b0dc-d42c-6e36-3fde-b3b2507a725e,calibration
393f544a-618b-88b2-9a08-d0a59019ed73,train
01f0f7c8-a537-74ae-333c-5bca7d28aaca,train
c62fcf5b-bb87-a09a-d95f-2a32b4165cb0,train
c03ec5ed-cba0-f9d0-3b02-948a250bf536,calibration
843b2eff-6125-dbc6-b81f-8fbebcba904f,train
33aef19b-c233-b46f-e739-70195d29d6b5,train
5e8681ea-f2d5-d697-4788-604befe33b3f,calibration
3ec6933e-6acb-d643-5301-9e6ad754dc5e,train
cd4c6b1b-6a0d-43fc-7d3a-7124bc7f909f,test
a4f8342b-6cb7-c0dc-e320-ced63de63123,train
c6d02d30-fac3-d585-f4cd-4628267b9561,train
883f8fe2-e110-08f0-e7b9-cbd91d068581,tune
4bd5e466-a151-6d8d-3c2c-79cfc0ef8b4e,calibration
6ebb20c7-0b0a-98a1-0c7c-248e06301666,tune
cacc1f59-e120-8588-3e5a-57ff400fcd19,train
b58fc51c-081d-290c-efd8-e5bbe46d5f55,train
3ffbcbb0-812a-f75e-aa06-51919557dca3,train
10543d75-19bc-fe0a-6228-efd1c2a9a79d,calibration
6e13d431-6348-f408-f0be-b5398125b143,train
e679856a-fadb-5199-d62f-446dcfdff28e,train
d44b0bb0-7d16-e90f-139d-a785678790bd,test
e6bf5572-8d89-7376-d78e-255a89c2d8bc,train
8be53c33-1f03-3192-f504-f0af0388e2fe,tune
28fcf8f9-8ec9-b21b-95fc-4f80a5063c17,train
27d492c7-04ff-fd48-2061-de420b8abd1f,tune
1558346b-2094-528a-0a93-831d1ab6f050,train
7414c6f7-306b-6ea7-b9ee-3e2bcd30ad3b,train
08335757-e09c-3306-aea9-168165fce5c1,train
f434148a-94d4-2646-0e84-cf3503bf491f,train
f8ee9fcf-16ed-52ea-8733-32890eee6e98,test
8e874964-33ac-4ac6-436a-1e4610ab6c52,test
d8b639b5-dda3-3835-0a1d-d74135eefc46,train
7525c040-9091-8fd3-b8df-967af72360af,calibration
bb91da06-f2b9-744b-fd4c-5b7510c73685,train
4c4df0a1-805f-ef86-f0e3-98c97081df84,train
456ffedf-68a9-872d-88a5-60eb6ed1aa0c,test
10c3c79f-d3c2-d2f9-f362-866edc9d09f0,train
0136bcfc-3409-1b9f-64a8-70e3910f9e4a,train
cad674b2-3012-076a-c0e6-e677768b5e0f,test
f4b4810a-aea7-ae2c-ffd2-735913a67675,tune
f993de40-1169-b11d-3906-a1bd04860134,train
6210ac94-24f6-4c68-af70-e4d328da8a90,train
e8ec5fed-bc95-eae6-7b63-b332dab63681,test
96667bd0-ebcf-1ff2-ce10-c28f6c628db0,train
0a2342b7-0b11-dc2d-4bbe-0b09dba5882e,train
184e8e0a-6578-0f10-baa4-d6fcd28ed94b,test
ea251529-5135-307f-77ca-30405a71f469,test
e7b853dc-82d6-780f-e7af-bf4d15d1aad9,train
d9f4ce40-c875-a65e-fd89-171d409c2c6e,train
ac3d896b-1730-57af-74fd-13bd73a60c80,train
0d8e4020-1254-b0d4-d7f9-d76b4a435983,tune
9990567a-ebf2-5a74-8dc0-4fc9e66d07ac,train
243fa77b-0fb6-fe71-9256-dda9759ec1c0,train
da2436fe-b1eb-9ab7-f01c-00e8c734ec42,train
461de92f-a0c4-2270-3609-167320db5111,tune
8371d171-830f-b150-5e9b-937554a8cd5d,test
f45faae1-c422-fca8-6428-d3035e59ceda,train
be8d2421-d0b1-5d5f-8508-145e7b5df11a,train
17eedfa6-2687-33e6-139d-e5383098253f,train
8bb94ec5-e825-b225-4cd1-f9633c7a7cf5,train
d9d45707-0dc9-0987-366d-65bea2053cd4,train
09b4d144-323b-1d06-af57-72f091771256,calibration
8b8c3e80-55f9-daf2-21ab-53db4a358296,tune
93ea20ff-cb26-2ce6-9d07-3e0b211940ab,train
107889b5-1f15-713a-6022-12dbbe76bc3b,tune
ae662094-9db2-5c4d-e6d9-0801233cef05,test
a4d1fe09-0013-e961-dc17-dfb7eed2c0c9,tune
06c192bb-a48b-b209-a103-c0a60bb03c44,tune
70f37614-8287-7835-1dc4-e4d5adc3525f,train
a00d8511-7b7f-0b1c-24e2-6afef94674a7,calibration
5dcdb0d7-566d-74c5-4aa5-d084975d1b93,train
dae919f3-888c-e151-d943-6a5dbd0b295b,calibration
6a4bc100-a0df-a891-0fae-134f288184a5,calibration
fe53c17c-8973-5eae-3a36-c6e6471a2c5e,train
b04ca534-b47a-1a3e-0dc5-ce6ce62b8437,train
dec7e381-7609-307a-6618-b7d081b1c245,train
90d580fd-8ce0-a7d8-5e98-fd164b28eda2,train
2ee1aad8-db6f-c624-3f5d-3230ad51fefc,train
82eda98f-c1e6-71c5-c7ac-e4332b0e9f47,calibration
3e8e636b-2f32-8602-588b-ef90d7e51632,tune
5f69d6df-e48f-6cef-0f34-9cad9e4f3e9d,train
99602484-2843-8e63-3671-07d7bbf37c8e,tune
83a10c44-14ec-ac0f-24c5-73f39fc450ae,calibration
5dc86c48-400f-ab94-e1d9-6e587adb6f42,train
4897353b-6af5-ebc6-7358-786cd6adde9e,tune
452bdf82-186e-8f8b-85bd-0395c8fd99f3,train
08fa64ae-7ee7-8a5c-4530-b8e4f0692abf,train
69f5bd0a-bbe5-0acb-8f3f-bd1e2acafca5,tune
eac8c49d-61bf-e014-2784-0a10e6c05311,train
b5c64645-3801-8054-98fe-5d5ae89090df,train
41b45063-25eb-8ddb-facc-72ad09749585,train
499d6be3-c261-0f2e-2055-73059f0295c2,test
c26cb43b-3043-2864-121f-1f0a7a996c9a,tune
7f18799a-5602-ab6b-5df2-eedeb5166998,train
25d745e7-88b9-478b-42c8-ccd7adda7c3a,train
804d2c00-fa80-5815-d7f6-17acad3e04ff,train
529c9470-5468-a6b3-a263-56937ffb7f83,test
c0c3af96-5467-9fe8-a85e-34747f1bf302,train
5a6a01e8-bd98-692c-8f71-b93368671c4d,train
e9879f19-31e8-8948-c947-979ed619e962,train
528962cc-9b66-3717-d61f-2111355f7023,train
97d726f1-a22d-aa20-7de0-b4866a16267d,test
1e59737c-859a-2861-a562-fecd746e7653,train
d8a58105-ae37-c546-bbba-4df8e8b8c732,train
0165afe1-f3c3-e451-f6db-4852091f9007,train
0bbbdb9c-a7ca-1187-7a5b-81788c52915f,tune
1aedb327-c83c-1cb2-3cbf-52f2836cfa64,calibration
e6508c71-1628-3bb7-f5bb-bfaf14293abf,train
a0801786-77b8-8d9c-d852-b3b81b65fe55,test
c67d2b48-d377-def9-ffb3-05106a489510,train
daf38f5b-ff8f-4885-54e5-2146296eeb38,train
3c74c2a8-b172-6c62-0b23-c82819af4af6,train
fc546e62-3ac2-ec08-bbd9-9e6b5bde7765,train
693d649e-45c2-9676-723a-77ac98b5ed67,tune
b6e4ba63-5df6-ff25-6455-42875c4a5f17,train
37712d6b-f33a-ecba-9fa7-1528187764b2,train
280dc7d6-b581-55ae-bc02-c021e605fa7f,test
2a37c822-62b1-3634-c409-78789458d3b9,train
d825ae90-5188-599b-9fc3-cb3a0aecc1a1,test
91f4b710-50a8-7b09-e64a-347c5976d7bb,calibration
f655c1dd-4c71-e9af-bae3-881d94a5a3e6,calibration
fe0f3203-0801-0566-004a-14a28213fc6d,train
7481baee-1b44-8abc-2388-dec1a04328c1,train
56dfde11-0e9c-8242-26ab-9338f9ec662b,train
3d96accf-234e-332b-60f4-355efe86267b,calibration
35732d8c-8c61-dbb8-1308-9cd17ad291f8,train
3699b35a-3ba8-0170-ece1-b509cdeef253,train
10e9d505-920a-8a2f-8041-b4f9965655a9,train
15afe7f7-3ebb-5d18-c37f-4ea0cb71cc17,train
841d4609-3fa4-12a5-ceb4-6c1f99be1a0a,train
5ff846c4-f6fd-4bd1-5579-04682cd70eca,calibration
677bd2c0-bd96-640a-87ee-e93775e4d587,train
8f5c22bc-b7b6-c66a-9f6c-b6639078202f,calibration
99673b43-0ce8-2bfb-bab0-5e5ce89c0c79,calibration
1074e61a-9b8b-6ff4-bd94-4eae1a90e2f2,train
aafcaacd-7450-2844-b0d6-a65c0a0ab984,train
3895fdef-2ddf-8fb9-72d0-4087d34dbc7e,train
448d440d-03d6-1689-4de2-8048639ce5ad,tune
d9145ac8-d11d-fe2b-7135-89822ab221f8,train
b650ad1e-3035-5e52-f9ec-15bd83391d74,train
9f879056-8c62-5eba-f8bc-49e5cbed31ca,train
08d05bfb-8a4e-1c0a-a6a2-b5423add5815,train
6fa2b718-860c-230e-c026-fc910fd86310,train
739ab184-1969-b215-f18f-e20532a56d0a,test
475c99da-f141-3418-3a3b-80407f818c4a,train
dced6049-1b3f-575f-537f-16d3708599be,train
2f615a64-c800-a00e-2f05-9b598f3f290b,train
d37311e6-a31a-7588-841d-e48970542f83,test
9f0c09c0-f185-e5d9-9f7e-8c78dec5fa92,train
593b3ea5-b962-f38c-99a7-a78082ee422e,calibration
ff435ded-65fe-0514-9e5d-e2907cbf33ad,train
fc5febdb-fe8e-d9ec-4fd0-bcfbf8ad7024,train
186d81fb-fced-1d99-ed69-0d6e7b935d6f,train
a74808f2-58f4-0a1e-3557-6a0340695c42,tune
4a9d5b54-4dce-be16-fa9c-223766cb040c,train
9e1525ce-34c9-c2fe-d652-9c38d212f83e,train
c37fd4b6-2529-02d8-c83c-585df05dfee9,train
7bd2b886-3580-6471-65d4-8834d8b9eca0,train
e1f6bfc7-0f05-eaa8-e857-8127a3431f93,train
7daf63ef-a7d4-e03b-965a-4b33e6b11c4b,train
e1b0407d-a91f-870c-a3de-82a2c75adb61,train
565a2b73-8849-5ed5-dfdd-adc24e1b6e63,train
db7006c1-8424-8012-d0cf-cc2751536bdd,train
eed0292c-111b-3d65-bbe9-b1921f81c3b4,train
f585c9f9-b204-2171-0434-5f75db8e4121,tune
9811cc3d-8378-9de1-53d7-498a63d02efb,train
ee02a881-03cd-b44a-1dd7-df2f93b2df1f,tune
de553fc2-4911-5bb4-8307-60d626c5181a,test
29924f94-6faa-42f2-e4f0-3c0e4a78e72e,train
c2bc7665-7021-cf1d-c953-fbe777fb919c,test
6dbc66bb-a804-40bb-115b-ecea2e528788,train
2a394416-9bb0-50ff-dd39-cff202d1dc1b,calibration
c81c1477-1a10-0f4c-9683-a0ff7cc48680,train
7b2f6d50-47a3-0ae9-29c4-55ff0f1823fd,train
38571095-d867-b438-309e-ab0319682fd8,train
733d92c1-b8b3-535d-1434-3fdc65a2248a,tune
dbc3ddc7-4946-214a-9abd-6d1c7e1858d9,tune
0cb23dda-58e3-2e34-6f22-496369a40f7d,train
4c195e0c-33a8-89e6-4196-3dbab53c9847,train
a0c11628-8bfe-73b6-78f3-1553b485431e,train
a8dbd0dd-de9f-1a35-28a3-0cbafb834873,train
ce799d63-4ada-2b2e-aab4-9c78ba978cb7,train
86221f81-7eb3-e6b2-3c08-9dcaca7cdbc2,train
819e8898-2110-995e-0867-a0241d870106,train
54072e81-4843-a574-d8c5-4451d8f2eb89,train
73f77bef-f1c9-4d42-cde4-80ecf031f333,calibration
2138f328-fd9c-f84c-ac7e-ea8e04ef7c94,train
16ca7e1c-42da-fe62-faee-bd0947a5e9b2,calibration
d7798f4d-a36f-dce0-4c16-3b5bb0fdaeda,tune
2e606bc7-9c19-9f0a-d722-b883be0a8f34,train
74d3202d-57b3-3817-752d-cc8b3285db7b,tune
9b806d87-0f9c-4bd8-11dc-2bb517c417ce,train
f38be622-cc14-5c4d-70f6-edf62c308363,train
ae551987-9037-7ead-1f74-06f8fe29b62a,tune
561c7ae7-d512-e3a1-f2be-36673037038a,train
5eaa4290-70d7-2dab-438b-bf68264fc4dd,train
b7e7c24f-365e-51fb-b202-a039e798be82,train
b45feae7-0c84-8c2c-7902-e922e7a6c3f0,test
26d2c206-e426-530a-6f57-06df3be46364,train
65872c68-b87f-be80-ce44-d9597ce42680,train
1b9e65b3-34ea-84ab-b076-d8b002ce0298,tune
69628750-77ea-68ec-1aba-431a1e781777,train
3bf891b5-0178-c6b2-e5d8-a79f4e0d36b3,train
a0305a8e-77f0-567d-f506-bdc237c56aa5,train
1543bc2b-ef90-eea2-5306-af679d2b2ef6,train
33a5cd28-f8a4-63af-78b2-f06607a2d10b,train
379adde2-34dd-4fc9-8168-f5e06c9f7dc2,calibration
9d0dd5d7-8d22-353b-3dbb-e8439eb98110,test
57e1f007-e028-27b5-d9bb-355b1dc3c67f,train
ded57c0c-63c0-3954-1170-e95d9a61c06d,train
2bbf0337-14a5-3f5b-2150-a868346317fc,tune
2adae287-187d-bdc4-9426-8965f9b3c23b,train
126f2e7e-905d-f2bd-d7bb-a776dfa5f27d,train
8b9a7459-6d25-06ea-4de2-333a7dcd5a5c,calibration
1bf8c5b8-9892-13b5-b246-8f007e3816d7,tune
c7a0e4bc-44eb-c5ca-3b87-adc2d2dddad9,train
76e7d813-1016-1a63-237e-d6e867118416,test
a732000e-eb74-87ce-87a0-34fc4a75ff4f,train
cc5ff415-0f63-5288-b8da-42f9b2091537,train
d74b1841-0753-ae76-85e7-e62511220411,train
c4fdc696-8d4a-019d-e096-ae1aeb1183b9,calibration
00ee557e-e017-c990-34cf-84a12928345d,train
811ec844-0d86-9107-7fc5-e914452e49a6,train
1a6c0046-c53b-293f-0107-36ec0ca15455,calibration
ee05f4df-68ac-4949-06c3-f21b22a5d278,tune
02c32f55-eb2a-7558-7789-2ad66ad260ce,test
01629b9e-a66d-60d2-64b9-15ce5da00e52,test
5502ff93-48b7-1f32-8310-286536c2bdd2,train
d1dbc561-bf86-f13f-bce1-447b54fc1798,test
10002610-afcf-037d-cf02-ae013325ef4f,calibration
0363ee56-432e-f275-a7ee-82b24f0f64c0,test
ba033f67-84a2-246f-2b86-405357dab921,train
98da0fc5-3e6b-7766-456b-74e64bcefce5,train
eaa9ec66-02aa-04f9-f97e-1658eebc9966,train
6871c529-d8fc-8fe4-1ffa-21c922f251c2,tune
98b23590-3b09-c2da-8dd8-723d20c96017,calibration
f2457759-2a7a-43d0-a05f-c4b5d11d81cc,train
1246ab4a-a7dd-13a1-acae-abee06c800fc,train
7eea0101-c587-8058-1cab-f29f53edbe7d,train
e28eba1c-0d8d-2382-7c47-9da7e4e2cc97,test
ecef4c34-b3c3-acfc-739b-3291135d2926,tune
0f976dd5-0bff-9cd8-fef8-1eb1b5957e4f,test
fe32448a-94bf-c24e-9202-01bd9a03b42b,tune
c1771ae3-a5a5-077b-473c-1a7460612efc,train
573ed63b-8dc7-ac9e-f779-864c9e8f6e64,train
348fe3fd-f55c-1d0c-0b64-aa438d04730b,train
4b1b5882-7a17-91e0-50f7-d85ef830b34a,train
a2a48c7f-5313-f812-7612-1eb1a6d2c7fc,calibration
26083747-0634-c9d5-2ae3-25895f5a37dc,train
065c50da-a977-b507-1351-cc5d6f6e0a36,tune
ce581530-dcef-8528-afca-71a7dc63d9d0,test
5ef0f37e-e63b-9352-4721-40fe039b2d64,test
905d59ec-b223-e547-dbc9-a77fdbc8e26f,train
c13e9f41-fe58-c543-43c4-620510fc858e,calibration
a1a38636-ebdd-06d8-94b3-7852f725834f,tune
a9e81923-af28-37d5-9183-2c8471abbe6b,train
53761967-2a94-a509-26fd-8658387cab21,train
1afc84dd-17c1-9006-309c-e3790abf78b8,train
7d4c867f-8cba-f793-1a82-4ab6e5b9ef1d,train
5c9b5034-2ff0-b173-6a93-2396d72d491a,train
42a85b78-cef1-b65d-a407-8e21ba796ef7,train
1dee5d2d-1c59-0231-3edb-a0038baf85ed,tune
15abfc0c-7c99-276d-2ecf-096dc7516f83,calibration
2eedabb3-cccb-2220-f486-bb28d73ed491,train
be47d7f2-7031-19a8-0b13-c58e1e8476a6,train
5cd346b1-2c51-95bd-dc6f-240076ae5c88,calibration
2c519048-7b4f-2a3f-a119-6823ee0fba3c,train
a4c05ad7-3c46-3406-889f-a5cb4c6d28c8,test
7464f712-bc2d-0df9-38aa-174b398339de,train
9e05c003-ad6e-f28e-bbf2-b2cd4385e9ed,train
562aca88-856e-2cd9-0679-0a7dde7647ce,tune
3a33f8d8-4d91-a65b-07db-743f6ac679c9,tune
222e8924-5ea3-ece9-c1b9-99e56d040529,train
143ae743-24dc-e11b-b2f9-f23c3196b1ed,train
593ef633-4c26-e3ea-1546-00ee6b23b14f,calibration
3b42d312-8325-e427-6812-07cac97bb133,tune
cf6f4c10-237c-b1d4-29ab-9df5f9c9a105,train
740922e5-6b57-95f3-28f1-74b5a9c5d164,train
9105084b-5558-7913-41a6-1ce946908e1e,train
d3d911a7-910d-d0a8-244c-604794cf7aba,train
fba804c9-993b-feae-4d77-9cfe18ae34a1,train
1b09230c-75d2-539b-da37-acfcd7be5fd6,tune
b4f0c25d-96ce-230f-e797-63e69bcd534d,train
8757708d-3f11-f958-7638-4d6a2d7dbf82,test
78b295d8-3338-e7bc-c60b-f4c709de9b22,train
a2c3a4bc-988a-c6f2-f3cb-c7071065a124,train
fabf9e83-d60e-e7ae-f346-d6c7f24a8943,train
1fd0a369-c799-d0bb-d8ef-718e89afc1f4,train
56b2f4f4-774d-0916-d53b-f42c477354c1,train
1f06e44f-ad3c-fa8a-4a01-fdfdaf4caf30,train
ef5703f4-3737-eacb-7ec3-b24b75c337d5,test
fd97d696-dfdd-66e7-90e3-4c96138810db,train
8aac5a92-b324-2b7e-0b05-98ad2b9b6017,tune
81124a12-f732-2dc8-0eda-676339d6fb6d,train
11b96390-6bb8-276d-f185-9c330ed8214a,calibration
f550d494-2bf3-2eb5-7ec2-5cd52fc8841f,train
19a48ea9-f13c-1b09-d77e-06b8862c4835,train
bff13d4a-fbbc-9a7e-e48f-9015aedf7696,calibration
b458b58b-453f-6a79-99db-5bdb2f5249c8,train
269b9372-726c-4c70-5524-a9dcbfd2bda3,train
edf19e86-2ea9-0568-453f-6581398beb6e,test
9ab7d835-25bd-d811-6fd6-fc97f850149a,test
7e61f0b2-1b06-0e14-b587-223f3daeea80,calibration
5f65c132-ab18-dc8a-40a0-3d67f1a59487,train
8349a9cf-a5f8-5c78-3bdc-f4f34152ff11,train
dd13325e-c328-3289-b972-0ffc62a34019,train
7aafcc8d-2bf0-6e30-a334-89774eae9cce,test
59064cbd-d18b-bb1d-1d62-a563f908bc02,train
c15a4a51-b8e5-5b5f-bce4-759a2318af1a,train
6bceecb4-44a7-21a8-5712-df04cf082135,tune
7baf0c58-5b65-5cbe-77f5-3a97f0308723,train
1224ea4f-202b-5e5a-900f-dbd6d3aafa0c,train
9b0abf02-cf6b-0abf-55ed-762f147109f4,calibration
15745e31-b3fd-0d24-e771-ece4b855712f,train
467e4394-7a4c-b108-676c-5e6da904d3ab,train
44238263-b9d4-c306-fbb2-d966038d10bc,train
d18ce948-0dd3-198c-d135-bc0dc932cd4c,train
06472891-af16-2e63-773a-1e1247d231cb,train
a72edcef-a396-d414-b6b7-099826c9f205,train
7e01d9f4-9058-3a8c-cab0-114f2cf3a7e3,train
942a81ac-44ba-c4be-0332-4a882b06def1,train
e5e4a84e-71c2-dbd6-cd01-ca17d11e9e89,train
8320e378-3268-08d8-2ec0-569aec0870e5,test
709ed0dc-3355-1cc5-a852-58206557ba43,train
65d7d81b-db21-0d41-bb37-c9019b825795,test
246aa810-28b1-eb6c-341f-acfea513dbc3,train
9e9d135e-50df-31f1-51b1-2cb0ee889530,train
9ef5f6b8-41ec-78a1-8660-38ff18d6c93c,calibration
d7c4d67e-e58d-0b48-918c-6a3dd186d70a,tune
0637e46f-ee9b-e531-9202-ab8d7acf1a54,calibration
a5227a73-2829-1ef1-32fb-694957bf42ad,train
ce6f10ba-02fa-c932-1eec-41d75decd6da,tune
caa5f85b-36f7-6657-1957-427c25a5f6f0,tune
aa6d7f25-3f3e-7243-8abe-5008ad8b0ab7,calibration
05e34544-4014-2946-44b0-d5dd8a1c92ea,train
b8ea337f-e3f3-e42f-f7af-0abaa1b625ec,train
fe05c3e4-9b9e-da4a-83c9-39ade1b6de2c,train
48a7c4c1-4523-7726-f388-dcd56ddd7913,test
cda7679e-623c-5657-a745-49298b53db0d,test
a08fd9c6-acd5-9ff4-c497-48fc08a095d7,train
c4a4e41c-85a4-5cad-32ff-5f6dc876238f,calibration
34b0af31-1d73-5efb-ecd5-40a4c0e9538a,test
087fea2e-03aa-a0f0-84c2-ac32ac99dbf6,calibration
55b5121e-e30d-9499-a1e0-8c1516b6728b,tune
8310acb2-d2db-a3e1-3a10-389c5bc63c93,calibration
58383aa4-9a6b-af27-c240-30c4a33838d6,calibration
d0fc0118-b26e-aa61-2a4d-e8328f31164b,test
eaf664e7-01a4-4102-3c0c-ec072d16432c,test
68a80837-aa0a-6ff9-8250-8c7897a77284,train
1e0dc2e5-adc7-4f4d-f95b-2526e8cab3be,train
e771d180-3076-a7aa-360e-77f87dbdf66b,train
a8ceb1a5-eb93-1dfc-273b-b23544102bc4,train
7c9fb92c-d07d-584a-53ff-51c4e6ab7474,train
e7e7574b-f53d-af36-5d19-fb86d2c21f9b,tune
3f3607f4-0375-d0a7-d04c-0524b846db62,calibration
513b7e57-68d1-f49d-52ca-364b7eb2193b,train
77ceb920-1fe7-8c05-fc6b-b34615ea3486,calibration
8c0657d7-8059-bb51-2186-b6dddc6885e3,test
f81b3b2f-baf8-63ca-c13a-19d046529a02,train
868375bc-e870-b6c5-5442-5696441890ee,train
78329ed6-cf5c-903b-a60e-50150f5e02d0,calibration
230c185c-30f4-5af7-369e-abc3447c8cd8,test
9ab44a30-64ec-4ad9-82b7-e91e7825b617,test
f9444444-150e-105a-43f5-c51b958ab45e,test
a152482b-ef97-f115-75bb-57067ed0f65d,train
a25c28f6-abe3-7307-4492-4155d59b07b9,train
df363dba-3699-5127-c970-f67718706f08,train
23562cfa-502b-5244-3283-c061b0103a47,train
c47dfba0-4070-a010-86fb-fad3b1408357,train
2adcbaab-46a1-d1e2-dd5f-6bdfc185ade3,test
f4b47971-9411-eba2-8a36-f21c0922e777,test
1a3581b5-954c-d202-64f1-a32dc2a398fd,test
07010a5f-4891-1810-d3ff-861597816157,train
f5585df3-f110-60a4-c4cc-5936d9b56c64,tune
0a220b4c-236b-0fc5-8f6b-37280eda2317,train
de380898-9267-9a3c-ab20-9fe5829e21b1,train
1a026fea-f523-721f-f699-5f53154498fd,tune
cbdfd048-61c1-b991-b084-701427d19238,tune
8e0e03df-fe1d-b09c-bd9b-137e7014fd3b,train
e441b397-2172-62ec-3eab-346862eeb6ec,train
12bfa63d-f079-aa0c-3fdc-cb1a2dc574c9,train
06f89950-10a7-4950-a53e-9f5e2c6f13b3,tune
2d523d1f-eede-49d2-d44f-c061cb663123,train
5c52fd6b-a6c0-1a50-c185-e8d32d904e4c,train
97151282-937d-2359-3e10-b2f0929ff81c,train
b72e9418-9326-a450-14e6-90d026e7adc1,train
43db0dc0-a3e4-af98-0cd5-efed6e5ce9c4,train
ca1d3b81-cd84-76dd-5675-7d7b2d54c05b,train
c20ecfa3-0b1b-95b9-643c-fdd396ea2577,tune
618834ab-8ab0-6047-0aea-cb4898bbf9c8,train
913fca4c-b706-32ce-60c5-bc4a670671ed,train
fb96aa00-638a-4818-e557-0f2a313e2d03,train
2904d5a2-a424-8926-561f-f93cbe1f0d4b,train
2b552923-7073-f317-ade3-b6becd66f044,tune
de8b6882-d8ba-4c48-39ac-4989f2754050,calibration
33635104-d746-29e1-7b3c-26b3c82a36e2,train
d2c51c5d-5ce6-6dcc-2e0a-7973a57b3202,train
e1f1de67-8f17-77e8-b44b-c7faa80c77dc,test
411173b5-f914-e9f1-7aa6-63da5e1d21f2,test
39f46603-bfb0-a625-7afe-c8c97e51f2d1,train
f046f92e-26cc-9032-77c7-b33d9fa7dc22,train
b73d7f6a-4555-52d5-cda0-f56bef1f8620,calibration
2e838aba-30ac-9e0a-c0da-d31d4f3e38c2,train
1826f123-2924-7c70-791a-c74627d00643,train
f6a410ab-cd3e-3437-d453-b05ba27cee00,train
bad5d8a5-878e-f460-1f3c-ffdd66839b45,tune
b9ad1c36-3f19-c6a5-f4f7-0c714f77df82,train
437440c9-db79-09ff-094d-0bb263324eb5,tune
fd05b5cb-c985-9360-c72a-111e99acc548,train
497a3195-2dd4-de6e-a81a-48c00c310cac,test
20a6aee8-9de4-8c72-63c6-a00c548a6497,calibration
7c6343a1-4939-ab25-961c-3b7b3ffbeaef,train
506f6cb8-5027-ae44-ba66-5cb44bf82afb,test
36b6a82c-7806-e3fd-81ad-89f10fc07360,train
bf8437f6-1b05-4b29-dc2d-1552ad9af18b,train
356f0dc6-30d9-bae6-e208-ddf89b13b059,tune
89b1a1f2-5694-1183-95df-7c2b550407e4,train
bd7bbad6-cc90-142d-46ea-18ff00d00e7a,train
51356fbb-abbd-1021-9239-a4d8b2aaa538,calibration
350186f2-f68b-f056-8efd-0cde751e8e62,test
f3dd04ca-75dd-43e1-2419-d2e924dc87f8,train
25711eb6-6926-6636-1b01-0acf8aa9f506,train
7e26c263-8173-a2bf-a05b-5b10a3568fa3,test
ad87ae9f-b0f5-4c1b-746e-aff19a6658d0,train
3ff812f6-a683-fe7e-07a0-7bea05ab85a5,tune
f4339dcc-83df-ec62-9638-3a62910142aa,train
60988624-5cd5-0b4b-e7ad-a3582fc8dccb,train
7262f49c-18cb-e9fe-9df9-f8fe3d73a36b,test
2cbf294c-9810-9420-502b-6320a475fa89,train
1319d321-12e4-5ce4-a8ef-9e0da11e7428,train
34ef089d-1d95-9062-6de4-d0fc38ba78cc,tune
78754774-3e8f-442e-0d07-a918ea459378,train
ce27938a-770d-da7c-0925-b374551a73a5,train
a4c55a2b-fac8-9cfe-b45a-097864a0f2a6,tune
21b1d82e-2371-7cf4-2a1a-d48de52d121c,calibration
c31c93bb-7a5a-ef99-69c6-db33ab19b860,calibration
5f3059a8-b8cd-acd2-2275-894bca43e77f,tune
8de6c77e-c4e2-4272-9607-ad6b8b18bf9c,test
e03eaed4-7220-1513-5768-295f31b1372d,train
878d6939-12fc-2c77-7409-a6d351e4d0d6,train
06ce788e-201e-c8aa-b771-716757877f25,train
448dc95d-1850-47ba-cc9b-866179a8267e,train
c78601f9-7ca8-b023-92b4-e5adc6ef0afb,train
91e74f53-9426-ff9b-04e5-a85a32b45af0,tune
f3e3d33d-724b-f953-d0aa-87d87012105c,train
38f58c5c-9332-2feb-e407-3c2cefb0ce09,calibration
f5722de3-14d8-e8c0-8045-6325d3da4c41,test
9209a532-5afa-a1e2-0074-0bb86fda0ff6,train
43e49ccd-77a4-d9b8-41da-a67dec5920af,train
203ba263-ae2d-61ec-b9cb-462ad6403e4b,train
17692997-535a-768c-cc84-0ef4bb883256,test
46e81837-8f66-9d4e-a2ab-4a16ac3dd725,test
2a51b571-f732-677e-cfd7-c15a305c1d27,tune
a2e0554a-075a-e81d-70be-1846c0029b1f,tune
3a15a33c-f50d-9853-0b6e-d214c27c1df3,test
2f640294-2941-fc54-61ab-18949a831a97,train
711c992b-39ea-4a61-fccd-430b2511d963,calibration
498d2a96-7278-aed7-b85c-19713bd51aef,test
a097e5cf-7875-995e-c31f-321553c386fe,calibration
e79f3f68-471d-e5d9-b7e5-ba2430a985a9,train
083721e7-998b-d4f0-272a-18c6381443fd,train
14bdbaf5-c94a-dc73-09b9-83d1cfe27aab,train
0b22bfd8-2738-3b46-6938-808497e14a5a,tune
f33db46d-9419-6b84-1ae7-4a1992abac38,train
47bd1c45-821d-7562-4857-c94a3401858c,train
9dcd27a7-083d-a491-6f9d-fae2927b3547,calibration
6eca2ad1-7142-df32-f79d-ed5cdfa79dc7,train
70143efc-7f6b-51db-49d8-094528e23e42,train
7281f68f-9b16-a289-591a-3c96b28246ea,test
88ce4866-f02f-0b4c-4fc9-e08506d20cb1,train
23c912b9-3ebe-a4c7-784c-fb6d4ddf79e9,train
efb342ae-a997-217c-9ad0-9bb99574f0ee,train
2809ca94-1792-0afa-3290-9eda8bbcd76d,train
55439836-f7a0-1ac1-b518-d1bff7541e3e,calibration
5f2f244d-6278-c299-a6a1-e465ded80e71,train
a61f7444-ba23-92d3-e203-0bd48d1c5bc1,test
8b76b335-de0d-ab77-3ee8-3a4f58afd71d,train
933062db-8177-2b62-f3a9-6374a717035f,train
233876fc-be40-43ac-6587-ddf69c94d363,tune
7e4c32bf-838b-ca48-c5cf-62281d0859e3,train
3d8187b6-44b7-eb0f-7f2b-27bff4a1bf00,train
d6338a0a-ade2-875a-9d19-012d9de63c60,train
2784ebdd-1446-5090-8b9f-955a2f1f7feb,train
1a328ffb-8cfa-28ae-1008-d3995c9d4ad2,tune
725cddf8-093a-7e27-8d34-cef7a50193e0,train
484bb4fc-66d5-0f97-456e-fc3b4f8e7371,train
f6c89c98-172a-0b45-bab5-afaf8286c747,train
3263f734-15d1-539e-c8dd-95581a9d2e85,train
c915a803-85c4-0123-d05b-1befc84e1237,train
c4683b72-fbd2-ce63-de38-7dfa42ec11c4,tune
322d8e60-dd70-2a82-64d0-2cf0d4cdf712,train
0931b8ed-06cd-fe8d-c562-24719d2f0863,calibration
9a7b80bf-6849-adaf-8269-736a9e77d66d,train
a4a2615c-b99e-e98b-b241-6039b293d849,test
a5f576e1-3938-d6da-889c-4c308c78d12a,train
0752bcfc-0bc8-8b86-ac8e-9645d592ca83,train
0efb9761-1aa4-445c-2822-073344db0948,train
cab261a2-4ce8-31cd-a713-20e7eff9a52b,calibration
c96f46cd-3547-13db-2e20-f2e2464a8093,train
279ca3fa-73a4-9429-785a-27577f01d8bf,tune
79849822-e24c-6926-d23b-6c8ef00b1155,test
6bab01fa-9b74-5388-4f5f-1eef4db8c748,train
9c61ea49-00cf-8f6e-fd93-7bc0d6eafc0f,calibration
46ee3050-fbe9-29ae-cb45-4ebc058b460b,test
6382f4d1-befc-f4c2-8695-cf35c596e648,train
8046d76c-02e6-c2af-00fb-3a117763d32a,train
cede1bb3-eac7-6d08-2050-d2db1429b76d,test
5afa8af9-8341-4e34-eae7-c370c55d325f,calibration
305eafda-b6a2-99dd-5dba-1e894bc39c61,test
52e76ecb-3532-93a2-1829-0574fab08f0a,train
dcfde4ff-8f6f-4bd2-5dca-490fb27f2260,train
e4bf8173-492b-48d6-9586-ae41b85a2a4b,calibration
34d6d6fa-5e4c-baf6-2a2d-f6753dab4e7e,calibration
4cb66062-d477-e8c9-d3d7-b1b3884e2e1b,calibration
59c6ab8f-2d60-d6bf-692a-321081d45aec,test
2d8ec6de-538b-a0ef-a8ba-6f1e2b69fc4d,train
fc05928f-df36-beb9-941c-9d136ccbefc1,test
527545b5-ed01-e8bc-2fa2-64819b9dde23,train
cf2a5775-ab0a-a353-6b08-c36630b6e996,train
bdbcccf6-8400-2eb9-b664-aa22be9d2bf7,test
65d78cc5-58d0-3b9c-294c-93b7314ae7a4,train
fb9718a8-6176-c3ad-cdfe-fd8e7f049cc9,train
d48ce62a-09f6-3150-8266-9fea413d48fd,tune
b7ae4cf4-68f8-72e5-d331-193ffc7b27df,train
265b24a8-6fe3-bf80-464c-2ae961dccd0a,test
ddefa02e-05de-d43b-934c-238889565a11,tune
b565c043-e6ce-4ecd-7747-dbef9d47563c,train
03bb6993-73ca-7987-cbb5-a3f0226d0358,train
4726d898-0ed0-d196-50b1-ec49f4cfee66,train
083528bb-a1d0-370f-2ac9-9c298e7794cc,test
801cdb2e-ad6b-8776-5b47-7ed50fba43c3,train
89a7dacc-51ea-e191-5f8d-630dde6d3907,train
b8faba5d-b481-544d-8b51-67261fbc2914,train
f9d2e186-0d8b-b022-8f45-750556adea24,train
64cf55c9-d6b4-da7f-df54-c13ee897bafc,train
90467a2e-377e-9f3b-b57f-f3cdb8f437a5,train
ffb950c1-da15-c2ff-3848-827beb5adeb7,train
a0d41918-a700-28d9-499e-44a1ec175a1d,train
f0f9f669-8240-3db6-f911-90265dd7f55a,train
3f6b8896-3f2b-4bf1-f17e-f8f772100eb7,tune
b71905f9-fcdd-62e2-532a-00a4eb0d9e7d,train
fdc92094-8038-026b-f8f6-37ef32221dfe,train
20b3916b-3506-1126-68d8-bdc9db5c6744,train
bd665908-5c28-a8e5-f543-2a8f4ac3193c,train
aeeb3599-e714-90df-353e-21364dcacb38,train
fa2564f2-8704-7d60-ec40-9e81fd2df8bd,tune
7dd0c2eb-27b6-ea03-1a69-34ee7615eb69,train
bb0c34ce-b923-e3bb-a337-c7763a1f7344,train
31ebd635-a283-b7d6-c0f0-376bc08d9f3e,calibration
452559df-ec69-35ba-2d16-b9dd55c6fe6b,train
9c6e581e-4394-ae11-a0f5-ef1dc68cb1cf,train
401802ee-e6ff-3918-3ead-c380f50c07cb,tune
867d42c5-3f59-b910-91d1-e643f184bc61,train
a2955f43-765f-2b30-f99f-d2a718848819,calibration
299291e3-d221-c3cb-e39b-e39f4c7a6a69,train
af20f870-4a8a-b785-0513-825f74a42b2f,test
2f0f0abf-ef2b-9123-3097-c69330e6f3d9,train
acf19c24-7fc8-a2cb-ac7f-92a157787964,tune
3c395124-dfe2-ced1-a6aa-6ed2c003b802,train
d8411c74-8697-feb1-54ed-583ef448f724,test
5e21ca07-1b47-867c-360e-3f877fd0d80b,train
1cc87590-056e-5e84-2819-86b5c853ecfc,train
94446ba9-2c51-ac3b-3b58-83ce4c47a920,train
4ea486db-0af1-6649-39e1-11fb9e64226d,train
2f7bb429-12e4-7305-adef-4d70f8ce4558,train
c938d2a9-0d74-915b-29fc-73d6033b9385,tune
62d8b024-6787-e276-0d1a-7a42df180af2,calibration
27149e6f-c049-81db-512a-8eaa4990ef4e,train
0ae249c0-5fa7-0449-0846-8fc9b6d0a8f1,train
448f9a2c-fa1e-3fd7-7143-cb1c793bf612,train
d0925f50-29ad-6a96-9586-b434ec8e0144,train
15162774-5ebd-cfef-bbdc-710d0b2b89aa,test
21debb86-4731-4b72-e874-e3bcbc7e2a88,train
423c7204-01ad-f668-32cc-4cfe4df0c5f8,train
74a8458c-0066-74ac-4044-91bdc6351aea,tune
0ed8e539-8c2d-1015-85dc-64aee72e2b73,train
6cf0f810-963a-0004-a1aa-cae7dd53694f,train
5dda1ff4-069d-d89a-ad9a-c0e8417462c6,test
274b51bd-6a83-a403-c452-3a5ee08e90d0,train
c442c552-1328-e7eb-2304-3828970ebc2c,train
f8a79523-a23e-057d-09b0-12a0b29e10af,train
75a0cde5-e6d6-33b6-0150-7b030a569c55,train
63add8c3-8ea9-5144-0994-08f69edb0c1f,tune
5f553273-2369-4494-36a0-2e34d784bb35,train
f3dcb200-d757-c7ad-03b1-624435357716,train
360a39e1-521c-b5f9-ba1e-60f81ea2b292,train
517d3c50-9a53-f91e-dc47-9c1457ddc1e8,train
75621809-9dbc-3749-b28a-f466dbc8d464,test
555d35be-994d-9aba-7264-adc187e96f45,train
33e0400a-8000-8232-dcb2-d6c2c9a82254,tune
18bbfbb0-61d1-fc50-c34a-905ec09ab8b1,train
5e5548f9-5f0d-db8b-f2fb-1e42ec3a4fab,train
c7a559a9-e0ff-bf90-1ec3-00c9adc0d8a4,test
64d1fa61-35ce-10fd-7898-ca169e5f42d2,train
2070fd24-7f48-ccd0-b995-c058042867f5,train
48210962-38ab-8796-4b57-c17f01097122,train
55874ff8-20e3-8c80-c08c-dda6f144f216,train
ddc45dd0-b5a4-37a8-430c-c7cc14315999,train
de89120f-d40d-3c2b-b512-9f80d1f0f2ed,calibration
834c5905-1912-51f5-9dab-74754fdbef02,test
5d1294d0-eff0-0624-2878-50a7c1e6ab77,train
b3216862-b4f9-9200-ff39-f8543bf4b7c8,calibration
0c340278-3b8b-9649-d3aa-972bbf4b7d3c,calibration
646f7658-1ceb-d9de-09d4-2123254bd4c0,train
622f48e9-81b2-699b-788a-4c20e7e1fb56,calibration
b8203d1f-b6a2-abbc-291c-d825e7ee1793,train
a051a6c0-12ee-7c3e-2860-4b4aeebd28fe,train
52d6c7e7-dbe2-c1ee-e28f-ecb03c8e6a68,test
e70c27cb-a65e-d6d6-2757-1e31efab4a93,train
b4f1803c-a47b-04fc-1905-82776a2607fd,train
d737bfca-4df9-ecaf-193e-32eeab5f03db,train
4a171e91-c202-fba2-ed02-7feb72657c8b,test
ec7b2246-d624-0df5-b959-4bc01583aeb4,train
cd0d80f5-0274-d76c-a7ff-18b585dcb0af,calibration
609ef185-3ad4-2b40-64a1-0430b639c775,train
58a6f9e9-bfc9-9afc-2218-fdeb3473a31d,train
4cd086eb-6a45-62c8-ecd5-c68f6a8f2cb9,train
5b7e3cb5-d8a3-1b07-5565-f48e47e78ac7,train
f4bfb5c2-2f52-eb57-3913-0c321d6924fc,tune
8aa384fa-5cc5-816d-73bd-a95c0eb6008c,train
4e958efd-63ed-e571-562a-1251c1d47a9b,calibration
91bf5ea8-01b6-baa5-a8d9-0beee31e3052,train
8b6ca8a8-7a84-3c42-654f-618657b28623,train
98ed1032-d3f6-7d38-09f9-f77ce82aff3b,calibration
58105c60-8fe8-7e58-1f32-ce18dbb19992,tune
e4716b95-a3b6-3e60-fd9e-db8a722ac7b5,tune
1dcf3794-a987-7660-28e9-25d361d04317,train
9d7549df-a988-cd53-7181-a463dbf0ce43,train
9002c3eb-2c14-4af4-a041-690971bdc9a1,test
e5858cd1-71be-d9c3-3c44-6f4d9edb9df3,tune
820e450e-f8b5-7421-b55d-fde3a4058f70,train
13fbf801-270a-2efb-a737-29db2dc6a67c,tune
223bdf82-7cf2-0ee7-062e-b1a79baef527,train
c52ceaf4-0cc1-58dd-732a-62c32d5038f0,train
13d16e8b-83ed-3e58-6a53-077225a2b003,train
2cce03ae-50d4-3a06-5a91-2eedd6aa0deb,train
d7a20bc5-f77d-6410-6b81-5a717b30348b,test
a95d0a4f-7b66-5e33-17c5-32aaf0c40a0a,tune
3064a8b6-fe78-b636-a6d8-a771bf804f8b,calibration
d515fa36-8141-031f-ed38-232d2dce92e0,train
49091940-fc9c-bfc8-acd5-78658d0d6ce5,train
7da3fb97-616c-4348-2287-12e850fc9b56,train
d8488f2b-5838-8f57-82e1-516ac3e587d9,train
b03e5a2c-5f51-4c4b-2567-22a390ac40c2,calibration
ec0508f0-e3fd-e00f-3fc4-8c12e271eb6b,train
aeb9e4ed-895b-e965-1d08-92e32ca7395e,test
4ec6d0ba-3924-2c98-3664-bfe69301aae5,tune
23581ec0-eb32-3501-2a53-0452dda0e336,train
9f95efff-50a5-c8a4-498e-c7e4553dd44f,tune
fa9128e1-8578-83af-f6e8-45f375ae23d0,train
8ea5bf73-842b-3c2f-d528-e6483b579b82,calibration
27987698-2113-eda1-e60c-364a0a808e32,tune
6f842bb1-d130-43da-f09f-37c25cdff495,train
3eb8435e-2f8d-4a6b-15ec-942ebff12cd0,train
20171e85-58c0-bacf-2f3a-a0eeca14c6d0,train
c94280b0-052a-54bf-bec1-947b7cc650a9,test
f8a96892-7969-7782-fea9-f2042f751ba6,test
96e1aa08-c561-07d7-eeb5-7307cfe6cc14,tune
336d8054-02f0-ed9d-2df0-e385b7baf0b2,tune
b0709875-95b1-37cd-1ce1-d499e68f8256,train
b4632999-64ca-7352-9fcb-6437af0f0831,tune
c60ab744-9be5-2a86-4ba1-4b966435260c,tune
8eace03a-3989-6797-e4d0-1cb9e600e070,train
3b0c7827-07fb-f317-fc3a-eede8ae0561c,tune
dd4d9050-085f-3706-c195-2c4f21d83cc6,tune
39f1a5da-b705-8385-aa7e-88495687d14c,train
4b92f2dd-b39b-46cd-e4d8-04e0ba92cae2,train
5ab19faf-606b-e972-bad0-028b4e2ba01d,train
cfc44560-9167-609c-8563-633b64ac167e,tune
6caa5229-d177-8791-14e8-f66a28b1d883,calibration
90017f9a-f555-0398-668c-f2972d62f615,train
6d16b00f-d685-4a60-4db5-b95fa6295c26,train
09495ced-170f-b37f-be91-272bc36fe5aa,train
dcd7cc1d-e734-da30-a0e0-74db1ba161db,train
75752823-540f-c4e0-b6a4-518ccb158ce0,train
cd10bacf-d382-c47e-c6dc-19ecd81a6363,train
b5fbc762-57c0-6e09-9c88-6ec46ae644e1,train
a39c188d-4e78-a426-1ed7-4855e736abcc,train
cc68301e-d870-cd79-f041-2c1d0a86f21f,tune
65b2370c-963f-73a6-9113-c8f289b20b81,train
8bec4a59-279d-f1c2-112a-5d6c3f642164,train
7735e99f-3235-8d14-f93e-2e23808f042d,train
79d3c2c2-ff1f-e8f3-8f2f-27978dacf5c3,train
ddc1ddae-6bcd-bbaf-ff82-cdd66200c605,train
34aeb59a-3810-fcdc-3ed4-b8e12d20b909,test
71fe7e20-a3df-f9e2-4b4a-53afb5fcc4ad,train
ab1a7e5d-846c-a41e-88cb-a0b1f0f80bac,train
fc55a643-773c-bb0f-1a08-d9248eadf992,train
e0603cac-9c35-da8c-b8f2-f16400a477e5,train
fed19182-4eec-c6cb-b859-b5d627955e41,test
d4bd9f7a-a6d5-24ee-4bf5-8ab703297b63,train
436f0000-05c4-ba95-830a-6b9d84f73b8b,tune
ac048afe-da37-7638-e70a-dfa785175c80,train
19de5227-ed0b-4979-6d31-ac05f26ec8ad,test
0cac7b8b-9c86-3996-fa87-bea4e7c37233,test
e4af8fa5-9b4a-f915-249a-3417cecee482,calibration
98712cf8-c885-85b3-7ee6-d665fb2e57e0,train
96aee65e-194f-a1e6-3ed7-72ba6660ae89,train
80926721-4bf8-bc9f-20df-d365fa5a9eb1,train
20b313a4-3ac6-7792-821a-4287b1156a51,test
18e43e15-7206-5dfd-309a-d27722e23dc3,train
fef50f94-df96-bea7-6ed0-031d42b3b68b,train
a6b1fb0f-389c-ae9a-8d29-4bcb273e4c14,test
9c099726-c26a-7763-a735-e210572ae24c,tune
37bf41fc-2ead-4695-06fc-86b3b237a951,test
9cc768eb-a420-c550-e185-d06a04d10654,train
f0c3e4f8-a92e-07ba-f45e-f62c211f9236,train
f738208b-27a1-f89e-166b-342fb6a797df,test
3b2a3b19-08e0-bff4-c95f-7aa179ee3e3a,train
98369efd-df92-0a9a-afd1-c83760d4954a,train
faf6be33-c3df-33cb-21bf-61a1f73cf9e2,train
37688849-76be-542e-7589-79567c52cd7c,calibration
e81e85c8-bb43-15b4-02dc-bc24b4eca97f,train
068f4475-ac62-7e03-6d76-a2e8373755eb,test
a519a115-2e40-856d-c831-acdffd6b413b,train
895a92a9-4b71-86fd-4ca2-4995711d6350,train
84248cd8-98e7-24c8-4fcc-65ed5812c90e,test
5ff88d33-a02d-2b86-6027-9cb48c099553,tune
587de031-8d75-ff04-520e-523369f07a52,train
ca354c28-e812-e21b-7d58-3c21993cd503,train
dd242812-b858-b230-3be8-5869ddf870d8,tune
c0521c05-3230-28f8-4b5f-c78ac70c6483,calibration
12b7622a-cbd4-48ef-eab1-da73d948e09f,train
13168029-e413-fefc-cf3f-281c754d8e7b,tune
74ac6654-e168-2970-b02a-ea8f3ebf7b85,train
ba0a219a-7b5b-ae58-81ec-b88938e2650d,train
6b8de64e-0ad8-b7df-0e68-841931bf2614,train
fa777495-4f5c-e402-9ee4-1ce36f771a4c,tune
bab9d576-2476-c7f8-0177-a203ebabf20b,test
09332c3d-ccf2-d251-a880-2ebdd18e64cc,train
c7a68697-94f9-c97f-478f-021f1ae1115b,tune
c5206505-8c58-a4b4-caa7-716f8831a809,tune
4c77ac60-3bcf-013d-db27-c8b462fcd6c8,test
5efca091-5d24-6bdb-1398-ff68c0cdd71e,train
fa7fe64c-ce05-4da1-5be8-5468db5e2077,train
bfcdb34f-c7f3-c363-bec8-08920a56f1d4,tune
433d1b96-06bb-daf5-873a-48a040a802c2,train
736546c2-2187-e04e-0bc6-5589f948bd5b,tune
d77a8b07-166a-98e2-0b78-70ba9766032d,tune
3c33c61f-596e-cc7f-ec14-e1f74d33bc5a,tune
a45f2fe3-8a17-1dd0-5230-6714a0ebe214,train
f684ca27-7f9b-d066-2fec-89fd84477b6d,train
4ee7634d-e3af-08ab-ea87-26678bd7a237,tune
8d993127-d3ab-6daa-633b-b1d63824bdd7,train
58fd3148-9c2e-2c61-2d7e-73bdd03649e2,train
1b92dc1f-bd10-87b0-ef5f-d59a405c8c32,train
04d71248-dea4-d7ad-2ae1-83454b9f7d51,train
8a94d267-0074-1863-f352-eebe88685ad9,train
ef472385-a5e1-0826-385a-73e03e0f4840,train
2a29719e-2d70-0e10-1113-432447c72e2d,train
1583e52f-4c06-e9dc-8efb-6480caa4a0ed,tune
0725917b-6c69-0b4f-7363-0dcb7dbcd8ea,train
f7f590be-1a7b-0b9f-fdc1-ba7a1deb80ac,test
665b6fc4-e6eb-2be0-96d2-c93e4351577e,train
8c91433e-71f2-a155-4390-0c8c2ea17884,calibration
1e889e1e-10ef-d8ce-86a6-837d8df20ff5,train
457b5b91-0602-5c32-8a69-78b8be6195f2,tune
389b3366-5a29-12d9-9476-e8e671a6769a,train
e617c032-965b-2001-e026-d210aeb90e58,tune
89b9ab9c-963a-69fa-6779-0f13d019670a,train
06302926-b63f-1484-4b6b-2e7986ec9b65,tune
2cbd1b39-f54a-b103-49c2-79de112b8ceb,train
a519330d-b7ec-0429-4865-e866a980fa1e,calibration
bdc18969-e8d5-aeb4-cd2e-c1753de51afe,tune
4a77f1b7-9c85-fbdd-0b85-148bf583e980,tune
fa54c407-ca46-eb0a-37e0-d7c37b1b32e5,test
ab571938-4c7d-b8bf-d4b6-ced8f7e0c458,train
c9a5d9ca-1be2-d0e6-ebbb-a38aab8f0072,calibration
52adc5ab-08dc-4ebc-4814-353764855c70,test
d6574015-597f-a23a-a55d-76e149163b27,train
5d0bcf49-34f7-9c10-665a-df7632986848,train
2e5a412b-4066-6889-604b-31722498160e,calibration
a56c04f1-d66d-9d6e-804a-70a165663bb7,test
b25366e2-43a2-4a48-9cb4-096ed8fbbadc,train
fa3d8aea-efa9-35b4-f352-76ac3a00398d,train
2e6fba55-0472-36e4-8c56-73348ddd8890,test
b7b21179-2f79-aa38-d72f-25246962d2c6,train
112bd53c-9f23-6d5e-d21e-93fb11b8fd68,train
0756b713-ec94-6c95-4923-392d8fc55969,test
599808d4-0057-fd13-c7ad-aa2846205179,calibration
2a3b488d-b3bd-f0d4-afb0-8cd897604878,train
10b04936-7e3c-0332-5f66-9b52e7e9fda6,train
b19b081b-042e-744c-e892-0597a7ab097a,train
ac364ea4-a576-f0dd-bde6-d87a178b3643,test
3e11fe92-284a-ec42-4876-2287e679472e,train
cecc3188-d266-a0ac-fae9-3a34e3e681ef,train
1edd5e09-e669-b609-5d62-d9fe094a1f32,train
03f199fc-cc3f-5a3a-2984-407b6d240034,train
e36b455d-6a89-91f2-b123-8ed30df5ab78,train
c4ddd023-6570-eb56-a427-5637e3da99c0,test
c207c1e4-08b8-14c3-925d-6c43ce62eb55,train
1ac7d6b0-dba8-a17f-4f32-ee68ff21be26,tune
57be2645-5c38-c466-bcb1-dd4f46fe8d98,train
b25fe9a6-2b0e-875b-4a9d-20e7a0895c22,train
37970780-6053-8df4-e799-2cdb41cc86d1,test
dcf5da1e-beac-547a-5389-3a08490d0522,train
b07aedf4-e91b-83be-2d16-ba2bc2f25c82,tune
62ac50fa-fd0d-c64f-6f00-3ecff88a5d7a,train
e801cdf3-635a-96bb-b761-c66aa7377129,calibration
e35b4ab7-7e70-fb00-b9f5-922d31646e69,train
043287fb-245e-144b-1ed4-74fab065506e,test
6107838b-17e4-6f42-4b58-1bc19483231c,calibration
5a92fa26-e83d-cdc4-334b-e46031dc56b7,train
49834b2a-88ac-c6da-bfb3-27ceb4816b6a,calibration
54affc0a-04c9-385d-1f51-f357d29ddcf2,tune
6b87a5df-67b7-a519-6a86-60a41728b659,calibration
8758343a-e1a6-6927-5b20-3ada83ad7bc1,train
933eeb60-d965-9447-4d63-4cd63854cc0e,train
a2f18786-5171-bcc9-bfa7-4e9ef98c30a2,train
6f77c7e1-6aa1-4a28-65b0-58ddfd17e0d6,train
045ecec0-8c79-fa29-c0a4-62b0558a6573,tune
34619c0f-b8e5-2199-9602-f0be8f44c9a6,train
7e561e2b-f336-12d0-76d5-4f98094a4c27,train
8b170732-30a0-7599-aab0-008c60eaae87,train
8aa0896e-d73b-962f-404a-bda1b0a077ab,train
34eeefe9-1f97-ba57-6ceb-b30920666ead,test
0ab904cb-3b6e-c79c-9bfc-3cb9463fbbe3,train
78a6a9bc-f15c-3ab1-f3b5-33447fdc6890,train
a4dec49d-9255-b737-dde4-5eaa679d7ef7,test
261a7ac5-46a4-b7de-b13b-0bf1df2f7a83,train
86af8121-2571-2095-5bdc-6c21193090b7,train
8c28e0c8-90a3-7521-30f3-6fce075cc2e9,train
de6114ce-eaf0-768b-300f-56e733ec2fd5,test
02f92bd8-b72c-64f6-8380-f25fc1839c10,train
3efabc7d-e3dc-69db-3501-81455162977f,train
0565a9f6-09db-243a-997f-f2c0b2df3dcc,train
e6f5e683-dc35-ef1c-caa5-b254963d1474,train
9cf6c8c9-9dbe-4c46-0e3b-10963aafce07,tune
3b6c1bd6-42b7-4521-6f13-81e782e5aff6,train
44ac2a9b-3c43-0d2c-7bed-61d6895de36d,train
d8c1de47-15d4-442f-09ff-6f7803514e5d,tune
3b9dd611-9698-a23f-cca2-092b4b75c651,tune
3b98552b-1bfa-ec6e-8ad6-c0ad0c788e6c,calibration
64fcffb0-c41e-325b-a2c4-2ea168a699ea,train
9a4c94d5-4bc2-a8d7-0aa7-23cba43f9279,train
0ec2e1be-1000-1307-f78d-5fff554cfe59,tune
ed8b410c-92cd-64a1-e64a-eeedc3a4eed9,train
8c34c6f9-9187-815c-c16b-80397160691e,train
49efac23-bc6d-1efc-577e-fd15849ecd01,train
f72edf1b-642b-ca0e-2266-9633bc7258d5,train
2c994f8d-86c0-3256-2c41-68a7b1b9e940,train
0ca2bb15-50ba-cbd5-f753-0d434d6d923c,train
a1616d4c-8038-a409-25ef-b736c6c12305,train
b5eea05c-0e39-ad7c-668d-cbc3127f9e39,train
6d7ee6dd-7a88-49c4-9574-6fe5e00c0d01,train
bf322d9c-36be-777f-0d5b-c2c08259811b,test
e8cf66be-a6b2-8e68-aa8e-2af320bab6f8,train
3f902a1a-01d9-9935-ccd0-80d802c81d8b,train
62eb77b3-302b-d214-c6c1-639612b05329,train
855753cd-a9c6-27ab-0954-485701848f2b,train
ca93fe36-a876-d32a-9be6-0a2f23ebd439,calibration
c41b0fb8-0d26-b257-5a62-10c432951002,tune
915f162e-b2aa-17b7-f9e8-dfa276be0a18,train
40a90fa2-23b1-3fb1-f0e2-e31ac10c5a61,train
25e6c4e5-09d4-0fed-b51a-cad81a7131da,train
049b83b5-7904-adc5-6a1e-6c9ba651f687,train
3898e9bd-5bcc-bd9c-2dd6-df66f950e90e,tune
8647458c-5014-df3f-d05d-e8daed581fba,train
8c0e1567-c504-67bd-40d1-b51eac081aea,test
dbf33f7b-aaa6-2178-c426-339fb4739bbe,calibration
c35527fc-4170-d7f6-1719-85913fb187cc,train
eb79ba48-38a8-0c43-e6e6-685692a299f5,test
3260428c-9400-d7ea-a446-f792e5e00e7b,train
0fa3bd28-6184-b5b3-8d0c-da51b5858f8b,train
dfc7dc2c-590a-a59c-89f9-4d4a19f29d8b,calibration
f8795c31-037c-3368-1b04-c4cdabb6c485,calibration
6cc80a48-c516-3bce-72ec-9201c6d2d42e,test
fa01c94a-a44f-6549-eb92-5c8c3c372dc4,train
f28befa6-da25-288d-bb17-d30612517b32,train
5812e9fc-e8af-fbca-0d3b-dc0e6559c9da,test
663adee9-2f2f-57f8-145f-28ed0b02e9bc,train
62c5daf2-314a-036c-044d-5c91c3524e87,train
fe79bc81-76a9-6315-eb6b-a84e7da3438e,calibration
96f85338-58e2-5abc-eb8e-ae1c41d26a85,train
bcc4e2f5-4947-831b-8e60-df8098ae1f0f,train
b5508328-55bc-c8bf-ebc2-ca02cbae5801,test
9f022592-ae11-7840-a6da-3f155d11a498,train
e4c803b1-de7f-b3d1-594e-95c2483a2383,tune
12780602-0743-98ca-8136-d104578d0b6c,train
bee95748-e1f6-d226-be7f-9d74be35dadf,train
eff309c4-936f-542c-2c04-8352f07d6c31,train
8d3675db-42ab-cbaa-50d4-fce5cd1fcaa4,calibration
3d812751-dc41-49bd-6e9a-bc7acddc8c02,train
7aa2af1f-b2e1-0208-a722-ad269fad6768,train
e22d2e29-1ef1-c032-68ef-d4a4eb525bbe,tune
16beb38d-e25d-8154-5a1b-584218104b61,tune
939c2ec8-e7a5-0f60-a750-d790ae5f6aa8,calibration
11ea8bb9-7fb1-0f59-a3cd-f91fd298e03c,train
1cd8f1b4-9594-eea2-40f0-5ae4b55f9146,test
8e5450ca-a3ea-8168-ff3d-47d78007f5e1,train
6fda67e0-f3cf-bfc6-70e8-e8b176168ab3,train
47d0b8c3-2930-9708-eb5e-d1211574acff,tune
e2a18436-9a98-a0eb-db29-82cace0d6652,tune
4fa9085d-afc8-c667-0800-55cac1f10c6e,train
7005fca4-3af7-f90b-c3dd-904193d01598,train
412b269d-7866-c59c-8d39-9a7b887c3c4e,calibration
179a7bb8-5677-027c-e113-6eb33e24f66b,train
fb987711-47d3-cf05-05e9-a3fea339d47e,train
92a86088-26a2-56a5-2349-782df10f5bef,calibration
974a6533-e94f-3157-cdf6-e308fb1d206e,test
db5f639a-c0d9-a991-f4a7-44036cc18dc5,calibration
566f4afb-a674-4220-7079-a6ebd8bdf005,test
79c6bcbe-0c1c-00b0-4551-5c645d95dcbc,train
c2123c6c-9d63-ad3e-ed4c-a0634e5b7231,calibration
e23051c0-e94b-e6e5-bcd9-ccd92c21aa60,train
2977d066-abc2-a2d6-1b96-93e4b32370d6,train
f346d860-bb6b-d663-b236-9bcd7c141f11,calibration
3cfd71f5-a9c0-5eab-aa75-5bec2b20804f,train
98a370f8-390a-fc60-fbec-27b94b61a21e,train
df38dbc9-190a-9fe8-ee1d-262f9192e71e,calibration
3355b86b-f381-0784-a785-c03fbcdea7fb,train
6c30faee-3a77-0494-9ff2-8e934347ac92,test
5ed95cb9-a57f-f7a6-df11-bb177b89f9b9,test
b7a2af8c-b756-5725-69b7-2817adfe3105,train
e1415023-5f3c-462e-7c0a-6adc695b501c,train
e15dae02-e88e-317c-d8c0-1b10f20f8f5a,tune
252f908b-396e-4794-4012-5bead99e63d9,test
7ba0572f-f785-cc82-d694-a8d79534318a,tune
13fd36e3-62de-47f3-9a82-f29d73324869,train
0c84aede-477b-eee9-113c-f30bae4a119f,train
067a2ee3-eea0-5130-ab58-801633ab4730,tune
32a5756d-a5a7-1578-87e7-3b24c00a6e5e,train
5db3accf-9744-efd2-1053-a1741aebc442,calibration
48668059-c06d-db7d-1b78-88683ff1b632,tune
37874582-6c97-0c45-6acc-f6472c5671f9,test
56bec35b-39b9-8e39-0294-29aaeda52ea5,train
adb8d8a3-41eb-44f2-a8f9-437e92cd6b1c,train
089db938-efb0-a406-f973-6cdcbd075716,test
2b4eba68-1ed0-7fe0-fe4c-188121a12dae,train
7f7b6717-94f7-2a28-bb04-435ef0e6a231,test
aaa85e03-722b-7127-ef83-13c1feb6cd85,train
88fa4269-c652-a796-a595-730560fb2d39,train
e403745d-c552-54e4-2dbc-38a85fb71cb9,test
da4668ff-f42c-9731-cc51-809904021438,train
a5802240-b1de-9451-b4d0-99b634b46177,tune
1722c4f2-cc6d-3189-6de1-9caa6c755a73,calibration
d4325858-6ee5-ad58-44d2-28b376c3fd49,test
3287b87b-d678-d808-fd4b-9ce82f914760,train
13118b63-d71a-d12d-1982-8e93122cf400,tune
9de5baf9-d742-299b-1e5c-043c2d9a3ee5,train
ec10af55-bb1f-a42c-26cb-8b1acbffadeb,test
3089a014-20f2-2add-4d78-5dd0d9dfd680,train
1e3a33e1-33a3-bacd-1247-87cc9e8c3702,train
30bbc676-e149-fbf9-c29b-7742e1f2f099,calibration
d4c647b6-555e-9c38-a8d9-17613703e5b0,train
22470d21-6765-efa9-3490-9d6412434a5e,train
a034490c-fad3-e741-7e1e-bef8f05eae89,train
ea364216-d70f-3fea-8dcf-dd0a253b5e87,train
477d487f-c211-e288-9de5-9376709445b7,calibration
17d32554-8fb6-f394-5b99-e315fb572917,tune
9f7ff53d-bb3b-6dba-45d3-30d49f43423d,train
06e880b0-7095-b6b5-4167-458b61a1f1f4,tune
8305262b-ef18-0766-678f-5ac548eb1211,test
3a28051d-09dc-9993-f473-c515b94efd82,train
bc43cd3c-976c-016f-3551-948bba5f6ba0,train
3779a19e-bf90-73da-054f-8a2c9d61dcf7,train
3d8c8a3d-81ab-c3d1-0f07-31a6c80073c9,train
fc48e502-0e2f-4ff4-1664-d45f53bc1466,train
8d00b20d-1a0b-2184-16e9-d2a1ec3330f7,train
161e8e3a-7223-b716-7d2b-c58fddf15aaa,train
e2ae98a1-0c43-63f8-9a4d-c0ec0a7e3f1c,train
5e1c88a5-9223-2464-0e20-6afdf8a1b9be,train
29b799e4-7dde-f0f0-1bcd-a9d1a77775e3,train
d0a7a757-a0ae-43a5-223e-ad9ba9f6356c,train
09125a2f-3ddb-ce72-9912-2623968728f6,train
abb41e7e-967b-89db-3301-87f46288a18e,train
9ffcd764-9e77-40b4-06a6-dfd76508c5a7,test
c380fd43-27c1-15ff-6399-ffab0131976f,train
605d65d0-472b-32fb-f51d-f7610f9ee594,test
e1a44ef5-6348-9f07-8c46-5e4e4a46ccca,tune
cbf55840-e4c6-f1bb-f1ce-1a3ea03fdf53,calibration
7cb571ae-4e55-9321-c1e8-93902da71fe3,calibration
cc86ccea-f376-804a-8814-fcbd3c0f6d53,tune
f9318b05-fd63-5cc1-2ccf-3385eb348ada,calibration
4b2c193c-3f9e-c183-de8b-6a8f70b888c6,train
13c01470-c12f-4ff5-b93e-e41dab2edd89,tune
fd27b5ac-dd60-9fd9-7b42-6659ee2fccac,tune
89e09917-744e-fb2d-8abf-30d703491a00,tune
8b59a2d1-43af-1d2c-3c06-a71b7f831659,train
f03aa82f-3b7e-54fe-6551-1cce4450376a,train
73e8563f-7ae5-6857-3d59-d225daf8642b,tune
db3415b1-2184-f954-651c-9d496ca40e24,test
5f352321-281f-4564-b5a3-8cddbe3dc8cf,test
340d7e70-c93b-307d-de19-149af6a56a34,train
9fbff1ca-e9f2-ec70-3c8b-e362c79b233a,calibration
f818b66c-a757-dff0-4b59-8de36b7ef842,train
0eda6950-37ef-69b0-607b-21d831a56098,train
fdd71c9e-0a71-128b-45c7-f0893ee6f525,train
430a4e18-5e8d-5be4-9f53-26b9de2673ac,test
b25a20df-0bdc-de02-1e0e-f87adfec5186,tune
256284ce-30ae-b2ec-f8f5-9c5026c6f954,train
27af23a4-4f13-cccb-fd90-aeddd3da5115,train
30df7294-d1ea-98d7-747a-517688c5ccc2,calibration
0f3a1dc2-9d3a-70a7-ff01-72e1d169b777,train
a8df8d63-ee86-eb9f-e414-1a2d89b9aba7,test
8e03f715-70d6-1769-4b41-ab05c8eaafcd,tune
a94e239c-1872-2005-9cb5-424b10fad5c5,train
e9c91a4f-d8ee-e8b8-21a4-9e8a2791b817,train
decca8aa-3284-9344-fabd-22462c82704e,train
fc83d100-c30a-5c1e-b0cb-843218e36367,test
bf487761-e40c-b609-ca08-c3902388e43c,train
500a594f-6a71-131b-b6ac-84f8e1a44a66,tune
0e0c515c-1baf-2627-4eb8-2c93dba0da6c,tune
559a1b23-2315-c483-4215-b9b9ebe3198f,tune
1c48181d-585b-5f4f-1b31-90f81564376a,calibration
a6cfb4d8-7ef3-7f4b-3b96-e443f92a99a7,train
204b952a-da4c-c15b-ffc6-73b854a27721,train
9ae3c4a1-bca0-eeaf-0d36-94e28dde4571,train
7c0f9fdd-c366-ffd5-97b7-c535d7c3405f,calibration
f9658073-2032-ea18-a639-344fc41dfbf2,train
9211ec6d-5b1d-8da7-4a43-99d8af0ba908,train
82618da1-3276-f0fc-6898-1331ad164bcc,calibration
19aa4540-a37c-c4df-0f37-0ba8734e67e7,test
08a13385-0156-d860-66c4-73e0c4366604,calibration
bb56339c-d4d0-e027-fe0d-13ba8d512098,train
c2328c97-57bc-b1fd-9bde-a63abfe84443,train
de8a0f1e-6519-46dc-20fd-05fe23ca8cd7,test
fc7aff0d-567c-27c3-e691-10f6c645451e,test
9248df2e-0cb5-3ac3-8fd4-34c451f9b95f,calibration
c559ae61-518f-640b-6478-1a540666fbc7,tune
5808c66c-c111-2c50-1854-c8cf93f9dd0d,calibration
2112ecd9-0d3e-70dd-cff0-1b89fd59212e,tune
842e833d-4f9d-90d2-f69a-99be07eb2ab2,tune
5a1f06ad-8818-8d29-1a68-5f10c26f8657,train
8096128d-d2a9-e7ee-d150-7316254e2701,calibration
18381eca-91cb-1889-c6cd-e441068f6955,tune
b93452ff-c3d7-4ef7-2a1e-4568f0f8203c,tune
2f01f44c-96ec-0440-7eab-b0219ff83355,test
43e0bbb4-04e3-c462-4a72-129f314db6df,train
15c485fe-576e-1bad-44e4-8ccfc4dd6243,calibration
8409bca9-01fd-03a3-a540-7e828cf6e6e7,train
7b1fc50d-f75a-9fb1-2ae3-891e74f56f56,train
471edf23-6c8e-a9ad-bea1-6673e946cd3b,tune
d5c6105e-d976-dde8-a92a-afc1de826d37,test
ad9e69af-8e2a-5d07-29f8-7137dce87274,train
0a2b6ca8-f78d-a344-dae1-c07b9c621621,train
cd8daee8-b21f-ca20-0f90-07d1760a5691,calibration
67412673-e5e6-3109-85d1-d114939257c0,train
e41414b6-d9e4-2631-1329-0f4ef8471bf1,train
dd0da594-21ba-1149-9adc-79febc79596f,calibration
4be5423b-bdb9-87fb-5452-e08c2e8efd84,train
79740a9a-1357-d6a9-43a0-eb0c5cf70e59,calibration
354bedd7-4ad3-8c38-712a-b23a8c92f09c,calibration
1adf6e5d-3829-d88d-17ff-4de49e74730e,train
4d9c996c-cb76-37cd-707b-220a895bf08d,train
db2fa84d-763e-1021-e11d-624078f37f02,train
d864f7d4-b805-3abc-1244-14d39ed20118,train
199a07a6-8268-bb71-bd2a-db83ccd65f42,tune
62b65554-95e2-0789-1f4a-1291f7855798,train
ded72a51-304c-0b23-d941-9d8065797989,train
7702b6ae-91cf-c1e8-5092-6b8afd5579bb,train
9d4a3b25-5a16-fa75-5f45-04da06c17b89,test
b048885a-701c-3dd7-bb35-559da2b3af06,train
262de82e-cfd7-4171-f9da-38d4af01ffe7,train
71bcce2b-d202-360a-2e7f-2cc4b530f03c,train
5465dcda-7d08-ce8f-3875-56c520486e49,test
118bfc27-db5d-8c62-70ba-8535d732c0c6,train
65f353d5-8d08-0fda-f8b5-e82ecf43ae34,train
7c95be78-ea38-680d-b211-7f21b49533ce,calibration
44569f3c-f5a5-2919-7a2a-ce80c839db5b,calibration
60f5e808-c4c0-00a9-19b7-c83682b23e7f,tune
9eb2d800-609c-b261-4962-ec0795ac1347,tune
b9b2ef5d-5957-cc45-aabf-a2d12cb47b11,train
5226522e-ea4a-efad-6c4e-e8e9bf94c4d2,train
35927442-913e-ee8c-4706-1a27df6e5041,calibration
bbad5aa0-b64e-2ff6-7de1-55fc3726b92c,train
5430c9f0-0e64-5e9b-93aa-bda0f2c190fd,tune
b99570ee-ccee-66cf-033d-c9d52db2ca28,tune
20a1116a-daff-4c3c-50a2-2f8b0e7299cd,train
282d2b10-6d3f-8f24-0b6d-dadfd0cbf204,test
2cd37a3c-a8f4-e6be-502d-1d9aa5a16c1c,train
61a13333-019e-8bf5-8c09-49deb99dfdbb,tune
a0734e0d-c51b-3861-b03e-7a851ee10e2b,train
88d05afe-ad6b-f694-bb42-343838fe16a5,tune
2597b2c2-57ed-7e73-38a5-3ba9a200a0bc,tune
b61c485b-1fda-7139-1af8-e38a6f6bf0ec,train
8928a36c-227f-f0f1-e2a6-8fb9b6584680,tune
fa785bbc-6b29-75b2-1eb7-6f2008dce694,train
f2357aab-c36d-f1ec-e439-f5f51d96a7f4,train
65a1b2ad-59c4-19f6-7a9d-7ba607b2b26c,train
65e35acc-4d23-3502-293b-69ae7050f961,test
8e4e6f3a-b072-d3ff-2c7a-27c7656f9fd9,train
0e0a0a92-2b41-31a5-3ee9-c242636efc15,tune
f5869b86-f5e7-7247-453a-2e6726928dcd,tune
5b43da1f-50e1-b425-e41b-ce11edc580bc,calibration
2cb95e1d-e7b7-a461-0c52-c94dbded6368,train
c2ba01a9-066e-d4f9-ecf7-14e4d9c6e663,train
b1038c94-c70f-ed74-b582-da1b33535d4e,test
24737170-190f-72fa-678e-1ab2313ad8de,train
de6b9d02-1560-9cfc-c950-1eeca1dcb9af,calibration
cc5789dc-c006-2add-f10d-342404983b97,calibration
98f8e828-cfcf-80d0-0fac-585eeffdb6bf,train
ce7e3533-47a4-7f4f-63a5-b74e507b5aab,train
ec9e0817-011c-9297-b5de-8b70187d5e66,train
cba55228-11ea-5c40-8efe-1b49e6ef55e9,train
28d1a89d-3565-c85f-15dd-7f6c642f49fa,train
5a518a22-cdb9-fca7-8eec-d49e47bc542f,test
33377871-71ad-7cd9-f808-dc996da1207c,train
036d56e4-802d-21d0-679a-eaffc80420a4,tune
64cdd267-03a5-459a-c945-8c82fc93e4d2,train
b75e5ed2-48fd-79f4-3f89-02ba9ddeb813,tune
6443d234-f9ce-fe15-1b65-af0e85978fc1,train
e7c5f22f-0458-a385-ef8c-56a572d895da,train
937b80ad-60d5-b6d2-016b-e6194ec0a174,tune
51738e1b-6e04-6af2-46cb-9a7c19b3c731,train
4952f402-4be3-b8a2-3c5d-b9d189059541,tune
74885e17-3b00-14e1-42b9-315c159d088f,tune
7811a6ca-4826-c2b9-7b08-121a69d11e2b,train
d78f3be6-5e48-e053-2794-6b6ad5662f9f,tune
fd8f906b-5551-82a7-b353-bc5f2429f2ae,train
14f9c127-2dc3-dedf-4fbf-d1d0354291be,tune
ec585ff0-4d23-b3ee-00e2-1f8ab3c46b61,tune
aed39965-5237-dffc-dd82-0a5e827f9268,train
f54fc205-09f6-bad2-d1ac-1e07571b1cd7,test
1d9d4d01-39a2-f9f9-12e8-6b19abb84555,tune
b7e0c927-a51d-2cae-9d93-a0ed2c0320c7,tune
dd1ada3c-5c93-e44c-9863-4a36d4bef447,train
5aaeb2d0-72b9-50be-6594-b5634066e031,train
2ad8d9c9-aa26-e738-bfe6-d0561492d3d6,test
3ceb6b2c-e02e-f382-d2d8-00229e525bee,calibration
4970b90d-6d0b-0fd7-46a1-a2c8501bace3,train
6f30080c-3f4c-871a-6a03-a79b52771786,tune
1fc7e739-31f6-b38e-64a1-b2d016ec33c6,train
65bb911b-4e76-fd17-86d5-b7372943541f,train
60500971-f6e2-5411-ce43-18bca1586a93,tune
2c3a0899-8bcb-a9fd-13e5-39c435dc3557,tune
2fc790ca-ace8-fb2e-7e4d-f1671876f256,calibration
a6f0653e-c9b5-b62d-42ca-5cc36eb54eb1,tune
ed39f718-d32e-a076-7893-08c8e36c0998,tune
637c5357-e3ef-1fa8-37fb-388894501c88,train
588326cd-2fe0-f549-f87c-6139bb0c5e1f,train
3732ae74-fb6d-5b9a-a3b0-1a72fbd57ad9,calibration
aea37091-7c62-995a-b831-60eaf6da863e,train
63d94b6d-f63f-6130-e3d8-c7bf1b39ef05,train
1cfcf3f0-77e2-0618-cfbb-bec439b4b7b7,train
43d2d28d-248c-1eea-67bd-0283b5b60038,test
b2d8a016-85b1-6fe5-df40-c0bdace9f0aa,train
e5fde3fc-5d12-43d4-c15e-ed4e06b76cae,train
84aecb28-b770-2314-dafd-dcf70dadb3b6,tune
e92cfab1-11d0-d299-1adc-d1bafca2f6da,train
07f4f3fa-5bf5-4d72-77e3-d01af94ab31e,train
6f438ee5-4e19-3893-063a-879491937c40,train
4f108654-6ffb-e360-20f7-57e6c21d262a,train
f10a1f6c-d0d1-0f44-14e3-2430e8f378c9,tune
02c492ba-53de-81e0-fee6-6339a941cdf3,calibration
7439646b-ca78-5dc5-8592-30a11310973f,calibration
1db7891d-cad6-1e48-1373-1f805cabb71b,tune
7bff47cd-e6a2-e3c0-dd09-da4aca968dc4,train
47e961e5-088e-5ef2-7996-62778cf27b95,train
2a555c2f-7986-ab52-ae28-b0b484ad322b,train
4df85e2d-2b63-d339-2f35-a6238eeda4d5,test
071339c8-b011-a0a2-4bae-30558509202f,train
597c84c9-0ffb-3687-118d-891271ab8a10,tune
8b576cf7-e237-7320-b54d-7823135bd78d,train
2c13569f-82e4-4843-45d1-00bc8cacb962,tune
7ddb129f-6850-ee2d-4ddd-a54f8018a92b,train
25554a54-be26-c51c-8622-9e51888e1623,train
5afc3a2c-569e-904a-58e7-7a15385866ab,tune
ad503395-c923-fac9-b53d-d1a336482632,test
38d90385-b663-3967-18c6-1ea98be51685,test
1f38ebbc-74d9-2c99-88ab-71b3bb004bb0,train
1e850c8f-fd14-3ccf-55c6-476c3dc20cb4,calibration
9ceb68a1-82c0-c1a9-ac8d-66b355170552,train
9a40599d-d158-c1fd-855d-15d1d074baf9,test
cf285680-7e10-9afa-a640-4cda7b3ec022,tune
7a1d0a1e-f828-b199-c252-924665664f3c,tune
eb9f61f3-e576-cad9-8fda-de8106fbec35,tune
53af12b2-0e72-0228-d385-e20db38d0892,train
df21b45a-d8f6-1b28-5098-b4e80355c12c,tune
54592b25-bf96-2400-e335-704191adb2a5,train
c30c2371-2ee3-0ad2-4cf7-78fda32dad83,test
0ca2f74f-d9ac-8800-107c-6372ed271394,train
1d5b3374-b52e-1900-31b5-464c809ba45e,train
2c9b2eea-4484-a69f-d970-7b46187c1d63,train
7aefe598-dba6-1542-b99c-26d4f43d5834,train
b03ddf21-1bcd-5377-3d58-35da1c17fc85,train
f8d8a867-34d2-dc24-1288-baf8243bf38a,train
ebc58e49-191d-7e2a-f4dd-730388100f3e,calibration
b5bb6fc6-3974-3595-5fab-5d88018f856d,train
b3ad2dd5-d121-03da-08a5-0a0ab6027698,train
884c227e-71cb-81b2-8c45-b235d3f529ac,test
3fffcdc8-e5b0-dd72-cce0-f9731a10df51,test
74f39a1e-6bb8-9fe4-93cc-be644ff75467,train
6d41685c-f594-0e03-6d1e-ade3c8a9a5db,tune
ce7d9a5d-797d-435d-f9c0-222b1ea082e1,tune
fb97d700-2120-1c79-5e06-c969c0187c31,test
a18fe536-2e6f-87dc-2d4c-0fc0b56ab8f3,calibration
df30ebdb-7264-dae8-b7af-1864c3f784d7,calibration
8314f94f-63c2-ab3c-4498-9c0c96e15d02,train
90bd4fc6-157a-64f1-8c93-096122e02921,test
bc02d975-ad71-3ca8-4731-509f523211a2,train
34f79f00-d588-6a26-4c1a-c5bff1eac27c,train
5a246323-d14e-7ae3-d029-0933f1827648,train
dec4cf93-579c-2d5f-86b8-4d69b23f39af,test
642d6e71-2716-20ad-4198-d6d36bec8633,calibration
e5b366e3-6b31-58ef-a23b-4d4ebe82f079,test
3a82badb-56d3-a704-382b-802446b3ac6f,train
16624d41-2a80-caee-7f9c-ec918a8f79bc,train
6bae613d-c62f-4eea-6e1f-a54029c72cdd,train
71f9a887-97cd-a6cf-90e8-5f6356642ae3,tune
7901e44d-c3b2-6c51-1f0b-53ee0c383633,test
65ac9821-7b31-c24a-7578-5f3657df0520,train
6e28edb0-3481-d934-afea-a3e16fb6ffe7,train
d733b57e-c28e-4a18-1400-2e94abbbf288,test
4b756370-e5d1-bc75-c645-d1d8d5c16376,train
f7ff3316-dff6-e7e5-a802-ca9e160443f6,train
96576b51-f944-d53d-0724-e07832ed97b9,train
eeead436-5c50-b2f7-c7ff-8652f77d8e3e,test
ce3e1b5a-3177-05f8-a215-6360eac6e73c,calibration
93901d7f-7871-4b77-c9c9-40f19ef03ca0,test
509ac359-7c35-4fc5-2fa9-9ab0c5cf8348,calibration
dd67ed38-a8e6-f669-1253-b33c643981b2,test
5cb8feab-2b42-00c3-d741-14d0eacb8978,train
91670d43-9516-8104-dd66-88c6503c0f1f,calibration
2214319e-e8ce-2f3d-09d8-73daf5eb761c,test
5b40fc55-364b-a47f-3262-78aee34a25b3,train
d4569a19-9eb3-e9c3-f0ac-0c5f8dbd8adb,train
09d2b1b1-9812-ec03-72d2-ea39c3e88ef6,train
a8bafd12-830f-e8be-48f4-6ab7f36fbc99,train
a00936a4-31bf-6321-daa7-b03e89fe9dd4,train
be207545-0ba7-ac29-d4a4-a89f5487f00e,tune
46123b6a-0c67-b752-5abb-b62ff7d8c3ab,train
2034255f-0a0a-09f3-1119-ec189ecb8031,train
0f735c87-6d6d-142b-2254-107e6686a31c,test
349d05eb-b475-da2a-c5c0-7c3f72311559,calibration
7d4c7e98-b582-89db-0da2-8bf30e692089,calibration
a09b198c-01e4-9935-3cc8-0e0a52476c78,train
aa73f63d-ba1a-ef30-4071-f4def2a734da,train
837e1e83-bc83-5d77-601d-5ead981f51b2,tune
7a5153a1-7783-cdcd-9981-87d6b08fcbdb,train
8b77100e-6fbb-2d27-230b-e715a6682a16,train
a83e644f-6fa8-a26e-ee64-f71101d2e21d,train
bc9c2e75-b6eb-ef81-c3f8-5ad1b157db6d,test
89631357-6d81-ac1a-c56b-6d6720ce190c,train
403a92fb-f9f3-db13-31cd-a4ab9d5840af,train
fac1812a-6217-ac06-6663-71725b8dd213,train
26addd81-e5c0-b5ee-8c13-d6f9e7f4413b,train
3688df68-8596-7bb4-7cd5-7e235527edce,calibration
99bb7b10-6220-6888-6db6-e66fd199d201,test
7cbbd476-4f99-5574-04d1-b08ded4ed455,calibration
8215dc65-b3be-1ef6-1846-742ff440cee3,calibration
a826b6eb-bf8a-2fcf-5699-667455df5736,train
6ff77f37-7040-943b-f2e3-96cd5dbd6ff1,test
ca962149-d621-609c-cb6b-b6fba303a085,calibration
5a2e5ac3-a07e-702d-9287-2936330115a6,train
b64422b8-26a3-7992-036f-309efe30def5,train
cdb10f37-82d1-41c7-bbc0-56efd7980184,train
472f71ed-44d9-1682-c710-ddc906ddcedc,tune
afec225f-b312-9806-39d1-f6409749ff43,train
85945e78-cb12-67a9-2144-d11426a28467,test
1a38f795-b0d4-dec1-025c-ca30b19e34d2,test
58d7e5ba-7be4-8b84-2082-1718b73b574d,train
9a732a17-8aed-776d-e9da-b2fd5a5feb57,calibration
cb7c8721-8d36-c630-ffa8-e176be5e478a,train
1c850d12-beac-4006-4c55-8076ffdb6508,test
6f6f4d6d-e64f-f8ca-811f-43b53f8e2276,tune
b35d236d-65b8-73d5-78e7-f1d84160e56b,train
60d2a80a-243d-5f52-3147-c2061ecfb334,train
25b729d3-9fc0-c3a1-15f5-afbf3b147b99,train
35b9fd5c-ce30-dd25-cee6-fba2ad47b164,train
e279c835-4668-6f20-a4d9-41543eda6271,tune
4c83e072-3ccf-55cc-3bbc-f28781fb5615,test
25af2468-2ccd-4c4d-fa23-edc1f52b6ce5,train
58e0e78d-eba2-ddaf-67ed-3e47115edf98,tune
ee30f83a-05d6-1763-e021-1bc1261436a7,train
44688d84-1212-e82d-aa91-47facb03fa20,train
1574bf6d-55cd-f828-68fe-f640022e9cdd,test
02aae4e3-a065-bdd0-0e00-c0d428f95ee9,train
da81bebd-9f9d-d6ae-d484-7da146c46c57,train
84f11fa8-0721-6626-381a-6b04138dbc81,tune
b34eef18-c95b-4b59-28a9-4ee9dc6c09e7,tune
b33d288e-44a9-2531-fc4f-f060030087a6,train
7518f64a-7001-9b03-f1c5-ca10d0473bd9,train
90eeb2f0-bcba-dc0a-5d0d-dde7d435271e,calibration
089495b0-79a7-2599-3c9c-da38aa57633e,test
6849b10c-66bd-37f5-0382-cef9b4d0306a,train
7aaf2cfd-4d69-5025-48d4-eafb1fd74d9d,calibration
bf6420e2-863b-520e-c087-9baa071fffee,test
68f7b7f8-4594-c44e-f09d-5a6b0c0c9e68,tune
e7014170-46c9-f868-54ce-59dc15cb0c0c,train
e2499482-193c-49f9-6632-db91b2b89b4f,calibration
eca547c5-f201-30b5-2394-eb34b9cd3b97,train
66eab3ed-ebce-31fe-a759-714a619f0eb8,test
4f751b78-3f8e-f3df-3a18-1e67ec8c0024,train
a16fe28f-01c1-c713-949d-829819ecd166,calibration
0bda5949-e9ff-7f46-7874-208efc39d895,train
c39af360-5460-cf59-6cc7-7121aadbb3dc,train
60cb1d85-055d-6f22-b2b2-ffaedf6be0db,tune
e6dd4455-8bb3-0f35-d426-af51c0bf9d7f,train
21ef76cc-9b0e-f708-60c4-bb3b27f4e563,calibration
c7fa1601-12b2-46c6-36e4-b377b87309e9,tune
c04db403-a520-012e-f249-a3605eb79716,test
efa506ad-a21b-18cf-14ac-3e4e62d4db96,test
1782c9ad-4c05-9e57-b0eb-1e5af14e56e8,train
b6ae9735-75e2-adaa-9c52-79f86f3243fb,train
1c6a9ea8-bbca-0faf-1880-7f5f35444982,train
242b8809-6083-0d66-c6e7-9c5c274da385,tune
3a7fdefc-041e-0f1f-ccb8-cea34a3f5037,tune
57570df5-69d3-4a21-a389-bdc295643c68,test
66aa689b-0e98-8bf6-6487-ddafc2157a9d,tune
a8ba76d1-02e1-6c30-6143-3871f18e755e,train
988aa434-3d1c-905d-719f-012c32a31340,test
cf2eba3f-9986-7e74-7ff3-be55548b925a,test
f02c6e48-0dd3-2665-543f-9c4f9f099db5,train
bc4d0b1f-175e-353c-18d6-c0683691343f,train
c64d41a0-12d8-35bf-ee0b-3d05794c1259,calibration
f732891c-1589-7b61-83e7-17b101e42c6e,tune
961d84d9-5f92-86e0-c111-73f2662c9c66,train
a6432f57-7a4d-e418-2ed8-61c8b8ffe9ab,tune
2dff5a75-b382-eea2-1ea6-12427da55cb6,calibration
f3660477-a79e-d48e-6c31-d2bb22cca013,test
b9fc5db8-e286-2037-1e99-a1b8aec3d987,train
1c0e86a0-69fb-778c-4ef8-e38d8a864d0d,test
82e12699-b970-b4ca-20b4-2c5dc65c94f9,train
0c2b4f92-9643-915c-fdc3-3090a907ff37,train
50af2a4b-d49e-bed3-1ff7-6b678ea039eb,tune
53c021ab-06ff-06be-9104-55dbca148a46,train
a041c63b-812f-fe4f-ec29-b8c728cc3a7b,tune
97691fea-33b7-10da-224a-05b14e821bc7,train
0c8ddf69-cab5-8293-0534-2ab0987edd13,tune
a3ba9d96-9858-4fb4-c59c-cf59bcfb2924,train
ffcf0aec-a3d8-6afd-ad43-e2e3fae40ac5,train
5d303fc3-4f16-cb9e-131f-b0bb7faad1f3,test
2e739b9c-e624-6517-7bc6-a5629d2e3298,train
4706f8e4-28d7-55f3-7140-5519fea412cc,tune
57c71b7b-cd0c-2bd4-00ac-28ddcb382e28,test
781e2c1c-16dd-a5d5-2d0e-c24c4f775c5f,test
af64a230-5adf-13c0-348b-b9b91016e1ea,train
a0365198-6d28-10b6-d531-b10626afd747,train
0e10a7f5-41f6-431a-3be6-bb2d751340b1,tune
af6742b1-cb8e-297f-a3cd-e02f40355375,test
c53a23c9-215f-b4fb-d257-b3428f149de1,tune
8c40b9aa-40c1-fdd7-71c4-188e184543f2,test
44f5eb0f-f795-f255-d8e7-d63f0d3f6a4d,train
e8c9a622-1c1a-2bb3-fae3-d5bb88cfed44,calibration
205ef17e-7d08-d063-abd3-6894fc06bb5f,tune
621d2e97-2ee4-b718-b8a8-e4b6e116d58e,train
d590fe93-10cc-c03c-92e9-8555c6bcb1ad,tune
0e3296ac-7824-b35d-902d-256501028474,train
0f745da7-63b0-dfa5-3ee9-8d5c176538c5,tune
580ef9b6-cba9-cce7-aefb-6b835026e201,train
31e7d488-cf22-debb-1083-6d08ce65b0af,train
8490e5cc-9d0e-9655-820a-821c23106be2,train
e7fb7480-5feb-2007-b184-d3328f5a0fd7,test
0fc881f0-70c0-50dc-f526-beb6340a1dc6,train
0e447ec8-264f-c502-2aaa-6d6187497701,train
c7d9204e-02b1-a745-618f-9dac40677fa4,train
56f65435-3fc2-12dc-e524-1dc07294a767,train
a1219835-6bac-2c3b-13da-91846631e213,train
109a0aed-6481-676f-12f3-e442ba3d4a1e,train
49ec26f0-8d55-8721-99e8-675064772afe,train
4d83fd91-cecb-c58c-c623-e3d4e0abaaf1,calibration
36061c1e-19a5-e004-765d-ccbff18e1c8e,train
6b346084-9df5-2e78-7ab1-37445fcf32c6,train
2bef8270-e6e3-2c7f-5b95-987a805a4086,calibration
fa99948f-8347-43ee-c9b9-354062a64097,calibration
31068ae4-25a5-5ee7-9c7a-7931f0a87b09,train
5f4bd883-89c1-f48e-41ad-a01db9f88ba7,test
6f70fee9-2411-ddd7-4e05-15506934d101,train
91680942-d6ce-3114-6bf4-ac565c4ab7e6,train
3002f7ec-62fa-f2e2-d040-c17d0ebc7a8d,train
0e7024e4-3ecb-f029-301f-6e1b343d25df,train
cec598e4-4635-5116-2d5f-30ecb5753a10,train
aaa41d6a-bf56-5f98-9d0c-c19ccf3ad690,tune
74e29c1a-992c-58f8-14e4-d3d27a0ee6ab,tune
ae23698f-8cd8-30eb-4333-9339d08daa58,train
07cb1055-f8ba-5018-bdcc-5189b27d0726,train
7e15efca-6115-efd4-e138-edfe9dd94d2e,tune
7578a5bf-605a-f252-03c0-734e84165eda,train
8ef3175e-be3b-8c63-458a-7490790e59ba,train
2189a8a6-aacd-1c0c-0608-a0d442ad3401,tune
e5bb2951-87a2-685d-f037-5dfc18ceda94,train
32365c52-9312-9c6b-8c35-b027ca2ce528,tune
a8e6d8d6-0154-a911-7a35-8272876db7d6,train
c7608ba3-bc42-f49d-9140-eb22549cb149,train
c02e0bd0-f96a-013d-a8e2-62304ef31edc,train
9e99dd0a-6f2b-1166-b5ab-9a59b48b9e42,train
a6523c36-66d8-cc25-10ec-48d0b89f5bc2,calibration
df8deca0-320a-6220-d367-ac7e2f7f107e,train
f13147a3-3fb8-b41a-1a41-1e6ab7b02fb0,calibration
b1db2c16-498f-bfe3-35ff-935bb7668580,test
3469d4e2-1ae9-664d-18d9-0f3d682f1b0c,train
641712c1-10d3-ca15-29ed-9246ea3a3d45,train
f52c6b88-e9fd-7703-de66-cd5015028762,train
915a6aba-c7e3-cb27-b549-cd31481ab915,train
2c0785fc-0f99-9dda-7652-95382aaac1de,train
4c55376d-9fd0-025a-ca0d-287cdd9e7c42,train
ab5b8c86-ec61-b319-4b61-fc2770d846da,test
96dcf6b6-5d4a-8b6e-febc-9d08eb0ec77a,train
5d6b5898-c134-2e58-16ab-4d54609c880b,train
502c1294-d39f-109c-178e-4c7b207805b8,test
ee181b06-1ff2-72b6-25ac-a3968cc11ced,calibration
e6eac886-8fdd-fa12-ce45-5af3ec9eb7b2,train
3e7dc3bf-5c5c-8813-8e50-e780ae9937db,tune
5f0afe2d-c956-34b9-af37-41f3e7f6be99,tune
bcfa6ccc-edac-d2fa-c876-ea0755886e17,train
125045c7-5751-2676-e927-af38333e3c02,train
55568c69-15e2-c41b-c72a-6f3d0aa29179,train
0057af5a-4177-9bc2-1577-cb631e275aea,calibration
81827b16-c6ac-ea0a-d92b-c5af4fd004ca,test
85692be7-34ab-0b50-c9dd-c3b7d1f79a27,train
03c50e6a-03c9-b6bf-4b86-3460b8dc155f,tune
f8e99b7e-77a0-56d1-62e1-4923eed22370,train
2001e636-95e5-acbc-aa32-dcadb5c5aeb0,train
71169e5c-84d4-5c10-c148-e7d23c3f2a85,train
6fea744b-71d7-fa39-055c-40ef77d4eded,train
e97f0e28-688f-afc7-e18d-2242feeb44cf,train
568100e8-0dfb-4143-3f5b-d46fa701c0ed,train
bbb28d08-5e95-5801-c7c9-8393b52b1ce6,tune
bd3c4b3b-239f-e7c5-f178-b21f3b38de6c,tune
fa89ffa0-67ba-9303-cb3c-b11b8f202c32,train
efb84031-d306-7bc2-738c-bf70755349e8,test
8a92c35c-6153-c426-af5e-cf7806d5918d,test
5ed32cf5-8ffc-7f54-ef5a-a6be51b3fec2,train
bab23665-8806-1619-5c72-69a1932adbd3,train
18202303-2570-5a4d-3e7e-4a60f863c911,train
3d9c35a1-744f-011b-30c7-30b05cae2013,train
78ee9906-0991-395a-e7f7-1543768f6c22,calibration
baa6808c-ef61-70a9-09d8-f6d96933de9e,calibration
f5029b8e-8c29-b3f7-d9b4-6b07865e1db4,test
076f25a6-7663-a395-79b9-0bd8d91322c0,calibration
329b7fad-0457-6d08-530b-44c64bcf6152,train
6856b05d-11ba-dbae-9991-f765b03f037b,train
60a7cb6c-4250-2b46-8c05-f8485c13816b,tune
3cb5cfc8-1277-cc79-f330-e29afa835b82,train
720f12f6-9659-e84f-9b8d-3b5780b0a2ed,tune
d61ecd1d-edc5-e4dd-8bc7-d80d5c2f7964,tune
102be905-88c4-a460-35ef-b747712fdbdd,test
14e255ea-6865-78d6-c353-9277d2dbcc47,train
4f932b91-25b5-4e98-e574-8653c6633e55,train
3dce0138-9d8e-2b7b-3518-69b82ccab273,train
d70b782f-6ded-6518-caa4-e3c8fa653134,calibration
425a6c64-a153-3b05-488d-01a502529e60,train
dd6f4f36-d7da-8d53-2c30-b50c40914c22,train
9df5f824-2bc8-7ab0-e00c-5dcd07d44f1d,train
22eb08c1-93e3-d9a0-ee43-afee8f4aa469,tune
3abf8b3b-7185-641d-dd64-ec804bcbeef7,train
bd93817e-4876-54c7-978c-0cd87aaad296,calibration
bdcb8135-eac7-0aab-05bc-f874b2207a67,train
e4df1e9f-e661-de22-cf49-d4cd67bf6b71,train
9f6d237f-8a5e-79ca-365a-0c1e146e502e,tune
79743272-329c-b9aa-9c86-fdb4495522b0,train
8310c8c0-65c4-c30a-bdf0-b86dcde317a2,tune
bd9cafac-1dec-9ece-1df3-4bfd3c517985,train
3b034518-597b-ec6d-37e2-8d85ae20c124,test
18ddcbad-4903-f49f-3932-247e27c9312f,train
3cc6b45b-8520-e66a-15f5-dcb036712c08,tune
2eedd27c-e5b3-1255-e023-dd0337babdb5,test
947f2751-d9bc-0109-fedd-4dd4390a13d8,train
f43c9f0f-9dc2-a7e0-6a8a-f4fc1d398360,train
5fadd547-eedb-0b2d-d794-154a88c0f484,tune
eb88a4f6-0548-cd76-0779-a0288488f573,calibration
67a467b3-580d-1073-e5b9-9b8ef0bc5589,train
e5d70ea9-d9ab-fda3-7314-bb045e1cffd3,train
9767c2fa-05aa-d98e-f144-2111fd3a514c,train
be1874c3-3be8-8084-7176-a010a5709413,train
4374bfbc-5090-240c-7b42-9b7026002db5,train
f57c9642-150c-e775-8f59-b844080fc76f,calibration
5b41cc28-e673-522c-7b94-2bc1568ab810,train
bc1c03c5-abc3-892e-e3cf-f89ff3df2882,train
e0f4a101-c0b3-6c8b-7fc5-a0d994a34c1f,train
2174c190-b449-a0e7-a405-55b1106bd351,train
b88afd9a-9c8f-7496-e15f-4b91ca089ea1,train
8448b03e-f51e-e62c-6f9d-715ca6659cc8,train
62308e78-2111-8cb5-c221-181e7b4a3a45,tune
d6aa4e2a-b366-f7f5-e78c-2b1351674c86,train
68e52fb8-64fa-e295-92d8-2e0c4c530936,tune
8cd032db-db67-4a32-0008-badc83e2f6de,train
f94f5942-0038-c432-3382-da408f388b60,tune
dfbaa1c3-bdf9-5668-9913-e171ad476a3d,train
aecb7750-3a10-c996-1aa4-83a538c98b49,test
d52b07e6-e65b-4009-ead7-e9e8db5e4cb9,train
35eced04-f019-b6a8-ddde-5c3aa2a49f58,test
0551a398-3de6-7aa1-a857-f65f292c14b1,train
d866ac9f-019f-56dd-6334-bfe6b05fc183,calibration
af46179d-2703-8cd1-da4f-9db0d976d5f3,train
1daaa345-649f-2e3e-d03b-55b8e2a38c08,train
33ff8587-7d01-38ae-8af7-514bc4632c43,test
639ddbfe-8499-4ee8-69e1-66c56de09009,train
e549f76c-0883-f316-e3f5-d875a0255587,test
5fe172f3-2fac-d86c-3694-95055e23d044,test
183a388c-9331-0fa1-8061-089bba6422c1,train
1e039025-a57b-8b1d-b491-6cfb1e2267a5,tune
a4d3ca7f-a041-23fe-afc5-87641bc5db06,train
4b02061a-b9c7-1e0e-c3af-6a7b80e24e68,test
6fdaac95-81ee-30fe-91c2-b41f1df95514,calibration
176acf7a-97c5-3825-28eb-f178a415bef9,train
b4caef27-a1e9-d82b-8a1a-12c5a77f7974,train
422e2890-889f-baa4-6a8f-c31f276f10ff,train
26e6add2-1847-e5ad-9dd3-9f633bc95ea9,test
4ae69ffc-6b5f-e788-57f7-328fffed30fa,train
a17d7fb3-2070-f62d-6458-36caf07f73cc,train
7b2c2301-7c69-0131-319b-91218c23c5fb,train
da435f33-1044-330b-e0a8-d07f218c6b04,test
30d2e59f-fc8d-0bc3-3b35-6e88a835c586,train
539e7ed2-04bb-d4a8-c4c6-8e50d9c544fc,train
cd36ff78-a249-7659-e90b-94a7742fd099,tune
c8f3ec4a-c48f-41b7-5a4f-e911a6015377,train
90a4123e-478b-b0a3-dc3b-5c8e53983468,train
9df75700-ceba-c2d3-b697-0f8348da9856,train
6baadaaa-8d14-65c6-e0d3-69de060fff3b,test
10e809cf-94ff-b0ee-7f47-094653029257,test
5e2c5ee6-1e61-fc28-e0a6-bfc4bc9ac64d,train
dfac5e57-16bb-d292-29e9-7c9a631f639a,train
40c4acc7-aa34-c338-b921-b456e434249d,train
d24489e6-172b-4fa6-78c4-bb4eb3fcd878,train
b21b06d0-2baf-fad5-07d5-e0c79a21e74e,calibration
cb20fe2d-6709-b68f-4bb4-fe0fcd5f444e,train
1dc3f428-6226-dc52-b502-3d8adf87fb12,train
3f11cf5f-367c-4188-0a32-a6b0024ea274,train
d5c5ea1f-2590-a9ac-0cb5-9fd117f58f7b,train
4e6ff440-35e5-2a25-e472-c0e72300815b,test
b214165f-a625-ecc6-726a-6997ad311a07,train
71d8644b-65e8-02e0-7fdd-01bcb077d120,train
6fcbe19b-6c1b-3620-611c-882ae5a5e389,test
e85b621e-98e0-241e-9380-bb2ee7e10c16,tune
d07c1510-e5b6-ab38-de6d-ca45a717612d,tune
6811aac3-e102-c078-7547-c2330254159c,train
2eeba50e-4c20-6a4f-e8d3-a0da7219a61c,train
f26e0dbe-09a2-3ae4-4706-428ae7413fd4,test
10d5bc35-fe7d-8bba-7171-7e5cbd71cca9,train
966a25c7-3903-927b-fcf7-08970cb9f5a0,train
a2ca0805-7806-eaa7-f7d7-3ec3454dbe29,train
276ef292-0de2-a7d9-1f5b-a4be1115b2de,train
f66f034f-de1a-dd94-8b21-9d193a9363a6,tune
1a45c734-7c20-96f8-876d-a452ce423565,train
0263117a-14fc-f1f0-f40b-b79936b58862,train
c31dd79f-fb49-7176-fdea-100c0e4358d5,test
ab0ff447-105b-b86f-ec43-38186265987e,tune
963bde06-60d3-2b83-34f6-bb745ec355df,tune
8ea85c27-1553-010f-5297-134c1e0b3c1a,tune
35a606ca-fd3d-62b3-22d2-06a94e84ed0f,train
8895e8de-4ef7-807e-9fa4-1b8197252eb1,train
92fc6351-30e6-d23b-13de-cbdbc78cb6af,train
bde37708-1454-3151-c145-8318134e08a1,train
153af199-ed4e-a10b-1fcb-98c31a03073c,calibration
93a1a7b1-dfe3-e06e-0112-93b5a85cb65d,test
511541ed-aa7b-5483-9ec2-dcbcc571e791,tune
e48db919-b4f4-66d8-7785-fba5ce14d655,train
e5bfdf2b-45b6-db9b-e5c3-d7522cff6985,calibration
d07d29ea-c7ca-44cb-0fe7-dd321e09e65b,train
32b206b1-669a-ab82-d92e-f3af114e1aab,tune
6f126259-15b1-0766-2dac-572ffa6a2605,train
8d11299c-a5e4-0774-fde1-db5de7302563,train
8ee38a85-0278-6e62-8d86-81b6b22101d0,train
833b1b89-cf3b-0b2b-5bb8-18acad3995ee,train
ce5010b4-48df-965b-ce78-907206e63701,calibration
1888b5a1-2737-6b22-cef5-4c55604b8b31,tune
20fef8a5-1d10-0188-5b46-c3b59ce3e388,train
374b0596-ca66-868d-3d34-4b27a1d4883f,test
2215990d-9f98-9fa8-7c85-16f9aa4604a8,train
d7361f8f-861e-7995-e937-82fd0fe27483,tune
4f3abe88-f5da-a7f2-4869-6811fbbbae6f,train
92618f23-dd86-b4d8-4590-d17b700a211d,train
da6368f3-9a48-8315-9971-4862bfb51c2a,test
93104943-b3d5-9c89-4c5c-9dbd81e56655,train
a1152793-cadb-2cb3-7fa8-5ad126bf1c8f,train
367440b8-169b-3190-f76e-d75379ecdfc2,train
a1537d7d-5a94-ce84-5dff-9a4c72695992,train
776bdd1f-7f5f-513f-01be-4c07cc5ae367,train
9220a147-9b45-5abf-3795-7c378ab23f7f,tune
98daf753-ff7d-a685-b727-4c1ea0de5eff,tune
dd78b2ea-c0b7-6b69-69b6-3116c7fa65d8,test
8b4552f8-9eda-1561-244f-73c1459534ab,train
440d1dde-1be0-b427-2e9f-95e43b37fba3,train
b2cfe00a-4244-a280-ea11-3855e7b7782f,train
1af67e9e-1049-5735-9fe1-5e6b31ca4089,tune
7d41aef4-5b77-2e6a-c2f6-809882bb8390,train
66888109-8509-090e-8c3b-0c7a3ebdb282,train
2c41168e-b426-6a29-8324-5cf27e9da6a5,train
37a474c6-7c03-731a-2f59-1f06c0a98a28,tune
2f7aab0f-1e14-dd16-64ce-c1b2490cc9a3,train
0033860c-5dfd-1478-20db-b031ac90d19f,train
30fba271-3055-b455-ba0e-c7b0c787bf1e,train
2588ee81-c894-1aea-1f1a-933f1c650141,train
c66b2646-3a08-bd0d-2af3-a43e971d04ea,train
4eca9af5-850d-5969-0419-3dfa99371134,train
0578f305-d8e2-fc9e-abb6-3c862922799f,train
81c8fcd6-42f3-3ae4-a81f-bbd6575aac12,train
5fbec5da-5ee3-a5ba-fa86-ea8fb80e53e2,train
8a9096fc-9467-cc01-5c62-b4434d750d3b,train
fcdd377e-7905-14bd-ad4f-2305f18950d6,train
8c29f86f-5f8e-31c5-594e-64f720d1f689,test
101b4a6b-3e0d-de02-6d65-15d385b30f84,test
62d2f646-4483-2923-15d1-77d68b14acd6,train
a3107548-c34d-68c6-81be-76bc5a73277d,train
d21a9e0e-3a76-f2d4-b222-dfa5e567b72e,train
051f520c-5d8e-8b68-23b1-ca4fed378d48,train
44b9b1df-1ced-406f-987e-7201c86e7da4,train
a786a42a-77d4-f6e3-6225-d70740fc758f,test
b86af875-f9f2-b1c5-9f09-987003508a2f,test
85cfcefa-ee8e-a4b8-aee3-49ab8b1c576c,train
f234be67-5428-2065-c699-e73b6660cc62,train
bd04d20d-ec7e-dbcc-ed19-c9806a4de9da,train
a38b96da-70d4-ba84-5911-bff9b5d60e45,train
c7ed1491-4531-600f-be28-65b835f5facb,train
e4ce293b-e876-6815-dc22-b9c8d8fa79fd,train
389f43b5-6dcb-56c3-4263-993b7221c00e,test
eb40e0ba-0de3-9823-4298-0837baedf4dd,train
eede37fc-be23-a1a2-8ea1-3ca3d7fc351a,train
c917ecea-21d6-8032-e1a6-114568a9979d,train
9e3d7748-e93e-8488-adec-036faae2bc5a,train
b2ebd92c-26c4-3215-2536-8dd22fa3d7d8,train
21f9e025-3edc-a750-8643-2649244118f2,train
729bb53b-3110-9a91-c056-71909e84fa6a,tune
98b0c503-5e7b-e36a-2277-c2c7aef24c46,train
9851ed42-b4b2-82ec-3ff4-b17c667c1c49,train
6f5819f7-856b-82be-7a21-a0001e17b760,train
19046ac6-44dd-1442-3add-45b254f7c5e5,train
c50bd12f-3d11-cc14-b85f-48e7e320b4ba,test
65403d12-0837-c065-55a0-5fa5c60a0a3d,train
6ff6182a-61c7-1ea9-d00f-f114848a2771,train
d1f7c9ca-09bd-3b92-d39f-7e4c9d51b883,tune
2c578251-ad2a-9197-3ae0-2b93bc591954,train
f85b91f1-e587-b298-dc57-c4db556431a3,train
3681d4c3-6f05-a681-fd3f-7b434cf68e48,tune
fff40429-43f4-a3a8-d086-2bf1ef43291f,calibration
759b1d39-49ec-e706-5e69-8fa206151b4a,test
bb0a5dec-4842-3795-8c4d-3dd4ad294e87,train
1ca63ac4-8f15-2db7-3a03-e79208e93632,calibration
0634849f-5ccb-1482-abe1-6ed904be5a7b,calibration
2311c11d-ea62-19ec-0de6-110bd5e157f5,test
43102199-21d3-b8e4-3266-494c002c5222,train
64f92502-77d1-704c-4a92-d8fd06417b00,tune
ff72faff-f8ec-c276-2dd0-214f9ddc4aca,train
6cd65d8d-f7ad-62a2-3759-194845f9f858,train
f1a4c004-dd32-8355-e230-836186de011f,train
0df37e4c-4b9a-f051-3051-3f015168d260,train
b84013d0-5901-5748-c368-026791ed245b,calibration
22a1bcae-f679-9bb2-2ca7-abd170cfeb92,train
f972df09-cb8a-76de-36cc-fe5cbcdd8a43,test
f695e880-111b-c990-70d7-5f0b90a69385,train
540b16bb-9662-ba54-39a5-cb6e6750e0d9,train
70bd375f-2be2-d6d2-8729-0fde405fe21b,train
adf27ed0-df61-a8f1-3a7c-6a5433a34320,train
2620be67-4bb4-1a88-fbb8-8614fca59dc5,train
a11db10c-4a66-9ddf-0088-212d9094858f,train
24beb19c-cc10-245a-4257-30dac5fa73f7,train
f0d9c66d-1ea4-8180-56e1-d0e24c7f6e99,train
82b33b43-4957-6efa-1ac3-19daf68f268f,tune
04689f67-2ce5-241d-6ff8-3a91354c983f,train
ae899a63-3f88-0653-7b30-ece9bdc378eb,calibration
862de8e6-e4e4-4fe8-2acd-01c2d837e9d0,test
43f036d5-635d-189a-5099-15cabc56fe0b,train
30b8f322-8b84-5573-6ee1-9af1a09c4f72,train
c571a8ba-53a7-9db5-b0ab-19d738066a71,train
94bc846e-8021-b7af-f329-16c0d86527a3,train
e740222d-bc2d-4546-ee3f-86391b4eebf3,tune
8bb2f1f2-2fff-b845-9880-5556681c2b5f,train
d335c020-001c-d5c2-a388-9d246036698e,test
af1449dc-36d3-66e5-85dd-6d0f1cbfe818,train
6f93b4e2-053a-8216-5d24-6c70d9e83d65,train
a40106c1-5cbd-2898-1992-49b46e793615,tune
c602da5b-e955-3b1f-df3c-1ceabba4d076,test
5ae2ba4c-1b97-5232-f303-2c520ee4c3fd,train
b08d2ada-a242-d9a9-05ee-dacb6d6f2c5f,tune
8ee23650-77fb-e9e1-c460-9a2cc89173c0,train
30905c12-7b59-39fb-5765-d932a8cb7a36,tune
91660605-229b-84c5-1787-c2bc13d14610,train
33a95f7f-6bc9-9118-0ef1-e443db8b29d7,train
1236b96c-3179-1f3e-d084-c90f070e3ab9,tune
7e1e19fe-5076-6d1a-1322-6d6f41b0d286,test
d5fcb7cd-4fa4-30cb-c352-994a05abadca,calibration
baea8f48-ae11-1bb9-0b92-59ee71cf623a,tune
800c4a0d-6f18-a195-1e0c-9bd3f3207608,tune
13ca8cd0-4858-452d-94c5-dcaaaa2c7344,train
abc3574a-cbab-6ca8-8907-dd4aa6893bb6,train
a7d50cbf-1dae-2b89-c8b5-2b7ca597e648,train
0047e8d2-3cf1-9c56-f24b-32754fcb94fe,train
a7a9a0bb-9b22-bcdd-f28f-bde41206c33f,train
af3d0ffe-184b-5eda-b8cf-47e5989c0d40,train
06612a9c-41e4-fe93-ca52-cb70acd36cf3,test
443efee4-a8cf-8246-f97d-92fbc0eeeaac,train
99b5b125-16d3-7fa3-d638-d40adef02f6d,train
2315bfc5-4d8f-7ac0-b385-f7052946a56b,calibration
11276500-9cd5-d11a-bcdb-543c61e43d8d,train
c93d3904-4a5f-de6a-a295-2c1712964209,train
98070764-cc9b-7c22-daf2-cd543f094836,train
6d77b244-68ab-dcd0-7415-40b184979fd8,tune
1b08350e-b67f-b692-265e-00228099b1f8,test
93e872c4-1c62-4235-ea39-9485938dd42b,calibration
421b4d16-5596-d6c0-b292-1163039ab258,train
b9090d9a-acbe-c2f3-0092-28667d60ab00,train
fd14bba2-af11-9dcb-970c-f8bc63a9f3f0,train
433ed5a2-a1ac-f236-5191-99bef63e525b,train
133e4d1f-8925-e8ce-2674-9c761508b4bf,train
2259979e-d721-d278-8938-f20b645837b0,train
5d824618-f484-8164-f44f-fdc7696e3f52,calibration
c3fd5c6c-e13a-5ee9-693b-9016d100584e,test
a5b6b93d-7d39-7f8c-3b16-ce2984083bdf,train
eef5630d-144e-e6d8-e5bc-74995bede637,train
00945c61-a46f-584b-4fb6-738380a38940,test
a074534a-81cf-8185-66ad-7b4e40f0019e,train
3c562def-29d0-0cfa-26d2-4a3d08e0fffb,test
161f1ce8-192c-aeec-724a-db34ff3a19a5,test
936b9ddf-226e-e292-70f4-690ccfeeef97,train
af4655c5-97a4-7993-c51e-46efeb1e7190,train
3432aed0-57f3-274c-05e3-4960b1ade03f,train
cb9cca57-d22c-88bc-10e8-d7f9b7f87785,calibration
665aaa5c-5deb-02fd-fee9-bccb12d4f0f2,tune
2c770d67-45d1-84d1-e3ac-d29a9bb30114,test
3854cf23-0935-b6f0-7225-a8a616812930,calibration
77127874-fe0f-b5bc-dd77-be481c377c99,calibration
7b38d1f9-e422-8170-5db9-2b255dea0e25,train
c3362b1f-e431-8b14-fcff-6f57352aa52b,train
e846dfed-b1dd-4877-7c35-b8266b8b2f7f,train
30132565-a565-31c7-c341-331528538d68,train
de1eab9e-0fdb-b415-2bf2-112c77e84032,train
cb3917a7-e599-43e6-9de7-95bdf2e100f3,calibration
a2a09db8-de43-e94e-96be-e59c5173c690,train
e29cc2cc-4060-7b31-658c-151a071c0aeb,train
a7cd021d-b73e-1d50-a15d-377e018772f3,train
5257c8d0-9610-761b-9125-fd1a19ae820e,train
df8c380b-03f5-81d8-3b20-e4738a62ec68,train
88b335ac-a798-947d-0745-522fac2b3dd1,calibration
8bd6a2be-e4a0-68ff-7d03-f4eae5471471,train
a39a3bbc-bd5b-6746-b15b-e8b08c59d7d4,train
eb2a0aed-eaf3-ad17-88c8-e99d08129214,tune
c395c14c-2b32-04b1-cbcd-a3dbb4f707e5,train
a271f798-83fb-2767-c649-8c08cd31f2bf,train
0f925883-59e3-7ec4-82be-cde9f11408d2,train
a4eb710a-e591-2c5c-3a8d-0f34df31fdad,train
40d1e54c-29b5-ba6b-1d19-f653d26401d8,tune
9699f649-3f7f-673b-399b-3c528d55e68a,train
c0907c57-03f8-fa6f-26a8-3a0043523bcf,test
a0c9dd6b-955b-f374-124f-b883a01eca80,test
66dc8fae-c361-d9f0-9317-101ad0283d19,tune
3ac5f656-035c-753c-3c2b-83e97aa8854b,train
dd9211b3-a1e1-e791-f608-d0799c37eec9,calibration
4de465c2-b848-7822-c15b-75aa280aabb5,train
d1894969-0014-494c-a2d5-b75e00341a7b,train
34190ae8-953c-9832-f20d-52471a6840e6,train
e27b943a-1318-02c6-ea03-9a5f3c3f7f3f,train
783b6383-2189-f071-47d7-7742b18bae4a,train
7fc9c30a-12a6-7b38-111f-b373c52a7de3,train
bc7b70d9-3281-eaf8-1cc7-d7f3bc2d9ce4,train
aae40474-a046-71ed-00f6-7378ab48ebf0,calibration
f7c6b7f8-a797-f651-d29e-8646155c8b74,train
c18306d5-af7a-219e-1766-f99303277158,train
1a18afa1-cf44-c847-a4ee-1dc081c84cb8,train
1bb9f87c-dbd9-7b48-b3b6-f5d105bbdc27,tune
a4d4235a-1507-a3e8-51c3-b8e10afbcdc8,train
796212db-73e7-3ea2-f5f0-d214f3e89a72,tune
6ecbe278-7601-2fee-5d87-c983e3492f1f,train
f9cc6f8d-7cfc-5c06-ac8e-0a3561d69a8b,train
b3c09711-537f-57b6-27fb-26a06aa3fc97,test
146cca08-3530-2050-e1c8-2bc4108a29ea,test
28eddd5c-e31a-b082-8638-e56504cb7535,train
b805a9fd-3f85-832a-b6ef-cb5b681859b4,train
18420a33-6256-e83c-c9f3-dd6d277730f4,calibration
f4dd97a3-f172-3730-6c40-0be896835bda,test
cb5ebb96-5a69-0668-e0ff-48ae7f94be41,tune
874b4aaf-0d40-188f-d4fd-d5daeae80eda,train
32d41696-ce3e-8aa0-2175-50e9e755f5e1,train
82c18245-641b-531e-4079-12f2c621c737,test
44a24b3f-aa3f-a460-4458-2aeacd80a3b0,train
b22319ff-302f-d4f9-58ad-4fe9511ecce6,test
c06883f5-1ac5-701c-65f7-e36d4b4c99a6,train
316689a3-b263-e7e3-77c1-6d58c242299c,train
21317d2b-7a50-1e41-5f60-bcfe7ebfb07a,train
8903e411-b15b-49c3-489e-dc3a1792e887,test
7a777d32-4441-c85b-1bfb-bb65745d49be,calibration
0b23bace-4ef4-34f6-b0a5-0fff99c1681f,train
c853e6d4-e107-c208-4fbc-d14affd03018,calibration
7da9c7ca-32db-e0e3-3702-168e9a50137e,train
854142b1-4851-e74d-16d6-240a9b0fb0fa,train
4f9694bb-86db-b8aa-6a7d-a7cc816da5da,train
8659b498-8644-7eb6-d396-34aab0dbffd4,train
287af47f-6bf1-8efc-d687-36591e51f3b0,train
3b515367-0c94-9336-e995-b980701733a4,train
31ab98de-57c1-2146-5b2c-27902e53878f,test
0ad3147b-3325-9e49-dd18-d9d90b770ff7,train
2dc7266b-a962-beff-1f71-2d2547c3bd23,train
e0241b2f-5a45-273e-477c-1cc380f511e8,test
f8485560-67d0-0abe-42b6-cd1cb5fb435a,train
97bebc60-c208-2f7f-5ac3-1c18d181f1b4,train
1f566d5f-3d9e-b0ee-aae5-5a84bbbc3077,test
eae0204f-d9dd-ed65-2c7e-e4fece3fdb45,train
cd14591f-e0b3-ae4b-b923-abf351caa2e3,train
bca5dc32-a2b4-a9b1-3096-7d6d0ef84652,train
12dd3754-4ca1-e49d-56c7-748d4672fb3f,train
10f4b30f-babe-aa7d-a31f-ab4772ea9e15,train
ca6be78e-e603-7773-6f33-7d01b6f7d3ca,train
1f87ae41-8c1d-4894-26c3-115b842ece0d,train
53aa7a01-31d5-389b-20f8-e041143537ef,calibration
cb79663b-0ba3-f829-7ac3-206ce8939f0e,train
270a1270-9fa8-9d25-6ddb-2d87c30354df,train
c95fc774-09ee-5b65-7315-88b65f5b895a,train
f5885630-0e40-eb76-fa90-a56f383d295f,calibration
ccf14c9d-3d6f-8311-d875-2d23e84e4caf,train
bd602090-202b-ef20-16a4-6e5cdf30c400,tune
fb92ede1-d3fd-b833-5408-b9c4e6800c45,train
29710d19-692e-a393-b27f-2241c1fab2fb,tune
a195b599-fc15-7091-c4ca-04126f9572de,train
46a31362-c175-004a-d521-78a98a947edb,tune
0efc1b8f-6c80-9215-f4e8-7f5f508c4b20,train
2f0b567d-7fae-c215-3a8c-6cbd1319b6e7,train
c84c0673-a707-f7dd-c762-e1a6dd82dc74,tune
d0372dba-839e-137a-f689-65347533c13e,train
0b6fde0a-3c2a-9304-9bec-304644d21eee,train
43f3c6bd-520a-8cd7-2b0c-fc85be82dd7c,train
512f2877-f45e-47d1-860b-ea7846d1b1c5,calibration
f34c1db3-4c74-77f7-f108-30bcb687c7c1,tune
a2c363b1-3d2c-4eda-c0f5-219c7e299766,tune
27c35bef-830c-2eee-f886-85181f591f99,test
608927c4-c76e-a3e9-5b23-a1fb7cea6db1,train
f21f6f5a-7fe8-67df-a095-74b5baa1f5ea,calibration
1ca6f446-6cf2-80b7-b510-6fb16474660e,train
627da13a-0262-30a1-a307-3989aa106561,train
d417446b-f812-c6d5-f759-e8d6766c8d89,train
036d29ca-a28f-c297-829b-8c503953a545,tune
b0980010-349b-ed1d-1913-d05979998ae7,train
2084420f-b547-4d60-52a9-457bd7cc555b,train
7e9602e5-eae6-2e8d-78f1-d86f39c4451e,train
76651361-4c4a-ca88-ef98-b7ff7c0c7b11,train
db22b73a-bfe7-7065-3239-f4ab1532dde4,train
4fe5f667-b65d-eeb0-be33-492e6b4da084,tune
29631805-bffe-7e0b-4707-6f0672803279,tune
bc105974-69a3-00d5-10dc-873a1942f7e6,test
b48c8887-cccd-a77e-3be1-28245096ae5e,train
f21f9d84-3b2a-7856-cc6b-55b0ec352df0,tune
c942bdb5-d993-43f3-922f-d7bd3cd33f92,train
c1a187b1-1154-0bce-d8d3-ee974a85f838,tune
a94912c5-9f8e-c651-3e05-1a459bb2e9b7,train
c1d35938-8331-48d3-0ce3-3f535f1594fa,calibration
3c09b274-056d-386d-7d99-d3e0d42dd77e,train
f3d48692-de20-9656-ab4a-a4969c4fe6e0,calibration
40709e27-402a-8a05-a781-e898b0183351,calibration
f84ceeb6-aaab-2929-7ba3-d74698c97ac6,tune
8a33fcd9-bac8-e6f0-fca3-4fe9e3b8b49f,train
886a40f3-4c75-4b5b-29e8-37593e12f615,train
c62579bb-0af5-d2b5-8f16-c7d938e1ae56,tune
fd156fdd-1a8d-040c-ee73-5380e6ad460e,tune
2c8c8067-9a18-8d29-1c62-f226cca8202c,tune
bec5ad82-6b7b-91c9-4356-ee6312a83bb4,train
dc826a4c-38c3-68f3-878b-69e3548f52d8,test
2eeea2a8-00a0-1909-0711-224afec54a48,train
fa9e8c49-43c9-4ea6-ab0b-b112cc5061c1,train
21b4c02c-c2c2-de29-9e39-1504b3086222,test
5a25c2d6-e889-814d-e194-e0981f299daa,tune
3e06efc8-e023-e6f8-8e63-4c08e00ccbf9,train
abfbce44-9333-261a-3261-9674fbae23da,calibration
1d4941d9-d214-e9d0-6e19-2b650c403bb6,tune
b989d657-12bd-943f-d594-9ddf10f7ce2c,train
dab9cd71-5daf-a6f6-5f99-febc862b0996,train
d94377f7-517c-ad00-af86-00b143f92e5a,train
47791e81-2ad2-b323-9f06-90ae19524331,tune
ff9075de-bf4f-4af9-0ed0-8b232bcbca11,calibration
57b1bcab-1608-59f6-e28c-1a5ae3264fe3,train
fc22d872-67a6-fc95-c442-9c0d6f1ed6ff,train
615391a6-2924-5297-e32c-1b161a9f4698,test
82b65c53-fc56-ae68-9e27-98f1e91142d0,train
169810fe-a090-b76a-fac6-5ee94e1f76d1,train
1c9ea715-d3c7-593d-2415-a5edaf893e67,tune
933a8539-7adf-14b6-fd95-6472eb551fd9,calibration
3f0494c0-35ca-105b-d8ee-a0005ff96631,train
db55684b-68ed-0d16-26e4-1e76cd0e9657,tune
15fdae55-110e-b773-eaa1-adde47a280e9,train
cbcf4ac8-aeed-9def-6341-ce61aa5f20d8,calibration
045b4f93-5e0c-2148-ca93-09d8ea9294c1,test
dd3c1a80-4fec-7375-bcf8-7d4fb7642050,train
196f7977-abc9-866b-42ce-94af16fb96cc,train
5783b248-c4d7-0927-4a33-8c8b5310fecc,test
c59c2b4b-7dd1-3c9b-c444-b00b0b8eb456,tune
61416ef6-35e3-462e-d435-034c656e2f39,train
caae0431-0e7a-a823-34f7-c4e9aae53646,test
762060a6-5f0a-f7d9-05a0-c0ff83fe4320,train
43a15ea5-34a0-c239-6239-30f8617b9e92,tune
0d21d386-4a10-8474-6e0a-a6438748a8fd,test
34c786cb-6414-bb3e-0b25-b69066eb9d57,calibration
fa84c1c7-ff3e-db51-05d0-ccbf743ef74d,train
f7fd4318-8e4b-f85b-b0a5-cefb8b9aa6c1,train
b8513f32-1189-cd5e-b6c6-a52a2963d688,train
e7e7e2c2-9bb5-9517-a176-7dd070558849,train
60dc51eb-1ff4-115c-4753-5edeb6bcf230,train
19895d76-dc87-3e1a-ae8c-86d29536e209,train
a8a35be8-7201-fda9-c757-ded13822133d,calibration
7ccf2dfb-8400-d251-7e66-3febbebb9361,train
48458c65-7870-00f1-4901-638a3578eb23,tune
52522d9d-be6e-8057-7304-110feab7f391,train
bd655e27-ce6f-060a-fd96-469a90c714ba,calibration
365fb952-bf9e-dc5f-07dc-e6f6895ac016,train
df1fd687-46d6-92a0-9ef8-38cc622408f2,test
fb4bca44-0a73-64de-a0b5-c167bd4a3a92,train
5d938df2-08b0-f1a3-6c22-7c5f5b41c623,calibration
95902401-547d-5631-e06b-a5e1076b1a20,train
6a873a35-af69-f68c-590e-1f568097ff96,train
27591b9d-5c31-73f5-84d4-0c02e91b4b39,train
90419cb7-03ee-dac5-b410-ed9ce611b21b,tune
0ca59701-fad5-4a96-6aff-9ce366d0a954,test
bf068a26-acd4-485b-4d40-663c1a8d822f,tune
65076205-7efc-ca7a-19a5-490fec325fd4,train
4d454608-994d-2108-d891-a1ffced2e9c0,calibration
ca205dd5-a0aa-1de7-dd5f-6f4b7c9a017f,train
5ce46b4e-c488-6045-456e-c28c234310d2,train
d1007a31-03cf-8a63-fedc-d34bfd313477,train
39167e52-0bd7-de24-f616-01ad95ddffd9,calibration
d2ad4957-1e54-d59a-f84a-0259bb158fef,test
25d4740f-5574-582c-5fe6-3dfad5faf611,train
a6b3cfff-b346-7263-73f4-2c411533a482,train
239a1778-14c5-d995-c24a-5135e446424d,train
4b232d9f-8689-6af5-cf27-f6c08f01c409,test
6a6797be-3124-196d-f800-d5aeda28c1b3,train
5debc754-af1e-1b27-daa8-08a13cc07269,train
0286350f-99c7-08ad-5754-1804f0c22e0b,test
c6ea72eb-a606-3dff-2118-141516fa022d,train
a333c43b-a185-f1b3-336c-c6ac7ebe1ec9,train
a205b261-c598-ddf7-a4fc-2ebb0f7d9d48,train
7d6088c1-70d5-6317-9057-ba11e1804f62,train
6ba4889c-6d0b-6de1-3919-b76a7b8a2f3a,train
e0e0035c-578e-fa85-6176-5e053988b64b,test
5e40a780-d6fb-a166-2e6d-623e981cba61,calibration
2e76c898-df3e-0bd6-e932-96bfa76ee0ce,tune
ac355c90-ede7-5664-b580-b71e4b2fa1ca,calibration
9411430c-e73c-6f93-af47-5e563c016ee0,train
4b777851-6c9d-7094-1ae2-6d93e824db02,calibration
d7c7cef4-318b-8ecb-5ff8-fb2e922c5d0c,tune
55b263c2-399e-89c3-1963-046e67860185,tune
8e9195bc-1533-bdd6-4d0a-e4010d43241b,train
4094fe47-f7d3-c83e-237b-007183ae2707,train
e23b32a3-0908-1f89-7d14-58eeb5040226,train
3c8c9f29-1dae-f8fc-63c5-0774aaa2323a,test
4b029108-6135-a5c7-d147-39b9bd9ca3d2,tune
a5a2952f-2724-bab8-a879-e6046e6b49db,train
3203a091-cbe5-f4a4-5df0-1bd7b9ce7f7e,train
2c75a42e-9a60-7349-6851-d18f1b003006,train
a7d3297a-6035-6a63-b4a3-56a6a18c09fb,calibration
6ead6949-19de-fa3c-5ee9-242686dd05f6,train
02ec62fa-e2f2-72ba-47be-b9c0578345bd,calibration
8a960eb0-3cc3-d5e1-3ca1-079aba2efff9,train
7989ac67-d5dd-cd2f-578c-b8191b9b4013,test
33ff2d09-7c96-c389-5b5c-a0f0b7dbb974,train
102ec37d-10f5-5c24-b488-97c7746a6864,train
3b8382b2-518d-cbce-3868-70233735bb1c,train
dd8b5b64-7be6-5d5d-471c-57fbc7df5965,train
7cc7f742-c391-c02a-aa36-66ef1d41e09f,test
5a5eede2-4219-4935-5e2e-d6f5a7dd93bb,tune
f4025afe-579f-3ea3-af5b-45cb10798553,train
49452688-a992-872e-1cf7-883be24a55c4,train
80f15d7b-b6d5-225f-e5d2-5cded4573ea2,train
fbfeb8ba-575a-f664-c177-db3a375ea8ea,train
0a8d9d52-44bf-7d0d-76cd-8ca0b9a31f51,train
87592095-3db5-9081-7246-509bd035b027,test
c693c243-c5b4-e590-e53b-d0cbbc6944a3,train
b5686618-42d2-fe78-645c-6de691e4e9b7,train
90825197-a906-cdbb-d930-cb420642f502,calibration
c483adf5-f578-3499-11d5-76b5622a49a5,train
c2102bdb-6265-659b-c597-7ac477bb445b,train
600ac318-f740-e1d6-7255-8511f4d17ecc,train
6d0dd0f3-2c94-f35f-1f7a-8098ed7d92ee,test
56afa459-7a60-9541-c2ee-8beca28b22b1,train
19211a52-d167-248a-92e3-ecd92dafd9b7,train
ef29b673-2a18-74bb-5585-1c5a0db5172e,tune
5d0b122e-5173-1a58-42d9-33ba9411dcf7,train
a2f97468-0487-ae66-9386-7b3c39b3a4f4,calibration
69f8bb68-dd35-ec22-c6bd-f809134a2290,train
61236950-83f4-0225-89c1-2df3d2c01600,train
e59d9954-a8be-1d75-7539-72855ddbdf03,train
e2f7f8c7-0cf8-b03e-a9f1-bf39cee5d332,test
7190be23-2069-f05d-c8a7-adef55d1a01e,train
9812f23f-b6b6-8454-403f-20067c9bf5ec,train
adfe8251-60e7-913a-4421-dbf9b4eb2e4b,tune
9b0c6c5b-6604-5381-a324-e5b2302808fd,test
7535fdb8-e4bb-41da-b8e8-de6a543c34f4,tune
b248ddcf-00ad-e5d6-4699-734b1dd3587a,tune
d79a312b-6753-c575-139e-1876c4e3ab44,tune
0a12d957-ae09-4366-98ee-723077d493a2,train
e89a1605-9024-5d04-331f-3801bee18b04,tune
4a505625-d80f-09a1-85c3-7459d4053081,train
13a608d0-f6ab-1fff-4540-eea1f95c625a,tune
2965a480-bb6c-8c33-bb88-cb33b1ef1470,train
a3f1b1d4-e831-e0d2-4506-9d17fe397ed4,train
e9043279-435c-4321-c0f8-3325f47c1cab,tune
2fe3f49f-e66a-a851-e565-0b5848195453,train
1adceb5a-4316-fe77-7c2e-ac37b0c1dc19,train
7af0e9ee-801c-22a1-650e-16231f3fc298,train
6aefd65d-b057-a9aa-2221-40bd557388a8,train
8a63f200-c11f-ba9d-6c14-f0b16be07adb,train
38c34722-f0c9-bb1e-a0ec-1f903233fed9,train
c21afddf-c7ff-b41e-2e94-ac07594c974f,tune
99b4bc4f-df72-eb30-3dae-0380b6ac105b,calibration
0e9d42cc-49f2-1d6d-52f9-53c8e13db973,train
5545dcf3-0571-49fa-cadd-f87680ae20b7,tune
8d747051-a7d6-31f8-51e5-7c2e83e5ff8e,test
d4111ea6-d04c-df22-4947-bbafed5f76a7,calibration
5130c246-b2eb-1d84-c3cc-430c862ffcaf,tune
0df4bab8-c3c4-4eb8-8e3f-c6b3a8101ed1,train
f6be6327-cfe4-68bf-574a-bf61df69e60e,calibration
2311d0c3-d536-bf16-a4bc-513b4ab6c25e,train
47e721b1-3b21-c670-e371-5aacb4054166,train
66d6fc0a-dfc7-faf6-6ca8-8448b5b7fd80,calibration
5638e334-e025-2d03-9ee3-b2c862612ee7,test
8e9e14eb-6935-95b2-c90c-7b52154f0e4a,tune
3e1bd333-c71f-1720-8b61-7e7ef08a2c32,train
5f06d1de-2b91-850f-e081-34c2f55de491,train
3338578a-40de-8de8-afdc-0e6083525131,train
4081808b-7365-b986-5189-4980759e4139,calibration
8436cb70-ced5-77b8-c56e-1e8aa462aaf4,test
18b3e67c-0169-4eae-a37e-a85f84786e29,train
f428dff3-f17f-04c6-23e1-5bc84017b054,train
68cd7d21-7eb6-9964-f63b-cc6cbea4987d,train
a8d7c70a-7585-2d02-246a-d351270ad6cd,train
1d43fb7d-4ac8-5b01-55ba-370aaa3cb4ac,test
89888c2a-3d66-9877-0e4f-3882d39a2894,tune
39bef065-e2cd-80aa-a8ce-05aa192e5928,train
12ddb582-1822-239a-cc1e-6c3687f6716d,train
1887ca0a-4c21-b93c-f7c2-0ad957a03183,tune
b421fb84-e1d4-0427-53f9-f281193cf210,tune
b43dd651-09ac-3db4-96a4-c0d74cfbaa0d,train
65111d7f-1e95-cb10-447a-90c6f3e541d8,train
797633d5-cfc1-3de8-4c9e-ba4538a0104d,train
25dfcf49-29a2-abeb-0e23-1d9763d60b5b,train
9c57bdcf-7d5c-bc45-3eec-554e5fb5f45d,train
b1126575-6222-5c8d-5121-52d5b07d2d01,train
d21e11b0-b29e-83da-2f2a-80220fa3bf91,train
a951e39b-8493-a81f-2cc3-dea6ded902ab,train
68a163ea-4a4a-0699-2136-b9f83e397947,train
6fa20eff-a7f4-a3ea-5fc3-0c9f7a5cd945,tune
9d57382b-8ae7-1ca7-c60a-54591e74b73d,train
62cfb511-6338-a107-d738-fc6cbc5fb60d,test
9a0cec5c-4006-0f87-1748-1077bfbc2804,train
3edee08e-8942-6f7e-ee83-388ee6978721,train
4677be71-980a-44b9-747e-7fa81f45f7ba,train
660b9102-5e58-335a-5ab8-95ff3110d865,train
ec730068-8fea-9d26-61fb-a0d84c7dae61,train
32f9c3df-6498-6a61-1fd6-9280bcc5ac77,test
062d3796-30bd-0e26-35d6-fe5782cc9a20,train
2eae9ee8-5117-69ad-61b0-be0cb892b8dd,train
5045e54b-8de6-7ffc-e14a-a1e78c4a2faf,train
3d037788-92f9-134a-f00c-790de0a25e65,train
9f0097cf-1338-6c44-be05-e580ff5b2a55,train
5e9b6fed-a091-9cb3-bfd1-e974d88546fb,train
19e51148-4e00-bfc4-a2f6-1acc5537cba5,train
710ab396-3892-7f09-34b5-5d8911028a22,train
20831b98-1e70-d637-0446-7e5f3feb9856,test
8680b994-16bd-fc95-c422-923e191877de,calibration
f515a8ac-6ae0-28f6-9f49-6ee9752343f7,calibration
dddbe283-a342-3980-8b00-672d7e6e791c,train
2c399849-5e6b-a191-1828-2d4f97530999,train
ffda848b-4288-dcc3-ee4c-961879492809,train
4eaa3988-c57b-dee1-60d4-6f28eafda5e0,train
99b9ec57-376a-3ddc-957e-be3f917ce756,train
6bbbb3d2-7f0c-1659-4e72-08302cd78ace,train
16dc22aa-d756-e676-8101-a169ad022c31,train
0ac65018-920d-3ddb-4745-f1283820ab1d,train
1b4795c2-7ff9-f95c-79ac-41b4df8e75ef,train
3ad8511c-5c45-6cd8-24fb-fb45595725ea,train
a1139319-87ea-05f4-23b1-1939718876e1,tune
3882752f-0732-c4a0-3623-cdf070fb084a,tune
82fa38ee-409a-6041-53db-03d694973251,train
1b329a92-46ae-36bd-4309-2d45c1b27bf5,train
12ed07c0-cf99-dbc5-dc7e-b6af3628c01a,test
bf1b4b00-2897-fcad-8d6a-c6c9dc20d91d,tune
0422a652-2761-7eba-01b2-b36e05f64da2,train
eda23f7e-4471-a032-c4b6-54950128d126,train
c69d3719-4949-9a2b-093a-7aee79932a5d,train
741076a5-29bf-724b-b32e-2ae9c3ce743c,train
51d36770-17a8-adc1-ea63-59000bb87189,train
3374cf23-ffc5-ce9c-79a1-565b96f083c2,tune
6c8d0b01-da44-33a0-5ea4-8ef5f40ec666,train
29d94508-ef97-ded7-3edb-365e49a63b39,test
0bc75481-9e29-b452-24b0-2d6b6c4bea28,train
fa27f03c-d4ca-ac22-5aaa-6d81e8b9ead2,train
9b85147c-cd6f-17f8-f898-3f40122e8a7b,tune
d05d4865-9cb3-10a7-2401-720017555129,train
5fd6c387-3635-b9fa-e5d5-e61b700decd3,train
a3fb9991-85f0-b3e0-6608-7e0c2407e96c,train
afbf0449-7802-5435-39f6-34b2a1a0eaff,train
3d1bdd55-a377-3f85-fae1-9ffdaf968201,calibration
68e51350-9a86-3f16-c7f2-98cffc95f760,tune
b17baecc-7653-c555-5180-ffc6ea304bd1,calibration
85b11795-e513-542d-87da-77f7e29b396d,tune
44da19a3-e6c3-b56c-bd41-b6313bfdc3ea,calibration
017be54a-9a2a-1bd3-80ac-b3a5cdf164e7,train
d5392f25-3c15-a86f-695e-47d617698a7a,tune
99dc1b6c-2fbd-437a-b908-3d1f542ebc0c,train
8fb14aee-bce8-08db-f084-5d15392e5e63,calibration
45297e6e-cdd1-8a62-39db-469389496b8f,test
7dfb7b89-2c3d-3e72-cdaa-8fbaad9b827f,train
117973f7-69e2-f8b8-3c6d-7e79fe6d32d5,train
1b91fd53-cf39-e1f7-283a-ec289fc2a139,tune
e2875884-fa47-b5f5-4a74-7c2752aa78eb,test
13127fe4-e39b-2f6a-8be6-efe9338ba84b,train
ad08fe06-32db-a207-6fd2-ff8e220ded5e,tune
69931f26-7a47-8965-4ed7-dcb35f9eb6fe,train
0045e4ab-c311-d4ca-a03b-5ba3c05ee1a5,test
fce28982-4044-f0c9-2af1-5bcaf5e04b4a,train
bba5c1d7-0737-7d66-1dfa-8425c9eb262a,calibration
ac705bc4-d88e-0141-5457-58afe8f4cfdc,train
8fceca4d-bc4e-7167-c422-dbcef05a6e1f,train
7aca2feb-9248-4016-25ac-9e2d17f66d50,train
55d3a65c-2b0f-42d6-20b0-9ca4d81293a9,train
dbd3ce2b-026c-be9b-7324-b04421eaf168,train
694ccf54-baa6-9f98-4cf6-983b62e8151a,train
6cfcf98f-beec-f4da-ebe7-cfd06be1f549,train
92d3dbb5-8256-6114-fdd3-36a6cc42164e,train
419e1354-ee15-bc6b-6bcf-2c62f72fe6f2,calibration
eb51c417-d776-26b8-5590-808c698f8836,tune
04815f9b-54b9-a4dd-840f-82774b22138e,train
f43ba55f-7777-b346-4243-d0b12c865369,train
f9ca709e-f5ca-5868-7c3c-6d9a59364ebd,train
67b2220a-b64c-7a6b-2467-fe74b0327867,calibration
f6c29e27-e268-7f70-4ee0-add054793255,calibration
0b8dd66f-88fd-f65d-ce94-819d9ed6415c,train
2d9922bc-847a-08b6-3f2c-8ccb6712fd1d,tune
f0b50959-c44f-7510-2419-677fc291670b,train
7262fa1f-8516-143c-7eef-adda6f16cf19,tune
93db390b-3615-ef51-d859-71ab2d9b4ba2,calibration
4f9bae2b-d30b-50aa-c7e1-d96df4df5872,calibration
acacc9a8-d219-c1a8-b3c3-192df920d0c4,test
9b799530-8920-8f78-e360-0049617e6b76,test
4be351b3-8a6d-aded-5793-9fc027858aaf,tune
6164a2d2-868f-ce25-0546-2ad7904bed65,train
4d82eab7-6b5d-3917-230e-352ba939f2ef,calibration
386ce4b1-29d9-8d36-2aa6-7caee12e86a8,tune
b21bc7f6-abad-db67-9e60-d803129ac4cf,train
f0ace92a-04f1-3c21-5227-b68ed73c7017,calibration
7995cd0f-f0f1-fdec-4dd4-025463b0498b,train
489e8c92-9872-f8b5-c742-e067d80718d6,train
dad3a73c-c62d-a049-f8f1-86783873cb8f,train
99b1ad0f-f56e-2fe6-9b08-a79fb92c3b60,test
30898f57-ec41-acec-e6e1-70f8b7849bb9,test
7351e9b5-a756-f856-11a9-2444e6b9498c,test
6f5c4276-f9ad-64a4-26d7-aaa4a5c19c6b,tune
0e4ee49b-7b93-a9e3-5fe2-cd4dad9f7a40,train
5631845a-5f36-fc13-95d0-b93cb302757c,calibration
ee5e134c-471b-dd49-5a99-9bd2962641c8,train
8e15d430-87ed-75c5-d394-3e5f42bf961b,tune
793a4c19-9625-2b55-9e4f-ec2a62087bad,calibration
d40a3bdf-ec96-6a47-c733-03a4f853a3cf,train
86d0bb9f-ad9e-e2ff-0f7f-25125517a43a,train
44467eaf-e6df-81f6-1752-a403e873dda8,train
649c5335-d6cc-8392-f465-14aff89b70e2,tune
e4999af8-d907-6348-3a80-e6570ca03054,calibration
f012f217-75b3-3400-4eef-e7056f87b5da,train
effc3e5c-b261-8343-cffa-1e349c81fd35,train
29c22bad-6653-1db7-e098-962f02bc29e7,test
859d5124-1cb2-9a2e-9183-36f78d81cebb,train
79344823-6e2f-a50d-994f-edad7209741c,calibration
c5561e90-eb37-face-9e65-b84720167dfa,calibration
ba444769-8341-94e5-6992-56cbe557d69b,tune
e42cffa9-1936-f7cd-ce09-cce109916930,test
5b2589c9-f37f-8b13-26b9-98ae49fd2b4f,train
949d7602-246b-6500-0307-3d266f53c84a,train
6792a238-8b23-bd32-fb2b-bc9e1eb11c6c,tune
6edaaeee-85ce-7899-1430-8d1404a511fa,train
03417133-4c03-88e8-3494-9b12cb5216fc,tune
ad167c89-cb7a-a8b7-5ed1-175b994cbd83,train
f0e3f370-8594-628b-444f-6ff040f1f799,train
867a77f6-12bc-b688-4fa4-b9c77103d8b4,train
b3363cad-ab60-cb93-6fc4-3f3deb79163e,tune
05006f76-110b-abcc-85a4-21a2993f9eef,train
a2874dde-2649-3abc-406c-61ecf3ae0e32,test
77b53f04-436d-005b-9f97-6fb6c2ea69ba,tune
f2e3701a-10a9-5660-372e-e8e6dd283245,train
1a0f2a0d-703b-8ad2-a5bf-ce84c0b6e863,train
f25913f2-5a68-d420-1314-02bbef48ef21,calibration
caf8e8d2-992a-7e0c-d588-fe182df86966,train
71cc88b7-33bd-f4ab-f4e1-58f0f5078ca4,test
ba87b80a-13c2-a147-35c8-d235dc0dbe58,train
2a27073b-bc15-fe50-09c9-e6901f34875a,train
5fb6eb63-b1ce-998c-7b76-bd01a5f58d46,train
e420ae0a-7661-4641-4f05-42e3e30a6211,train
098ac150-96e0-fa16-c46d-9f48eccaddeb,train
8fa0e235-1d94-a2ad-dc90-e5a9242351b4,test
390e19af-f53a-f639-c114-ee565af9229d,calibration
634c2ae5-c2c7-fc7b-0d2f-754d5b07ca8c,tune
5b6d29bf-3b75-e4a9-3450-70919017c34d,train
61a1c9ae-3918-dc7a-55af-dfdae10e1765,train
e54ebaa8-569c-adde-5de0-79f0e5689847,tune
aaccec18-792b-cf4a-6861-f906d18b772f,train
02cb2bad-f524-0610-9eb6-3f52a8494225,train
f8fbcae7-f62c-add4-f0ca-fb24761233ca,train
711d264c-80d3-11c5-80e8-f7413f48a2be,test
36c7c8a3-3ec2-6633-42fa-3376d8a4c2a9,train
b54c9ca9-bb52-ec66-35ec-5a14d19592f9,train
37629a58-078e-7114-9dd8-ef4be03b8670,test
2acf5cdd-940c-49f9-ce5b-acff54e2c741,train
b2537deb-9e01-f425-7cb3-b66a4c281bd5,train
03a1d670-cbef-6a49-4bfb-b9a10708e3a3,train
c9fbcde0-f02c-3fc0-6613-0cd1865862a1,train
719d55a9-77da-c8a7-e494-c09e4cbb0c1a,train
5fc03753-1824-e224-79ee-8b40f19b9e80,test
6861624e-3ce4-3b00-865c-f64c30d46f93,train
42bfbbfb-221c-38d1-ad35-7c1c721ff1fd,train
4ca478aa-57bc-21dc-e0a6-94db48024bee,train
179422a7-e56e-656b-5a53-1f0eaacbbb15,tune
ab8dedde-a0fe-f615-535c-12a889313861,train
bd63bb1c-f2f4-1b4b-0c30-267f78b81402,train
7ab1b2ad-3217-011e-e478-59ddd80868f0,test
a1ebcff5-a123-3efc-2f48-95dbda9d01f3,train
fcfbdcd6-c3be-c1cb-71bb-87ba0f20b0c6,calibration
d6ecd120-cc92-46a2-c96e-daadaa43a5a2,train
9cd1af2c-c2e8-7962-44a4-f4a6dde8557e,test
629b287b-903f-e44c-ceca-12dc3ce4736a,train
e8b7f1b3-3261-3de0-b2d9-79ab5f07b610,train
20ac6235-7a53-f4fc-ea98-5e3fc449d1f6,train
9823a230-9012-5a4f-2ef9-2b040a8dcb4d,tune
554cea04-c555-d1b0-d1ee-7a3891ab51dc,train
fa0e0278-7ab1-f928-733d-0dfff4aa6daf,train
dd72ec51-6786-ff60-5367-ac827cf72f27,test
3ffd29e8-f360-69f6-d966-34ae479ab31c,train
18c756c4-e0ab-8250-ac2b-e9736e5801b5,train
3c3e09b0-295b-0f8a-8f16-fc10a2385ca3,train
3b04bc0f-ceeb-3fbc-c844-9e64d047910d,train
6f70b4d7-3260-ff03-9f3e-54ec9c1104e3,train
0e9cfd5d-c4d7-d4a2-4dd7-75ea441bdce2,train
fef25fa5-4b5b-1c6f-d4a9-aab22b1904bb,train
5d160634-9fdd-a159-c85d-45f19f11cd4a,train
456ec62b-54e5-cc13-1a34-2eeb07cbaab2,calibration
c96ef40c-9d61-e9b3-10a9-7ed7cc7b7c9b,test
5438ffb0-0d1a-02f1-0e7f-7abc39f98496,train
35259801-08c8-812d-96df-a8138ecd0aec,test
8c92fb71-d2b9-759a-7b51-9ae0ef8c8582,train
2332fc37-853f-4eef-cd8f-deb826baf8b4,train
2b4746c2-7c79-b040-93a7-6d809f57ccc5,train
4b8bab09-90e5-5b0b-0397-327a64e89c38,train
8b915676-3d56-6a28-6ced-3085773a4e2a,train
f67285ac-19f4-aabe-b212-c8dea9f5e4d2,train
a9e10c57-0706-26f6-bd0b-c754b5e5931f,train
05e03468-2e5a-5a5a-b5ae-c59c239a4623,train
6e9ea1c1-1670-4cd8-d6fd-8ea520069f28,tune
a07f1a5a-94cb-a7b7-b076-748f2df6402a,train
00815ad2-9900-852c-f6fe-0d2240c55e80,train
16e4872d-718a-1abf-b811-82274450c360,test
57ebdd02-f045-9cab-5f75-6dfd455c2e08,test
45865b3c-97b3-4dc2-138a-d07330acd917,test
b7fe04fc-1f03-f0dd-52a5-d3e110631b8d,tune
dfbbfeab-69e1-bfd0-4e07-1cfbea5e03e5,train
246e7642-1e47-bd27-d843-6d1d94543e57,train
bcb6a912-105a-a567-576b-b48560ca8799,train
9e9bc3f4-9340-6753-8e65-456f1a26dc86,tune
23d792e0-4c38-02c5-e764-deb9af30b55d,train
a8cbd256-42c6-1fed-fdec-86b53e871770,test
b2dc8fb0-3ac2-fa4d-bc6c-831268608259,train
2e13b8eb-d9aa-48a6-5211-bc659e84f067,tune
4b85df34-1f65-d6e7-c937-d5a95a7146e5,calibration
319e51e5-93b9-9eb4-14f1-05b9db8ab103,test
041b44ac-6582-5d41-5d60-7416232e8b69,train
2b424d15-7908-678e-ac0d-8b5e2e5bb5d8,train
288af952-2da0-2272-1682-834af22baff5,tune
e07a9e7f-8556-9636-2c08-d6916ec4a33f,train
b78fbdcb-ae9c-0eab-7e57-f72f2f929d92,tune
6b0906de-a9b2-9480-43cf-a51555c4c2fa,train
9778b927-c7bd-cb61-706b-769a255abe41,train
40cea3db-0de7-d70e-7d60-630606345bb3,tune
7c31f15a-1e4e-4472-58a8-188f7bd0e0dd,test
dfc71b5c-110d-cf59-dce4-5c39ad6ca977,train
7e91cf7f-6589-8e28-d9a2-116eb6f2f6a1,calibration
d4d7a6e8-2b6d-2fcf-a430-6f1ae65aacef,train
7988e65a-5606-0798-1773-8af7a2948124,tune
9c179c81-040e-7993-bbdc-99e54bbcde31,train
db396733-e8df-671c-650d-6767c2bda59b,tune
443a9b7b-5539-0d8f-06cf-b8ca661aeedd,tune
14aed7dd-5916-0550-a6e3-0227c1ba94a8,tune
f900b3f6-33b7-4101-7485-f995a140b41f,train
fc9f1c91-6e01-10b9-dd5c-89739601f712,train
99102f9a-ecd3-28c4-4fa4-59448b281f36,train
98496cd5-4897-356d-4808-679fc2ce70d7,train
4d701cd5-e006-2c13-1df2-14a46eeb18c0,test
951d1c8a-e7ae-d61b-007d-05d1bd9d6135,train
92d4a101-e86d-4545-933c-c185e7cea305,test
a5494292-598f-b71c-6c0b-2c52caf07ff1,train
dabb54e7-d740-93c9-4867-b54171024194,tune
a4b19608-2fa1-6fba-fc14-cdffad74d654,train
01bdcd5e-45de-c2db-2889-0968616e6e41,train
7462a94f-932e-61d4-4690-a1fdbe8f63da,train
43582bb0-2fbe-79b3-daef-09576fcc1581,tune
78bf2de0-9df1-5b24-10c6-13184ca4a735,train
43b228a3-a0f3-188b-9d80-165da54f6163,test
edfb2939-d152-f63a-ca08-20d47190d536,calibration
31e7d966-ae1e-b3f7-651b-328313204d45,train
5547c3f8-27af-7ba2-f3d2-a1e5f6eb0e28,tune
1cbd3d5b-d558-d67f-e56d-9cf89f7aca35,train
0f1297ce-4968-b9f3-897c-3a235a13b8bf,train
2d182f0a-2716-71fc-62bb-e6980af3f518,train
5365e620-9d7c-87c8-d8d7-808423788941,train
54f14d29-39c7-3b04-528e-439a5a295990,train
005ee9ca-9446-eb45-6249-36dbbacc4d72,train
46b2569f-02c5-ec8c-c399-b59f55dd53c0,test
2aa9efc1-12e9-bb09-0b70-6fe7fd150c84,calibration
9b1d8d6e-6ec5-f291-7d51-9dc2e052a46a,train
d7e00a38-b745-8a39-f839-cf2e26c97105,train
77e5feba-0c25-4bca-fae5-5e982ba04dcb,train
6271dddc-9e5c-8517-e082-0f9a4464c268,train
85efd74a-ebfe-e50c-2651-dd5d4e941e9b,test
98a090f6-49cc-3ee7-3660-abeca8485138,train
6019c71b-940c-3f51-2722-5248bf55febb,test
6114c8f9-1923-23f0-d153-e288f2d8291e,train
c9780e82-7178-adff-5af4-ef89a81470e3,test
b18be0e0-b788-8aa2-649b-49002aeaa5c3,calibration
2134a000-94ed-d962-cfca-ae66549e0aa1,train
d24dc42f-8972-d1dc-3322-6e5a48409b19,train
bb5f78c9-01a6-c980-12d3-efe2d8a198c0,train
f7cdd363-1e2e-e527-a918-fd3db0b5d3af,tune
63add947-1a79-0f85-f9c7-ac73a0143d02,tune
d1ac2021-87dc-6014-8a8a-edf47e363f52,train
933273f1-484f-d051-666d-01f883f3fa86,tune
6b6b1e4c-dbaa-72f5-d078-7186fdb6a787,train
c312855f-66c0-c79f-66dc-bfc75a3e4cd5,test
60bc0bbd-a1b3-99d2-3f93-21692c2d02c0,train
bd2ce188-f4c5-ae86-887c-0790f60d7d6e,train
f53e9d63-6373-70e9-3ec4-5081f738f6c1,tune
35fd92f5-4567-d22c-4e99-aaeb4b957b5d,train
71c85193-c2c6-92b7-07ba-388392f6d6cd,test
c892feb8-1a4d-338f-b55b-8a26977e1794,train
e7091a72-8aaf-2e05-522a-33b559be37f7,train
36dbd8f5-f9ca-9fa9-1bc5-5beeecf40789,calibration
b7adac17-7f2a-83c1-b0af-7309183c923f,train
c6567792-2c17-2ac1-d10c-9540a8ece72d,test
d04ca194-fe0a-5b13-a627-b7996c74b137,train
b24afafd-3670-0406-eb77-872f4a8d53ad,test
ae5499a3-b890-3859-cdb9-40230ad65942,train
56923f2f-86e0-efc0-489c-39bde7ef829c,train
ec54c6ff-e604-b996-f165-4babd90dd6e7,calibration
79eb4430-c609-15db-6228-f9f736ddfb3d,train
097f0320-b304-7b9b-79ca-2e7d855b7743,train
5b3a4b6c-2344-0fcc-1762-2d7b9d8eba8e,train
4761020e-a925-3fe7-4690-432010716415,train
fe1393b1-4847-51a4-e413-5915040fb25c,test
e153811d-68d5-be6e-a4f9-1a629ed2e4c3,train
2cbaf5e4-7b57-fdf6-e78c-8e6e41791be4,test
4b5eb8b6-f8a1-01ad-aa41-8ab035c2d982,train
fce09dbb-6e83-2e6a-d56f-62e4668d912b,tune
fb2cd68a-35b7-ba52-75f7-949b60d90ad1,train
484dba5f-3af2-4bf1-ab03-ba22ef96ca13,train
237ee2b1-1725-cba0-465b-feb71960493c,train
ec651c42-d410-63e2-5cb8-09ef08440ca6,train
c84a64b7-ab94-9f13-522d-059d8457b707,train
c1d02644-cbd7-aabd-14a4-023072c977f2,tune
48670244-fc2c-3a33-efc9-4ea9cc0e6f32,test
13335892-8be4-8933-271b-0fa6c6da010c,train
07acccee-f0c7-cbaa-83bc-61cf53f55a92,train
d7a0ab52-5cc2-66ff-f418-2d0f1fa832f3,train
cb892f0a-da57-e4e3-992e-321a7a4b5579,test
793aaebe-04aa-0132-da77-15ea1f88039c,calibration
edf2fa09-57eb-ecd3-ac41-a4f10a6bbac2,train
f137b72b-fdc3-86d5-a6a6-c5b6fdc64ca3,train
51f4b3cb-67dd-4c7a-de0b-787c16630649,tune
42a3e503-1163-f78f-d3b5-be04459a9556,test
649fe030-f9f9-7e71-84c6-0e2e989bf557,train
8a301890-f348-d9f8-fdf0-0f4a958cd830,calibration
13cecede-65e9-36d1-cedb-39aba5bc62ae,train
b5dd2d34-b1cb-2184-190e-00da9cd15755,train
f41a0e21-5f3b-2775-9fbd-4fbca844b29b,train
28cf9cc6-a8a4-bd40-9fa0-74ffd4336fa0,calibration
20edc138-7374-21e4-17ca-1dd53e2aae3b,train
b6a3a818-9447-cf0d-b773-5675c63efb5e,train
fccc8487-267a-4207-27a5-eccf3d25ffd3,tune
4531e0ec-a3cd-d136-3941-499843087435,train
760433c0-ee53-8551-6c84-c6e36e65c31e,calibration
15fec209-69b9-7e70-aa5a-b955a588e3b1,tune
f0344dc0-bb12-9549-40f6-189c7f58fd69,train
bdb4decf-1f07-6cff-e1da-24caaddeb727,calibration
bc8d444b-4ef9-f403-8e3c-765ba9da53e7,train
b40270f3-73ad-bc31-b773-7196ff3b75af,tune
a9afb128-c6ba-62fe-242e-47d7611a14a0,test
a3ae83d7-935e-31f0-3b8b-33f84c54a1df,tune
0f007b22-25b7-5b85-5b56-94782ed94fef,train
d9bed6e4-5e33-7499-5808-072fa8efae91,train
5e5a7600-2914-8d1d-4bd8-99137f089669,test
ff42a636-e943-1ae9-64a4-3cf0981b1fae,tune
1a09b1bc-8fed-411b-d736-3d090d9347fc,calibration
f49279ff-a1f9-a44f-75a5-e40f71874f49,train
1dca0cda-e374-55a4-8b37-94bf897ff035,test
c30b5239-4b81-c240-e691-df94090f8648,test
a530f3d6-e340-7ebd-d94e-d4927a216d10,train
1bae18ae-cf2f-8514-d484-5434eb806fd3,test
5a3d6f06-cc00-1fd5-aa14-a79c2593e7d5,train
a10bc0c6-b301-6004-1430-aa965df486e2,train
ea2b00f8-f40a-9345-c09a-0ca554813f7c,train
022a8f1e-33b4-f172-4bf9-beda4860fb63,test
788a05fc-d664-c3d7-4ce4-d50b14fabc4b,train
b0f64043-ba01-b851-7570-f2437d880868,train
d9d0fbf7-1d13-d247-eb5e-cab61b40ce2c,train
9b26d02d-c789-959f-7d47-5f9481e698b7,train
f7e8ba5e-12b6-8401-5158-8d000db8426c,test
e073a796-983a-7064-3724-22f8c1be2df0,train
98c9b433-0fff-893b-c649-c081e9ca7458,test
60ec27ad-27bb-9eb0-8ae8-2a65356728b6,train
eb501e3d-fe32-240a-04ac-e36ec25b1139,train
8c6bf2f5-bd05-ba6d-e066-562f21bb066f,test
2302a62d-6767-ba84-7eb3-798c1ae17a12,calibration
0be12342-e9ac-6602-1a39-0b249b6d2b74,test
edceb173-55f1-aeb8-c3e4-3ebb504661f4,train
496d652f-bc1a-d8b1-cd50-b46defe145ae,test
94b53e7c-e286-e1a9-bdd3-c4bc279d0b28,test
6828f1f5-a8ac-bafc-cfae-83963e584666,train
0f581ba7-8dcd-f0cc-31a4-3572d29d3d45,test
ad022d90-45f6-f288-f9b0-cb0bfbced6a0,train
539489e6-2285-94b3-16b5-722468bd0ec0,train
91e24acf-2c84-f913-b619-50b6226f3566,test
2e579ba5-e4bc-d165-6f64-4787ba6566f2,train
9880d343-fa11-71ee-c96c-59ccd334d3f4,test
cce48c8d-df24-f8fb-d7c8-b5e3873c9d80,train
80699608-76f8-4664-29c8-ba991602684a,train
9e332204-56aa-d5d1-2fbf-98ad0c5f580e,test
3a6825f7-662e-e087-a9fb-3a14078e1e84,test
550eee5c-5774-4c13-1bd3-b45bd1ab14f8,test
9790296d-4b9a-17de-9688-bc867cefcf77,test
7071ca58-eee9-86d8-23a6-bee653fa8783,train
bef30a23-625a-d0eb-7b6c-8547a1694bb5,tune
cae8de36-9069-2d79-1bd3-7e4063d17998,train
5a80d44e-2651-33cb-5c84-2af932bc0731,train
8ab55b54-946b-cc90-9c6a-9c49aa9422dd,train
28874304-78c1-9d95-6ab8-56faeca35fa3,calibration
a60b192d-a611-07c6-6985-f7308297ebcf,train
6db3ce58-406a-5cc3-5af0-c4a2c24e816b,train
f78b9386-9e28-d395-b131-c63069c03a3e,train
be8de562-b0cf-6234-4875-f9eb68da38a3,train
0169b3dd-8ab0-bec0-acbf-56d3db7e828c,train
a658a037-2587-96cc-f086-89807f017910,calibration
640559ce-1d81-4136-5d46-01f917dfc09b,train
86eb0516-9171-de19-fd75-6b5dbb1d5899,train
53ee198b-a51d-f121-d8fa-f3740fd7518b,tune
b16068d8-747b-9a60-b6d5-8c439a1662ee,test
010d5e8f-b896-95b0-4e48-cbb87e88b835,train
1a7cb38e-ca43-ed20-35f1-85fde49b8613,tune
0fe05965-d227-a2ff-2463-609fd6f755ba,tune
ccb8385a-3f59-3caf-9672-8558158c9bd4,train
fb034fa4-2daa-c614-942b-90a9faadfe82,train
eab90188-82f9-e4a7-c86a-b27a194b6eaa,test
d784e16f-de8a-8787-ce69-595ab4feead9,train
2de5de1b-8fc6-4575-9e38-f692e16a729b,tune
e65b6724-c1dc-b621-de7f-779a38c4c54c,test
0f63e585-65d3-68ad-7519-9d39cc164ba3,tune
49687361-6a74-f6d5-cbc3-0ba38d19c182,tune
634bec2b-1748-81c6-89a8-9a80f2b58059,train
db3de63c-04ef-6be4-cd76-60a31e2ca211,train
39ec98b8-2415-21ce-d9c3-2e4abf49aa64,test
46578494-80df-8280-ffd5-df4749e1d061,train
7916f0dc-3910-8e6b-6712-5bce3062fa31,train
5c010c96-7342-9dde-7a7b-2390e0fa9ca3,test
524e00a3-1421-aa15-60d6-a88aaa384257,test
a7d1f53b-7877-6d56-2115-dce4356a8c7e,test
922a483f-1e78-d0df-ffdc-84a1b2d6e558,train
3303ae30-79a1-df49-5c31-d1cea0bc6b7e,train
f6568049-b9f3-a405-9bd2-d7d0e7afb3cf,train
a097bbea-a3ac-ca87-0d5f-27208a55462f,train
f0ae838c-6e0f-7e8a-a11c-c749bc94f60f,train
c43351ff-1579-a54b-91d6-33bb0e29a53e,train
3957c459-106d-1947-03ad-815f6f746f9d,test
2726c4c3-b1f1-efc6-79d6-28e0cce8eebb,train
20f1295c-e18f-4350-78f2-f5df366ea5a4,train
834bad07-976a-7ea1-d9ed-ad8800bfc14c,train
bd000464-1630-940c-d60a-499c39319ef5,test
6053de4c-f587-1946-6c21-15c960b8e7dc,train
27670e87-3918-2b42-f1da-449fae8a92e5,calibration
5b63a5fe-a8e9-cdd2-0d18-4a81fc469ddf,train
842a895f-e9dc-d9cd-4060-228d49272de7,tune
eefa0640-0fd2-2133-04bf-298413549705,test
b31d2a6f-41a9-adee-b3b3-34c2fc56ba9a,tune
f7f61cbd-c361-7e7b-c796-ab29c2a69b7d,train
260e2772-011f-e9a8-118d-87d18c0bbeb9,train
4ea09762-a22c-c2fd-5571-fd5520cf566e,tune
aabe105f-1074-204e-01bc-8baa2d248a76,train
ecc6d91c-3ffc-072f-990e-5f70508db79f,calibration
2ab2b4df-ef51-4f3e-fc6e-19601405d9ac,test
24ab38f5-cad1-1ab6-75b0-4447e8ae7a4a,tune
a5cb6bef-def0-8737-91a1-b9e50755ba0c,train
d84ee327-249a-2088-c18b-1a5329ae8132,calibration
f1c58fe3-af1c-e5c0-674b-f93ed7271b89,test
ebf4ace2-c9f6-eae4-dc39-bb39f398e5cf,test
afc8af1c-d4c9-c65a-36b6-9591734ac555,test
2d93ada6-26a0-5851-73e6-4120bab372cd,train
23055518-03b1-4eff-6961-b57febd1130c,train
edd4c5fc-28f7-f058-a3ac-24d20973e419,train
5f49d636-8871-5745-e925-0a5c8cfbaec7,tune
1dbdd195-a0fb-7e61-791a-65fab45fdce3,train
c679b7b9-e3bf-9cf4-116f-0c2e37021c52,train
630867db-26c3-f3fd-0d3b-a3c40fa4e070,test
8e2a1f50-81de-2dc2-1fe9-ab64aaca7df2,tune
05ff47c6-b6b3-2640-3dd2-a03a93ab03de,calibration
70d44f5f-ad97-0772-e1ae-ffd23ceba9f0,train
5a0a07b0-83d4-0d5c-2616-c914c712d7d4,train
cf411e79-5285-e261-6e3c-b99229285aca,tune
451a1df6-b3d1-d32e-4737-9a1ea8e904ff,train
f2e46b52-faef-897f-fab2-4393a8980cc6,train
21e13d41-96fb-36ae-e735-af8d8f3182fc,calibration
21501fa8-053a-574d-8ade-527df0c66ae2,train
77f3e654-1273-d428-1bf4-6079b33ff689,calibration
e06a7b9f-c4dc-be45-aac7-25a329a030f6,test
6f0a2fe8-6c7d-7dae-bdd3-1ad454ef8dcd,tune
42e30fa0-e028-0595-224c-d524fd9127fe,train
d0a1cd1b-a0f2-8a9f-73fa-73f5afec4c70,tune
a0df3aec-d63e-5d50-0d06-20e85223c866,train
17c92a16-14f3-2e7f-817b-c8dbc209a1bb,train
64bb8dbb-c432-c6b3-5853-f0cea9483d60,calibration
eed25223-f40f-1302-cd7f-78f0ae86a1c1,test
2caee7fc-76c3-2dae-3488-f60e12790076,test
9480a7de-b741-2d93-9181-0f2b934dd95b,train
6ee15599-418c-2b2c-0d1e-95ae1cf3948b,train
4588e015-bb51-9e19-0e2c-5ba1f008d6d3,train
ffd0332e-0bd9-1291-e40a-2de39e165bda,train
e212e854-5c2b-b3ba-8cd5-6ad01c4ebd77,train
48ec1f4f-7cfa-62f6-82b3-5cdf7aa90022,train
d513585c-34e9-364e-e356-a1f1c154db9b,train
bafb4e0a-762f-2c32-5722-55a99eff81f7,calibration
97dc710e-134c-0547-7ea1-ab19a0d9752b,train
a6037a2e-5ca8-c924-8639-b110b52f5e61,train
fb9d107f-52a5-597a-90c5-ec822c4c7309,test
23441472-b1c7-7059-ab3a-befdb469334e,tune
0707fb94-bd45-a946-7215-a2db1638c71e,tune
256428a6-26f4-a82b-c163-4eeadc1f6d99,test
bf4e7072-00b4-d29f-f6de-e944ea21b76d,train
a85d24e5-3177-ef70-1bd6-cbe644100431,tune
c92b1d5a-14ac-3c36-561f-58af549a369f,calibration
5786d702-8764-119d-e61f-b08817200a81,tune
a2f835ef-37a2-7b96-a2b7-238249235b0e,calibration
b8dcbf8e-7230-a7cd-617e-f80b3cd8ac81,test
ad54e289-2207-0d4a-a67c-ef3b9e5c370e,tune
4f4d0c77-b11c-0bc2-efbd-865ba88fae6c,train
d8b339b0-4c00-3bf9-74fd-11e6c91ae1b3,train
ecb90e27-d962-447c-88ec-815c3d5b65f9,train
0993b337-eb3e-7ad0-82a4-44214f666acc,train
fddf6062-5e68-2a5b-4aeb-576855a30457,tune
826fb6df-3842-867c-a856-6ecae042004a,train
51a8859c-f0c4-1a9b-1687-0f1bc51df45b,train
65dbf02e-5563-53e9-8c7f-e5eeab6b0625,train
6418798e-63c2-a999-63e7-52cab29c0eb4,tune
cc87bbaa-483d-a088-d9bc-13501ece88eb,train
e4a02e7c-e56d-27a1-67a1-a20b75e762c5,train
a363e22f-c59a-3295-e47f-984d865a0d13,test
1ebd806b-9b92-517e-3c99-1b174e652a65,test
80b9063f-003e-f2f3-382b-1ed03bc47ffd,train
cf28cbc2-4107-1f60-baad-c5a9fce98872,train
13a5dadf-a76f-5ddf-6a5c-eda913f0d81c,train
8a35071e-d1de-af82-4750-0b18ba42e43d,test
a5e39f5c-77f6-b227-efc5-9878d052c39c,test
0e142ed8-08ff-5933-dafe-af6b2eb227c6,train
22e46592-b7c0-a57e-6da9-64707901d874,test
29d697f1-1e2a-a24d-0bde-1b0a4914c217,train
f28a5ad2-eeab-7bf6-76f6-07e752c0e65a,train
5c50da4e-9a9f-e476-117c-5d0ba28a4256,train
b77b8ae1-fd76-869b-cd91-ff9e32c9113a,tune
6e12651f-87c6-cfdc-de60-f03303412f12,tune
27e3ff7c-1df8-5f76-fa65-eca396b278a9,tune
6709e862-a0fc-32d7-97e9-bc36f9c8cabb,test
05f881f9-ab8b-96a0-7429-82b727c8bbd1,calibration
98e39beb-7450-8239-2e79-3b29b6706356,train
3ee872fb-23bf-417f-6687-db9c86d77d8c,train
b643c17b-1c47-b637-6b4d-7677e0041b99,train
b94e2ab7-59bf-224f-f23e-55a26c4fba85,calibration
c64922f1-1fea-e5aa-6872-c06bc7bbdb27,test
a898d1f3-8e04-5a9b-40c1-de42cfde25df,train
9aaedf79-40b0-f32a-f4e7-ff511c83c9a6,test
301a9ef3-cac6-08df-c2a9-4225654737f1,calibration
5845c613-3096-c9ca-bc2f-483a6f7bf3cb,tune
3e1adc1c-5f8d-f987-7a09-cf3010f04020,train
00f66a94-4f8b-613b-b0bc-86d646257b05,train
8c01c18a-4027-9919-648c-470ab197a6c2,train
89e47c76-b3d0-55a2-6455-6730fddcb049,train
715796cf-68af-fa82-a8f0-a000e4a0cc26,test
ca11953b-3073-72e0-0cc5-27e56fb9ccd6,train
ac603919-3ccb-0054-0087-3a85f48b4c6b,train
0ed00ab5-16dd-390d-f892-f8cc8cd6e18f,train
9e60549c-549a-a43e-187d-a6e69e15708b,train
fd59819f-8738-3a66-118c-40587fd2dedb,test
2bc726b4-1aa2-fe13-e357-995f20ad532c,train
b2b3c9ed-88e3-5359-2cef-6a8b84875c53,tune
1f24c099-219a-4aed-a25b-169f4c913ad1,train
e8770b95-1e53-a97a-caea-9b166bfda6cd,tune
44274199-c310-062f-4e8a-628b3cb10817,calibration
88a0dfe0-fdf4-3305-c1ad-ef1ed027f311,train
f92a740b-cd17-5e7e-348c-7ae113ec757f,train
1271b233-9ea3-d735-8e41-8a61411bd143,train
2fec41f2-a625-760f-e961-b5a56d60a1ab,train
294d787e-2e14-f519-4c9a-24b492ef6ab0,train
214ea0df-c565-3398-64e8-66e370e9618d,calibration
3de3ed71-b50b-dd85-373d-9aa401533910,train
dc7fcaca-8e88-abe3-9a83-1019f1a6e5b2,train
abdbf4b0-6c53-75e6-69bb-36cdcae7fab5,train
8715ea3d-aeeb-4766-8280-0cb4e7e6a1ea,train
6092f573-ff70-ad0d-c2ec-71b1480470bd,calibration
2a6ec98f-3b43-9f69-57ce-89c04c45dec1,calibration
0984a4af-6e88-2b40-7ef3-37382d7500ca,tune
305710e6-e691-3de7-127c-c6f1cbe8184a,train
15612f14-9bd6-36ba-8f69-b3a1fbb4dc86,calibration
dcab718a-b011-fa23-26e6-f5886436c36a,test
2b25d64e-2292-8f4e-ea10-3e4db88a17b8,train
6a392929-5c77-7d21-02c3-17cb91ee9572,train
1bb4c2be-3631-7451-419c-6efb69d5ae85,train
a85dbef5-dd2d-5fa1-2a54-a8fbc525bc37,train
4bd36c86-9e8f-64c8-e1d9-1105399d402b,calibration
ce301a7c-5f66-72cd-1227-ed1904826132,train
336585df-9fb2-63e0-8b6f-cbf55dcc66d5,train
521ff67b-db6b-e1d2-b78a-a95241386064,train
67ad5c8d-9463-d971-1f7c-6089e5c908b0,train
984a340c-16e2-a0b3-de4b-94b2734ceb5a,train
987dc5da-9beb-c56f-ca3c-439fb8de8617,train
54d8e7fc-7ea9-2ce1-ef28-4d84b5476447,train
ec6af436-e361-4234-ec2d-979b8c160f58,test
1a2740b9-9375-0bb2-4985-4541d00fa23b,train
0d84cc8f-3d7a-2d5a-76ec-22104126d6cc,train
40076752-7efd-fb8d-0eca-1fabf711a076,train
60aa7ac2-bfbc-2480-d6ee-bb075f117eac,train
d121eb35-e2f8-c168-f8e6-2c9380f21a66,train
e358bbf7-9c3c-222a-a2f8-59a10345f768,train
5f559be4-1d08-08df-fa46-cd1c5ee3ed17,train
eb588c8d-ab38-ce15-35cf-01464e9330c9,tune
551c2998-ee86-c076-fe00-2e6a3b6095b9,train
9d013dca-a1c8-7626-cdf4-18e12a69e2bb,train
22a29148-9906-26b6-c7f8-c9e43d00c3b7,calibration
c16b9cd6-a535-15b9-49f0-c6f6a0e81fbb,train
7e58496a-305d-defc-bc16-9f2c916536e3,train
cd6c69d3-c019-1bd6-8bf3-5b866d59db0b,train
26376ce7-760b-8a23-eeaa-a2de5dcbdbbd,tune
619661d1-d6f3-f565-17ce-1d9113a8b3fb,train
dc280b6e-eedb-075f-aa25-8cf4d460caf2,train
b2e2447a-0c55-d8dc-4681-b646fd359727,calibration
75116590-c7cd-bd0f-17ce-dd27a25c08e3,train
6ffe342c-e1f0-bac1-4704-9737fa6d83a1,train
b3b4b2d5-b8b7-25b0-8a19-86576d83ec40,test
f049d62d-3a99-f1ee-08e6-0ff5c18d4127,train
b8af6775-841e-773b-c924-5cc51c6cd2b1,tune
23bbda01-02e6-e762-4101-e848cc1bee1c,train
61033bff-2f71-1885-da36-c169073f3ffc,test
65ccb0b1-c949-485f-7d80-b329e4397cb6,train
0c20f4fa-3d49-2513-542c-e12c707c279b,train
9fce8b9a-d574-4388-71e9-e44b37b9cc61,train
1123ed61-218f-79c8-1fa4-a4e9cfcbbbc7,train
54754e9e-7f0f-eab0-0398-8298711c488c,train
98722f47-517e-69cd-c390-7a0f107b94f4,test
78eac976-c737-9f3e-8f74-f8abfc2a416d,test
c356ec03-597f-9736-f358-13eb6fb1ed6f,train
75499a10-a229-c51c-974b-4c2dc347ff4f,train
c686db89-eccc-299c-8b0d-b16af5e085ca,train
5ada8e81-5f81-90c3-e755-a68205973672,tune
40f10655-6c0e-26d8-537c-a627a0f66e06,train
2814c73e-8eb2-c631-55b6-7bc211091e71,train
02312f5a-0033-7918-8662-382ac0eb4865,train
c91a1e90-ef75-c364-3ed1-fe94ec27e56a,test
fcb3d8e7-d577-94c8-e0d5-f6d73d763886,calibration
caf0f89f-cf73-45d8-17bd-4b9577613110,train
3965bbbe-f1a9-f778-bdd8-14664f31fac2,calibration
95d10802-8672-6997-18ec-2ad684ced648,train
8111ffba-9330-f891-56f1-e9e59ac31971,train
1a9e1b98-7583-e2b1-1aa2-345e0565822d,train
379bcda7-8075-9db0-31c6-ed440398fafc,tune
9d78c242-1410-6880-22c9-7a3412333f91,train
b118c864-79ec-c511-74b3-9183555e9f4d,test
b26b096b-309b-a2cc-bdb1-b989ada9a264,calibration
0a14f4f8-60d9-d218-3f6a-c4cdbb3d7548,train
da9edfe8-d9ac-537a-c44e-2878e66119d8,calibration
0245094c-8666-757f-afdd-c48dc68467bf,train
e1c2002e-7bb4-ba53-2105-bc96ea74d593,train
498776d8-b88b-d9ba-a8f3-645e973f7386,train
ccb0eda6-2c49-6225-c253-f88c36462f1c,tune
1e723e53-0b8b-9a44-6d16-6beb6f4da4ec,test
e03f0032-6c28-784e-9ac4-c6068ef748d1,train
6c507667-e7ce-3519-0f56-9dcde0d4e6e0,test
049d5435-78b0-7030-8259-850a7dddb596,train
8e509a6a-d99c-c9ed-4d6a-596d9a712df7,train
e2c75688-c7d3-75c2-3de4-590432cdf8dc,train
10adc885-6b66-582f-aed5-a56f41ba0109,train
3c38b779-d22d-be7e-97b8-a1bf190b1415,train
4f8ad2c6-1b35-9a72-2013-788d274d0fad,tune
2ca070d0-1ae3-0421-bda5-d509ae26d676,tune
98e13969-a9a8-14b6-8fd0-63e9e9e824f7,train
54a5d8b1-b5ff-ceef-da2e-529377e3ce17,train
d6136512-ed5d-5104-ddc5-9973a1629e10,tune
15a95c90-6858-49f6-007e-a05e718f423a,train
ab20f7f4-7262-5721-0b80-806f41ea40d2,test
a124e60d-fe97-13ce-b6d4-aecd8336489f,train
1d2a6975-fcac-50a9-a2e3-6530be7afd65,test
d2b05ff4-56ce-71dc-2cdd-39d96057621f,tune
24a24639-b34f-c195-9196-80dc0f90730c,train
228ac93c-8334-02cc-009e-233f29b74e4c,test
54892da2-f04b-d38b-7c15-06b3bee739b6,train
8e39cc75-a054-6dee-31fa-3890469a0905,train
7c95e48e-6f95-7e05-9e10-ebe183f1350f,test
10153bf4-1db8-3f0f-0217-95c5f2ea8fb5,train
fd1879c9-8718-bfed-37c0-ec74cc62dc9c,train
12f70879-bc45-5ab5-48ea-8c7d52ee9af9,train
1155f193-a27e-4013-d9c8-be8d40cae25e,train
22f36ad7-5cc1-3da4-2de8-e9febdb1dfdb,test
a87ff11b-b5e2-67d2-b16a-28c1d8189c9e,calibration
de4254a8-20c2-2e7e-8e94-46a82ab25f48,train
8d9abf1c-43e1-27a1-8143-4f86edaa824c,train
915f3492-2ef8-9270-4077-ccdb072c4b4a,train
271c5a02-2602-3c79-9f19-8ad199242261,train
5c966d78-5576-2107-c68e-61f6556929ff,train
2bc400dc-65b3-5fc1-a9d6-db078bc7a30a,train
001a234a-df81-10a1-2e64-5ad13d9b6a89,calibration
70a331f7-2197-d578-70fa-4f385f4297bc,test
2acee540-d0fc-5872-0ea3-127c451fb445,test
74b1d874-73d7-fcda-0868-d0d365b64eb1,train
8ad5aa7b-0e8e-fb60-0aa5-96a8f2612485,train
1460ce9b-bc00-80fa-a080-9b8da4c43053,test
6b3ea94d-7315-f7be-882d-02cd04131cac,train
b88146d9-cbe5-2bcc-1f03-21a16aa24654,train
81414bc2-9b81-bf54-feb8-df7f8a190b3f,tune
cb9fedcc-1371-c3a3-6efe-549269a83061,calibration
7d52916f-8b07-301e-94b1-53ea72efa895,train
b08ccf77-a77a-ad49-fa1f-2b7607f1d88c,test
e3efd717-1b4f-e37d-b19f-28ed0d9bb03b,train
a775a816-729c-a953-c5f2-2bcab1e91838,train
41ae3c3f-38a3-79a1-229c-ed2be2069e58,train
1a5f7550-e6c4-ca51-b139-006ff9ca00df,train
b8668844-0e43-9e33-7e0e-72fbfebfa5c1,train
73631cb7-a6b9-33bc-cf0c-dce59c5dd127,tune
335e77f8-fc8c-9dfa-fde5-f06518f4a827,test
06399bc5-6cf7-c330-cf26-cc62e29baefc,calibration
91b4d72b-b44b-ab3f-bae9-695bef7af004,train
cfda57b6-de81-7152-4b8f-2af141387756,train
74e8ace5-b48d-6134-e3d9-d4baa1d2678d,calibration
1b7451aa-88ff-5459-2655-2b9e03f82c86,tune
ce559021-4f1a-fc7b-fcfd-42deb32541e7,calibration
9f9cf21f-8f56-2afa-cc49-8947bf3503c4,train
1df1aac2-9fda-7fbc-2ba3-9a801b663e98,train
c5bdecb2-e647-5e33-ffbf-f51bda3cb919,train
904e57e0-7f36-4e7f-ab4a-46c41e3450c7,test
19f9259e-48f8-3900-4ac3-2b00265d7016,train
628e869a-8b11-0acb-a9d2-1468f31e4018,train
ace09947-f657-fb61-8384-392e03b9f599,tune
2636a623-6901-7335-12d0-f0625abf0bed,calibration
58eaab11-2f3d-04be-186d-3b1c5abfcdcc,test
e74a03db-577a-7067-97e5-883a3e35e079,train
4f4eebb6-747e-9bf2-93fc-c04e26378d91,test
d14eec5f-08bb-da66-2d34-26f62d846876,train
cf098014-140c-ad3d-6d35-a6fb1512e78f,train
4740618b-f916-3b78-f71d-f8749d4f2161,calibration
14f641d4-a28f-85f1-877b-fca866efe679,train
112bee94-2196-1bb3-7ff6-7c5bcea7552d,test
e51df789-992b-a4a7-bf12-09f432ff4388,test
1e45d40b-5764-bbc2-46b5-422eb39e3cc6,tune
aa7facb0-83b8-9571-ca0d-4dc8a5c6e3fa,train
2434da7a-31c1-cb23-0ad9-d77031b90307,test
805888fa-2c0a-a94e-e5c8-75ecb44127ad,train
215e7fc5-a32c-6579-67ef-0d8cc34d858e,tune
bbbe02b8-8918-0a2d-c2cc-5824fe8fd839,test
226f20b3-65c7-2236-6300-832bc6a750e3,test
b48e88bc-2a9c-c6e6-6f1d-6f3d236556ba,test
bc2b13df-1083-7e39-a6ae-52e234d64511,train
a80c0989-98a2-0947-324d-a9af2d4e54f1,test
6d8ecaef-dbf5-73ed-3cc7-77fd2d7b08b5,train
ca9fb084-34e9-c8f8-fdf9-808275702b86,test
46548d13-9b06-6c96-a7e3-1a77a1a39139,train
65fca363-9277-6971-3fe1-12c606e531b6,train
7a5a338d-1ab1-fa83-c62b-cd7dc891cb50,tune
511e7669-a2c6-9324-a943-b8815ec86442,train
9a4aab16-5cfa-cf1d-3dcc-92a6495b2858,test
6fda839b-9a84-b87b-db80-45139c3c73aa,train
6cb8ac61-c6a1-b846-b4e8-13f68db5ff0b,test
d4a6b10e-bb21-365e-92dc-63b95e4eaf44,train
4af0355c-6006-0383-7102-a53f871b1546,train
0b527302-f6c6-dc9a-2332-fc8e74170061,train
0fbbf037-72c7-f4e3-13e2-aa3177b8c0ad,tune
af4f6e58-0ffd-72d2-c4ec-f31630a21fd8,train
f849310e-057e-9979-9047-112fb2dad794,train
b762b1a1-17d9-0789-e0f1-4aa5c972cefe,test
f0c754ae-c48b-66ca-1802-5a209491d6cf,tune
5fcd16c6-b290-af71-8a45-0da508f4118f,train
5195922a-f5c8-130f-1818-0f78fb0c9e6a,tune
11d9031a-28c9-3789-575a-973031a8cbf4,calibration
545d30a3-847f-a55f-2716-b5b17a282b8d,train
05fcd7f7-5f90-32d9-b135-d063cb774b5f,train
77ecaf35-22a2-884d-af74-2fdf789aa4bf,train
a9df5dbf-b738-4619-09d9-157d69c42f34,train
ffa8ee69-9d8a-bce6-3457-2adf62033fc5,train
04a4ea63-6fa1-412e-069b-fbbfb7fbfa52,tune
db6f19c7-504a-87a7-cd24-bf01fe3bd72c,tune
5f2f51b2-7fb3-31b8-7c6c-d7ab01202737,train
eb3705ce-209a-2589-8666-1ea8904e5c61,train
d3282907-421e-4686-e89f-8b4cf967b687,train
47878448-c6a3-587d-bf8e-81da3112c751,test
0a5ec9c3-5faf-6f91-bf0a-0741954d4dc5,train
be2ad0a6-dfe2-c9bc-97c8-ae948c315ab1,test
6730a2de-9b71-5dc3-6040-916ebf8da457,train
bb51a16b-62d6-719c-6efa-869a5033be2e,tune
f5cf4dcf-dfde-3ea0-ae00-fbe9bad7c314,train
16ede004-75eb-579e-444f-df9676dbf35e,calibration
f8aaa76c-4368-ba2d-04d2-705fe6bbef89,calibration
7df95d48-7ef2-1731-4de9-13e0f59a3f97,calibration
181f7bac-630d-edff-5500-0fae9e795e73,tune
f1e98f94-44c3-90f3-feb8-67143eeb638f,tune
6e98a45a-1a4e-4cdd-8477-7dd9a1ed438c,train
9697293c-9f54-d1b6-bb58-3fd60a1d2002,train
d19725ff-b8e6-3716-f52f-2199f48e77c7,tune
99f3e3df-f025-4c81-bedf-3f22a2a1d146,tune
3692a4a6-286a-d3ac-233a-ee70f6e1ed3e,tune
05642042-fc64-1e4a-29e6-0de67f1f63a7,train
e275fd1f-522f-936f-9700-85f4837551d1,train
b85cef77-7b94-f771-63bb-5e486db9eb9d,train
c6741ffd-39ea-739e-45fa-daa85227bd46,train
5f7933ac-17c2-488c-4e7b-4609bdb260d7,calibration
3b0f9cf6-bfe7-3feb-2c9a-ec8cfbbff207,train
04819fe8-a36f-1f76-5439-cde2de370064,train
49131f72-455d-7c3c-7a8a-4073b66e3973,test
8bba369c-fff9-6247-3479-b61f0a74b408,tune
59aee5eb-3047-c75e-af82-363353204c23,test
74321f18-77a3-ad97-24a1-21252319b1a6,train
56b4aa4c-f0a7-085e-80f0-3a8114276b9e,train
b2a1e10c-c2e4-7e72-6440-e9ded45e661c,test
0edf2303-ea65-bf55-46f1-48cff3411249,calibration
0e4c14ed-df4b-7d4b-a313-71973a9aa08c,train
4170edbf-28e3-4db8-dc31-736fd7d47c66,train
1aecb1e7-175f-4ce9-792f-c1a2a8f56fc3,train
b9c88e70-560b-6263-cb1b-305e074d681f,train
53a385ea-5058-2faf-c496-bee4cc3cebbd,train
1bca2aa1-d41f-7aba-316b-8eae1a900929,tune
91158469-ffe7-9cb7-0e8e-9e7f0833f689,train
3a6b3f3f-240c-2f36-b115-93fac6eb3c4f,test
193c75ef-6600-9f9e-f070-ae8caa578fd3,train
9559da37-869b-2b76-3caf-15c80e889b91,train
e6d3baf3-31fb-75b3-be19-6124068cb18b,train
5fcb124f-fe76-a5f5-5f0c-3090f3b07cbc,tune
aa2ee7d7-f15c-733b-8121-46dcd4fbc9a1,train
c7e69772-a05c-08be-b2b8-9467ce08c852,train
3630e699-64a9-d57c-d1df-ab73ed1d06c3,train
29675046-ae48-c828-e3ea-c13780067beb,tune
eb874742-78bc-8546-5235-b0c2597c301c,train
9a5a92ba-e8b0-78de-f0d0-339137bc6e2f,train
57e39667-3a53-b3f7-5d04-7c7be7448d9a,train
e4c1f7c7-00a0-da24-afe2-1101d73d8963,train
5182a38a-bf48-bfe9-2f18-958626fa8537,train
6c142cb2-cfe5-5daf-1153-838363f2e5a6,train
b56f99d1-b625-d6f4-fd38-4f6648b428f8,test
49a69e31-884d-ba8f-6d27-740b88dd64b3,train
579bbc6d-b680-a57f-2155-42b9a6a910f8,train
99473d46-7cee-f201-517f-855b2b082eef,tune
ca3ab5ac-d99a-6b2d-04ee-f76f710ddb44,train
b4591373-cb95-2b5b-b837-a8995d63caca,train
ad90bbdb-f8cf-542a-72ad-e73ff0088a63,tune
a0594f40-c826-9017-d684-d4e3232650cd,train
f52adae1-d199-b48a-fa80-122362e2e640,tune
805d220e-3455-29dd-361a-949717a37feb,train
1a61994a-4a0c-5e16-2f2f-6e94de416924,train
a10b4f5f-2213-92e2-c7f9-baa652a7f6d2,calibration
093aeace-a7b4-6002-4624-317e4b87ca17,train
57458887-432b-0343-6464-fc51086d8f09,calibration
b12202b0-c61b-4a01-95fb-f06902c3a96b,calibration
43b0ecae-284b-7558-d762-7f4fb5e60e45,train
64faa521-c70a-e6f2-1a44-d339ed01a131,tune
f308c4a0-25c2-d4e5-23ef-44d7dc1d969e,train
10b86ee9-8b76-074c-cc1a-cd8beed8e94a,test
078d58a7-0fa0-bfa3-9473-6a440d4d454c,tune
bcf9fc69-d3e9-4bf4-c39d-d6aba201ba87,tune
4cb077b3-4fdf-9bc3-0dca-4a869ecdbb32,train
eab0a018-ae6a-cfcb-d758-9d45b1fae62d,train
83d788c3-2509-4031-c9e4-5c7896dbfa6a,test
27938a6c-2f19-783d-9794-53517b5718e9,calibration
f60fc909-ec17-d001-0e92-30aeea8b9b74,tune
b63bdf11-fb09-9cfa-f653-1b546b51ceac,calibration
f69bcdfd-aecb-537e-bed6-269d517c9909,train
4ba1c879-7b6f-ec75-4db2-2ca75440da04,train
a93bcc9f-6c4e-1ce0-2b53-02387b1cd167,calibration
122d8fb0-b2e5-a4a4-884a-f749b8d6ddfd,train
e9877a7b-bf60-3d6e-117e-c3cdaf10168f,train
ef57aad9-69a1-d9ff-1bae-7ee7f4f7e66d,train
fd977bc5-2551-f56b-647a-1de1730b292a,test
e6b2fa59-1d9d-b24a-21b4-2103d244568b,tune
6deecc01-0f13-13e5-3b02-c4b46494c08c,test
fa875c70-62f6-16e8-076d-eb6c1b1d8a53,tune
8cb916e3-f96f-df4c-1912-2fc336f2a303,calibration
cb135196-5536-beca-dd15-347966a2e61c,calibration
489c0395-a5fc-a9ff-2f70-9a40a93114c3,tune
d4ed37fe-e372-3c8a-4dc7-a89218b9c8d4,tune
dd3eb9d4-6568-1e4a-60d2-7395077430a9,tune
5e5ff70b-6caa-c5ad-a732-c465826bba65,train
884ab303-05d7-23e5-3e3f-64f13cefe1e7,train
6c8febb9-ffef-a204-e30b-cf0bf653f300,train
4d87b53e-c9ac-197d-a0d2-4a9640cdef8a,train
1acf1c9a-fb83-c27a-7609-c2da819fe560,tune
5cb27055-ccaa-1f5f-69cc-a452d187dd39,train
282cc81c-065b-c535-c2ff-b06a3bcfed55,tune
b40609bf-552a-fa9a-1be7-99a966161fba,test
b2f59369-5abc-29d7-c3f2-a54db54cf1ef,calibration
b7039508-7152-35c0-9628-be3863343f23,test
05be2487-138b-5b26-8545-7f2bad142961,train
6a6ea54a-a485-b702-d212-2b558be59564,train
6fad8bda-37cf-a204-2513-a2c469dd9a50,train
a1cd4cc7-ab96-697d-ab72-abda93fa242a,train
fcab6603-0332-33e6-6a42-60fa22c7d458,train
9f5757f8-f9d2-55eb-11d8-fc3469a5856e,train
c10c6721-1077-ef41-1b74-b706a78c04eb,train
3602455a-f51a-79f5-0a07-f2814b4c9cb9,train
0a07476a-af60-a549-52c2-db321a2dceb2,train
2749cfa2-504c-827f-8b2e-fe0f0bb21642,train
4d796066-8454-4b0e-ead5-682be9895222,train
64a857ff-396a-cd62-a680-1df9f9ef5a39,calibration
5d676690-1fa3-49bc-6078-3f09da029aad,tune
4652b8df-32ca-ac25-7ad0-b59d1b83ac8d,calibration
d0f24dea-48ba-785f-cbef-ad9a7981741c,calibration
3543639a-d2a5-9907-b8d9-63555306d212,test
6a1ea3d4-3b40-0425-58c0-363e20bfd5ce,train
0854c611-fbd6-7450-fd7d-732d48a80dc9,train
d3ababd0-5496-d3e2-6b42-acfa4b0d6e9a,test
1ba5456b-7820-04a5-3362-34faf35e83fe,train
c188dbd3-ec83-cca9-432d-65bbe4b0be91,tune
185d8d2c-854b-4d8c-f8a9-321723fd871d,train
70c21d3e-0220-fd00-ad81-1d8c4766093f,tune
75ce750c-e6c8-bc8c-1685-246b49b8777c,test
139d0886-84f9-eefb-ffb9-373d5ef39e2c,tune
e79ae123-b975-f439-55b3-b66b63ffb50a,train
ec6d7bc8-f52f-3d1e-739f-e1607e884c85,train
4e0373b6-5bc1-303c-1208-6679484ec8f4,test
e94d1866-dac1-834c-4746-ee3d6f7639b3,train
da3009df-1aec-47ff-b115-4635d60f59bf,train
b240431d-22ab-ecd3-86cf-3bdd9f956291,test
7f568290-c822-35a0-ffaa-8bf8a728b081,test
48617299-0e72-dd3a-dc0e-5a412d4842f9,tune
d0befa5b-9f75-6d31-3b4d-1ba6172c9e24,train
761c5d96-5ba8-84ea-c8b5-27534d900266,train
69f025be-ee60-f04f-d61e-4ff5050a369c,test
f28f9b44-4bb2-bf66-5256-798c3124ec65,tune
0648a017-4fb5-77cd-db96-e2bacc28fa88,calibration
b04206fb-b8d1-9a39-62ed-433aaae5b9a2,train
9e1e1ae9-74f0-bf2a-71fc-c3ee6b1c62c8,train
5356609a-2547-7cc3-c68f-5462f5a8af88,train
ec583576-3c8d-177c-dbbb-e3af5601722d,tune
82012295-da4b-c803-f6ef-1b0c99bad158,train
65e68ff4-f72c-f95c-ed02-05110f5fd33b,test
21536551-2593-1a88-fd7c-e7120142fcf9,test
16b9f17b-cd5c-fdf5-dc41-bbe434fc45e7,train
84ce0754-a1c7-3a19-31ed-bac32e5e0682,train
9897bd86-5afe-3886-1309-5e1c6eb3611a,train
fd961d08-2a9c-f875-8cf7-ed67be18a84a,train
56d5e883-e399-444b-3543-c5e9f1a1882d,train
3c931bf2-1355-253f-78af-26f5c29cde56,train
1c60aadc-05d1-a69a-620f-5cff2a07630b,train
ff168771-090f-5128-fe0e-13502d8216ac,train
4b79eb45-843c-76ac-3211-384f6980ed53,train
275cb0b8-9113-31fb-6714-962520c9921a,calibration
1591c7d2-487d-8fe6-5bdf-e61b1601e526,train
0911c887-6e0f-613b-3072-0127612b7e03,train
e7b6d063-ce44-a68d-0111-af059c31aed8,tune
67d8b54b-0809-6a33-d368-b398899f90bf,calibration
29cf0d22-3f08-8e5f-ef20-387aa7e3041c,train
94eeb13b-5478-c33b-9fec-d70ba2b6b041,train
6c260715-e4be-427f-a825-58f4f5c5fcbc,test
f8ad6388-b599-69c0-91b2-d7513e10deee,train
d87a3b7c-4b64-89d7-d3f1-a381f229cdef,tune
56ae2683-ba83-9930-62c1-b6c802507b64,tune
2e876c0f-e27f-bcc1-3459-0e2527f5c3ff,train
e706fad2-9b98-43bf-e064-4e5c31f3356f,calibration
16c2449f-dfc4-784d-9da4-2ac174302dda,tune
e6d10f9c-0d8b-f15f-3c19-3905b95a81cd,train
311bcf83-7257-234a-d8dc-ff087344da7c,tune
87cf19aa-7ed3-fabd-2c8b-8521f768ce8f,train
c3a0f513-f7bd-ce00-f0dd-f79d9e8a1486,train
e5633a7a-003f-7804-212a-5bf35ef63337,calibration
b1a87d51-3ad1-aca9-14fa-41f1fb91cf8a,train
0f16e866-5fff-831c-b550-822b14caa2a8,train
6df87dc0-1348-2506-9071-efbd95287176,train
592ad0aa-9991-9758-54f3-5a5ba8ac7586,train
a0c7ce9b-b9b6-6ff5-bf78-13895495344d,train
8c755d6d-12a8-cd26-192c-4a9de233f1e0,train
037c3462-c1d4-e340-078f-3282bac22133,tune
3ed71cbd-6ed5-aa54-a2e4-7e3f8fb499ab,tune
b324050e-1308-f5c9-9380-3c15ed2d6468,tune
cd07f559-a60d-c223-7cbe-7d896a712bb9,test
bdbcbe45-0463-a57b-0920-6b8618629bb9,train
7ac714a3-34f4-8d92-343e-7cbcae7471bd,test
57ed520c-3a64-67d4-0b22-d88f9a3677a3,test
eeaa8930-a1d0-f6c9-1130-2d7680cc29e1,train
caf0c140-8b7e-81b3-25da-a98338dc3384,test
59fc8a74-4105-c4f3-2ca3-209911003c26,train
91062ae0-756a-a590-c87a-71f05e297e20,train
a1575079-7dd1-be2f-f654-c42e5f34faf3,train
e9f9ff6a-e6a2-387b-dfda-5e765cad4f74,train
f2a6f7d9-c415-310a-447e-2a806d71ee1e,tune
3550c7f8-d612-546b-bb7d-efa7bb42823e,tune
e34f1f1c-2144-35e0-bdd5-187a553f4745,train
88230311-c7c6-14d1-3bce-bb2487b5b5f0,train
503cf9d9-ffc0-313b-659d-8feadd4befa9,tune
ca7239e8-45bf-2cb3-0fe0-56557b479fb9,train
058a93d9-183f-0498-e486-e87509b275ad,calibration
42eeb773-3648-a6df-4025-07f55483acc1,train
9a0a0521-f747-97ce-e881-9403a44ca25c,train
919e14f4-8479-d7ff-c352-8ebd5aab2c65,train
4b79f4de-ff6f-d48d-6535-cc5b6ef366e2,train
e7bec203-699a-40d8-dc33-6c1a06ea00ff,train
5fb8832f-580d-9cd6-fd96-8aeb446a56b4,train
d1779ea6-8da4-a8cf-327a-cd9b0170e218,train
1ad3b36c-04ad-957c-2285-d2ecf7ea7ec1,calibration
a7c70c4c-4c74-24f6-f08b-fc38f1f3c472,train
57670362-eaf4-aa9f-4e5a-57118169cf34,train
53668c9a-33cf-06ea-015f-cb61162147e3,train
2ca8a186-466b-135d-1283-805880e4c052,train
5d666bdf-fb65-e594-65a4-ca65bc4beb3e,train
7dfecdec-1bb6-b5fc-9b34-ca10f3133bb9,train
615844b7-1f51-9713-2b64-bf8d3ce0cf07,train
34487caa-602d-d8de-b5d3-00a7428e24df,train
e8b7a8bd-f96a-6b3d-5668-eb1a3ed599dc,calibration
f1ac1401-1a95-840f-d87a-4f874b20719d,train
8295582a-361b-019d-c7ee-46572719f678,train
2d092355-9a23-459b-2859-67cf9141d5fc,train
c5eb3342-822c-b180-aeea-731650874c69,train
609b4dca-3ad0-1ee6-904c-68f780b1c9c1,train
96a7d584-5dfe-4d34-55ec-9d3fa5bba794,train
d1259450-1cbb-29e6-e5bc-4c3de01b27c8,tune
b6f0acfd-3762-4236-5f8e-ad0bc9399a1b,train
a95d0c79-b34c-1732-6d12-3a48b3df3a75,calibration
8256e8d5-bd0d-4204-6860-f2998f0e23b3,train
a9c637c4-a208-4b5c-d9cb-837179690324,tune
e6ae6065-2bca-3295-0a2c-00bc2eebfd53,train
30005f2a-6ca4-53db-41f6-37e27dff7253,calibration
5e9223b2-5c8d-7aab-30c4-40e99396ba32,calibration
f1d89060-a4ae-87e2-0921-ac1169c54ea2,train
85a87a47-59de-3dbe-a418-72263ad6cb65,train
5b0e7ef3-d67c-2f7b-b4db-6d37020f92c4,train
a6a11c93-93ac-583d-8e50-1542b794d8d9,train
eed8a606-dcba-23f8-8d3e-a0ee10bf211a,train
c20f8c99-20d9-c68b-e9d2-ba425e7498ca,train
6659a4c1-489d-994b-b854-d77d03a14547,train
ff26a59d-23e1-e019-3783-9e4663ef0925,train
91c51d24-1d59-df77-20b0-f9883c1774c8,tune
591259f0-aac6-86aa-f723-ffa4b390c271,train
39f0ee89-bc9c-cc49-52be-b098ce484264,train
d574f197-8bbf-24c0-5788-de4ed2092224,train
a8e2312c-d59d-4355-8aec-e5b3ea7f1d2f,train
df0b0cd6-dc56-01a8-1c20-bc9a25f5e4c4,train
243fb2c4-4cd1-8cc8-ceb2-e71b1f0c8ceb,test
3fff491f-8da5-384b-cd50-cff6585360d4,test
e9fe2280-70df-0384-3feb-1f463844139b,train
db1ba509-c7c7-e4a4-1130-935c90c7d2ba,train
d40ed291-e9f0-2444-f36e-0d1ce3d590db,train
2e9f94b0-9a58-916e-cf87-fbee51df85e7,train
8e5356fe-c5a1-52d7-7345-4e0cf74feb33,tune
a2a82d45-a387-4ede-be82-1092fdd1d099,train
a6ccb267-9bc6-5389-da48-cf203a8bb902,calibration
190c7757-3206-d2b0-b5f1-222b4809a726,tune
91a53b15-e87c-3ecb-58d3-a6e58db4df7b,train
a723ce9f-ec75-9e1a-647e-400bd28e6d70,train
8ead3295-0ce8-6c9c-f0ff-dbc12698bf65,train
7b3a4fb9-831f-83c4-e9f5-b24cd65b8661,train
c2c241da-0126-4560-a936-d0f792d8af4f,calibration
eb527d88-719c-29b0-866c-42c07055c428,train
41b236c0-3cac-bdfb-9ee6-cbf80b8d3744,train
6a6fee7e-08f6-5edc-4fb7-e91705137107,train
19bae87b-54a7-4133-6874-fff438088dfa,train
80bf9d00-c563-db35-11b3-d7379367010d,test
e890ae81-08a0-a006-5330-9ba2723b442a,train
c0c78a25-9f7a-8d78-792d-effa03a77d2b,train
8e372570-0cb8-4808-5c60-1f0c5a9ae3de,test
f001eb50-dd8b-a02a-5977-0f9b3f0dc8f4,train
4fa5c0d0-19e1-150c-e49d-34b170f43768,tune
60a31b1d-02ae-ab68-3909-e399fd9e5f78,train
804c20c9-ef32-7fbc-cfab-ba6b189390d4,train
c16a8700-9fcb-0144-2da4-f24be999ae4c,train
1a9b1422-d8b0-2206-ed40-425356a2ec46,calibration
6e4997c6-5b82-0940-2912-6e9ade67e935,train
dd70e37b-f9c5-e098-9100-6c13d7d3bc89,tune
a0e9be76-8bc3-2050-a505-118790267309,tune
b630f624-7760-1fd8-a3e2-53421b09241a,train
3028cd0d-aeb6-6dbd-07e3-a55b1b3ea72c,train
036acaae-c74b-52b2-8306-ea2a64b93e5a,train
34eba5d2-2c03-c3d3-9c6c-8615d3ee03fc,train
d2d0423b-d4d5-74c9-381b-ccb96169c8a1,train
d628c4a6-e789-cb8b-8a92-afb204b98fc5,test
0402952b-f669-0d46-df25-f8d569656a0d,train
fd310e7b-a513-870c-7efa-523fcb0097d2,train
2723aed7-ffb6-bb3a-c7aa-c454e74ea36d,train
ca955f33-be8b-5ab0-ae57-c4b962e55438,train
05889fe6-8a49-be61-304a-6605c8ad8fd3,train
2b3abc37-5248-5cfa-c74a-9588587186e0,test
2b53ba04-2a5b-6326-ad5b-8140e4b6c8cc,calibration
778872d9-3cc1-e52f-361c-57d6713919f6,test
de05474e-5b26-5699-ffac-6e2c9b43c1da,calibration
060ee9d8-b8c8-ab9f-dd54-8478fc656e94,train
e1fe6c3c-a316-9a9b-360a-bb1e0a0c2531,train
12390191-324c-a962-95ad-907093df9c4c,tune
dfa896c0-259f-102b-390e-34e70d47b4e8,train
b6fb4cac-57b4-964a-ee5e-46667f6e1817,test
f0fdd7c3-c9a9-3873-d8af-bec5a68c28a6,calibration
11574097-548a-1d6a-04db-b31ea15cce31,train
ab54443c-af8b-4524-455a-83c593e90671,tune
53f7bad5-578f-e5a2-3e2e-c58fdfbbbe01,tune
d82a294a-1b1b-b684-9f4a-f143d191a647,train
3705c39c-7f3c-8b7e-3444-5e407d65e609,train
0128dc4e-d97b-1836-95de-56883aea534d,train
04966998-2e5f-d54a-a51a-c4c760e17597,tune
0c7b4d1c-1c72-f41d-76f1-ba2f601ec77c,train
0267f4cb-699b-8e7b-1b22-675243c18dee,train
d9cbe551-5a2b-6b31-f41e-78e6927ba2c7,test
697d6b19-7f73-e7c0-27e0-6125304030a7,test
e8103f09-aac2-17ef-9d16-a329e7b318c7,test
ed7a36b2-03b9-f697-de2f-f0840a5757fd,tune
d84836a4-1fb1-efd1-575e-dce3b698d9d0,test
17999804-73dd-0d0c-52de-9a574568e632,tune
6817716f-58e2-939d-be0d-a8beba838717,train
bdcb9795-c385-c0a2-90c0-fba8e5d82c71,train
1f25bd2f-235b-0c07-aabe-d1684a44d2b1,test
126a8ba3-4570-9b60-6ecd-f7cea1ef9dad,tune
8ddfa0ee-ef92-6dc8-5052-e6874c028c17,train
8fc6b22e-0e47-4081-9a0d-9066e61bfca4,test
f8fd87ac-d7cc-f790-67b6-da3468555646,tune
36658ec0-0b97-4333-4317-133664d87ff3,calibration
74fb7c1a-c7c1-7f61-21eb-1bbc86d4e4a5,train
1fc83f89-21eb-1859-df7f-7870135c8ebb,train
05baef88-3c9a-556c-b3e1-de331d57a815,train
f0ea796b-d0a7-f14a-5c66-7a878767264c,calibration
c88b9acf-794d-3733-e4c0-905b22a62e64,calibration
0da06bec-2121-2122-12c0-c8e6980a178c,calibration
5d6a6811-8386-c880-5fad-7dd2bee10883,test
1203ab43-7862-b0f6-e70b-4888513effbe,train
606d454a-0456-ebae-e0a9-4b02f70db4a0,train
f02d849e-ecf9-8a23-7790-10c68ca4dc83,train
d3db97b3-db35-3f1f-c231-bc6698ce3381,train
3468a5a2-d003-8bfc-ea84-4f5a0d9db11e,train
5bee7850-c2b1-04d8-606f-2c5bc18df8f3,tune
c1847085-8b51-cd4f-3721-ced076b5806a,tune
bdee7b42-2c98-bbc5-e2bf-ca3bb1d3be4d,train
7810a71d-dc0a-76f0-4c5f-da31beca366d,test
aa3cb8f5-12b6-b56c-8093-f2d17551b9e9,train
1e991316-9107-bb8f-5385-226d9c50af85,train
2b875958-fb3d-ce36-e42c-1ddce1826b8c,tune
72638f3b-8097-db5f-b732-e54574057fd4,calibration
258830a8-e7c1-4ea2-38fb-9d9b0bfa1f59,tune
53444285-01ef-f424-ee57-fdbd737501da,train
8bb3410d-da91-0970-7a91-6a37cc6d8ea4,train
e1e4e463-4ac2-090f-ec1e-9d01d131df05,train
e159f5d3-40f3-06c8-a911-6423ba74cd83,train
74537f40-894f-6e92-65a5-796a51e72f5c,calibration
d275dead-7159-13bb-9aa3-911e1d8d01b9,tune
0a0e6cad-9d7a-196a-d5d4-065e59d488c8,train
f28bd46c-eb73-d04a-84b8-29800dd68748,calibration
14fcc620-ce92-8a3d-7093-6228c9db40be,test
e6c53c74-65a1-229a-1a44-756a731c6c78,tune
f5a2e7c8-82a6-7988-a595-cd701e4eefa8,test
c874b02d-1ee2-d28c-5461-47857978be45,train
995a2c7a-64bb-3ab1-bb17-a554f811ccea,tune
e9ac34a8-fded-84ec-5bb8-a7e88b6b0b41,train
b096d840-910f-743d-6e40-734c2f45b8c8,train
ebc61eac-8d6c-f215-f672-2e2a1bae3116,test
2d7958a0-2a1b-b24f-a741-1c37396967a0,calibration
7d4fc23a-d8bf-4ac7-6bcf-c2ae68008c51,calibration
8fabf220-6ac0-97cd-62ff-aa972b4774db,train
442e1626-b6b8-ea0b-4fc3-6e989e3458da,tune
0fad2ccf-8805-935f-6289-dc63bfd25453,train
3d39b37b-0262-8bf4-45d3-dd5483392465,train
06aaf77b-e601-75b0-6abe-9bd17da45702,train
76c3e357-3a74-4826-b99e-5f555a71adbb,train
4a9525c3-bce8-56aa-2559-d91c72cbd840,test
216932ec-de1a-a38b-b227-4270747ebddf,train
813cc93f-bba9-6d0f-6e9c-bdf769444de0,tune
a09b266f-508c-6eae-8b66-3ea8d583302d,train
12ed16a0-d9e2-7660-97bf-f627282ffa9c,calibration
0be67ff7-7f8a-1418-9148-b822584fa21e,train
673c335d-7ecd-99f1-0638-42082617a8a4,train
63481732-3e0c-d1ef-7307-fc10cd587ba4,calibration
fbf9341c-4146-2533-a345-f881715786de,train
bcc16ba3-795d-dba5-81e2-59051c659cb7,train
ce519eeb-5eb1-f1ce-bec4-2b77c008515b,train
1571b1db-7875-cf59-4a3f-3ef138449503,train
76a17360-81aa-87ba-2103-1e3fc7fadf4a,tune
c1ae52fa-3bfd-785a-2e70-0b6d4251f0c9,test
493818d1-9a02-1304-70e8-5ec3084bf332,train
c7ec3679-97ca-0e5d-3f4b-235c68169820,train
c0bcd959-f65f-8053-27fc-de419271c450,tune
92d51a82-e58a-cc11-3b98-c10563b970e8,train
d2d05df0-6050-be0e-1c0b-e6f9b9126917,train
8446485a-3acf-0603-fde4-7901b74c2a4a,test
4d1e1b61-6177-876c-4f50-a77bd252a836,test
577d0c28-6cd6-0e2c-eadd-3f3849965962,tune
03fab0f6-c1d1-2d54-2eef-be02b106b450,train
f4240e01-86c6-310c-819f-eb916ef7764e,train
7122c936-3a1e-9fba-d6b6-d65fc91f1131,test
8d65bb55-c00e-9a06-ba64-427e0b85a414,train
ddd0f4b4-72d2-9275-75d7-cd66d7c03ea6,train
6e997e45-bc5a-525b-3ec9-a77fbcee19bf,train
d2c7a2b2-6f3e-d926-18c6-280ea4357a04,train
e6d2368f-812d-8431-b81a-c439c8ece25a,train
837f404e-e772-fa5f-0fd8-c09eae05436c,train
f58ff84b-1a96-bdce-2761-e453c55d4759,train
1c2f6fea-df20-1961-aa66-77aa7654e423,train
5f3efc79-4784-4883-f25c-032777973ed1,train
0e315284-7a47-d9c5-59d8-6d5484fb2e71,train
37224880-5242-94c8-2e90-841358620e0b,test
7c4dcada-9988-ddd0-798c-f09272bb8132,train
8a8fd23a-0eb3-b68c-185c-41a9203042f5,test
a04c0458-b628-b5cd-b900-50ca45b4cb8a,train
6f92d73a-92d8-df85-1aad-250c6f2287f0,train
bb726ecf-9659-2444-2e3a-c735d7b3c6e6,train
a17bb3e5-175f-7a16-4699-368b60848085,calibration
22885870-b950-e674-659b-2d432d32c1f7,train
d7e9d877-fc6a-a88d-4d5c-675816e34374,test
ed21fb59-86f8-9741-70d9-63911d040ee9,train
d3c8bea6-2cfb-2517-ccfd-0f5bd7c9d70c,train
3ce6b10e-bdbf-8d4d-0a51-5e9ead842bb7,train
719122f3-5f06-8f2c-7db1-5e54bccc64b5,tune
f39c5f42-9519-e647-e9de-989c24926198,train
b851ff15-2c53-95fd-3183-96f0819180d4,train
af608b0b-f8ba-ffe5-a6be-88287cdf92aa,calibration
614e8b8d-2a18-5fb6-f7df-c3010786993a,test
da378b96-b1c2-1138-3106-a08f434f46af,tune
1b55e12c-e19e-15f7-564d-a373151cf5e2,calibration
9c6729ca-95e2-b5d0-787a-716b2a9fb323,calibration
8aac88c2-0f14-edc8-5f07-a500c15fc982,test
883f3f05-f67a-0a84-4fd2-e956d06dc144,train
a0796c1e-93e9-0651-dd12-5d1a709d1229,train
2ff60f29-d3ea-3c65-bdb4-09bb483719d4,train
8c1d99bd-a91c-e237-5c47-9423dd40107d,train
1001a944-0fc4-c2cd-7c27-482796eb2649,train
43f7a2b1-ca58-b493-087a-a94e1b5d59e8,train
d79a06f7-d0d8-f5b4-533e-ee8e5861f225,train
d893248e-07ba-3316-a921-c7c13bea4532,train
b97f4ed2-e13d-d6fd-a327-4e448ebd5bf8,train
9a06108c-bdf4-b2ac-06c6-cec669476a89,tune
b651069a-3774-889f-ac48-2a453320d4cb,train
081f7926-8d5a-555a-bd20-0c03f7336fc3,train
8410740c-2d9a-33c7-e2b4-e9eb54c442b2,train
8c6783f8-b4e8-28ef-8bb3-d54f767e76df,calibration
47c3e613-0f21-49d2-4ff5-2c7f518f61d0,train
0e330c78-055b-f7e4-d289-d6395f511dba,train
74562c2c-cb7d-12d0-4978-705dfbc1db2d,calibration
6312962a-63a9-9f84-f045-b8d2fbd2448e,calibration
04758554-a830-c0af-b36c-7b4a71f6d566,train
6a0ea3c6-3900-c611-0d6b-958127be8a64,train
25b9b7cc-abf4-3dff-fc95-91f0b570a3fc,test
eeb0a82e-a7ee-bea7-d7af-1fa31a9d7a77,tune
07bdc363-98e4-656d-56a3-9c1704b27707,train
b8fb868f-59ea-cfe0-21cd-51c248cdc3e1,train
7454298b-29cf-7630-c0a1-ada90ade6fb0,train
f8570bc8-b6ec-c98b-3a5d-1faeb602f9ff,train
535fc9d4-b86d-69c7-eabd-60070b5a3df8,train
84084981-f72b-f662-ab71-4f0dce7f3698,train
671eacfc-fdc4-4f48-1980-378e1c26e5ed,test
babbdb91-75eb-fba7-c4e4-e107a39d5950,tune
65040865-e036-f5a2-39ec-de29e6370d1a,train
eb99e8d4-b2ed-ae62-1859-ab4186b8b489,test
8118bb83-5134-8cf6-4ede-b553202f89c7,train
c44260ab-0759-b6f6-6b9f-37bbaad74ca2,train
234e216b-5240-3ff7-7fac-226a48547279,train
30a8e949-62e6-3847-2509-417785add70b,train
817aac0b-00ca-ecfc-2233-806ca4549e77,tune
61baa19c-d63d-c0e6-9b04-805584d395f0,test
095b3f3b-fd7f-0bac-001d-dbb58a410fa6,train
a6240ea4-dd76-b2f2-f803-3c46b0e660cf,tune
5011098b-5912-f5b1-806d-75afef42e167,train
5f79f391-3f2e-8347-4d50-9941c5c1b04f,train
f2224a3c-9a0f-29b9-5636-900dc0f3667d,train
f2cc9646-7527-1f67-2497-0b8bddd59feb,test
4efd29ad-fd65-56c4-f973-aa9008417816,test
938e5c06-da5e-c4cc-2413-2d4ad28ddf29,test
ad4dd7ba-580c-e09a-93b9-1497c430f767,tune
d77d4e2c-7280-e40b-7f2d-78039c291b9f,train
6c679700-a7da-b2ad-78ed-42c1683f3cb0,train
3c5c6424-741c-f79e-c654-8d81bb499c53,calibration
ea42760e-0f2a-90de-1911-c054671b0b76,test
1d44afff-6abd-b6eb-106e-46619e775e7b,calibration
203b9246-1d65-b660-f942-7673bc48b3b6,calibration
d60ab209-2ce1-3465-339b-a4ed2818f0d5,train
3703ddc4-93c8-fe50-01c1-74efb3b7a318,tune
1cd3b077-ebee-5a11-7fba-920fd88d0577,train
63c5be74-6042-01e1-a77a-d3cb499c8052,train
0d49bc69-c0ee-5fc4-38b7-495b555a688e,calibration
ff0b8e37-3663-ef22-0a8e-2d31d1451c43,train
f5fc6375-cbaf-f606-5ceb-cc4b46f4ba68,train
f2936b4f-192e-9598-8516-24a29e045ea7,test
93bed279-86c6-44f8-b177-551638a4ddfb,test
8bc0ded7-1401-ab4a-8aa0-54dd985ee855,train
eb4115f7-56a6-7ccb-24b7-ffa9831ccffe,train
407f9aa8-fb64-559b-2582-f91534df1f6b,calibration
1dc7d23d-3e26-b28c-d8c5-d820dc3b4165,train
7ecb81a3-1b71-2b7b-b995-7cc47d442219,train
bbaaa0c2-604f-b593-4413-b65a313c6673,test
ecc4bf82-6f1a-125d-2f24-68e1bf6cf2a1,calibration
143379c1-c806-ac44-6fb4-1b62585a81c5,train
6392181f-080c-bfbb-7c9c-09e16ed94a95,test
5e132c0f-6e68-8f8f-8e86-6cd58fc88fa4,train
33c5f355-10d3-6fff-b6b1-b8cce0194950,train
3c141b0c-2ecf-3b6e-198f-c7d08c042d37,train
00268098-dd01-57fd-08aa-d30f9d3b34cb,tune
5418dd8a-36d0-7445-f004-aa7ce5b51619,train
8930b409-82b0-3815-383e-ffa33e307621,train
80c8f6e3-f07d-548f-7b64-b0fd8152ea5c,train
5c2e21c6-de3f-4e66-6254-15ae0f3cefab,train
1890338f-9d12-3e25-a8f5-1d7894cca023,train
a154c462-75c8-e2ed-4ba0-6c181a01c27d,calibration
fda85900-04f1-cfae-23bf-3b72b1095366,calibration
f9531638-c9e5-0a3a-e47e-393857b0eba5,tune
8ea932c2-ed74-2297-6288-ef1cee846e0d,train
881bbf34-3937-bda0-99f9-22b73d80b93c,train
4d095a76-cfa8-1e6d-a67c-0526f420b7eb,train
64748b09-f153-8973-84c6-fa51406f19db,test
8d830209-158f-9ed8-f1e2-600d40d222d5,train
39293ab3-3bc2-a344-9f11-26c2403940b6,tune
5dd92ece-252b-4b27-d29f-6a0526042f66,test
0f5a6877-bdd1-dfa2-ec59-c1c61db44aeb,train
887bbd50-ed9a-9dc8-0bcb-94de9b5e8582,tune
e963dba2-8a29-70a6-df04-832729b60e67,tune
1c9afaf7-3288-3a99-a4df-8ebe49f20ede,train
dbc4c9d8-f7e2-d776-33de-31b3b865ab0b,train
cf39ba65-1831-fc3b-324c-0b1bb7a22818,train
acffd292-0272-6278-8d5f-1462c1e0fe6c,calibration
9700f744-f119-28f8-c80f-7707cf9b5505,train
4d553a7a-77cc-d725-7dee-2cb1661c5da9,train
21c2ad19-9735-5754-1163-e9c9f131b6a8,test
2719931f-9d28-c836-b340-5a3e67e8a3f2,test
cd74f341-2a61-ad13-6139-96eb16c1c5da,calibration
cf95e5fa-992a-2c0a-453a-239727eeb97b,train
28144a1c-7d51-0bfe-88ce-b9958ee70e07,tune
38db5923-9c5e-e109-d942-ec4b47219b11,train
bc09bd9d-5115-de7b-5bf4-91d163e91d0f,tune
9dcb0248-a588-93b8-469f-2e41c0caec43,calibration
59e6685d-79ff-db8e-d132-8a4090a806e9,tune
edbb6604-924e-8681-4d5e-0a8cc09d6479,train
40f60f73-91f3-2381-1bf9-d4926d7a5ab9,train
bd1d5120-2299-3b80-37fe-64a8bfb12093,train
232b3499-355c-1bc1-ffa3-25df742b51d4,train
f8c57b15-9ae0-a93d-ceaa-39fdb913a06e,test
4063b19f-5c1e-6d9f-0e15-e4c64d981898,tune
a9a02be1-abde-bfc8-90c6-fcbc3d605262,train
a7d8d51a-59f3-da56-b5f9-1b3c90a6afc5,train
d9da6047-6f23-5e24-507d-8c7b1bc8e560,train
718361c4-a8b7-89ca-3ebe-64f32bcce675,train
78eca4b8-6134-3b0e-33e3-13a0a3aefa29,train
2e712c65-9f3f-514c-5733-922b5ce3b6ab,calibration
43ee4356-6992-bd06-949b-d9c0171f0f92,tune
2ea37b67-07a8-a4be-5ed0-db3d3426f483,train
73dc2114-44cd-71e7-8458-84b6f6143af2,test
ec25616f-e709-1145-f5bd-63c2db1c1def,train
90aaf77d-d711-5e9f-851f-d9bb669a0be9,train
bad51660-7ffc-0d34-c8bf-5a1d94f7da37,train
cc1735fc-21f8-0981-0a76-0d194e093687,train
2cedfb6a-e5fc-06c1-6a9b-24a9856bc15b,train
39200c08-14a3-a6a8-175a-055deb1ece3c,calibration
0f684909-bcf8-ab89-dbf4-e8fe34822550,calibration
4bde3dc8-2b8c-ca27-9d07-23f8069f131d,train
8020597d-72a8-c90b-8de7-aecdf3c9252c,train
80b43769-9928-025a-de3c-0f7431a84a01,train
8f855369-aa1d-3f14-0032-ac79066599fc,train
1be5f125-73e2-373e-dc8a-18faa661df83,train
57b27fd6-3fc9-afbf-36d6-51c403553246,train
49b3a946-aa47-07c0-223d-d780f8688402,train
7ed2f1ef-b398-c34e-c1aa-0007a5be6d60,tune
770c7127-d539-f1be-72c2-575dda9fa771,train
e3695b56-fa75-726b-b1b1-44e8910254dc,train
fae55eb2-c2fd-8ef3-1b35-875b78b19ec7,test
7940b2a6-2658-5538-9227-067a53239cd6,train
5826b4d8-d426-b615-ac00-f232249a7f10,train
92366d7d-b83d-60f8-1f45-ebf282afb548,train
66bb840c-4961-670d-f16e-0bc80cdcd7a1,train
3682e0f0-2e8a-fde9-251d-d27af02a84ff,train
5ff21894-dbf3-e60d-ccd6-78bc4310f76c,train
53bcec5c-66b7-a376-57fa-9f154f161531,train
0b8dc2bd-9a01-b757-615d-c726f623a09c,test
04cef496-95a7-a45e-2133-804d6b80ae60,train
8e5246b9-a334-bef1-465d-c8578cdbe139,train
3073c47b-b7bc-abdc-2f37-d56f3c5566a4,train
8a2ff84e-f091-5420-b016-be6dd30f058c,train
251a38c6-b755-80fb-150c-2a2a7f453045,train
6db738a7-3ddb-d9ba-47e3-11d39d111fd1,train
a1c82d1b-2cea-5245-a64d-5921bf1a45c1,tune
e0af0269-2dd9-d813-9fab-4cf420af4d45,calibration
8eb93b96-3f1c-cfdf-f5ac-b9b53f554af7,test
f852b0ad-bfdd-9a9c-e06a-23fa141657a3,train
c3f40cac-8b3c-7845-7d8f-e06edd568b9b,train
28d407c4-e193-4b56-cc40-af92c982f4a9,train
5a055818-cf05-08b5-0240-1c4293919e54,train
6f1e9584-5c60-6f3c-f8a4-f3490e45e0e0,train
95ef5690-c8af-8614-0c4f-315eb47c985c,train
45a9c8d2-48a8-9a32-1ee8-03e0c23d4e0f,train
25835676-7356-3e71-1330-dce1f6065b61,train
b6e60a7f-bd3b-900a-57ef-a79e91017168,tune
475d384c-02ef-1c79-6dca-0367b04bda32,train
6fd85a17-78e1-bead-6c62-5e4957565fc6,calibration
cd7cd397-d686-1184-e29f-58a481ec03fc,test
5d6bc839-b473-39ba-3ced-8aa783d4d520,tune
6100bfb4-c2d7-b3f7-91ac-e55f5d9aea83,train
1d8f97fd-913e-3289-b42b-a6fcf2cac0e6,train
93ec9542-1599-6921-3df3-8c3244d54f58,train
5a3bb6a5-3b71-8d2d-defe-48ced3c0d86c,train
a0e0dd7e-d07b-224b-ed8c-dbfdc22ad0e3,tune
2d5fbcfb-b6d7-af8f-96fd-a8e65cbe7559,train
a5f738c8-be53-95b7-82cf-56f65354b58f,tune
ded7c897-6da3-4066-fe71-c4d90873d82a,train
debcab31-100f-77a3-f2b9-787319315004,train
220b24cf-bcb2-fea8-f37e-cc1361e388e5,test
5e12b844-4cd1-e5b9-1e8d-6925d32cfc77,train
6771efef-34ea-c09f-ac41-995570ebcf21,test
6d3c19a8-33b8-cb76-eb91-d5171e24f73d,train
a8f2de13-56eb-0104-0e93-6f8a379e623f,train
42827c22-c6d0-cb21-c7e6-d37761b9e0ce,test
97e4db3a-2425-77ab-6297-b8f4630055e6,tune
343d3b3e-1a71-be15-a630-44c5567c1e4c,calibration
689af7cb-40b3-8403-299f-fd0f41769e29,test
779816f5-de20-e764-5665-42fe08149e77,train
7ab4bd4d-b6d5-e0ed-4f8c-dc47d0ec4131,test
d83f1e4f-0dbf-5aa9-4a0f-bdc7e923adb6,train
310e563b-e285-2be6-aee4-c4de3863795b,test
9cd0e353-cd1e-7a57-09e0-8ddffe6c8e86,test
94de3b94-1750-3ac5-9709-470cd7f49534,train
5b9af6f9-08e3-a6aa-3701-d29db80506de,train
d68b0ab6-036e-8bbf-571b-d6d94b8e3d42,train
72d65297-b5b5-8aa2-efa6-331c60e1716a,train
08e7d1a8-4842-474c-20d2-5ace848aa53e,test
50b194a9-c4bf-a420-5e9c-b42df647abbd,train
2f2d8f9e-9e15-9af2-e8a3-c40319d50531,calibration
c9b66548-a602-5fed-bf1c-5aa9c7b29c8b,train
1b8d06fe-81bf-eaaf-2bd4-2747b979fada,train
47b6000a-7109-1614-7f3b-bc501970b55d,tune
7cb8f376-16dc-58a8-aecc-c1aeb5c451e8,train
453c2a77-412e-984c-c011-13cd86e9c8bc,train
b436f658-3257-52be-1f4e-a8e0c8be4af2,test
762fbc5f-bb8b-735c-c78a-5c0b0131e443,test
13c485e8-0ea5-400e-6cb1-e6a766f34320,train
42bd9406-ebb7-e74f-5a0f-666b139f8fdb,train
f45a1845-04fc-edb4-dc5c-dd8bed009f74,train
4e947eaa-b16c-7d2f-d57b-5a242a35bde7,train
51566411-0294-4311-bac3-ed98933abff5,tune
294faed6-0772-ea3c-0e77-ca838cb888bb,test
29f2fb1f-da50-647a-cd3e-95c8b0f69046,calibration
11c7dc61-d7b4-830b-0156-7a4a359f3319,train
baab7e7b-c68b-5d28-34ee-4d429184fe7c,calibration
e3facc8d-b14d-0a6f-349e-5e6c2e086fe0,train
de0d7355-5355-2c9c-236a-608c6da594da,train
00deb778-224c-2057-02ea-6722eb054f94,train
b49e3995-5b5f-f7fc-8361-617dd81467a0,train
3e12e491-d11a-8c58-1a6f-607bea0953ad,train
944ee327-8d4a-7950-de8f-b8bb43f78804,train
d6cc9bf9-17d6-0eed-1c99-36f231ca5ccb,test
9c4036c8-d657-eb5f-ae73-e20f0a4ffcec,calibration
2cdd5524-2222-0840-841a-10ebc3a3ccd6,train
a53c720c-69c1-7571-793e-b45c8f23c23a,train
20f2fef6-a095-17bf-01e6-b059aeacb7c3,train
d000e1e5-42c1-12ac-d04c-7804cea8cd25,train
cc63263c-a24b-6e5d-00e1-28c05b281f78,calibration
d65e0f5e-ef81-09d9-98d2-f566315e9b0e,train
aba0b67c-360f-b8b2-8f7d-f03cbe819722,tune
ee554877-3723-6bd7-57f0-8baa9bb9fba8,tune
7e91763e-0d45-6c7e-1d0b-86e908ba51f0,tune
7b9dc2d9-f045-174b-f52b-486d2b1c1b35,train
836e0fdd-7d98-daf0-3d73-34cf756f5447,train
35d0b696-c71c-5fc6-8ad0-e94107493049,train
7e0fe2be-6e78-90b7-b168-bc05f459222d,train
817ca5f4-d7da-68be-3b96-70e45a9f60e4,train
2d7d0a1b-8e66-93f5-6886-bab0b84bc665,train
365d4eac-be75-4c09-f94d-a657afdfded3,calibration
ddd4fbe9-5c17-3fc0-818c-16acdb5f5e70,train
d6ec04f5-39b4-0ad7-ae51-12fb4bbc2ae0,train
f46ffb3c-9f0a-a094-ccb8-6a90b67172d9,train
3542a8b9-0db0-ddb9-1338-0d40fb808ce5,train
81234816-a81d-3b09-18ea-f377c4a38a5d,train
f6a3fdc4-2e0b-9a05-93bb-ffc5a217bd01,train
362129af-0440-e93c-7af6-7c32d8e5e534,train
d87125f7-612e-eda2-e274-290d351a9379,train
87883feb-a6d0-9edd-ff59-6c657551bbd4,train
f312466a-7ee2-7a51-ab40-f25b0944ada7,train
d45d72bc-357d-5b25-4ea2-d1fed8a77ebd,tune
6393a947-d873-c0a9-c868-35926144ffa7,train
da3ca1c2-acb7-11df-fc77-dd064d4884cd,test
1fa67ac0-1997-9198-78e6-2772cdb71db2,calibration
080f5a95-a70d-5e5b-f4d8-954ad5c2e134,train
6cd1e794-3ade-c42d-a621-41a8b4de1da3,train
9777f312-58a1-4737-b3e9-6fc123185d6b,train
5f6f360b-3b2a-ae09-0443-b2d4dfb7ea2b,train
712ace55-8b85-2ea8-7948-6fe6e4a4b203,test
f3319d21-04fc-6708-25c5-b6aad8378be3,tune
e7aeb0f6-7564-7a05-6c7f-404d4875b09f,train
b17e98cc-3f34-9e36-4cee-88afb47fdd17,train
be52bcbd-13df-1aca-27b6-eda5d78528f0,train
ee85bb22-00ac-9a8b-fd84-6ee6e0930a2b,train
c0f1c25d-d8fd-f8cf-86f8-4180a26e4582,train
6a25eda6-9815-dd57-2ca8-d31742d3a44a,calibration
6a7c7580-2a14-24df-ca70-bc90b2f3fa30,train
b6e11929-1d79-e338-bb01-4213f241ebbe,test
4d9799b8-a11d-7e09-985a-fc313726b56d,train
b5236923-dc7a-92fc-ac8d-c98be94cdf89,train
5dd036c0-492e-e960-4342-4df339ded565,train
a62bc7d7-833d-06c1-904a-b79b643ea059,train
c9a0ec81-38c5-45eb-1398-98f1a6101184,train
862d6762-0d92-56c9-7f4a-43593359c622,train
86d2f655-1a71-01e5-7675-758580cff1a5,train
fcb60326-a271-a725-de3a-a2eff1a46f94,train
5c2b992d-af40-75f7-289c-80451ffa296f,test
a01c7ec0-2477-98b5-ff8b-ca6c4e277ccd,train
49524e74-9182-c0aa-450b-42fd2e1b1369,test
4ad3e1d9-73ca-44c7-b64e-83264e7ff858,test
5181b9ca-16e6-d2a6-8613-d7bbfcad5607,test
0b79d814-563b-dc89-6486-8d913913542d,train
bc2ef660-d61c-b096-5a29-201fe17087a7,tune
b26c7c9e-0d54-ecc7-74bd-1cd307975ac7,train
4a88b99f-35e6-f522-f12e-11c8eda34c2b,train
0dd59ed8-57e7-1df3-c261-8b4465827cf3,test
4fed0a85-272a-e295-4414-7d244605c42d,train
306dd588-6dd3-de71-1602-60ead13a44fb,train
24910f4d-ea75-80d1-dccc-f6b2a9e36bc0,train
e1af5198-741a-dc0d-99e9-0c670102334a,train
7232834a-60da-54ed-5790-16821355d25b,train
318d4423-fddb-69c8-8a0a-3a3356566099,train
810f97e3-0c29-6688-fee3-9cc62c8ef7a7,train
3039cea2-1dac-aa51-5df9-01efa7976278,train
90f6a4b7-391c-c63d-06dc-4d35c18bd5cb,calibration
e63c9346-4d9c-9ae9-f3a8-96d458f2a826,train
d42d83cd-eeb8-de37-d485-0f4a82964a94,train
23f3b263-1184-ec3c-63a8-7ac3119f2668,tune
357419e7-7525-f9e2-ded1-f1310572ae7d,calibration
c5fce351-f98d-55dd-23ad-5d32daa87411,train
540c87be-ac7a-29ac-0cc2-3e381c110a50,tune
fcb05388-5c36-8072-7b6d-72fc37bf8c90,tune
9c23cc12-7d86-0778-0cb1-d7ed565dbbae,train
bd35392f-9f4e-2634-13bf-e47414351687,train
e64562e5-8add-8c98-aac7-e603c8beff91,train
3675ee92-b235-e9eb-3404-cf1eaf9221b3,calibration
3de1c29a-7432-c921-a621-584ecd9c0080,train
c4cf2376-cac5-1419-5d21-f7b27e52aa4d,test
726c9b60-a4d2-e2ba-fa3f-17da4b3a51f7,train
1123e215-5a25-62c9-bf66-742af4ca3d09,test
f3e0deb2-ad29-2496-dbe0-2739f73a0556,train
69258282-8fd3-5f5d-eb71-8af0d192ffdc,calibration
f689436c-3f7a-3508-9621-d71b9457619c,calibration
bd0dfad1-2313-2c0d-9114-6d23d8dee5a4,train
d628771a-25aa-2e15-1345-e8695c947db8,test
08b2e633-8242-1f86-781b-7dfa350bb147,train
f4c8415f-80e4-bbae-4de3-8803a6f3d15d,train
67f93be6-a718-a025-3e13-461d37381df0,train
d67cc39b-2b29-b6b9-41d6-ef13891e12d5,train
c538132c-e035-f53d-f7eb-f18d446e8fe4,calibration
3f4e46a0-f17b-1dce-b89f-4dcdbc9b76aa,tune
29d15ca6-8562-9d27-e4be-b8ba1af7c100,tune
0bea013b-9ed1-7b3a-b805-35b5ae76bf3c,train
b3f3e845-8a29-595f-e241-eb3bb30a6640,train
2253ed96-cd32-2930-fa2f-d75e0b4db2f4,test
a91b07b5-cab8-252b-a97a-fdb491b0bc00,train
a6ef82fd-e70d-9db3-e33f-23e52bc48da9,train
69158a05-ad55-937a-8e51-aee0d50f56a5,train
c8aa7bd5-740f-8222-1715-19bea25cb62b,train
b2b10826-3dd7-a3f9-29f6-fdcd456ffb29,train
94bcb50f-e348-d438-cd33-d6a0b809ac32,train
151e07ee-52db-f57b-7425-33dc53fee879,train
6b76e547-e7ae-9745-6fba-8d4c38a1461f,train
fa6611fc-9ab6-d9a5-c989-ef5410e42f53,train
d093f6b8-6c57-ef1e-89ce-8478c435d982,train
4409e4f8-b669-0b05-123a-ff8cecfcf97b,test
a7bab4db-dff3-2818-9ce6-9bd96d43a8cd,calibration
7d62dd95-6df0-6182-15a0-66703f08f2c3,train
b143a9c7-ab5c-5cb9-49df-57c71c845bf9,train
e31aaa3d-9fcb-bed5-0baa-06dc4595eb24,train
f8f8c373-a0bd-705f-b205-3aaf0b002103,test
d3d36c09-5ba8-fbae-f054-c80a9f404faa,tune
0c642133-5082-6915-c95b-b1dd5149403d,tune
804067c6-b5d7-6e0e-a3dd-97e2085c387d,calibration
4bb0fe40-b829-db27-c6b7-3f7ab6e803d7,calibration
1f755050-d099-2337-1c26-9a76637789af,train
1304a00f-1efd-b5ac-7cfb-7c86e572b2a2,train
6ed80867-c089-0863-0a44-75618fdea5ee,train
d7f3e5db-924e-dd70-d420-466664c58497,tune
d7744bf1-c878-116a-f039-5146fb85e5f8,train
715025a2-7d75-213c-9cdc-9012e1d3b912,train
914cc501-3792-3e57-4ba3-8f6ddf742b5a,train
0b650189-a343-316f-4cb6-c1c2bdd1b24f,train
fb9a637d-afef-4e9d-5196-6429d3f0db55,train
6a8b7ee2-667b-036e-0d0f-d056c51c28b1,train
aee05c1f-f554-5c0a-1c1c-32fc77e6d216,train
bd477b12-af51-18b6-9581-3244b5a960ef,train
0d9bc8e5-4f4b-aacb-0eb8-77725c722f05,train
07b96f46-9c34-2e3a-8b26-53e9cc768a70,train
8f362e88-fe3c-855b-1df4-cbc24891c397,train
7d80c447-c984-da46-9389-f360f9a751c0,calibration
c93f4b7e-8540-fc8b-0673-a1ede1244847,test
c8e93929-4787-c5bc-e01d-610b53e6eda9,calibration
ad06009c-58eb-1951-cbf2-3cb01b3df4ac,test
d2426d2c-a51e-a686-e402-f480830f9ab6,train
b4833c94-af33-6439-f483-377bb50ce735,train
18950063-3426-560c-cd2d-144230866ae2,test
f23b4f4a-c8c3-167b-594f-91474e368a9a,train
9764fdd0-2efb-ddd8-a6be-79d12b7088d1,test
0e6d8aca-2bde-895d-1652-e278f269648c,train
d0d41251-ee38-2c0f-fc7a-c91854b9ef6a,calibration
ccf9e99b-ba26-21b0-7898-18c0783c0890,train
5e5da473-6684-18cc-6f67-47e835385922,train
69667100-b095-41b3-8e10-b67e691c7032,train
ab780491-4d81-5e70-2916-fa716d2c6b84,test
bacc5659-f938-b24a-cfe5-29b3964eeeb9,train
8b654c65-5b46-32e9-bcfe-7f6237720c7d,train
934e1490-bc6e-2d57-beb4-879038e8c7ff,train
d5e35917-b0ee-fe10-e020-fc7aed645755,train
c7f1b436-88a1-12fe-84de-261d7306a645,tune
d24c5264-01dc-80fa-4cc0-23451db8fd34,train
a261ab84-45f2-d54c-5030-9234fb472e54,train
3a4fec3f-558f-7296-f061-19d2db1fb324,tune
e7ed70c4-3bf6-7458-efbd-443253cbb1f7,calibration
90de7e47-8349-1fca-66df-5b4b5f250ead,train
921c327e-2146-26cf-b4e3-51bb2ab8f576,train
e1c4ffed-1e6d-aaa1-0a99-757d2c5807bb,train
f9d52fee-eb03-28cb-9ec5-2f88834a0293,test
39ca5a63-68c9-78d1-1c7c-203b334c11ae,train
628a1105-e977-8ee3-22c1-9a34ae0649aa,train
f3b10624-7e15-69e4-e7fc-467fa6958c4a,test
38ffc157-6075-2868-a31e-f1bef73d1d82,train
37d02799-1091-3af6-e224-cb64544edb72,train
56af05d7-97ec-7e28-e242-52d4d2c96033,tune
dd7de26a-213c-812b-fd20-7fa1ca920617,tune
65ce6877-59f1-2b30-b467-aea5e5a2c759,test
f77858f3-2f31-1547-71d3-d1ad686c789b,train
ad007543-2c16-e21a-fb12-0f7fd4518efe,train
140b70ec-4ae7-1c37-4678-f8c5fdf7d246,tune
39680326-b881-84dc-6514-84afab0dca45,train
00a90028-dae6-07b1-1cdb-47d328ec50d0,train
e092ac2c-f6cc-cb95-fd82-31c776b23ce4,train
ab76cab6-5edb-5fb1-25a5-c19875d30d9c,train
7b8430f5-094d-57ae-1c4d-5e4f183a0b98,train
87b33a98-63dc-f2d1-87f7-5ff59b0b6797,train
232b8c81-0e62-9023-fbe8-4c60ebc26b86,tune
f202d395-d7b6-0d90-3c2d-c42142b055d8,tune
b24c6250-253c-7c5d-a657-d28447a3503b,tune
ff584930-3c3f-545c-a7b3-9f50c9b32d57,test
683e4b8b-15ae-159e-dd1d-ae610636ee2c,train
49ed1192-4976-b909-71df-71a0ad9d940c,train
7943e5c7-93e4-d546-6b43-2ef4ff468ced,train
f965b979-9b5d-89bb-40c7-27c21cf5ec25,train
73c99b34-74db-7efd-2a5a-a13eb83d4272,train
ce2eaf2c-452c-402b-51a5-d89c97c2bcdf,train
a715c50f-e4b8-4419-6c8d-c8023f0a7232,train
dcfe53a0-5603-1ecc-e7b1-19b630b71596,train
03624ac4-0344-22e7-5425-e12efb2ba2d8,train
ded1ff8d-6cb6-89e0-00f9-902acf5794e7,train
5a34998e-f2aa-0249-3aa1-f29436f70101,test
c810612a-ef3b-1a8a-35bf-03319a1550fd,test
dbbe026f-7880-6349-1d89-8e1c46233616,tune
de67915c-213f-04ef-f1f5-6630717c76e6,train
cc020390-4aba-2c81-09dc-4fccb060eac3,train
22d5ba6e-f9d7-3a95-18f4-17c244812d29,train
27a71def-4c22-1f5c-c944-4318c6e080d0,tune
e7c3a475-1d37-bf8b-bb11-a53abf2bbd53,train
e18219d3-e1f5-a78a-ec77-4e29d717966c,test
5737c17b-c373-357d-a5ff-b21164085130,tune
fadb7887-9bd2-f80d-f1b7-347133925c4d,train
37d84803-efcc-3b86-145f-35a290a45c41,train
834f0f9f-29d8-e327-f7c0-49a4cfcc36f4,train
5b296d19-7431-54d8-fc51-16442a809c16,calibration
84545031-baf8-3ab3-f60d-36abdc5a4e63,train
afeff54a-6453-4d76-566e-6da886c98f46,tune
f8f79d26-bdc7-1c69-c0b7-655427008c8d,tune
af6c47b2-8721-4d17-48a9-b6dde397ebb9,train
c9448b19-2897-ec07-48d2-933cccf670d7,test
6e4b0e4a-40e4-d3fd-b074-7225eb84c9de,tune
248df83a-2c70-0479-82c9-a5bd76709de9,tune
07d1a390-9b10-71b6-4942-db34cbfc096f,train
f45fbbac-7269-70f1-2c51-dd9318321e86,train
670cfe15-c63d-7530-0e25-bb5d39fe04cc,train
35f0ebde-0960-88d6-797e-a72639362c70,train
9b7cf887-b2a2-8392-9514-ecafb0c893e0,test
c14d8b44-cb5b-82e7-2cb5-89ccd982f6b8,train
d6eaa7f1-a3ef-1bf1-8f5e-92422b47f4b0,train
b3e72fb1-0149-d151-970f-e38bb5500b35,train
7093e629-21bb-9e5e-88c1-4834d5fb5add,test
3baf0d80-7151-8b37-fd00-f582f9e693ee,calibration
3d615b13-3c73-af15-1039-f72556b2ffa3,train
34a3c3a8-8ab8-7583-0696-49c0667111fd,train
20b674f3-e344-9f4d-ec3b-3c0e71546d8d,train
0d4e9dbf-61ae-c6d1-2192-afadf131984a,train
44cab8b7-643b-d2a4-33eb-b01dfe837f64,train
6ae6bb84-ecc6-4739-849e-b6d2c868ace4,train
456d55bb-bc75-712c-cdcb-1d41e17cbcf6,train
57af0bfe-f415-d9db-f5aa-5126705b80d2,tune
f04cb383-22c6-54b2-c048-8f2af6d91cb5,train
8eab23cc-aae5-6be0-3d31-7b18fcfb63b1,train
b30a2fd5-c21a-a8b6-f198-c9e3ff2e1e56,test
46da8c37-5985-314c-07e3-3197c3bc4a87,train
edb58292-745b-100b-c4f4-df1a7a97a31b,train
11be1188-508d-bae0-2333-6480f688dc91,train
1e56cb88-59ec-b754-3e2d-314aa139514e,train
4a603cf0-7faa-3aca-6288-9325a839456a,test
07917fdd-1ce9-5cb6-9ecc-3894459228ba,train
e10e5c2c-83ff-a271-cadd-7d58705b957f,train
15358d30-ac77-f3cf-9529-c5556f727a8b,tune
19813510-4c35-8fc0-995c-33c61dc16175,calibration
1d6e9fcd-253b-0bfd-dfac-2559278e7c53,train
2fdd5365-3ec2-235d-5cf8-a0c81df32ef0,test
af7c550d-9c83-bfca-84d4-34b7ac8875f7,train
b5771629-b284-a754-c7ca-80d61d30aa47,train
658734d9-c05f-08dd-46ee-bea8af66eaf1,tune
98f4c727-d0b6-ff26-8380-96da05b1d5db,calibration
217dcba1-7dc0-5728-608a-2f10ec6cd40d,train
d62b7e6a-8f77-e713-70f8-a835af43a6de,train
6aa68f67-974d-9eb8-4287-8dc0798ad12d,train
9775c172-a64d-dadb-ca9e-927c93a83376,calibration
623816f9-b2f5-d21c-01a3-38ceb933d124,train
4fcc403a-2f58-cb68-b808-737f02a9c69d,train
e3c5aab2-744c-50c6-1b09-bb9032a4384c,train
c6cffb8e-6043-2daf-938e-39d47dc7c70c,tune
eab6264e-0e15-1eda-0906-40afba806cf4,train
c5923e19-fba7-a019-a55a-e8c29aab9a1e,tune
da4261d7-fa23-9891-404c-c7934088f07c,tune
79ffafbf-b185-4c75-5204-fc18972dbc96,train
9a71ed10-ee59-05b1-dca5-6934641bd825,tune
abd0bfaa-46f3-21e8-a415-860de8bb11b0,tune
e0126496-631a-223b-0958-bd02501f9d95,train
f8ec43b6-f920-d71f-61df-3716e6e8f239,train
4fd8c56a-c387-b95b-4388-42f628ff3d96,train
4e3fba01-c88e-9dc2-ef28-99e3cf4a2c8d,train
2cc1d10b-18b4-6d1a-fd60-1477da4c31f1,train
22df7bd9-c7d0-ea23-29e0-a819eb4a2f49,calibration
e2a1bd70-ee45-c5cd-b9d1-bbc290f2a398,train
9ed155c6-2385-b55f-2a71-79d6e06440cb,train
d4c8aad7-2076-f2ed-4291-2cb0621eb77d,tune
9083d978-508a-3f5c-ebb6-8cd65906878d,train
5169adca-e3ff-d4dc-6065-27476fe5d594,train
19a2819f-f634-5cc9-5339-469727211765,train
7face738-9ac0-f7f1-f77d-878501bd992d,train
0c1bc41f-0833-7258-4c8e-6dbcf6adfb98,train
f8b851d0-b46c-0215-ba8a-a4bab631a402,train
95548d77-a572-cce5-5e12-9240b3a89ac9,train
908305e5-af8c-05e1-8cf4-6efa67a56da5,train
6c1609ed-3a81-e322-5ab2-e9fe60a86082,train
e136ca1d-c976-0db8-d509-e741d8b7ea40,calibration
ea13ae61-37d6-2719-4f78-a754a724f96a,train
766ec688-859a-d02b-7b2a-82897d2dc632,tune
ece6fb22-0d90-81b2-cb16-4bf1402fdd77,train
818b54a0-7a73-e935-43fc-6910f6125b67,calibration
d99cae02-473c-96ee-b19d-28d4760c1d74,train
fb0d36ca-3b70-ca06-c3c0-57d4ddabc21c,train
a609117d-0359-35f1-5db0-3c2d958279e4,test
16efec62-8a1e-3076-82b0-d63b675aebfd,train
7bf21f58-1dff-0e35-d96b-d7438c3fa983,test
39a66464-3167-c94d-889e-aa82111e2420,train
ca01b95b-351f-095e-e827-f6b62ed5a364,calibration
3391e44c-f6f5-270b-d120-06303616c0a6,train
d3beef37-0027-931e-a9d0-715694b668db,calibration
75178ac9-9c29-6fea-6c23-235f3e586754,calibration
3a5c9266-0069-d0db-2b40-8f6980260994,train
db5ae059-d63e-f27b-173f-f1f4f8034721,calibration
6f2e5b87-3a1d-99ea-6309-0c867a8c8697,tune
38e4afd2-cae1-7c91-e1e5-11a506da3170,tune
0bfe2660-6c82-750b-9c63-3ec46a098e66,train
c779f067-280c-f28b-faec-8be32a5442f1,train
7fe9aeb7-d6d3-1408-b11a-05939e458a7e,train
31d4b540-e3ea-36ec-ae87-d4265521e3cf,tune
ab676363-5ddb-c03f-26ad-38adbd8bf643,train
f7ea2a6d-47b8-d686-c609-482eaef16f3f,train
1d59dbb6-71f6-1208-eef1-a191c0121efc,test
d9b420e1-2bb4-baec-0f20-88b0dcc080f1,train
58be6b13-83cc-4a44-29e5-8ca6f4aecfc4,test
8a40ee13-71da-ef85-7cd9-d5056f2248a1,tune
8cb6d9fd-d04f-01f0-97ba-1dabed05ada0,train
4f9a1022-acdb-b330-f4e8-43badf136d8b,tune
d74c6bfa-b8ac-e9e5-b47a-1e08719613cc,test
7d1e442d-8518-d971-6f1f-cbad93b98790,tune
e81de1ff-f3fb-9979-2eb0-fda33eacf311,tune
8927c69c-20c4-2a5b-14b3-cb299f2d93ee,train
4cd09d52-4a3e-6e7e-f235-7dc8a53b33f9,calibration
d4672348-0b77-ccf0-864e-8a99d436aba4,train
40bfc95e-5564-3eea-ff6a-5b60cdcc8bde,train
cc62c42f-2f46-ae01-02bf-af8a2bf40445,tune
1f4c7ac2-eb36-1aef-081f-56630b43e94c,train
1b2484fc-5ca9-d6e6-5709-473f48003c12,tune
c74afa95-5a9e-b8b3-8933-b77ed5e2674d,train
23b3f5c6-6701-4335-08f4-e6d8ab7b3f7f,tune
34f91140-4ea7-c78a-7899-face29cbe2ac,train
95ad4085-db0a-7877-40a9-9d21c64b78f8,train
e2dc55b7-d989-d6c3-1b14-13313a08859b,test
3d3ad509-5df3-da51-8338-f8b90491de1c,train
e9ce1f9a-3b0f-b49d-55ba-7a266ef624cd,calibration
95c83a46-27f9-9c07-6fa7-ed0bebd2d9da,train
6650ef56-2912-b9b9-6cb9-7a822748c494,train
9d6ff96d-ed62-72ab-2a42-617707a1732e,train
5f4fa79e-3ca6-9718-4002-25d3d9ebf618,train
4ed8807d-5f7c-e31f-5f23-38f91fc8a9d9,train
5a4d5a72-396a-d31d-c84d-f1044db752d2,train
cb0fe446-174f-fc86-6f57-b95790e093fc,train
f8e5995c-d87f-f3ca-d28c-cc93ff3d2723,tune
eaa8196a-b059-fc78-b3ed-37156bd4a782,train
a55102ca-9c67-cb53-fe9e-bcdd9173cdd6,test
177ba198-5552-7142-abe2-7b3aafda9375,train
3504717b-e464-b38b-59e8-c5c727675e2f,train
1464e514-a8bd-804b-0467-3e353d7fbb29,tune
76c891f6-cbb2-040a-b4ec-866446336d37,train
47a6e558-80f6-8fbd-a9f2-f57ac2ce077f,train
c571409c-3501-1ca5-5b9c-65cbeeedac41,calibration
bbc021db-f762-5d81-aa5d-3d6e5fefa9f9,train
8eda95e3-d89b-0d90-2867-5892ecbf8e53,calibration
f05b464e-b92b-2b58-3d22-d3197a876197,train
4a628380-a16c-af3b-e414-bc7dc2a572fd,tune
2b758a3e-a6a0-ddc7-2320-4c4cd8e84998,train
61f3b227-fd06-6792-0ae8-6adb494301ce,train
d90ee503-4062-5e9a-5bca-01f789d7bb90,calibration
f6970727-73c9-650e-6a04-86ef64a2a120,calibration
cdfa5897-a0a6-b00a-6560-9554ea586cd6,train
ea18c1f0-c0bc-cbc4-02c6-219c7b81ee29,test
4a4ad7c0-5ce3-0544-af1a-49a24d41eafc,train
7a3a6af5-e967-3a15-c8fc-c7c18066f6b9,train
4b048da3-98e0-f479-2e6b-1d496ab010de,train
4ecf5246-145c-b99d-0163-936b17212738,test
1e9b8bb9-57ae-70db-ecf9-677026038351,calibration
8cc96b9e-fb0a-fcf4-1c31-b783de192cfa,test
2012a04f-1ffb-0d06-d16a-d9de20bb914a,train
5309c105-d985-200e-664e-20cbed5b55ee,train
aebf2187-5977-be98-c5fa-5d7fc9be2720,test
826f7bba-29ea-c3e6-9b29-8b4a59685a01,train
a79d7899-a7e9-b4ff-8a01-89e47a12a7f0,train
c8149714-36ad-dd5b-f015-0fbd40d2d731,train
eee300d2-64ee-5448-26db-8a372a5b2190,test
781cceb8-4a3c-49f5-4ca2-fa1a02848e9e,tune
44e9d6d0-6670-0523-8b6b-4e029aa897c5,test
7c14a394-87dc-592a-03bc-4078c9b0769f,calibration
6e4e3790-df2c-2b94-7a80-974acf2758db,train
7906b77f-e5c5-2207-47df-2a643dd2b8c3,test
0f26120a-fafb-73e5-b509-9cda1a1a9731,tune
32e648bb-8b61-7948-eaa5-ccf77f1eca25,train
e18b88c5-95d6-9aa3-7948-614d5cfc0f79,test
b1f70a89-6944-7101-f895-3032bc18a8c6,train
c477cfc5-8990-5fc9-e764-c6ea4a7da3a0,test
9dc60a71-3d78-3b72-e805-f8264e905083,tune
1cfa3638-365e-003a-4f7e-7d5c658e408a,train
9466e307-e508-4f5e-5f3f-49091f6c385b,train
c021a98a-c4f3-3610-9c57-a1de37869784,tune
08ca8e5e-0e1e-b403-e612-ee745f5098f8,tune
5d361f56-cc28-d34d-8778-b6ee90943ae8,train
cd096b24-2e8d-c63b-2af2-1a28fba17158,tune
95241197-6832-92d0-255d-bd0958798213,train
efccca96-0f66-0a57-445c-099ac99a6c4c,train
9ec00f27-e612-045f-5be3-c93a3ca0739d,test
bf03d2cf-16e0-32d2-038e-4da3ad76d823,train
e291a46d-3d61-6178-2ad8-598113e2be81,tune
f73199b8-c1c1-fad4-43f1-d7b61f8e5352,train
03bd3c48-498f-ac12-0e87-a293f6a8ea0d,train
93f539ae-afbf-3442-f1c4-95678a210127,train
815374be-a64a-6cfd-6623-2fc08cb8dbbc,calibration
b61db201-92f4-c044-2edc-00c5a12b2fe1,train
e91393d0-cbfe-0873-28e4-b24951d0d5c5,train
bb61211a-2e00-9ecf-5301-cd6b42743a6e,train
96829401-e7c3-03e4-cda1-0b93ac9ea52d,train
d3151767-1b75-01a5-dbed-cd58d7c7d5e5,train
6a0b095b-0de6-2481-ca59-df4e049b2e56,train
985f0881-9d6d-bbdc-f441-b2c2061e5b42,calibration
4659cc32-0a66-3c27-19bb-f64378cef4e0,train
fe4ff96f-4e94-d334-ef05-188703b9b3c4,test
fe4e86fc-5d3f-68c0-a65f-756b0146a05e,train
95a9166f-ff6d-e6a7-cc7c-6c0e155614fb,train
f85ab7a4-90c0-5bbb-fb63-e00c71498e2b,train
b208e753-dc68-b4de-2371-93d76e988f42,tune
3aa7a69e-e702-1187-0668-94de86b9fc64,tune
82bcbc04-23ae-3ea1-2251-ad7aa6c30ab0,train
eff76f5f-20ea-0bd8-e192-a3bc0365fdd0,test
d6b8e0e5-c694-f2c2-dd36-1507a922170d,train
8c3317f8-06cf-efbe-14dc-3e1acc7ba31a,train
d5f39b3e-2709-3326-ed96-7f49df4365fb,test
cb9dad79-c1b3-5222-b6f6-42df104fc153,test
fb7ebe3b-080b-bce4-c8e0-e8cd5b8636f9,train
331151ba-9b21-21ad-c4ee-a42515ca7581,tune
73cbaba7-5b8b-2840-e9d2-2ad9908368ef,train
4ce58ea5-16d3-3212-d92a-7c1e6b97b08e,tune
a5a3267e-c2fa-3859-59f7-948fbe9d9ddc,test
2d9462a0-a77e-ef89-590f-b8f0dafc5503,test
5cefd3f7-a567-8f5b-a9fe-49b6cc0023e1,train
4e1ed375-dd2b-042b-1b15-935565f3ae7a,train
a0ce235c-f443-f2aa-25f6-d826c5ce10ab,train
66320bdf-3cc0-b94d-2eb5-91f8af47dbb3,train
fe37bc60-20a8-3b85-4542-307f57965e75,tune
9edbaee0-17ca-4113-a174-08408f3d9f34,tune
854b67e9-fb0e-0398-8e2a-527d329e9f02,train
7318a58a-e241-1c36-4152-526de3f4fe07,train
4fea54e4-8c76-328d-0fbf-322be2041095,train
d337060c-afb9-abc4-d846-f14724555e66,test
592741fc-a76e-489d-8597-de1160bec37a,test
133ddf6a-e6ac-2421-ccf6-4338e9d62724,test
7172e182-e3bc-49ec-0452-3207c6c55a5a,test
3bf895b0-688b-683b-ca5b-5455c8c573e2,train
dd82fabd-9a07-3c54-af14-b72aa5d0024a,train
e248e301-e97f-cbe1-2604-3357b574945d,train
5d7909e8-72a3-ec11-1795-fc79992f5889,train
61261a66-dd57-bcd8-6367-d8158eb095ab,tune
ce859d3c-bc18-66e6-7ef4-71ad47334e55,train
7a947e54-bdf6-92a9-5a96-60cf86ea7313,train
ac4ace89-448e-3cba-0d6c-7e8cdaea7dee,test
ca496dff-1fec-5c65-ca92-ff02f4ae8ab0,train
87101c8c-5d31-1d3a-77fb-1d0f82a63803,tune
0bb5e058-5e8d-6eba-cfad-3c86127ce5ec,calibration
0dc1b466-adba-757c-d48e-294b5843e0a1,train
59f6e958-1e03-128c-161a-4af2955824e8,tune
237a0fae-8cba-2e69-222a-e584b8e1e94e,test
483004ee-1361-838b-ec5f-034ecb4d079f,tune
61769c3c-d7f6-fbdf-0fe0-1efd8203ec89,test
4fd7f971-aef5-9f7c-7132-47887ef83120,train
9a50d539-f128-cecb-1b3e-9fd046e7b8e1,train
fa9c320a-4f5e-0f95-2c09-c3aed294acc5,test
9136c69c-509a-a170-85fe-4e812301e760,train
00e64796-e66f-02c6-4aed-ff0e27560727,tune
c9f81b4a-0007-81c1-5003-a4e9e3213f33,train
e8696cd4-d9b0-7135-7730-b070a6047538,train
002c352f-6ad3-f877-e06b-72246450b965,test
e8829ee8-38a4-0aa8-b11e-c7f7f53bdd17,train
37f51e38-5d92-d93a-9ff7-37fac67041c6,train
d94c52ac-2485-7ef8-a444-0919d7879f66,train
bcf63ec7-60fa-eff2-8388-6b433301c9ba,train
620d245d-3b00-3979-488d-93583c0f0cd4,train
b5e27041-eb6d-6d88-785a-70c1033e5623,test
aed2a68f-020a-2c90-7333-0eded4006d8a,tune
a4769477-815b-c80d-c030-26528f11ac1c,test
d56e7fa2-506f-ddc9-dec9-b41ab933af53,tune
d08faa04-4053-ca16-4fa7-53da2b2f087f,train
0d0e0765-5c59-c15d-99d7-34e1efdd3fe6,calibration
b5beb548-3555-a8cd-cbf1-477fa9e10184,train
11d01808-013d-c64d-abf0-9eed939c1b58,train
a46a7fca-722e-e5c0-2408-65b845d628da,train
85015d6b-2fe6-c838-5d80-027b19f51d0d,test
895c2dc3-16a3-ae66-9105-3e92b28916fa,test
6514af9d-80b1-4bcb-ae8a-3e50b3e35faa,train
c75daa19-ef4d-07ef-85fa-ec37453a2fa4,train
f78107f2-fb73-fe51-0241-34e73121660e,train
604063ff-c5c2-c2eb-27f3-a8bd94858f7c,calibration
771b018e-3b52-55f0-c6dc-7bc15e229fb7,train
01ea20eb-e615-502f-4f70-0869ca81523a,train
08f25f84-267c-1981-2979-6ce0c29be4ce,calibration
2ed2bbf5-aba7-242c-8d3f-209e8b8b96d0,train
815133e2-4c98-c050-3a53-400fd8b1437b,train
01ad48eb-b49a-95d5-9d69-a8a928899a30,train
d08cb049-47f6-fffc-1907-c3ae1b69a1cd,test
e2ebeee4-fd37-abb7-24fa-b7e186210d89,calibration
69f01ac4-2d2e-1482-1393-91708f8c29f4,train
407c5f26-32fc-179c-10e8-3bb3114efd2d,calibration
b2ba87b8-da8c-d416-a5eb-0db697d32e3c,train
35838724-618a-6e8b-93a9-8f083eef1a26,train
e011074c-42a3-1191-d32a-cce7717cb329,tune
cae616da-3053-4db5-18c6-a0568c55e523,tune
02c88dcc-66d0-f8a7-4f70-a6e27870a8b3,train
5b4e5be7-4887-711a-0a17-1b76ba38d8f4,test
25911fbe-fdd0-ad44-2899-b4ed48798228,train
9c63c5e8-0dd4-c7c9-7706-858728acdcfb,test
441bc038-7df3-19e3-df4a-ef23516713e3,tune
6424f061-bc1b-dff2-94d4-ed1c5caa9475,train
903f059c-c215-688e-e1d2-6092b884408e,train
deefde10-71a5-b5d0-b5ee-8dfb0b66e759,train
c2158d67-4230-e3f5-b0be-90817e61c58d,train
495f3f1a-ed45-aefc-20d4-d3c1cba64078,train
44250ee9-5532-8ca4-58ef-0213b6d0169d,tune
acd43749-c63c-56d1-1144-57d861e00355,test
021614a4-9614-336e-b43a-a056d4167ef2,train
4bf5a6e2-f2b9-8d11-2944-fcc0987c6a82,test
9f5b3ef1-f07c-1ef0-90a4-af16982cd69f,calibration
c54090bc-c382-30b4-8109-3083c2d53486,train
6018fa3d-9ec3-0191-6cc8-48bb40cc0e67,tune
06ba0d41-ade6-bfa4-0418-254190f3434f,train
9ac9cb19-e1b0-0fe9-d970-3e357d6dfef3,tune
66378e9b-189a-5731-731d-591a0ed596f0,train
3741010b-847a-d37c-d066-895725cf7eb3,tune
fc7f0846-9d37-744a-e102-b1041e2d531f,train
68f78a8d-0347-5a0a-4e95-f9d040aa561a,train
f93a9197-514e-ffa4-9c77-e86c77fbd620,train
efbf38cd-4cf1-93b5-9f48-0ae3903de38d,train
abbbb2a2-9ea9-7a99-c9d5-53061c177ccc,train
dc60a025-74c2-3070-af5a-a40f6a151130,train
01d3d861-4ef4-6872-5214-6ab099df924d,train
35e8d77b-3140-72f9-4cc7-c2a8206d5f13,train
fc0afb19-9f49-c926-72be-8389aa53add9,train
36909308-e292-1dac-76f1-1e33b4b73022,calibration
4a0d3146-14f2-2024-fa87-82bbb626dc3d,tune
e2f32a1f-3270-1d28-d0af-513f5ad7ab5a,train
3e9ef78a-8f39-db33-3a98-f3cf87228ea6,train
ef7cd2f5-f667-fd92-efe8-afa57805739d,train
b96027ed-3c84-be30-7e02-16aad7cacfde,train
450d34c7-6d07-4079-83fd-4c78e379326b,test
e99f6f2b-d23a-61d3-86e4-b100f8aa075b,train
1daf6970-4556-f906-71b4-5f10bef1a7a1,train
5e81be06-ce80-e7f6-742f-6b526be2961b,tune
befff666-c265-75ab-aac4-c2375d44076d,train
43420bba-b32c-474b-09a3-6552361a92fa,train
c8f0746e-c44a-c9d6-13e6-2c4edfd9b8a2,calibration
2eb5f3dc-6c02-d7f9-ecd6-75fd38eec9e3,train
5a0ec1f4-56b1-7b36-53af-676f39af89a9,train
aea019aa-571d-ad86-652b-b8c44dac360f,train
ca246238-593a-592d-7455-121daeec8d7c,train
753bbe09-c571-245c-d1f2-d97c47279cb3,train
4bfe77ce-fd1e-9ab3-9199-a5b48a9fa35e,train
bd97c0a6-c19a-cc51-6531-2fae92da1756,calibration
2af85daa-76e1-f30e-1a18-3dc5995478f3,train
957aec2c-4671-ccf6-2d4c-ea3c2739194e,calibration
d1f6a31f-ce36-0a90-9db8-d3bf523ffa52,train
d3334143-0d0d-5fe9-b4f7-85b7db44872f,train
c6cedf3f-d6a1-1537-fa08-30e6abc28b13,test
2100ff38-69b7-1a91-4469-7a554af32009,tune
64107a02-e418-3152-7b2a-ea9b160ff01f,tune
38fc0629-73df-17b2-9b00-22f4b9ff960b,train
445deb3b-c166-2854-8c3e-d7577332e8c2,train
4e212c49-b380-8f5e-7e57-63c427170f98,tune
98989935-c5a6-79ce-e01e-7fc1dcf1a72b,test
e2d777d3-894e-566a-e360-963223ea15e1,calibration
ff04ef19-5dd2-9444-d3a1-de9af83f9c47,train
467957e2-eaf0-eb15-9ac1-c3c0bc38af70,calibration
9ef29c0e-31e2-42ee-b961-6a1b036f0947,train
37ccabba-1dbc-2b2a-5bab-ed4309f87793,train
b1e89a20-0100-a9eb-e11f-32842f02f5fa,calibration
3baf438b-3349-4dfa-7795-5eddb2ca6ea2,train
84e91d59-734a-5a71-eec8-503e860fcc51,test
198aa5b2-10d6-da8b-3bb0-31b6e8bb1393,train
60d8b48d-2446-ead7-8b0a-a6c1df0c219e,calibration
d886504e-0506-26d3-250c-15b26b83d38b,test
9995d186-eb84-059c-0168-d1b6cf154bb6,train
1ba2f83e-8f38-e2f4-3822-f5c4af1682d9,train
09dc4768-a12c-7e05-9abd-aeda033435cd,train
7c1c5d4d-a323-9b7e-a9ed-eec342d7757b,test
5d486bff-6c38-372e-ec33-0b2791855db7,tune
edf5b342-bb09-4013-7100-bf662fd15f06,train
e6287d4f-2b11-73fe-6091-ca1c989645b0,train
393f66e7-2786-ec2a-02dc-d2af0fbe6de9,train
c7cfd4b5-a9c1-1e4a-27f7-cba1604219b0,train
368f948e-4c4e-fd47-8baa-852b6ba53f87,train
76dfc655-1ffb-1ef6-d312-47c5c309bb42,train
b3425116-cd46-8cdb-4acd-3ba677cff2af,test
27a8bac3-131f-b46c-4795-1fcb65386f8f,train
5a865f83-96d1-39dc-b123-93215991e2ca,train
ce872a2e-28be-6ebe-7a43-4a2aaee3abac,calibration
14900199-400b-f286-ea0d-75651a9e06c7,train
7dfd59c5-b457-a77b-0500-49b413f92b69,calibration
2fc6bb45-22a4-465c-46e3-c0961412ddba,train
4349fb12-6896-e3c8-1fa7-f5464613ae74,test
148c6459-2d26-235c-0241-91c644ef3cc7,test
9ef6a07c-4cae-0921-d1dc-25124b6f1c6c,test
706781ab-04d0-b705-8275-d2714337f2b4,test
19b1cb66-f478-8568-9d31-130eeee5dacd,train
c9ae01e9-633f-9570-1b91-0bb5ef2eb003,train
bfb1962b-1669-e9e9-3def-b395f03d08ef,test
a9f0be3c-2748-725b-35b3-e27cc1860cde,calibration
b2c43f0c-6bb0-1a84-5959-a6e3c553d94a,train
c266f74a-3d92-7b07-5a7c-862299f6844e,train
d3a45cee-197a-477f-d2d4-330a3b76230d,calibration
c1d5fd09-5708-de55-e438-67cf2300d0cc,train
23949ab0-c2eb-06d2-1f2e-7bfe07d269bb,tune
09c00b92-4538-a30e-4265-289b9f930c41,train
ead885b6-f6e4-b08e-ce53-2d6d13f56db9,train
9b1db8b0-8cbb-03c8-906b-65fd3fdb0525,train
ebebc33e-1496-e097-49a9-2484d8785a12,test
1a979bad-8425-c65d-8476-b77604be6ebb,test
88459c6b-0e10-0f2d-2088-bfa8b7cb8381,test
2dce88cd-f8c7-6854-85b2-b8ac4c855251,train
75caf752-5392-98cb-26ed-0b30a20d6972,test
2ec4b364-68cb-4223-049f-ded5d7f578c8,train
2c139129-4c97-28e5-cef0-939b5297861e,train
a028b075-2da2-6576-7252-6236b1f3947a,calibration
2658a63b-9d9a-c09b-0eb6-0554b00dec38,train
946f8266-d1f7-aa11-2e45-e3b2174814bf,test
350558c6-addb-2015-0c39-ac975cef963d,train
a85d7741-c9b4-eb5c-0203-c497d1dae6e4,tune
c06f9e67-1e99-0c73-34a5-f069c0623e72,train
bc46c29d-661c-e684-1242-7f8112ee0bfe,train
1a11b20e-5344-ab04-c358-4402c9d929be,train
431161a2-cf06-10ee-579b-72e29f2a5aa9,train
ad9c5b53-82e7-10c7-b2f3-67cb6c4a00c8,train
fdeeea05-06e0-7249-81da-f84e9ceee52e,train
345c1986-2682-db9d-786b-37b549899ea7,train
81062400-9218-228e-ebc7-86f8d528e27c,test
8fd49329-6f80-db48-a607-68aaa2748c89,calibration
0f82f53d-f0af-f708-35a8-15d68b2044e9,train
ffc72963-2c70-e136-fd27-c3d68d83fe60,tune
bd544302-716f-2f93-332c-2b890fbaab2e,train
9a995ff3-4a3a-7ccb-abe1-2366bb673d6b,train
219bb13a-db72-a53a-204b-770927b0a13d,train
be14c5b3-a806-84a9-cea3-095663723b91,tune
d0dad106-96a7-b83f-2021-4fd712b15d8d,test
5ecd9277-3dd7-4209-e2ad-f5c39c6a2fba,train
1e0bb467-4e0c-c37b-c70e-786d21c53d40,train
9e0de033-254f-5cfd-47e6-14e34f5975f9,train
b7354da8-a543-98f0-8da4-ea4b277c7b40,train
42faff2c-f8a7-b737-6978-04360e6b4b07,train
babae41e-c7d6-8b25-e01c-014274b25692,train
23b29b5e-7d1a-3cd5-398c-334cdf3fd3f7,test
6dde4885-8553-d617-663b-f5fbcca16bf5,test
eaf7c2c3-948a-d34a-1b20-135ff8dbde3a,train
f76b64aa-b7ea-86be-c2ea-db2978b28648,train
48b11b1c-f7dc-010b-728c-624c9cd906d6,calibration
4c615f9b-d39c-032b-cdf7-2118db55a395,tune
41223e7d-638c-00e9-f2f2-ad2f17319d89,train
535a22a2-cbd0-8389-30aa-9d082ead949f,test
ffbe1ed4-094d-f1f7-99d3-597ba2906ac8,train
28c8d4e0-3fcf-7ef9-2346-ede7e4bc8bcd,tune
6d7fa608-5388-bfbe-8ae6-7f2c42c116ea,train
016c5fa8-8ac0-1816-4944-932c0b6de842,test
c8912733-9a00-a04c-2490-3b010a723514,tune
7b57dfa4-185e-ed01-d4ce-79df189f8fa2,train
16e8509d-9c69-1bb6-f937-d3988eb8ba19,test
268e1885-0903-862c-1507-334ed72ea019,train
cc393b72-9047-cd58-34aa-0711749f71bd,train
8dbffb41-dfab-9255-9586-c8a139153743,train
18f5ae9f-3614-890a-e606-56f6b1028cfc,train
0ff5b9d2-3742-1ddf-b524-85486e392825,train
28c15295-6fbc-0b59-1a74-cd060fab468f,train
abc6f1dc-4f6d-f8fe-266c-b722af025ae0,test
ecdae2b4-d90f-71f2-86a4-df8393c414e0,calibration
fb9e27b7-0967-bb43-5029-86c87623a8cb,tune
8863a7be-56d3-7e3c-ca96-43172315cf64,train
518cebab-be0f-f07f-ddda-dc9f43d7c1e1,train
84768007-dd7c-de53-61d9-b8c76471f6b1,train
2d45b843-748b-cdfe-ac73-00f048d5ed00,test
7bd5d37f-809c-44f2-8d01-6c774f3102f8,train
10d62a97-a173-0ddc-e77b-e931b70f3723,test
cff4ee8a-48d8-ecf9-fde4-cb00fcfed043,train
8ba49b76-9009-d66f-01aa-723c4f3f3304,tune
6f5cea1f-4d2f-f847-b6f9-2e931ab644a5,test
45a5f1b4-845b-588a-3ec1-50e4f703edc4,train
f090dbb7-5444-1c6f-755e-75cc55e65f33,train
447f7716-966f-5c3b-f578-63bd47f3bd74,train
b9e1760b-4015-a478-406f-38bccf25ffad,tune
99361f31-4809-1ff9-e640-44eef65bb918,train
2f650942-3692-205d-5ff5-b6bb7990564b,train
259b2ad4-fc4d-8472-e45f-0e28ed68ce27,tune
cc567465-f12c-61a1-2c42-974cdeb86141,train
4ddbb44b-b6f0-b6f4-360f-f27b4e3b14ee,test
b8fd3f29-00c2-f9e1-3afd-ea89467865a1,train
0aa17a14-ef28-aca3-d44b-00f83371146f,train
47cc8d5a-600b-a4f1-8ae8-87f0ccbb214f,train
f6979e0a-a57c-9ef3-bf1c-5aee92a9a19d,tune
56a64219-a1c3-7122-6aee-4d3625c6fad7,test
23613d87-6842-807f-fd71-95edfa57fd57,test
de967955-4db5-92ce-3c01-76403d78abcc,calibration
4e3c72a6-0d9b-3a53-13a4-b1e080073614,train
69004ea7-35f0-d8b9-682c-a87ea6a828ae,train
fdd43f87-d8a3-90c5-f291-dd370a06e761,train
40a2e35c-0dab-946d-dd04-dbbefebe911f,test
a9665686-19e1-f7d4-055d-fdd19f9bcece,test
4d9911c6-44fc-e41d-3de8-f89977ee02b3,test
ea6feb44-693b-ae24-32ee-5f362bbe3142,calibration
8807da4b-cc7e-b801-bac4-381b242cb7bd,train
d08afadc-8b91-9faf-0ac8-f733d57f1d31,tune
d8ccf017-8839-1fc3-3823-072a5ca89067,train
b1d7cdc5-0a90-d984-fb38-8f1a663b0826,train
dc66e849-ac5d-e3c8-e6ac-1d9f352a824f,train
e4c3c2c1-afad-ad48-db33-60acbd49507a,train
2bd15acd-6a1a-311b-e0ba-92eca0332e8b,train
62a29ffa-5f8b-f798-e976-660eb1478b38,train
6531cb3a-52d2-5825-1299-4cb5ed305ef5,tune
9147683f-a669-25f8-dc94-e05195012c6b,tune
43b9f832-7b47-3cc8-b1df-861795967308,train
a901b2d6-7d8b-175a-082a-5eb036ba035a,train
4ec21ea1-1ac9-0f6a-2e06-ede66e457add,train
408d98ef-16db-3732-61cc-68ec201387ed,train
c11d3941-1c99-c15d-1063-f79766ef5ae9,train
af4b1808-ab0f-1f0f-d59c-d7f6fbacf769,train
f1af9399-59fd-a622-1d77-b85d8d1d650a,calibration
e6768cf5-f9ca-901b-ee53-1d04c90bbe3b,test
90d70088-7bce-b3d0-f1fd-5a5207cba0fc,calibration
5d74ed2f-82d2-a4df-0bf5-fc58aa027ab2,tune
5e7e0ce2-31ca-4117-4d85-cf650a2eef63,train
50098eb8-43a3-be81-b651-6e5a4d5f1706,test
27e5924e-6e52-89e6-c327-757dbea93ac2,train
09fc66ec-6639-a9ec-2c2a-d2521f5b0feb,tune
2191ab8c-67a6-db4f-8f2a-ba716c4fda22,train
1cfa54db-b83e-4cc4-f386-e4dbb487d872,tune
1028f062-8517-1f92-2a39-aaa2e78fdb32,train
55c01119-ad01-8a92-6805-71a5734fee10,train
f51d507b-698c-45a7-c015-db221ef672f6,train
af58c59f-d97d-8ca1-5172-f9ef4e17b009,train
491bc493-28ea-26d8-3c21-605f55e8871e,train
dbbf5111-281a-484a-4e90-94d3c64af734,tune
b7d1ea86-f94e-8d9e-f45c-c3754358bbeb,tune
06e65635-3552-9079-f042-f0abff29f33f,train
aaaca8af-e4c6-2d38-b69b-f9268ea62e41,train
9292f8aa-a780-7a30-c8ad-9d8a2c829615,train
b7274b0d-c266-1679-7730-13af5d06e2d3,train
00bad42f-6b70-e546-172d-20379721fc3a,test
e78ace72-b989-fa92-b6bc-27227d8815fe,train
f66a19f1-892a-e0ef-b3d4-e225ddb19225,tune
de6fc351-0852-1507-d664-b7b6f0dbefe4,train
51f18003-9bd5-701c-b513-1999461ed31b,train
62e071ce-937c-2163-4276-e2c8ef3d69a4,train
f75ebbcc-3d04-425b-09c5-fbcb9bd75d40,test
1f5edf8a-ff86-72a2-ad45-5d22b1da3043,train
5f9e7b7c-538a-7803-4d91-a39d09fa6f85,train
cbad1a26-97db-a7e3-77b1-5170d821f94d,tune
a2f5385d-9737-e4aa-3c46-a3ec595e6475,train
98b339de-d8c1-13a4-f9ff-107a6a747e82,train
9325bae8-e6de-d68d-4613-0ac6ee51e5b5,tune
493939ce-d40b-4f44-4130-3ddc7c9e09cc,tune
01c99b5b-3d0d-5c6a-a97e-5dfb0552ba4d,tune
6875b3bd-51ca-07ab-39be-0201307fe587,test
e025c070-7504-3478-65ec-5d2aeb21e72c,test
ba69c256-717c-8544-2a04-0de50a5a2eda,train
e2d6d5fe-37fd-d6a0-ebc9-03cd77215d22,train
427b8ccb-5c14-bb16-7b93-38f698b88a51,calibration
3de7cbff-deb2-157e-3ad5-be4f420ea6a0,train
88883fd2-a538-11c2-67b9-899e03f810e4,train
3626d45c-fc7f-9e08-9156-0d5c97c650d9,tune
ce8240fd-58f9-9b75-fce5-aff36b9f9143,train
6f727fa3-4648-48c0-dbad-d81dd34a9339,train
68caf721-085f-4497-e050-4076fb0caaf7,train
f3b3164c-0f6b-7d74-9f5c-0bbdf41e16fd,tune
45286c52-928c-e46d-2ae4-41ce805670d6,train
e65ec691-b318-4fc2-652d-0693a07a8ee9,test
730ea493-ad44-b5ae-28ba-e2c3c882c4d6,train
99eb36a8-9c25-acb9-798f-4559f0e5b76f,test
929dc37f-aeec-16d1-53ee-a40e294abc30,calibration
44bef7ba-38e3-2a26-6e3f-abef3f9563d6,train
c2247682-806b-3c0b-4929-4b13cd687f5d,tune
826e643c-dce0-6790-669c-882ba814894b,calibration
fbd83775-c9ac-cd48-8513-c65402a025a5,test
5aa4b4a6-d390-e19e-5ab8-4fce7604d5c1,train
77582a15-7f72-3642-7d2e-368156e8586b,test
4e1ca98c-170b-1205-8c47-134ec190a9ed,test
17a1e2c4-c5e4-f320-295d-78794a721e73,train
286dbc20-6099-8d92-9c07-a48c7ffe7184,train
d6dfed87-c464-4c89-0a1e-85112ae12a90,train
e9bb0356-c64a-0242-c62f-2d8b2b8567a5,train
5146aae1-9b78-6733-14f0-6f45a5a12b60,train
b4c18c6b-8acd-605e-7951-ae3b128ca356,train
ad47963a-cc46-e822-f921-cb915224b185,train
751727e0-5815-fdaf-02d3-5889e282c7e4,tune
f695d894-72b7-efb2-9d2d-b82f577fdccb,test
01c87ba1-af48-5732-b737-7e940d07304a,train
ccfa5b8f-6ac1-72bc-3e5d-8c93250fb818,train
7d2309b9-7c86-9fae-961b-5bf0e9a3bde7,train
e14b05cd-22fc-83dc-c0df-02d2b99e08ca,train
ecaec4e1-5c15-59aa-dc62-cbc5cdec2481,tune
422ca691-8f37-24f2-eea2-764ecd301d45,train
3afbc44b-20f6-2c80-66ea-77ced477f527,tune
e5fbe4e9-7f12-a780-ad65-fbc118e21167,train
cbda05e1-b0f7-caf5-6faf-f3c7372aa375,tune
b0d3b92d-b804-a4ec-54eb-da13bc695137,train
e2dde6fc-c389-786a-cdb6-6108edfe151e,train
d6c10eb3-6682-e93b-dc02-b7291b214a4c,train
cd597092-b0b1-edc5-235f-2e8eda0ab9e9,test
f4f8d20f-0dba-3bf7-c8b3-16cfa3aba90b,test
1ea69bae-7d5b-12e3-871d-048e47679c6a,train
a9262edd-e692-d893-769a-0d6108a3b54b,calibration
dd6f253e-76db-f732-0622-b606b71327a5,train
640c87bf-e9c4-7950-e2ee-6792562950a1,train
7f7a2615-c8e4-4530-5018-1380ef4fb5c9,train
93de7625-4313-fcb1-5a80-6d100570c202,train
2a7f07a5-8081-a68a-3a5a-612ae2350a02,train
1ea0e636-aa7f-4263-c8d4-2534e04d4742,train
6919515c-e4df-b15e-5555-2b31488bed03,train
f8a41286-8742-c36f-13c1-fd0838ca3b9a,test
52c6af46-2e98-274f-8301-49a9e9cd97f4,test
355f9f7f-c51d-fc06-3561-6031e99393cf,calibration
ced05523-802c-6060-4dcd-23216e09a091,train
9d416105-bf19-c836-70c0-3d1e4d872c90,test
f19463ab-14f3-2a40-d42d-8a78272de9e4,train
167ba961-aa48-d66d-82c8-84a56f5a0f55,tune
a64f5152-f442-1ddb-c396-6d1ecf93cb5b,train
b748d5da-1e57-5d0b-f206-5c35656eac4b,train
db6765e6-bbfa-bffb-652c-a91b4dfc19d3,calibration
bd638ca1-d1df-be67-1975-01476d6a77ac,train
0f3c28dd-2b6a-48c3-684b-b15571ffa32b,train
f2d72ac9-976a-649b-181f-f020025ee910,train
2303f390-a209-fd83-7e79-46113d265971,train
2c7991a4-ffe7-7e47-825f-249a01049a9d,train
de576967-ae2a-fa26-6774-32cd86ab8a09,train
506e7c41-ec04-f838-36ad-bf8e92722cd0,calibration
d8ee064a-7aec-3d01-2b26-482d8d35196b,train
0b464df4-6b7c-83ec-accf-4f62c583b2e1,train
e71e9ee6-ffb0-e4b5-6608-03b3db00fd01,train
096cb0bf-2440-25a2-df41-30233df567f0,train
c73af772-beb8-04af-f14d-2bf675c3f43b,calibration
279aea80-6e10-f5d6-d9f6-7fc62a1d8b4a,train
28c183a4-c831-6348-50a0-ebafac81554f,train
ba56b69b-89ba-4016-d95b-2b823eaa7fbe,calibration
782f7d4c-4c24-43e9-dc51-c78317211634,train
ba45936d-b5d0-4151-8c42-9b8cd750b6d1,train
97e0f204-f62e-07f7-a14b-cddda72f4c1a,train
ca51ad0d-7cd7-1b44-892d-1b733ad02a12,train
e640cbbe-eaf6-e7f4-aaaf-cb86aa16dd06,train
1057d482-65c6-a044-c8e3-e0acaf618de6,train
943aee5a-1970-bba5-9a23-a192c50abe64,train
b2d9956f-d36c-a296-c17d-b82ebd3f52ff,train
667cb169-28db-4a6d-b4c8-d22131211891,tune
832b03d3-2d43-0ec9-6778-30eadff7203d,train
98ce87a5-7a3a-15f4-b898-cedf12983b5c,train
5e5bb30d-23ca-f670-4d27-69798aabfceb,train
cff7a186-c1d2-93d5-f9f9-3d221955aa5c,train
df585062-6af9-1818-0784-3af49bd2144f,train
9bd57c15-746d-3571-2d74-1ab61622c715,train
9b32d4a4-6006-5a98-8681-d4ca187ff2cb,train
536625aa-dcc5-949e-a935-6085cfd83081,train
085c9be3-eb4b-844b-3264-4a444a417bc2,train
97c5266e-fdec-bb4d-14d7-e24d2d2f1eb8,train
3a9138f6-edcf-fd39-1598-8a35b2f56b52,train
02936d11-bebd-5e5f-ef2a-b301349b4026,tune
a7e3565a-69e0-a991-d419-bd707d95768f,train
f9c8e671-2034-7474-9507-9350d369be33,train
d57cfa39-fb53-f7ab-2d60-5bf146a27b70,test
77f203d5-349f-ec96-faf8-5fddabe26565,train
4c6c858b-bce8-5c2b-96e8-c9fc94644287,test
5d3e44a7-1916-5120-3089-35a2a0ee5dd3,test
9294607d-de25-449d-abed-3f76875b1cc8,test
b16af9a7-abbc-aff8-3c55-12723fc9416c,test
18e239c3-79ac-0c52-1b59-a5f6bc6bcb97,train
10ee5f04-f6bb-206c-f9e7-2b975c9d2eaf,tune
63b82c3d-5620-0e64-bf80-cb2f7400d213,calibration
b8645099-0bcd-b13d-9813-a80199d71a1c,test
316b52b3-9f33-4ef2-5678-599c913699e0,train
c9db3f60-5cb1-9bb6-c2be-7804bce5cb66,train
86c3da2b-8c4e-d601-104d-145241f457d5,train
0e6b23bb-62e9-26c7-9764-f9c9368cc809,calibration
b8b211e8-8d69-c62d-13d8-db4c704e6ede,train
b1c2b2b9-b2a8-d68b-cdc4-bcb9acac963a,tune
f8b58a84-6d03-9390-8d90-039ffcef1892,train
7fb73ebd-4eb6-50bd-4421-5fccd326dffe,tune
b354bc8b-4407-17a7-d961-6b49fd337721,train
d9ee27a2-3e44-53d0-509c-621244c4f039,train
2cf9b151-dc62-ea28-5b36-22c5db02f142,train
3f831680-d88c-6af1-eed5-f8aa4c407303,test
efb6945a-1e6a-b6a4-0d0f-4e4bad540ad6,calibration
b3b7c35e-9567-0deb-2e45-4554b8220e19,calibration
2ab4e7d2-0406-fcad-d286-eacfd873bfe0,train
dde79005-338c-d6a4-f931-5619a3a65f28,tune
66eff730-c0cb-fee4-e369-c2903edacc67,train
a3df78f2-2dcb-2dd2-3f86-da04b0354c73,train
b51890e8-cbb9-f0d4-f7f4-6f4a4f405c14,train
93d1b9f6-0c3f-fd9b-3324-93473c75d544,calibration
72ae1c01-c444-d7c6-0bd8-22846d3cc4cb,train
e94f3b67-c907-aca4-74e4-c69421f5a2ad,tune
fc4a4dd5-baf2-292c-73c4-9f6a0eccda56,train
c4ff6040-4384-8350-b781-5334ccb871a5,test
604bf70b-2b1d-1662-cec9-354bf5e4eb92,tune
e4ce368e-f979-b660-c4f0-f9945bbe0930,train
3828e552-6797-edc0-fd5f-1ccc7c5bf17a,tune
efbbc4c5-0ff2-7faa-800d-b960418af710,tune
230d9e67-4804-6fb8-95c4-db634a51c0a0,calibration
56b1f758-1d28-56ae-766b-fd47ce985995,train
d489d68e-8223-a31f-116a-2519d90422e1,train
584b6c87-1364-7ecb-4665-49ff0c49f7ca,tune
30713b33-f0f6-e8f2-ceea-e11f7257900a,test
c95ba4cc-0da2-27a1-2088-26a23de57ed6,tune
19724d64-fb6e-22c7-7c29-47d822e3f45f,tune
819f2c7a-55a8-289a-cd9c-0556a663f0c3,train
e3152abc-cbb2-6998-335b-e79b1ab73c31,test
71e8b82e-8a62-eea9-a792-fcab8ef3268a,train
5f487686-ed8d-06ce-7041-ff7b8649053f,train
5c774acf-a68e-87e8-e965-e2bdacc8f61f,train
92fcfb5d-7f88-cfd0-458c-3955507a3ec0,train
6dc298d1-139c-df16-5063-fc3ff982561c,tune
e2907691-3515-c8d9-60ad-9af23d4df5f8,train
c2d91916-4abe-56bc-6f4c-dffc897cf472,train
67866dc5-9325-1ac7-7c40-82a6a359cf67,train
af77b1a3-bead-ca9d-bf35-e0044fa0a66e,tune
fd76cb59-373c-2bec-8475-a8423c3af4ed,train
b14deea4-c2dc-496c-6e49-8639354b4135,train
1ee61f2b-fd49-0d1b-a483-db0a1404a280,train
ee89d43a-2b8f-7f67-2baf-cafba6c0a82b,test
4a9835b9-4305-2f1f-8d45-5d47c1e05d3f,calibration
b3557176-befc-9bfe-373f-4aca27ce5ad0,train
cad3750b-06b8-3303-7386-7b21e2ed4753,test
ac315e0b-b2f4-af26-87c5-2c969d8e923b,train
259e7347-a3d4-15a5-2ae7-0004884fff1d,train
fc1c1799-d597-6a6c-275d-be6e51dbbd96,train
1a80c45e-c13b-23a7-2c84-e3294596c834,train
616f4248-344f-e605-7df1-0b7eba32f28d,train
b617cb52-23b7-86a5-6996-1bce49f6c793,calibration
fc3bceff-b897-761b-49b9-717cc10f8b90,train
d5c12d75-fc37-84ac-006f-ae85e1a11b44,train
a3c74ebb-d6cc-84e7-d05d-012e76537d2e,train
10f69079-7981-b02e-9c26-59b14efd2ebe,calibration
be597a5f-750c-d9e7-bb71-d7bca3aae132,train
76815992-4414-bd6f-1f1b-4239e0d1e97c,train
145a260d-65f8-88a1-dee3-bdc70f640eb9,tune
cfbf94cb-ad09-2653-ca2f-cec77eccf0ec,train
6a1b0d9c-4487-53f6-2568-d2b7b88e32bc,train
e10eadb8-9da1-1979-7294-c7b1c0681770,train
97064802-8487-64aa-a806-3837811ec770,train
7504d975-5b4d-688d-1599-5eaf53a01748,train
5820c047-46bc-252f-5db5-582066b1a4d4,train
314fbd97-8d07-1df1-7786-ea219a9916a7,train
f3b99948-183d-b0a2-0d82-efedfa6da243,train
6c06f0f1-2d69-38bb-c36f-19ed90f96b51,tune
7e33cbf1-2626-9dc9-a65b-66d049448242,train
49aa34bd-d04a-91e9-7b0e-bb24ee16b149,train
2a6e478d-54e6-594a-3865-11a0b1ceae85,train
d8139096-de30-a87a-fb05-ffc6fa5fafa0,train
37861b13-6929-17b0-200b-5611ed150226,tune
41e5b944-daa9-1529-25cf-5f06b23f7dd2,train
c4f9202b-37cf-2c5d-b494-ad93e7e83c76,train
c40eb8c8-c37e-e20f-9237-6c1954e20c35,train
86beb593-a718-e4d2-153e-e8b51fef50e5,train
bd53593a-1b70-ee7e-b8a7-9894eff41eb8,train
ff8f455e-3bba-b25e-e012-6112fe656fd5,train
1dad4842-6656-bc55-6c86-ee2e7d5f5d3a,train
8e36bd2d-3ff0-c7e9-63bb-20c3ee367f16,train
274689ff-37af-56aa-0a0f-f1b6a72dee55,train
4fc606f0-b033-9ada-edbc-5c3798ddf990,train
4dad1943-7df5-4192-7e9d-5012054e4378,tune
2d13c3c5-3564-adb5-1ba0-be792bf85bc8,train
2d616b7f-46d6-7d6f-fd44-b04f8a48ff13,tune
11d68b91-d0a6-7eb2-a8ec-f2cc75a88dd6,train
e732aff2-87e7-b82b-b29a-ed20a781183c,train
97236643-0018-4fde-f6d6-f27459926dbe,train
862bbe4f-daaf-70f6-6b34-46c8e886cff4,train
eb433f3d-1567-d16f-a685-90a1ec4bbe7e,calibration
62fe9eee-378b-a35a-cb03-43cc0b008de5,train
d5426c64-2406-588d-c4c8-f89624f212c4,train
276295cc-1686-3af4-ce58-e3a30944c6bc,train
547c0de4-2de1-3d85-042e-673b1c7c5187,train
925d732e-46c2-ad3f-717d-ab119195ebbe,tune
df3358ba-6ed6-b5d5-8cf6-aa88c446cb47,tune
8e9423c2-4ac6-5211-9f77-a1c638859b85,tune
5524fdac-f229-fa5e-b065-ec4953663be8,train
5a606695-b858-01c6-37e5-d893dbb28f40,train
86dbeb13-81c1-822c-ca0b-16cf5076287a,train
5908e062-306a-4215-9dd6-dd674530da40,train
0340803e-477e-1622-dc2c-0fd3cee0311b,train
01234cf7-3e4d-a72a-161c-af370f9b47bf,test
54ec4d5a-d75a-041c-4a2a-da9de01ad390,train
507aa0d8-8711-d805-a193-dbe38829dcd7,train
d77f584b-353a-67fc-adcf-6b6ef45066d5,tune
3d9cbc5f-809b-1978-0505-1c9cbaf21f6d,train
87750d18-8ac8-a630-1336-d14e808e3ab4,train
b9e851ae-3213-0010-da31-77d50c70d45a,train
826de4b2-a247-3708-94b1-445965aaca34,train
aa42f3bb-4ee6-4a9b-3a1f-2d02fc0fa8a0,train
b2676e06-04f9-b26e-346b-764301bb5bf3,train
0b9fd1c6-6a8b-3d4b-dc81-91c3f046f25c,train
23574bb6-b139-6d13-4726-4f4bef763725,train
a2e4bb39-0b70-d1af-dcc8-aaa0aae6de77,train
47e51acb-55d7-cbdd-f136-4a601efce2d2,train
5a960b58-66ac-2d03-bb64-87b31fb554ae,test
2c301738-247a-0140-8940-00baa2444ccc,calibration
c2ed8335-cafe-6c75-a71d-19a2fec9d98a,calibration
36d959cc-a69c-e8fe-52eb-dbde6b0e6597,train
3183358b-7990-adc7-06b4-306b3f979c14,tune
dcc31360-fdc4-547c-7624-3880bacc32ac,train
9c226e5b-6fa2-d31c-4b5f-3c3473e0d86a,calibration
025d57e7-eab6-e6a5-b066-cd4b3182f18a,train
8b5fca6d-1390-f72e-fbd0-58244db25344,train
534fa322-b570-f784-66f1-526907380ddf,test
fb5328d9-431a-f8a0-52f1-bb2d922348a9,test
07e0dbd0-d319-b7d2-8fd2-ac0176b9d23c,tune
7ca991fb-5040-4f83-a33a-d32d0ea8d213,calibration
3560e6b8-8b08-d523-df04-294ab4871b91,tune
50373129-a73b-b5cd-580d-437e296c6d04,train
adc2d228-3949-d58e-c2f9-1e97b4be5d1c,tune
6fa4b1eb-60ec-7bb8-7ea7-428d6a8882f1,train
cb874c58-2c8c-b3a6-8f90-56e7d0311a36,train
7acbd4f0-92de-74c4-3b2b-8d4e3598b962,train
df8af4cd-0c1b-315b-0e7b-e544fd632631,train
ad34979e-bbf9-961e-42c3-fbcddd55e858,train
1328899a-0862-1b89-a825-b8f816afdc3b,train
ca28f8ad-74ec-847b-5557-b8fd7a2dc9a2,train
c316a7a0-de8a-f6f6-c3cb-edad5951a988,train
4799e074-ae18-ed51-ce43-05da776757af,train
a086c859-5584-0fc9-45dd-fca84dccec05,tune
c35f3ad0-6e68-abd7-75fc-ca79c570d320,train
c10845a5-61f2-4f0e-f136-57a28b5363c8,calibration
a85b3aaa-cb16-129b-7015-79ec3347e5e8,train
9fe81b35-3f41-a0f3-bbb5-d64173cdaf3c,train
711b80ad-388c-a7e4-1eaf-cd9ad824a0cc,test
5b39da64-6b8b-b23f-b0c5-c9b2a3fc976d,tune
ae969de1-66ca-f9e1-a36b-414fde91a1cd,tune
65f14e0c-5109-cde5-09e9-f6890d0c0d73,train
884829e8-bbb6-fc0d-e80d-1e1b89c6ff22,train
0a0ae553-dde6-ffff-db7b-7f89f462a037,train
eea7ae96-2388-4a8e-99f0-ed7add77e422,train
909c0acd-f1e6-27df-1b15-5570c8f73189,calibration
361bc64b-c298-c4e1-a445-109ce3e13a29,test
ca3f591d-2a71-bb8b-b479-184d9b2d9eff,test
04917243-b01c-66c7-01bb-22da82a09ba5,tune
d6c9b0da-eaec-f759-71a7-8fd377fec04e,train
454c8069-fe9f-807c-9aec-d412cd217319,train
542f7a92-f2af-2068-29d3-a56abce20e55,train
ced9e1e0-688e-cace-5659-6c0cd5c50bde,train
1266a70e-18fe-f3ab-e63a-a92d40a95252,train
13bbaebf-e8bf-61c9-cc20-ddb7f523b4fa,train
00eabea1-6936-434c-733e-0d3d62693c2d,train
286572d8-7069-8939-1372-9f6bdc0be510,train
8359bb3f-66e9-9684-f372-46797756f4f2,test
c07adc51-e7a3-c6a0-9d06-97556f817db3,train
ea0eb67e-767d-5027-785d-5ab6527cc574,test
9c5218ba-aba9-5c9d-86d4-92acdf792c51,train
75072480-1575-5005-ffc9-54f4dd56cde8,train
78bb0378-a86f-ec6c-b4c7-481e3aa52ebf,calibration
34b9abea-c6d8-ff8f-6277-245413612a96,train
ec7c8b1b-66a4-df22-2dbc-24d39fdb67ac,train
9b9da633-06db-1853-8db3-651b9efe190f,train
d95d66b0-57ec-710c-adc5-26d434263031,calibration
b0661fa1-0357-f921-ff74-c315e0455f2b,train
dba3ef46-71ad-c4ca-b0cd-91cd3f385c4a,train
2d9e10b0-779a-1509-2bc7-dafcb22f8e25,train
67d5202e-4f08-cf6d-5d9f-67e4dbd5eb07,train
95d435b2-2597-831a-7c36-b768f7bd3234,tune
eefef6ba-da11-0840-33c0-63bfc10218c3,calibration
bc9fe4be-b1d7-e72e-3c01-495abec4897b,calibration
c3ba9b0d-d0d8-21cc-4441-f87d1cdb1cc9,train
7626e183-3494-63e2-db85-983408946cfc,train
52e13897-4678-73e8-61fb-771a90d6e8fe,train
b8ac014b-d9ff-773c-4ed4-e3fce3f55aaf,tune
a7a23815-db82-e975-40e9-2c6967a82af1,tune
7679dd66-c06d-5d6e-a447-2abfd56c0dd8,tune
80b1a64b-adb8-e41d-e495-d381e3d8f29c,train
4168b7be-4105-a4a1-5efd-ccf8c1383e84,train
25cba97a-2335-6d0b-9562-385d1511d046,test
a1d54ab1-821d-da45-d218-903a8aba8beb,test
467445f9-d09a-fee0-586a-618b28cbd715,train
27a6dcf3-7233-007e-7ea5-6621ec67b095,train
21e6d95a-6193-c29e-34a5-527a876171eb,train
f0061a88-b3c2-9075-bb5c-1ee7775ec95f,tune
8474076b-3260-f212-6690-3fd00223ef34,train
961b9eab-e437-d84b-c347-2a0206b09814,train
d39db396-e4d4-b276-b9e2-96b42553e4bc,train
d060a66f-6c8f-0827-6fa2-0926f9c6fa07,train
d7737a56-4203-dd81-d3e0-54f1c13bffc1,train
da1cbfce-cb2a-fa36-723c-63510a49f23e,train
92898af5-a499-0189-c76a-00b4a521a160,test
0770ff9b-1ae2-4959-83c3-30f214f6c691,test
0f681ba3-202b-d694-b1a5-a57db62bcbcf,test
5f931a20-efa6-9986-46b5-84dbd1effc41,train
0bec4dc2-e808-80d7-efe0-206f6b5cbd56,train
6f9dbf51-bf93-c975-4856-8b2687f3ec6b,train
4bb58f11-3451-6834-b75e-afe126bd6263,train
2e844d28-695c-21b4-b29c-aceecec48f3e,train
ad4a9d27-7756-1890-d65a-958206a53fa9,train
94dfee48-95e2-56ea-43b8-333b050b333c,train
399163b7-58e7-5240-dbc0-df965e76c7bb,train
be1092cd-8936-fd50-3bb7-074e1cb63126,train
92a0cbae-0518-577a-312b-695232912e39,tune
a59f9332-bd37-2832-32fa-83c0e1605bcf,train
bdd2df80-d3ab-6052-f22b-778053bf0cee,train
44bd6f3f-a116-0455-ce72-26bde40388a1,tune
b5af7883-0325-e1aa-690f-e29ca133a2b0,train
c1e95f13-3404-f9bd-2d64-51e286479080,train
d581ca00-f3a1-7885-5066-f8fe596a334d,tune
c7506940-d6c9-2878-bc70-780c076c8c30,train
29c3221c-c79f-1584-b811-3fa856424c38,calibration
0d0fee03-1a33-bd9f-15d3-664b5d8ee517,test
50858666-805e-c26a-03b1-83e8b869c4df,tune
24d0085d-8df0-53b9-579a-b398c7e70b0f,train
8d6eb541-bb21-77b5-a758-1bfec235e500,tune
3051a9ab-96e7-898d-8f54-e93607e620ee,train
1731d5c2-9cf1-b19b-fb37-4cda3e6f7f3c,train
b272dc9d-dd97-2a40-13db-95fdd3a82912,test
3cde2fe7-9a85-5a27-738d-1609327f81f1,tune
52a93ad3-44e4-5619-998f-ba903a5fd1e7,calibration
8931670f-0879-0620-b2d2-ca80bb3073e1,calibration
53d8bf03-5d28-9e64-b0a1-16276ffefecb,train
5d6a148d-cece-89aa-827e-80b107151707,tune
0c9e6c21-f828-20f7-9f89-e699fef0ee86,train
522566d5-3ef0-df78-fde9-9aff63c4e16e,tune
f8460a6c-65b7-0ef9-3c4d-056ccc49aad5,test
397d6dc1-2f76-98ad-41a7-bd10f7e333cb,tune
3418ba77-4574-ae5a-8c9a-1b69e4fbd94f,train
34f2e30d-097e-5b96-59f3-46ece4f1c003,train
24c8c58c-94c3-83b2-fa26-eba12c5b7347,test
e76df161-7294-2ef8-5706-3b0ea7ec51b0,calibration
afdc72f1-c7eb-be8c-1790-d17e874cf494,train
d88739a5-2f11-2222-785d-37bcda5e23fd,tune
9d2d83a3-5907-06d1-e290-ca7ab04aaa02,test
a722ded5-d877-ec59-9c1f-0d0c5540caf4,train
4aa06368-ce7e-e6ef-618b-133542c7bd9e,test
597d8620-dfe1-0411-2a13-9567e4aeac32,train
5df1e852-052b-5a92-3e64-8cb9b19a1ca8,train
ea8762f1-9a92-84dc-6433-2d0ae39ca0a2,tune
f475efd6-f474-3896-6e50-7c3890d540fd,test
92ca9c1c-9279-aa4d-075a-9224997f94d0,test
3eab89c5-6e1c-f49f-af81-0373ec7757fe,train
913b9873-0424-89f9-09c9-ccde94f6e075,tune
d3b650af-b178-0754-e852-c4da9bf97be2,calibration
a1d2eddd-e70c-75ef-60c1-a24fca2f7fb7,train
2496c026-fa35-4ca2-bde5-12eab44f17b4,train
11ddbd6d-f58b-3bdc-2a2a-b6e4bc701285,test
af4c1044-8898-4bf6-3ede-3d3070064c03,train
0d4cb3f1-16e7-5b11-47cd-adc6cfcc1f2d,train
77aa9442-c6f6-aed6-3375-5ca9ca9dc8fc,train
96732f37-d0d3-c94f-803d-e93e10f6e5fd,train
5661e85f-49e6-df91-e052-0211b2fba5b7,train
864b6eca-c79c-b510-a010-2beeb5aa9d0c,train
3be1312b-ad15-6f7f-c8f9-ffe68844ea94,calibration
e0b0e9c5-ed9c-eae1-bd9d-f74af5b25419,train
0b5702af-f272-de4c-0e3d-3288ce63d491,calibration
2eda7571-6bae-e2eb-87ba-986d58090cd8,train
ec863a6e-1c58-8db0-61ad-1e839ca3f6b4,train
580e5079-15cd-feec-51f7-3b631a1d8ec9,train
23796c50-24b7-99dc-8193-9aacd617c767,test
28a293bc-d9ce-f9d3-f72b-ab2113edd257,train
f817e569-d03a-c917-292c-baa83068eee9,test
1490e698-2a4a-446e-86f7-d06b07983920,train
bf44c04a-e13a-188b-ce0d-5d58b6dfe422,test
a2f1d5cd-41fc-49e3-bd77-d892c239ebe3,train
47eeb12b-7216-7701-0416-f7984b8e95dd,train
0f9fb025-4300-e0fd-d028-337a6d2038c6,train
564b92c7-4b2b-2f6e-0817-04d020bdf042,train
bdab0170-db52-d917-f4dd-d60ace0aaca7,tune
f085c5f2-7380-c0c7-4862-4b1f8883fee9,calibration
ad681395-915e-b2ba-7973-6e73b493a1b9,train
29ed6d89-0164-1aa2-fc92-1799369f094b,train
a4c12679-1960-1e66-1c64-1b34f7697290,test
8823f825-b084-87c4-3962-29fe5a2f98b7,train
e6d43130-689b-17f2-65e4-fe0ea154cb86,train
43cb0679-53ff-113d-aaec-ca2d3d368f65,tune
4bacdaa0-494f-0f5a-cd37-b861954f1fe8,train
bf2eae67-4d82-ad4b-45e1-9012fcf9fc3b,train
de092a8e-ff40-a329-b09d-c52933753f25,train
26a7bc24-bcc6-ec47-35be-c57613753c76,train
f21f9925-9fcf-96ba-7726-567d0e6c09df,train
5d856093-12b7-5c83-92e7-daf27398560c,train
fa15ac1f-e63f-c9b8-ad05-a87cdd2ae7dc,test
8af9cff9-3788-1b7f-2828-909bc06966ff,train
e7fafc9e-32b3-0f6e-f2ea-994ca446f243,train
6fb69a33-88af-f14c-1bb6-4e73bc2d7287,tune
718a7059-77e0-66e4-a8ff-7586c3cde66a,train
b61c55e0-211d-62d6-a3ca-ae352885550e,test
a6b8318b-cc6c-b5f7-efb0-f698de952e69,train
1625848e-c1da-ee9c-1f27-8d47a13a13d5,train
e4410fb4-6636-7462-e70c-8ff1ab72b8e2,train
1fb6dfd3-3928-371f-8daa-491821223b0d,train
025aeadc-3e20-6a5e-2303-544b49f8091f,calibration
d9afd8de-daff-6f05-ba36-836629aadcc2,test
c7213b59-0802-383b-7d2e-adfea08bfbd1,tune
43e50c19-7824-2f1c-df78-41ddb28a35ad,train
f975c1dd-4908-1e97-9d6e-a296804a3dcd,calibration
a27e5b69-d6e1-b867-a349-00cc405c3b08,train
fa27ea76-210d-973b-6069-79eee81383a4,train
bdc60e49-324b-4bff-a93e-126a1d1571ee,train
439fcaea-c858-5530-8eb4-48199ea2284a,train
ec8932b3-9a3d-7ab4-c98a-25226648a206,train
054d4a38-e8d1-3eab-e258-848416830111,tune
7bceb3db-7d88-5c47-2159-4087de74b786,train
d9d0b45d-adcf-9e57-4041-896eaa5b4286,calibration
a2c60db7-7e1b-9dd8-eabd-0726d2de4af9,train
3b9bdd71-62aa-9a96-7e89-a224c0c95332,tune
721dcfd2-e3f4-2dec-9c7f-17d91e9f0409,tune
970b312f-7ee8-5c53-32a7-1c9b15e77d72,tune
a1f4660b-d38b-d022-17f5-b1cfc45ddec9,train
3e97e6c3-5854-226d-58ae-6ed6cbd09da3,test
5821912c-9253-a7d2-0f82-14d06765a234,test
698013d8-241a-abfc-8955-02d6c4e0080e,tune
d4933c8a-43a7-a795-408f-7dd6bbc6e070,train
4b0c374b-9763-860b-d6d5-e04615122c48,train
306bcf72-9d04-75e1-2f56-020687c252fa,test
9b48e2d1-cdb3-8b99-d54f-254bf5f4ba27,calibration
f4ee7a87-bc23-5e60-6416-ded957fe6f6b,train
e6cbfbd3-1af4-ec07-2061-9533469c2bb3,train
0f20ce28-c153-7fc6-1eb3-7d4a67e9d643,train
caf05478-4d9a-54b0-a54b-cc26b6c49274,calibration
fec2ce8e-2e14-9f48-132a-5d9d25c13bbb,tune
9e9e41d7-1cef-5d72-6684-55eb8577b6bd,test
f8ba9971-f8e8-0445-00e7-807072f3dbb9,train
0e766c18-22c5-50c9-c2ae-2393c848a8c4,train
18aa83ba-1025-b3b4-cbc5-436c3d840c42,train
b417527c-4e66-efff-4e4b-77efc375a6c4,test
e4df327e-d1a4-69ea-fcd7-d17c1e50ed88,train
2df33efc-8e3c-5a4a-8624-d5fdb003748a,train
e417ba5c-b8d0-a805-2d2b-50ab185a53cb,calibration
d1692ca7-534c-ff1a-eea4-6d66939aedd8,tune
f806dee9-3276-66aa-821e-46bf912550f6,train
65e22437-7e61-7eb5-7d41-77cbf4844519,test
13dc97d9-d609-2948-1487-34731ff0e376,train
20883315-7361-930a-1d60-7926558287dd,train
bc8576e1-a8ac-07e9-d160-2d6c03b090f2,tune
fb2ffa0a-b5b9-e0e1-a0f2-6078e8d3a601,train
45946402-9297-7020-4356-6e78882316e9,train
10be9579-d991-cb0c-679a-842141eaed97,train
533456f4-d05e-be13-2f3f-5585fb25d9af,test
27d728b8-e899-6a3d-3446-32d1860cb7bc,train
83d305c8-6997-4e31-c04e-10a1baaa3c09,train
6916a4f5-c06c-2139-6559-ae85b0576036,train
f7ea33fe-258c-eaee-e9ff-23a853c3fe60,train
b0aae35d-02e0-a26f-e1f6-02a51747523d,train
37e3a2eb-dd7f-0c24-d2b0-b922271dfae9,tune
70ddeab1-92cc-7d89-8b2a-8248764eedeb,test
00baa33f-da1d-fa9f-2866-48a5fdc98fea,tune
7059fc7e-9660-c878-60e0-108388edcaf6,train
f99116a9-66e7-444c-59de-f129546bb85f,test
db16a2ff-a73d-8050-9c35-ed0c86d761f8,test
cd491ad1-4021-0462-d93d-16ed57df4ce1,train
73ff86a8-859a-6f36-1a06-bc8c64b3d342,train
cfa659d1-173b-a99b-82e1-4fbd2c290513,train
ee57e9f4-3795-0398-8ea4-a3b838a836a5,train
5f56c377-155d-81e1-9d65-3dad91d26fea,test
6cc907fc-47b1-0de1-c308-41a2b91e797c,tune
17d7282b-3fc1-2498-4cfd-6a46541dd77e,train
0843a555-ebf9-4d00-826e-12afc45455c2,train
aeff07b5-0704-b2c2-5f07-d198d541c3cd,tune
f071c1c5-beb8-e908-b2b2-3ad10aa31989,test
97ad4eba-6736-e3e8-c213-237757c8fa7a,train
7504caaf-211d-8767-d3a9-0acdf97b5ec9,calibration
b2fa8c5e-a42a-4042-f0c4-89baa1f96af8,tune
1384ea90-ca7b-706f-4cac-6969851969cd,train
a96281b1-4192-c6a6-3452-12ee8c23557f,train
f62cb2f6-c01b-b2c0-6fc1-c807564038b8,calibration
6ae06d08-bdd2-1a2a-2922-90a8e0516e17,test
27679376-1d37-67c3-fe67-b1fe5d138535,calibration
d42ec3c5-8b67-d57d-1283-f552f4a83557,train
22704030-8845-3b60-2394-fa75a856166e,train
cc87bfb8-9d13-bedc-f172-e905a70f9481,train
037aae8e-a699-1d3b-448d-9f11d8b15a6d,train
f7076526-2a73-9cb6-01dc-4261c4c9dc40,train
aedf6775-dd67-0dd1-9523-86cc563e29e9,tune
2ba08ff4-4857-b8e7-666c-15e98b1de325,calibration
0d795e1d-a413-63af-ef75-1e6984209317,calibration
20289342-3988-8eb5-51d8-cb40182427ed,tune
6134e0b3-4ab0-4e89-40e9-0b79e86e28a5,tune
ebae6c2a-be62-aa43-4619-28e8c76cbda5,tune
2b58b795-6594-4a62-a72d-cf181aa9975b,train
7ab49ed3-3e25-6b67-2ccc-412f1ab2b49a,train
c6cda6a8-d266-2d61-c686-05893e108dd1,calibration
2d0fc321-2457-2850-c266-f0d06b991ab5,test
025d805f-ef35-9662-d5cf-ddf0689dc8c8,test
be27a2c1-6563-c877-5be6-9e6dafc63bb9,train
99575fe9-737f-b209-4b0c-19cbb2f847f6,train
9a6a0c42-87d5-f2cf-9038-fbc92e755d0c,train
bd289417-0679-9479-ef52-2c9cc86297e6,train
9969274a-e993-82b3-603a-34e99b339385,test
340d4d59-c248-b0a0-d1d0-1344e46405db,tune
24390b1e-7bc6-679c-3746-9ee2be284ceb,train
76094350-7b7a-e76c-5ecb-f34bd39bae26,test
3f77a9b0-9035-cddd-57ea-4c92886b9866,calibration
b00e4e87-1ffe-d299-ba08-287266db30e1,train
a3aeb1bf-a4ba-2c34-22ce-19a90a4a5038,train
d94d513a-766f-1de8-21b4-944a96622cf9,tune
08f2788a-1c03-8ca1-199d-efd6dd1c965e,train
262799fb-7eda-4582-f806-669e76b5633e,test
fa421843-a724-2434-1ad2-8cbab264331d,tune
7fc9011f-39d0-be2e-bcb9-0f1249ccbfc9,tune
d567f1ca-468d-a0c3-4d65-e13525bdf915,test
48a52e02-4a43-8901-de35-c74dfb351047,train
4c67d7df-5c9d-91a5-e9b0-31847f6a7b96,tune
e0f892b5-1188-9f45-49f8-79967be7a62a,train
6eb0e766-5893-9ba7-3cbb-65050de8597f,tune
4b1d6626-d564-9213-fb01-0eecc0f98f7c,train
528b910a-b72e-15ba-b939-08d784cf15a1,train
e3c8e1d8-7e7f-2efe-da3e-4cca801ece1b,train
f95c0e37-3607-8ae0-86aa-b4b18fecf3c2,train
13b02f72-ef1b-2d32-5983-fce20d6795cc,train
1a4503c0-5104-8767-47b5-5de5ef7d8903,train
934795b2-a61e-f3b8-36e8-ea2b59115029,train
d46a502b-c2cc-b7f2-a26f-9116c591d70a,test
5f89bb44-6197-9d4b-2ec6-da0602397950,tune
5c146b6c-c292-8ae3-a392-335b95bc247d,tune
eeafc4da-b154-f2c5-6478-65eebeee9573,train
60a1dad5-6e99-5a79-bf9f-198cc01e9cb2,tune
8a637211-d91c-572a-c0a1-76bedfcf6fc1,train
42ae184d-19ca-b023-a4ae-79949dab11d3,train
c26f2d85-22f3-071e-8168-f4a2e5f46706,test
0ca621f0-c5d2-c5b4-b243-e51d47afa3e0,tune
4b7b397e-e111-00f6-7334-b8523fdd9165,test
a0e8a77f-5451-bab2-c03d-cb532b2f7391,train
60893230-e58f-027b-97f2-36c4dc7c88f5,train
4f880b3c-7429-df7c-5ccf-f2d6f09a8e90,train
847ff57e-7c29-58b6-df80-dcc782baa41d,train
ff5829d6-5704-df91-b3b4-21e3d121ad27,train
6c0902c4-9535-647d-cec4-fdfde86a0640,calibration
20ea4432-d835-d7b5-2539-e100a1f17d48,test
7e52c0d7-91db-033f-3686-1b017f2532b7,train
d6db3b06-95d9-6568-8ed8-f6e91ca30cef,train
a59e9baa-a9ed-072b-b582-d47c6d2bf3e3,train
0210b2c3-2a47-c1be-b994-10e789f0c557,train
efda4648-a774-7ca3-3030-6a52d1c12626,train
37485fe4-dffa-2fe1-a512-e37ef5684f10,train
9d4c5ba7-10d4-ebf4-7701-cb17ffe630ec,train
eef68d1e-b88e-61ab-59d5-3f81e90910f2,train
c9e94d52-21e1-8098-5711-2461f0f8547b,train
a950e59f-b112-d22d-7dcb-d200e1717397,train
e9cbaceb-2d44-edc3-e3b1-08321cc4a17c,train
2d80cc58-1bb4-0101-0d2e-a236dc5fe677,train
649355f4-6e75-39d5-ccd2-c5ad29387287,train
82f97506-2f60-6772-efd6-5379483b01bd,test
7112a781-f21d-8502-70b6-4621e3d10be9,calibration
490ed41e-719d-ed6e-09e3-ebd010abd665,train
c20c87fd-c802-c474-5c10-b4876798cddd,train
a40783c7-4315-ff3b-ca2a-faeb5fd3c358,test
cde1585a-455d-ed3c-5dbc-afa9bc33bb2e,train
10081dd4-a8ff-57e2-b3d8-afb9597e8631,calibration
fab2c2b3-0351-27b7-9f72-79e7c2be01e8,train
2488db9a-1e6e-b8d0-492b-88efa4ef6078,train
b83e57da-fdf8-29d9-7554-fd8150fa26f5,train
d7acfe64-962c-7c54-1f94-88cb1136f992,tune
d7154ae2-e840-7aac-8e8c-15b04debaf0b,tune
941433fd-c69f-6b62-1263-9fef65aa1e85,train
b5e63ceb-0265-1542-341a-824c5580eded,tune
d547ad19-4ac1-f592-5715-afac005a9958,train
6bceac10-4bd9-5a81-12cf-3004ff868c9a,tune
f1273f4b-bce2-0c93-7426-1b67a0f87e6c,test
47f7e3e1-06d1-b1ff-a63e-a4035a7fef50,train
2aca82ef-491f-0320-2d60-4f959e292ef5,tune
1e19bb41-e89c-61db-6d32-ae93bc3fb4cc,train
b2e37a78-c443-fe2d-578b-1b5bdb702a39,test
cfc54c2d-bba5-b019-f58c-432d29b9b203,train
b8a2dbdb-9c2b-bca6-c566-cca125827c52,train
c80b99f0-dcb1-22a6-ae1a-aa70b9d41efa,train
dc796b08-7d7c-3dcd-518e-a9e15d00c511,train
2c25de58-2806-e378-1bca-8bebd014b72d,train
e9ec8bb0-a803-7668-f9db-829826460a8b,train
32092f0b-3be2-3456-d4d3-2db1aac59722,train
b434fbac-39c8-5d82-fd3e-27d9834129f3,train
6465c049-2266-d976-ef0b-1b68516a637e,train
8176e04c-e291-c4a9-d14f-bfc4277694da,test
aac7a47d-5152-86d7-d946-d85c374aecf9,train
0390df20-8e95-0640-a6ec-5a42c86a6b29,calibration
e632b862-b0b0-53d0-6058-83395a206407,train
439d3be6-99c0-06a4-ecfe-1aeba2ef29c6,train
c334944d-3a09-ee4b-e82c-24710521ce91,train
258f0d3d-e92a-860b-56a2-c84d9235410b,test
8a0d2db2-8e2e-2c00-d720-15915fa5d002,train
dc736a38-485c-e149-108a-6f89fc4f4c0c,calibration
033ef7e6-516e-0f95-e6db-0a8e743d8ff4,train
c79aa4eb-97a7-edad-ebb9-fbd9a03a465f,tune
6cd9bca5-f23e-10a8-47e7-b4e60df6acab,train
d3eed352-9f72-331c-49db-c46b50519598,train
dd5dee6b-ef50-c02a-706d-f4409b49b968,test
3511c4b9-9dfb-4eed-86c1-73f81bfb463d,calibration
d9298873-2af6-e7da-b75f-2b39ba8e8f15,train
1cb96d28-e982-91b4-16f1-46c07568c79f,train
7f283c35-700e-a0e9-e3ad-8a71c9f27482,tune
47720e69-cf41-bc39-4405-ca8e2b75a1e9,tune
210af7c9-b343-6101-191c-edb47b497266,train
7a70a661-3516-76ce-0c5a-b3818a0cdd48,train
caad001d-f958-329e-3d3e-4d8db3ff7191,test
ac1a3cfe-9ab0-8fc5-90ab-912a0259168f,train
dfb03ce3-8db8-d451-ba44-0ea1f3decc59,calibration
47c9c2d6-b6cc-f13f-0205-8bb6355daefd,test
c1bf624f-bd39-e090-bb31-accaa0b49b1f,train
dbf50322-7ad1-1be2-fba3-af96ef39b6a4,test
ac11ba06-4d1a-38bb-524a-c955ff5afd48,calibration
bc590b11-92b6-bd2e-aacc-daf650b664b6,train
d5fea14a-a76f-60b4-73a4-cfbfc16fc0d1,train
df13933c-06d8-9573-22e5-e48614686975,train
b30a712a-99b1-7a64-bd9d-7d5719c5932f,train
4cbbc45b-43c8-a9a9-9bd2-00067e6c90d3,train
3fcf4833-a53d-88cc-af4b-747b400b7a81,train
785cd0ad-2f67-f287-e257-08f4b6d4b1bd,train
df1c18cf-0345-20a4-22a3-09343373b984,calibration
62ea8561-82a8-040c-0b1c-a2787f9f76ee,train
c786830e-3730-0880-3a9f-33b61a876e8c,test
28839103-e25b-dcaa-690e-3a532f8fd203,tune
21546ec6-e28f-483f-6efc-b695ba1724fa,train
9825ed50-95e7-833e-23e2-3b67ddf1d92e,train
713b3ea8-31d5-31ff-49c8-34e3b01da089,train
d8798427-681e-ace9-dd68-b2b80eef57a5,train
2290b104-2954-4bbf-a27b-edb385e4224e,train
4d282147-e60a-0a0e-ede2-5e2a8f89a357,tune
ddf427df-3768-9c05-3764-5f99a29e9efd,train
05cd6340-33f0-aebf-8e06-4684f8b5e9f5,tune
a3b08014-6cb2-f0c3-9fc6-b86fef8b248a,tune
97db3c40-4795-63d8-9abe-aa82a0806108,tune
39133699-4b17-7c5d-0ff9-067e0847ccec,test
1d05cc8d-6509-9b85-7fbe-bad018e0eddc,test
509f5a26-bcd9-075d-3c6e-d87242371e21,train
b1a89886-8526-ff48-ec2d-bf454fcbf92f,train
d2f39d59-8656-0fe7-85ab-8b1a80f9b865,tune
6bd654fc-c679-8d1f-eb3f-bd71ff49c551,train
159d9807-7179-d48a-b822-86181aa292d6,train
cc592d0e-7e8c-e971-83ae-54413798aae2,train
2d791677-a0be-5a9b-388c-fbb14c7c326d,tune
625037bb-a55f-8bc8-eaca-7ef097d036f4,calibration
77ba1715-5849-1566-403a-d52047d5b519,train
54b6e6c5-805b-2e42-0402-2f82fe847f4e,train
ead439e8-e03e-d570-6767-db1a4c6ec7d9,train
4e79fb63-0b42-3f0b-5e51-eca758ac8c4e,calibration
0f070d67-a031-fae8-0eac-8680126e6d10,train
0d0b4dc3-2fe8-ba02-cccf-4e877fa7e42e,train
c2de7138-7900-b6eb-5cd0-13707aadaa06,train
b31ce721-21cf-b6db-5c10-68e7564828c6,train
581d571e-ebf0-efa5-7c41-95e16aac416c,tune
60f01cd8-0698-fd8e-a631-cb29efc544a4,tune
8033f4da-4165-093b-b025-7e0ce322288a,train
7181e016-34e1-39f8-a4ac-572a2a7ca368,train
c59e1d69-93a9-81ae-4a57-e8a58ce0173d,train
ea274b92-043e-42f8-3b44-7caeae31e386,tune
01459e92-a095-956e-057d-e524d43eee27,train
72f805f3-4ae7-2804-0c1c-728a9010d69f,test
d566163c-8b1b-2175-a39a-18395139b450,train
18dd037a-c9ae-14ab-35a2-04bdc376c12f,tune
741745c4-1ce0-af8e-b9e2-bb04f5185e2c,train
e764a3b0-eb9c-cbaa-6879-606c270f76dd,train
00cb2739-c9f1-755f-81cd-699d88bd65e0,train
b272a62b-5f04-5305-ea47-62abb073905e,train
e41b7e9f-1880-499f-a646-6173a82ef040,calibration
3d88f5f6-27e4-f493-7261-cb446bb531a1,train
00e51ea1-f1bf-674a-ceef-cd308f19645b,train
498c8597-db33-46f5-264c-c1fc16d2ed6d,train
810778a3-2f49-82d7-febd-a33258bb145b,train
58753a37-9e29-9ee8-9ccf-e9bf15e3c532,train
9e6377b5-29b0-02d1-92e5-bde1265f87e5,tune
e146dac4-6a22-72d7-a854-ea4a1b72e603,tune
5bc2c88f-45a5-11f9-f0a4-4e3bcc2eb42a,train
3fd67d01-7174-5fea-ce8b-7aa89373e22b,tune
5799867b-47ab-8bc2-5f1e-60ca7b73631f,calibration
7aa4ee82-9f94-d10a-820e-2ff8cb5c8583,tune
4a0928c0-3cd0-d8cd-0cb7-859ba409fc38,calibration
da538a01-7859-37b4-4b43-fef78f17e672,train
b6b60206-2685-72a1-9cdd-4a42992e35d4,train
0e301cf8-149a-d5e6-5f98-b34552612375,train
c4bd931d-4308-3af6-ccf7-ac925b4bec4f,train
d63f0cd0-84e9-df85-8030-50c27ae3695a,train
7cc84b9a-806a-3842-6847-7def7ca5a8bf,tune
b3cba3cb-ca78-c048-bc56-1afc82e36e1e,train
9cad8e18-c97d-db13-36f1-cd2ef96caddc,train
d4ef47fb-337a-eddd-d286-bccaf03237c9,train
93256ba2-7fce-7f96-8a31-e6a9c748ccba,test
16f7a299-2432-afb8-0959-56d0d92ef481,calibration
c606e8b9-b6a5-12a0-9888-07387f4519f2,train
6531d5f0-f0bf-2aaa-e710-577d33cbfbbc,test
922d8dc6-ea7f-8914-2ca3-856425bb2097,train
f99d0ca3-84b4-6bb3-8d63-8f3e0f611165,test
4a0ec7c7-74a5-c360-f8b2-cf91b14523db,train
6fbe6e24-07f6-7ed4-6426-707a5ae2c1ff,train
99c8c89b-75a5-7dea-c18f-612a79c79b55,train
6998c5c7-04cc-6169-3064-0bdf64af5560,train
aa014752-46ea-1c11-b4dc-311fd4c2f77d,train
18fadf84-ea95-09bc-b980-acde38aa5e76,test
0ff1affe-5b25-6fc2-2ae5-ba6275deae26,train
f0e5136d-97e1-cac1-ea5a-87edbec2f2ac,train
1ebc9f12-3f80-9433-8166-a7fd02f1ab18,train
16d4750b-12e3-142c-5eb0-66e4a1570d0f,test
6c155bf0-ed47-57b7-f7fe-0815f55402cb,train
d8f1f648-e472-dc9d-8f76-0ecec455e111,test
16f52c15-098e-6a74-4833-f20bd4cc016c,test
a897b3b5-c59b-49f0-daba-090065b73525,train
91c11bfa-dd23-f61b-6cea-d7cea780ca9d,train
6c93ec0b-6e5b-940c-1dd7-b8540c799450,train
1bcde27d-04df-b660-ec45-a0fd071aa162,test
4f0cc921-efef-a407-4de8-751b0b9ea259,train
8bc320ec-1ef3-fbf5-d572-650affc2891f,train
9701991e-2060-e760-d587-b45d86477336,test
f8ecffa8-dc60-e220-65b5-534dac43be2b,train
fa8fdff4-913b-afd8-99e4-2b3df92f99c1,train
a6471840-ca9e-572b-6184-d6da0b2a67af,test
b35ada07-c04b-a560-ac13-78b0ebe4c414,tune
f69892c2-14c2-42eb-1211-768889fe0aea,train
d057ca13-65a3-1461-0b1e-d8c5abaee0b9,test
96b694fb-b60c-ee92-7946-33dafdc124d3,train
ee2d95c6-13d1-8068-934a-6f994e9211e8,test
4878f6f6-6c28-35f7-03b5-df5eaab4c362,train
307051be-bb6b-3540-9fad-10fba3471e9b,test
e2b47cad-6e5a-56e2-5935-04111061ed47,calibration
ac234689-a862-985d-9ceb-f3070e39899c,tune
54d8d2c4-74c4-fd64-d27f-42b03cebeaa0,test
095d2697-4f8b-d4b8-6f53-e4d4785f17ef,test
6130fc02-94f1-f05e-2391-e136fb08cc9d,train
e3c0c836-3908-4127-a235-91f2581dfc98,train
c4705eec-f211-cdee-e0dc-ffd1d89d8549,tune
2e0ae3b2-91cf-a40b-1cdc-c0d80d830341,test
93e97580-da7b-2aea-c588-b68ea87361dc,tune
c64d069f-0def-8eb8-77ad-98ea079ffb59,train
6b856a2b-d1b7-9971-db56-aa04861fa140,train
7c9a0df1-bb0b-e3ef-5ccd-c53aa44ec1fc,train
89b60f94-5b8e-d2ee-e35b-0a13c2af4217,train
6ea989ef-7e59-7708-571f-52b7430651e0,test
79e9eae9-98a9-5452-545f-492fd60be112,tune
44817a77-8494-6476-31d1-d37f414ed751,test
f4795dc2-f4e9-57a6-1fa9-c949f7e1d7e7,calibration
86c56f99-68b0-729d-47a9-591681d2377d,calibration
5514ac26-7ac4-c6ca-791e-eb81a7ad89cc,train
fd402903-0b83-fb1c-75c5-72a102e83b80,train
b45b5392-2143-9801-ed71-61cf8b7b7d3f,train
a6f0277a-a0e3-6122-2748-95dc7e95be08,train
d13646ee-a9bd-8b5e-a692-ccde6093df39,tune
b8cac3b3-1175-d6c5-ebbf-ef60b6813e4d,train
03e35881-de09-9c3f-76e1-cf1d72f5d8d5,calibration
4d33a73f-0895-352d-fb09-4b6458a21c5e,train
bb5c992f-ad33-bef5-fb94-91bf24cfab8c,train
4e425db8-8805-f74b-12ab-df0c0665b48e,train
93169fcc-5823-387d-bde6-f8917c061d49,train
38455934-f08a-7821-ed1b-5796d44b142d,train
1433b9d5-5685-bee2-3e5c-61975638fa41,tune
aa32dfdd-927b-d144-fdf2-9628856fa42f,train
caff1069-59c8-a949-8bd2-9dd0fa42ff11,train
d230ebab-c846-8a77-e80c-87ad5b044a4a,calibration
2ef17ab1-ad6b-2948-c678-9d2960c990e7,calibration
5c7c826f-cddb-aab7-d31f-189e07a8a131,test
718b02e2-78a8-85b0-9c45-592f8b68fdee,test
9fa32ef9-e06f-b4e1-8d09-eeb89d7b6ab7,train
56b99ffc-39f6-b8cd-23e6-2707638e76be,test
045edd4f-8fb3-5f1e-4fa2-d2f0dbac0a82,test
25572c0b-5544-2edf-6fba-918f830e119c,train
f0927e0b-6ef4-4c92-1a57-a9505cef99fd,tune
e97b7a6d-558f-e5a9-2148-235efb7b7334,train
da45fcac-4fc2-01a2-c929-1575a1fc394e,train
b8649d59-2a96-4853-23cd-ba8c01d414b5,train
59075166-7fa8-6ef5-be0c-7121913d0af2,train
87b0912d-1787-fb36-b0a6-e1a73c20813c,calibration
4eb50220-2930-02df-c35d-37d904699c0e,train
da32a6b2-be0f-b7c1-43f5-4200197402f9,train
88dd2014-bcec-2881-7cdf-115c6c1ab560,train
00d3967c-edb3-5bec-b868-fc52724c37b5,train
26598906-9df4-1e7d-61ac-4d71f6a12ff4,train
fe220a0f-2344-46c5-5939-6e7e98cb39e8,train
89e7c4c2-a6e5-db9b-a658-296c0529cadb,tune
de9c83da-7fc4-9772-cb56-33d31596798b,train
38da260e-a7f2-1572-b7f5-93cd5873970f,train
a0584fee-0937-ccd6-13f3-1824bbb4d723,train
19ca6d9f-2ef4-7bb3-58e8-9044e8d9e813,train
25c5c22f-9526-3a93-f4b5-4fc2f7a24cc1,train
f8443f91-93aa-457a-d740-eb6a3a39d4fe,calibration
5ea96d94-b33c-39cd-7c62-3cfdccd730be,train
5e040f85-8d63-0141-cf2f-6daf803fd3d4,calibration
24391c49-eba5-04eb-23d6-493e7e27816f,calibration
8b61b8b4-aefe-42ab-24b4-f666b31c148a,calibration
74f89978-7fed-0682-99ab-fa9df59d4948,train
dd1b0625-b896-cefa-39dc-3c49df291683,test
0528dd3a-5667-04a5-ed71-7254be11ae27,test
24410ec8-d98c-e769-4e69-557c0ec711f5,test
94d8878a-c1e1-ebb4-95cb-36ce5c902b07,train
3304c525-ee6d-a09e-1bb6-8183c798dd34,train
1d06fa6b-74f0-d815-58c7-346130eb19a5,train
9f347f19-b433-8fe9-abfb-d0b2c28dbac5,tune
5fba5d4d-2ab5-4551-5a98-aebe78148a2e,train
253b4c4d-c6ae-1477-0fd9-21aa5a6b6f01,train
099e8120-9a69-c54e-a8b9-98126c2fb336,calibration
1ebb7306-0637-9e75-60b5-cab861df47b5,train
de9212b9-1659-8c36-e116-3f7d094aad93,train
ec5ade98-f996-a630-4478-32d916d60f40,train
80dfe2e6-46c4-fc8c-cba7-9fc8edc8bf75,tune
964e02fc-c99c-aded-bb92-de5b803a4717,test
63c4f726-7c02-58ee-3931-44c3ad28a6fc,train
1a525c42-a396-fbca-fd49-31d1f7ca6b88,train
0f5717dc-7b74-396e-28ed-f5f40e12f646,train
a9db473c-24ef-c240-548a-19b26c774635,train
7b8e123b-c41e-d1bc-3195-8f0209f288ce,train
0f8bb303-12b8-7833-fdfd-59b3ab13cb5a,tune
953126ea-feb2-02e1-ee43-ae2e7bd8d41d,calibration
04863656-c83a-3712-3e91-2043fee29f05,train
84b57385-f74c-969c-49f9-e4fbcf352b17,train
967c5193-a3cf-e31e-3d36-c12f4bf7a74b,train
ddc273a7-b86a-fedd-3580-60db5d457aab,tune
a8583842-66a6-1cd8-b9fa-067305fe1171,train
2d38950f-f344-c7f4-f3f9-bd69da269a67,test
052216c8-9ecb-02e1-22d1-ba28b58db6cb,test
ca1b79b0-5213-dc88-0bb6-821b41e6b85b,tune
d5a47239-6184-7adc-6931-46d986835900,train
58275a7a-8c2d-512b-be13-9297eb7c57a7,tune
5309d9b6-cd53-6fc9-2a11-77ba417baa61,test
e4165f04-2377-64ff-f2a1-52d7d89bc8c8,train
42857fcb-fde6-551f-6eca-bd6babd9aeca,train
6eee68ec-6846-ee53-62de-5f4931c2ffa9,train
4bd287ce-def8-ca53-3155-4860f5310cf6,train
1af238ac-6a32-ef3e-40e8-ed7c0abc831a,train
9980bdb1-b2f5-c243-bd88-65f5dc3ca057,train
f82c1049-d1e5-0c5a-661f-4495198e1989,train
134f8798-3003-8f61-e0a2-bd4390ad23b7,train
3ee4769e-60c7-a9f7-397c-d4070a9938a5,train
e220f858-2d26-d21e-4b70-0961cc0c9a54,train
3f7e0a4b-f658-ec46-f2fd-f8c318976c93,train
ff148fc7-837a-1eea-1ddf-228bdd687128,test
9a507a6f-d57f-37ec-2c7d-0be01e6c43c7,train
fc81f284-2c50-9cf3-cf95-49f19c526cc6,train
a7e94958-364f-4a5c-e038-f5d7efa0d995,train
9b443ff1-4bbb-4b46-c741-97dedcf74b90,train
9ef9ddaf-de89-500f-4fc7-4b2b37bd86b3,train
2cdca578-c165-b4b2-d9db-92140ad6a437,train
ce5210d0-d7f2-90f9-7cf7-49384efd551c,train
8807c897-7ccd-9d2c-aa39-dff4a94cd353,test
44cffd2c-da7f-a987-cbff-0b62f033d22b,train
8516bfa2-2429-6fff-a630-fb17b2d7b177,calibration
5fb55d5b-0bb6-eb1d-965b-9dd4b28e08cc,train
c1b6401b-0db5-2de6-c3cd-69fe990439b8,train
e6042226-986d-88b3-c924-38568442e977,test
e451363f-505b-6fac-d718-4ee9818e00fe,train
55f07ea4-b988-a8b4-e6cf-6b6d7ffa4004,test
5f6a71a0-e3b4-1a06-ce2d-717a19d1d30b,tune
1a39814f-b519-8623-3ce5-afc441da55c6,tune
b815440c-0103-3413-fff8-55e2551dbd83,train
a6436359-addf-ec79-b5da-e05d9bb7913f,train
038a174c-86ef-8ba9-b0db-08bfefeef38f,train
ed1fba7c-c804-954b-b382-ca6332da9efc,train
f0e69ef3-6ebd-5ea4-530c-6f8c8ed59bd0,train
7a37ec75-aef7-15bd-c659-60de145c3b5a,calibration
36dae618-6dc8-85a8-5ef6-9f51d519c1bf,train
17a39631-97ca-8bdd-c699-b28b9c3bbc47,calibration
a8f052cf-fc7c-f31c-b54a-6d9146336f80,test
6c4ba509-b1f8-d242-569d-860a84a252fc,tune
a2a11e61-8eb4-43e1-c53f-d74f3e5f198c,train
b073972d-cdd9-7732-d915-9c19b2218898,calibration
2b410641-425e-b0f3-195a-05df16d1c28c,train
c45548d3-707e-a44b-2e68-e5b06893280a,train
894c0e79-6af8-d752-e0eb-19e1cb52f5b3,train
7d95060b-107b-11f2-7175-0a43da73a6cb,calibration
299e7fda-e844-0934-d843-5fa62d43c0dc,train
9b365ddd-8dba-0ea1-8299-b135b08fef01,train
2fb72ad0-365c-3903-975d-a5d1e28022e2,train
d6e672c4-72ff-fc2a-0fc6-d969192a06eb,train
18ac1fbf-13a9-0367-389e-8855ad272391,test
370b7728-e737-2618-7acd-e1d5042692dc,train
8bb45ecf-7727-867c-aaa8-1dd97a125c16,train
5efaf319-3f7a-4b5e-2457-27b2e8200bcd,train
bf5847d8-d0e6-432e-be22-1c455742db59,test
3a09d74c-11eb-a60e-ba74-e942b23034c9,test
d1b6af9c-88af-577d-651d-ebcdba0044f2,train
65c7b76b-42f6-38ab-1183-47949a9a7558,tune
85cedd19-d4ce-60bc-179c-ae0b06378636,tune
42672558-cca4-d3f5-0ba2-a47b2bcb4648,tune
0dd38a23-dc88-42c1-aa76-a2b14b5342d6,train
8cd9a28b-3269-9634-c743-94685e9e8269,tune
6f489422-7c43-0062-6bbb-2c16b344f870,train
18b7d5aa-d2e0-f4d5-f021-0499f84d6af3,train
220dffea-d555-eb35-ee09-af1afc55c73f,tune
a9feb9e3-965b-2764-e9c6-3fbb7f7eabdb,train
a935ed72-8b44-52fd-e678-c844ad184c86,train
ab383fe1-3814-9426-db94-344fd195a136,test
a4c2cef4-238c-e5b0-c486-cd287268cf51,test
7c2caa84-d4f6-350c-05b2-2ec2c5ecfc42,tune
2177dce0-2f4b-4b01-010f-12f324c25edf,tune
c9728423-39d1-0c54-dac3-f163592ab9aa,train
95fc6169-4611-252a-3487-1187325ef267,train
4922d499-c93b-e710-c1b3-12edc24ae904,test
42a64ee7-fff1-0dab-41f2-5bf313a718c0,train
40471b25-4dd9-083a-6eb4-d282bd3a1562,train
6a0e21ef-f1ff-b9d6-e495-89e308de127b,calibration
5d5c19a5-5365-d667-da49-34d48d7ddb8e,train
276cc35c-2ea7-1d51-4826-16761af2cf32,train
b38e57f8-a8aa-f46c-386f-6a81fee323d7,train
e34be076-a597-ae99-4070-bf7ee24337ae,train
b8b351e3-f7d1-1232-4876-3ec604237cb8,test
9f83b95c-c53e-ab0f-3547-c13fbb28dc7e,tune
a5595022-90cf-98b7-53e6-c2d4a816bd3c,tune
7321e8a7-da13-eb9a-a2a5-9e80ea67649d,train
e708bf35-0c27-bd54-f004-b7e8ab9f02b4,tune
73c37e43-2c6f-e0f1-04a3-c5e009214ae6,train
9b942655-a4c4-cc13-2d54-66e9e4338a68,train
187fde5e-baba-a6b0-d9d7-254413ada8f9,train
e4aa3c91-193e-5ed8-4084-0445df3490be,test
ca50cf54-f166-a7de-2df4-9e0a32b81c3d,train
7ad61efe-d0f6-a8e0-f1e7-01c4128a9688,train
2d9ffa12-03b9-e0e5-e715-74708ac548d5,tune
73ff17fc-7d0c-ac45-8c32-764565f594f1,train
d5582952-92d4-aa6a-2543-6e2e06a7e591,calibration
a90882ac-3d2e-4732-98f8-c9a33641f933,train
15eb194a-02bc-ca55-8dda-8158f4895af9,tune
9a4f6cc5-72a5-4836-5a07-6fb7a59b95eb,train
1c4cb4b9-5792-0ff0-11df-36a2e53501be,test
2d52db8e-f3dc-3d58-ece3-5cb3e2913a9c,train
87e08499-b0ce-1850-9715-f1883745066c,tune
d7486947-50bb-ff36-e990-ebf35ed30513,train
82467bc8-1fc1-2a48-ea38-86109d53296c,train
8334ff5f-1e77-bf44-970d-ade7d8824861,test
e99a9b63-e63f-d908-f302-9b37a8379744,train
4ffe17c6-d290-ea5b-267a-fd1bcf8ae843,train
35811202-6010-af1e-f4ab-a87822708812,train
402d889c-c804-b84c-fe8b-473dbbbecbdf,train
70f2dcbd-bee9-a1df-8c87-a4f68cabce31,calibration
3a774e03-8ff0-7f5e-a3a3-5c8e1ac8b262,train
79f95187-9b2c-6de3-a045-46aa13d431b0,train
4d015cd7-4011-8ee6-8e58-80b9f6897537,train
0918fbd2-960b-fb1f-6e43-cc37df440b2c,test
ac9c3af8-63fe-aa6a-7063-706a3a1c9c35,test
06e980c7-064f-0ab9-e638-6d4526a12b01,train
15531844-a360-ce6a-d58f-f9bc68c68c7f,train
c9b1804f-e351-02a4-5a3b-e1ee8fca83bb,train
ed530fab-834f-e690-d38e-9fdc60411c7b,train
fb58c00d-13c9-a5cb-3b1f-931365301a41,train
2829604f-9dc3-3e24-4372-0447199d9da1,train
1d66b2b3-e1d5-b5aa-6826-7215444d59c9,train
5f7e2ef5-8010-724a-ac2c-c1d3b7c83eb1,test
adaa650f-9bd8-1317-35b7-50b864862828,train
28641157-abcf-733a-79af-a82bff540b47,train
a10705ff-4ada-77bd-a75d-0b6961540eb9,train
c7d01895-bbaa-9d15-1cc0-bb32ef9c2582,train
98542ec1-a9e6-fd48-c651-36dde004ba3e,tune
19f1be5a-122b-4ef2-ffcc-d4549f86e954,train
aaf6dadf-5157-f1c8-290a-678a777c3d48,tune
f57e8051-374e-9fb2-aa53-3f26b9cf4e8d,train
ebe2c2b2-b60f-c0fc-2e75-f65f2539a4fb,test
8efa915c-ebf4-de86-b9c0-20de61a3df46,calibration
619b79b1-dc0f-0aff-76ca-c5954894b806,tune
7f0d29a3-ccbb-0b56-cadb-c1e29bdd4d19,test
6a2a6445-bb44-c57e-24d2-360460d29ab8,test
7cdf14ef-1ee5-c4fa-fd0c-07cedaf0125f,train
2bb5a6bf-8be4-5740-9004-aadbea6abbaa,tune
71dbe786-bddc-af7e-3a25-739f1177bb90,train
7e18106d-4f6d-9964-96b8-af3980b0d7d9,test
bd12dd04-46a5-43f0-d2a9-ab55760240d0,train
5cfd4616-8554-24a3-3d34-5bfc52dfb707,tune
bb26b667-8519-119e-970f-04cd49f442c9,train
a318cf3b-876f-ccce-d060-96fa895d2564,calibration
15afc258-8ee5-3f3a-3de6-d1648facad6a,train
816bf31e-3614-537c-7908-65e0bed7104a,train
854c6aa9-6aad-7093-8da4-f6dd513098cb,train
b3199938-638e-a2bd-0b6b-61c566616798,tune
869e0312-a0b4-05e2-21fa-7ed80f0738a0,train
ebcb56a6-4ae5-591f-3e67-3478e695a4f7,test
b3e3d556-3c0b-67e4-5782-0a494e6b2baa,train
045be81d-766b-188e-e3cc-4ba862a25cc6,train
b6b7b1b7-855d-910e-6181-08c57132650b,calibration
cd7b82bc-cf6d-cc62-1773-7dfea84c4f3d,calibration
981cb1e5-4e9b-3d0c-eb56-f630b6778ca3,tune
0b85e357-9b57-51c3-76fc-df412b78c07b,train
e1a8b687-fc28-7edf-f326-6332db186f75,train
a66563cf-f139-beb1-530d-686fc041d6a4,train
7818c1e7-400c-f51a-e2fd-1a561bdd88b8,train
c4ec7295-8dd9-660c-6a89-ec3bb7c9090f,train
b8113232-9b51-3022-7726-fcbd868d5cd1,test
51714f27-3567-100f-96e7-b3ba2d35178d,train
9c6489e7-06e2-f4ab-fb50-1210129c1deb,train
b682b304-ef56-48d1-4eb5-51422f9c554b,test
d06fd73f-c83f-0237-06d7-b1f23aab099a,train
66a29475-b60d-2fd9-e4e4-c94c0e1d6fab,train
07f3b0f8-4547-5f63-21c0-2b196cf11551,train
d9b3bfaf-0672-63e9-3e06-fea7156cbb2e,calibration
7e5a2dd2-ecf4-dabf-29bc-080588806a48,train
7778b104-4f78-db58-0794-bcfe225a63e3,train
72d3e21b-586f-3c4a-b67c-cc5de23371e4,test
e02b6d23-4cf0-3153-e037-f410d13cdcf3,train
a34b4562-b65f-a65e-69b8-738006a72429,train
e8147b62-c185-0df8-6671-2ba7b7e4bd2c,tune
ed5bb352-2ecf-ea99-ada1-541f9a52cd6d,test
20e70210-b2dc-f091-31fb-0c6c80e60ccd,train
a4b168d6-766c-c2ec-bb6e-cb26288e3652,train
5131987f-a95c-88d2-16c7-25358afdd433,train
9655715e-30a8-2687-7b02-0f744e97ef47,calibration
e48fec66-38ee-b355-467f-665f3dd71ed5,tune
63340ae3-ee12-8c03-4715-1138fa35df46,test
6cecc08b-586c-d6e3-b049-e74c42c47097,test
2174917e-5939-82d7-26c1-bfe6977e964c,calibration
3199a5d8-5611-2886-7222-d160790374dc,calibration
b368694d-936c-e47c-1bf5-9f390ed0ada6,train
d08896dd-508f-3481-1d7a-7d2b30d73f8a,train
34aaac35-ef52-cb3b-8451-efbb69225f11,train
5f55e5e6-926d-c037-d6ad-4a69b6d8dcfa,calibration
3fb1a70b-17cd-29b3-f44b-b92668811d90,calibration
88ecf89e-e75b-62b8-ac74-e062ca86de6c,train
791b8e20-df91-c9ad-ff3e-8849a4138db8,train
a72bf3e5-6688-3fed-0b94-0c907e314114,train
fee28d10-57ce-20dc-7e04-16713321963d,train
33bb543d-8c99-80d4-f20b-c1d5252f0134,train
3034551e-fc3a-452c-e208-5d15658bdcc5,calibration
d5fae768-16a0-24d7-569b-6c8d490902ba,train
2ca63efb-b855-53fe-c557-7a69c46afb0c,train
0266af0c-4a36-bc6d-0025-29fe7085e397,test
0f90c2c1-96d6-9eb4-60cb-9ebbd7fb08e0,train
2a15b1e3-5e18-b7f0-088b-0332cbb5b8fc,train
6c3d0728-bef5-6102-dc09-17704ba08646,calibration
e02aeeae-a945-3107-9c8b-34808a83f953,tune
e5ec91bd-c2a9-d40d-a39a-c28bdc7b724c,calibration
1aedab6a-e4b0-51a9-8ac4-65829d38fcfc,train
a94a6641-b933-acf5-2cf6-ba43ec6c4c7b,calibration
5106cdb9-f3f8-cc09-98e2-0780f92cf798,train
069fa1a9-8472-3a23-783f-9c3b09c940fa,tune
de819525-d49d-7353-61ef-dc1ddb7bad80,test
bff29cfb-088b-1594-1f05-d410d7483c54,train
71657222-3d3e-26c2-3dcd-04f837626870,train
57dc155a-718f-475a-4d16-3522babe3c7d,test
b7c505b6-e664-219e-e341-058c3f4d27b0,test
dca63b50-2d0e-b61b-cd38-66061699138e,train
45961beb-a619-eab8-d243-71acd7ad0835,train
b6bb16d3-72b3-a5ad-c029-69ac496a4008,tune
fcd6a0c9-d858-61e5-b6f3-f6ef397abc63,train
e3e36fa0-d74c-55ef-2240-e7d5e6fdaaf9,train
0d808f76-8116-f688-e239-3501d82e4d9d,test
418e15ef-ac69-e16d-be05-5c14d7dcf5bf,calibration
d671e841-fd90-95f5-3b5f-f5d6e7b96626,train
9e1b589d-5a62-3be5-d653-ad1619bb5b5f,train
89ac9d1f-c18a-c285-41b4-34aed15d5d31,train
a48462d6-59d7-2d74-1b42-c831a9ff5b85,tune
e3e2cccc-1f5d-6e41-6979-ce4164dd7d21,test
8525238b-3a99-2919-34c9-cd7422d5ba32,train
120b00d9-116b-e351-3ffb-d1d05d6f2a07,train
c988f450-0907-11a3-e9af-437ce5978501,train
4eaab52c-36be-d34c-4244-a0c974a24d84,train
09d42446-39ce-74ee-c6cc-ae1a17d8ef3a,test
e33a1acb-599a-b4ea-5fd8-31b7466e7d75,train
e4338021-8c84-64a0-dd15-f39af2bc25e9,train
abfa1eb6-8bc4-44e9-bee5-09a8eaba8ff6,tune
d6fedb0c-e330-46dd-4177-dea6ae113c27,tune
e520e471-b415-bc61-7c1f-6cbb53e641a5,test
988dcd1f-2648-676c-78c8-f5e4e76fe7d4,train
6d20ec56-27b9-3ed7-350e-468cb3e4a486,train
e343984a-6d70-a55f-6a91-66099b803daf,train
ca8f4476-c2e6-b788-c9f7-b59f06c2cc21,test
9e16d823-c52e-1bf8-0dfe-31b41ed139bd,train
6e3e4409-07b1-e198-cee3-0fe395e9fe95,tune
ec701d71-92f5-9b56-a1aa-49467d9ae9ec,train
7bcd450d-a8c5-0d68-2f76-656584cd9057,train
39c234c5-72dc-e873-6eef-5be70f73d50e,test
1a012abf-a711-7faf-4f5e-f2b2e3b32ee6,train
2096b51c-7861-75a0-618e-bdfa5d29e333,tune
4b87dfc3-8e73-2004-8794-77c0fff52ee8,train
b3572cdf-db4b-89b4-b36f-d869a00dc0e9,tune
15589ebd-b769-7006-7e4e-7656b23555d5,tune
367df390-6294-29ad-5c25-7916007cedc9,train
67c91755-73bb-cb8e-7908-e59aaf582faa,test
21935283-fff6-3064-2e3b-be765761d8ad,train
dc906748-c064-7c6b-218c-5d6ce9f674e6,train
24c8330c-9b2c-4479-0d6c-0b99b359f055,tune
78c012f9-1239-dc16-61fd-26acd1acf140,train
324da71e-1e10-9999-d9d5-f4837e71fd91,test
8738f93a-24b0-2d7d-99f8-caecc3f03ca1,train
3f728d32-7ac0-b28e-f6b7-f65213fb46be,tune
c2050727-4563-b183-94a0-4108d53cdcac,train
3be7abc2-b198-5211-996e-dafa807c6919,train
8974971e-b859-7914-b0bf-7e9fa5216cbb,test
34c58fcf-6d84-2604-48af-e46197cf1544,train
15284d00-76ea-5cd8-3ef1-56f5c551aaa9,train
1a456312-e72b-29ec-c25b-ae0d424a964d,train
28bf5e05-506c-c87b-4e15-7bb3ad33c65c,test
f9f7fc23-6157-9c14-2836-120963a697d6,tune
8ae5c507-a809-c004-d111-00659c841fe7,train
f91ab1dd-c5c9-bd42-da13-597a6f6a4b3e,test
64d9d80e-74bc-ee33-e06a-2a5cc7a91c04,train
8bcb76ac-b804-d4ab-e0b8-5d8d546c2769,train
c5d4181e-5930-25de-2ac1-765830d3edfc,train
9916a1af-d6bf-3d30-e644-596662a12f92,test
594cd2a6-34a3-1620-36b4-7b8a94e01ef1,train
2685afa8-3031-6474-da5d-8df49f6fc253,train
d8c5fd70-5db3-3924-3251-764a3d5d7571,test
149927e3-e2c3-e6f0-8136-49e9a44e86ce,train
4189feb6-80a5-8712-fc89-7e940dbb91a0,train
e112a045-96b7-eb5b-fd0a-7afb1aafdd35,train
8005efcc-14cb-8a70-04ed-72f215b5e65a,train
ff17a320-7c77-7e87-5926-6fc1229418ba,train
1af866fc-46a4-0780-11b2-87fc3431f721,train
4dbc6e45-01a5-fcd6-cdad-7d927b35d628,train
222992ab-d13d-45e5-fc2e-04369483440d,train
9967dcd3-8535-28d8-dba8-35412813f4a1,train
45c21042-1ab7-5f07-4a1d-3e32f2bb96f0,train
4ce9cf38-3e33-3efb-d6c3-c4ff0ba332b0,calibration
e28e7db1-088f-3356-ec24-62cd6e0eddf2,train
5d95bbf0-1b38-5661-8ce1-83c991319dc1,train
3bd7d776-2bb9-02f5-b204-8aaf826074a3,train
d9b34639-b3c6-de76-4621-530fdfb5314e,calibration
cbb3f909-d39a-40c1-8c98-a8e2f32860c0,train
42579faa-4ece-eed4-9795-6dc7ee1416c5,train
41b23958-4d87-d7e4-4023-36cb0b62f92a,calibration
c485626e-79f1-d93d-7840-02198021f0b1,train
81a3f6ac-8774-ef9e-e460-0aeb5f8a721e,tune
56bff028-3307-1700-5d75-e01e291faea5,train
9a29474b-c12c-01e9-c187-6d9c57723cba,train
f1643029-89ee-4c01-1a59-926c6bfb23b2,tune
cdb4de2f-ac32-fe98-f4de-6daaf5634b1c,train
e4c8df53-9e54-bf5a-0105-7818d62bbec2,train
c815321a-c230-a111-43b7-5d1379ce4ccb,tune
6356c3fc-8efe-d557-5aba-723023a66bfc,test
4794f899-7e0a-f8ee-fef7-7d6a0dd6b2e4,test
10d9c52f-d562-c87c-4615-3d1e84f06265,train
9e339b34-33ea-fdc9-d2d9-5d6ac42c6e56,tune
6f605381-b7ff-7605-6c75-80eaf6891b22,tune
64fcfdb6-2f61-3c1e-d50c-e589d2b73d08,train
149122c8-a77b-5926-5be2-b92ea7749f64,calibration
c47b4342-04e1-0e77-eb89-7123ceba57df,tune
05b8ca94-a750-478d-9bf7-5aa8cdf4b199,test
3e64d7cb-4907-e24a-fca4-66ad288a0618,test
5eaf6ce8-a540-b2cb-2550-c7983e64973d,test
477d60db-73c9-211b-8dfe-17fccac3840b,train
be1f34c1-37e9-d1e3-716f-6fbafcf42620,train
ebd564a3-953e-5e50-3341-6fc5c2be60c1,calibration
469361bc-0ef5-055b-298c-e2951764fb34,test
312ea257-1f10-a264-dc33-0335bea411ec,tune
b77d676a-ed0f-f2a0-76ae-359cd4791e04,tune
129a77fc-26b9-4248-ae10-274d17925042,test
f9f1214e-0bc9-3515-209e-a468ddb975cf,test
264e0e6c-7a12-5298-8f5a-fc68accc2f0b,train
16097b27-27ac-defa-9633-b553f1641821,tune
611f7a48-cac6-2e47-568e-554c71f90986,train
6b8f188a-e41b-68ff-81dc-cea4f743d0e7,tune
df585f4f-da3c-b58c-2e9f-247cb3d86031,train
5454c161-be30-765b-c6c8-0e1621805557,train
e9f323d3-0f75-283a-226b-db6ffe8d3ba9,calibration
87212d58-50f3-6479-9bf7-4dfdd3080e30,train
c0270712-e284-4ed4-8e35-f9002b358f7f,test
03653bfb-a877-b279-53e1-172cd14afd22,train
53b2bbf0-2b8b-df7c-3c3d-b0d489f028f0,train
47970c94-3db6-07a2-0120-eed8ed66866b,train
d7ba1bbf-40fd-aa3d-6c40-4ca4d1afb8b4,train
a35380e1-8778-1dd0-5341-ecdc76356651,test
892db76f-fe32-5501-4f1c-daa67cb58227,test
7a705d64-f5ca-367f-ca7e-c1df33dce80c,test
929f04fb-f7a9-120c-9302-7fb24f224632,tune
2a607c74-24fe-4a78-8d38-f0a7457940c4,tune
8bc7a26d-28f1-9f50-898f-a441a0d47fcc,test
75e2e20c-6536-2788-4b34-95ac6ba1a5b2,train
2af95e63-9d1a-3281-be9d-25de7ffdfe31,calibration
02c77b4d-b438-4a05-c6cd-4585722bfd45,tune
e95bd896-43a7-1534-46bf-21adc4919103,train
50487557-818b-5f9b-20e0-76b8e94f8b26,train
7fe33416-ebae-8c01-c336-86560888b683,tune
8f2b6c07-d153-466b-95a1-bfe2c1b59219,tune
30d8f9ea-3909-547e-8da8-876d0c774600,calibration
4a4fbfb2-7b52-8008-a468-425cecef1c63,train
05a11d26-37cc-25e7-4d81-3da77f5443da,calibration
94317310-0ab4-fe56-1364-fd8f07589b24,train
4dfca416-9640-92ab-c852-f8d29e107524,train
81a25eca-e740-acc6-79c7-3b9e285bc537,tune
bb4ca8c1-b2de-7c7b-7630-f24e4171a2bb,test
d6be641c-6173-f909-c2a2-be873d501fc0,tune
f91ece26-e0a0-7339-f51d-6ee6df17272b,tune
9e318e41-40eb-3c2a-70c2-76608add7f41,train
58fd6640-a0a8-9c82-6576-b49d5d7256be,train
67a29b26-cfaa-ad50-c26d-1dc1f0094638,test
0bf2c64e-e2ff-e5c8-36ba-12400923dac1,train
cd8fcc73-cefd-c00c-0b16-b1c5541981a2,tune
fd9d6d6a-ca63-2ffd-85c0-b533f3859d12,train
a5f91d57-a28c-9d9b-6a98-35ae27ecb213,calibration
cdf3e5e2-243b-2562-b25b-4247b78528cf,train
14465dac-8dfb-98f8-9a9d-198b41826cc4,train
14e55faa-b64a-b1bd-81af-855cc43c5327,train
b4ac398c-a933-a745-41c1-eaa82f2ad990,test
29c37ad2-5831-7287-1bf9-26b83fde4f04,test
0a5499aa-5f9f-7ee5-1d3b-d4c1aa6d6f95,train
7ededaf4-26c6-180a-daa9-85721bfd385a,test
61c64854-3416-5d8c-15e3-a554092f3721,calibration
9c87f649-a53e-bad0-385c-16e9b88bcd31,train
d238e041-eba4-3ce9-773c-fad97ba9205e,test
e95dde38-c109-c897-3749-0d0da7049866,train
1cd011d0-9068-f469-67ae-57ee1669cc32,train
bbe1249a-2405-bf33-77e1-0eca4065dae1,train
0b457fd6-6fa3-b700-cabe-e1d0ef260576,train
e78107a6-a785-da0a-df2d-cb471c57e72f,tune
42f93321-5e96-5157-0446-83308c066a33,train
4cc56927-47ff-27a3-21ac-4e7d7376e29b,tune
d059f3ee-ec6d-f0d0-4a1d-47256141fd9a,tune
7e38c675-4f82-dd47-1481-13bba1371817,tune
ce0dc4fd-e97b-aa46-f7e8-06f406ad4028,train
b51a3780-8914-0739-7a2a-e7d7d86784bc,tune
be8961ce-ec8e-6c06-9121-6c89440bc904,train
c606cb60-1d1e-2a16-74aa-d9afb50406b2,train
4bd9ec4a-0cef-d071-d371-3fd0670cd552,train
9092ac11-fd04-3f68-4acf-1386fc3f73e0,train
d79bc3a3-3b20-f3cd-9af0-84b4a2c25e50,train
fbebce71-41bc-2bf6-9bd2-d6373a698802,calibration
da63aee9-1a96-b688-c05f-342d932c2a12,train
4e2d98fd-2f99-532b-e642-7ed974b81fd3,test
9c33c3db-cf54-8bf8-423f-9f370efbf78a,calibration
fcfffc6f-5bd8-cfc1-ee9c-2854d9956e78,test
73ed5cd2-5254-fb21-8554-f7037deb0cbb,train
f8604273-4103-827d-205d-db651f47745c,train
83d17cbf-b5f5-2952-20a7-1beffc6dcffa,train
9cc3eb1d-f103-d28b-a801-d801e1b426e1,calibration
244c334d-b53d-48e9-6840-7281349d4623,test
77be0458-0aba-8be7-d3be-c2ff9455eae6,train
a41f58d2-6a1f-8159-4728-49aaa395e1b3,test
ab2c629c-ad7b-2939-9268-6d1f9e2c2e94,calibration
8447b23d-21ad-4a27-f804-8c9f6284cca6,train
15211f39-9d72-00e8-3ad0-c809935e577b,train
bcd7fce0-efd4-eb0a-e549-f8432a25f101,tune
8398d717-ce94-898d-d5ff-60e5bfcb5f88,train
e4e66e43-c119-2e6a-6ec4-3a7fe9c960f2,train
bf35f141-d6ce-8f77-cf18-af17328ca62a,tune
46ac5218-4ba0-0880-b5a6-5a94d282f36b,train
315feef7-3d7b-1cf6-bc16-3dc2e1cd38e6,train
a9cf63ee-6720-8e86-4034-9c1b4890e281,train
93aee8e9-fd8b-fbc2-78b7-491c69d4335c,train
8eb1e217-9136-e743-55b7-66630d0ffb34,train
133fce21-c3c1-b10d-af60-d33292e17ef3,train
bc85cf6e-a096-8b9c-2e83-04745f7fb854,train
cab501a3-c84c-7c32-63f0-d941143b6277,train
5d554d82-4cc2-f456-a569-763660be44c4,test
b611dc2c-50d7-0a05-7d2c-65900268dfd2,train
f2c86595-e45f-8368-8091-d15c4e489774,train
942e6ada-1c26-41fc-57cd-fb2c8509e038,tune
1f6876d3-a00a-a35d-061c-58b9f9f6791a,train
4ffafc7d-8fa0-1ea8-f9ab-acec3025281b,tune
ad294341-c080-aba2-1e2b-5dfa744624de,train
454781ec-cb0e-f8c6-dd21-f9fa729d1c48,test
925713f8-96fc-9233-0ab4-f8bf00219ba2,tune
5aa545cb-c0d1-5b2a-c3b4-ccc22ad142f8,train
1ecfe0cd-2a61-11fb-096d-97c52a6fb352,train
a571699e-b282-111b-ec99-6527e68c3e4f,calibration
e943fff9-8932-262e-b100-25a492b2afd8,train
76013edf-217e-aefa-8938-385cb4cf1d0a,test
f118c8fb-f706-ae7c-0265-0c3beb4f9bb2,train
afcf6272-b020-985f-b69a-e4349671f875,tune
e1596534-adae-7db8-9962-67cc20d9cf59,train
9900d205-737b-9c88-4b18-10e301b3f846,train
73f2ad55-b32f-b9d0-a430-6495041a7621,train
f279c902-f80d-1446-cb14-3d08d8813c0f,tune
33d78a17-6224-1760-0c44-30a9814658b1,train
fc6b3264-7688-814c-0e13-d524f55f4442,train
47adf654-5ebc-7628-2804-19ca68828a2a,tune
68710a31-7c03-e123-c29a-e383483be366,train
d9674a95-6d78-7f2a-8050-f318b46798e2,train
e07f9ae4-5eb5-a5ed-8414-b4057c41559a,train
c7feae93-ffe7-c237-ba8c-298c86639a53,train
30d1e096-21d1-6d65-baa5-f34ad8d4db0d,tune
5880ffac-5643-b562-b883-6166b88c1c29,test
9a1f018c-f918-d1ff-ff50-394fe387c5b6,test
f810e221-81d1-cc62-390e-43d12021fee7,calibration
a46719f1-cf66-59f4-30c5-d4dbec087f95,tune
aacbdb4f-44a8-2455-2787-fdb76b630677,calibration
ca3e729f-1702-1694-2a62-19cd51bed22f,train
f5589b75-ab83-4b1e-1a2d-a931c0dbd600,train
c01f2adc-6fd8-5da2-76b0-ce77317e102f,calibration
9bfa0175-6a8f-50fd-8b4e-959eef1a7426,train
74c85fbe-d545-fbd2-ea8c-be1846394e49,train
6351ed2f-c889-9e97-988e-495253a21372,calibration
fdce7d7c-9f63-51d0-d21b-4050854de7fd,tune
e0b64b2c-2298-78e5-794c-29dae90cbffc,train
0dcb7e9f-abf0-fe18-d2a1-b7b32879ef7f,train
a1a0ddde-b41c-c10d-ba05-b890adca03ed,train
b78df386-a4bd-2576-bcf8-16cd069f2fb0,train
aa2a8ce1-6890-d73f-0a6c-143851ce791a,train
0a608a90-5fab-f4b8-c714-d026d57be6ff,train
27c849bf-6613-bf75-b056-87eb47a647bf,tune
80b72c20-0a69-2385-dcdc-7f0430be101b,tune
ca60ca85-8cc8-7058-dbd7-8fc390f39863,calibration
6ff8fcf3-ce98-b338-e43d-686b35225eab,train
621c1a6c-8994-2d42-102a-4892a55073bc,train
e700b02d-4d67-f42f-a697-d9eda75b3636,train
51de2d78-1f5d-2cc1-f824-c05c942e559b,tune
ce2a76c4-fc2f-fd0c-b4c9-cfcd55abcd35,train
a7d09adf-e9cc-09ef-4286-2bd9c3b6d1b5,tune
54f078a3-cef6-3865-39d1-1a60e600a710,train
50cb844c-e029-2018-e153-7f00ac2dffff,train
0c284559-1f3d-07ca-79ea-44745878f826,train
94b1a6db-a989-7956-b382-bde1ae5afad9,train
2d514d2a-dda6-da4f-5e1b-86b38c1a4600,train
01d9f237-6ca4-d113-88ee-a0ecaf6d4ebf,train
0b6ba9e3-924a-d426-a00a-6abdca117ff8,train
0023d5ed-8134-3568-1e39-e7f6ca78eacd,train
e73f3232-fc85-f9e0-d046-3f100321565f,tune
8d2ead88-bf19-6e72-b015-c732db838fd9,train
01ade45d-b537-4f43-de6c-a2ab64fee032,train
dacf3a43-cea6-73bc-f3aa-ef52d4e97906,train
69c0b423-37c5-49d5-b3fc-adcdf7e96a5d,train
94744a55-4bb6-54b7-d5bd-1ba0f3124d58,train
2bef87a6-9c43-b711-b97a-ac784ec8e01f,train
62a2e6fc-5d4c-0c61-746b-88945bf4d0cb,calibration
feb49f19-bd1a-c09e-c8a4-443b6b0abdc0,train
98f50505-0eaf-5fc2-8a51-3d06a57947d2,calibration
5330f321-ba67-7ad1-8cd8-4de70b517553,train
116615f9-4e4f-0a8b-3efa-150a33bb405b,train
c3aff51f-94c2-638c-1115-b0ddc07fd94a,test
6ce358bb-7269-d3aa-72ef-66d3f494b954,tune
fe190d74-9e88-67c7-e22f-bd422e16fa33,tune
4c872067-a10f-3691-5fc2-13613c05788c,calibration
e236ac53-c08d-b6a0-e99c-4b523d2ce2d3,tune
29361877-bec0-561e-c86d-a44b3efab84c,train
4fe71673-6586-be1a-09af-16b9d7f1593e,train
9a1b9376-ed25-0a67-79f8-6377bc9ebde7,calibration
71dd1976-4ce3-3bc7-d984-1fb72ac527ef,calibration
e95791f4-01b1-039a-eff6-f1695c6075a9,train
743e750b-80e5-b8a0-b5c8-1559551e2659,test
2615803a-f717-4a20-5c7a-fb59957e2448,train
06d1a120-e2d1-e006-84b8-efc68b1b225a,train
34af0be6-d632-3f0e-c94a-35a3c807e655,train
93690e03-466e-59c3-b028-235884386907,train
09d7e3a6-0e2b-c06c-90be-aab46f54ebb0,train
38bff45d-8131-bdc9-08db-9780bddfc9e5,tune
b6c65606-07d9-5220-94fb-71f59b23d40a,train
50514941-f5cb-51d2-c795-6dfd740d2354,train
3c9f65ba-cf86-e3c0-c479-ebd6b41414a8,tune
c80c6fd2-e2eb-54ff-7482-4179d8d0d258,train
11a9ab29-0006-64b5-2ad0-6841cd637825,calibration
81f17c3e-dea8-07b0-351d-74e78a0cbaaf,train
a3ff21e8-0297-6dfd-34c6-b55030f84882,tune
a8a413c8-817e-3e5d-3d8f-b0b8d9f787b7,tune
ea5d39f0-e109-a6a7-8179-e14a80ff58f2,tune
773e123c-8381-587b-1627-d6d228c3db02,test
5b405a7a-6ffe-9a69-e7df-79bf77ed7594,train
b7b9fcaa-ee02-7bde-53b9-1b0259d2610e,train
a3335aee-4840-c7d6-d7ac-2be3e2c119d0,train
46371023-14f4-f442-bb97-84581a251b4b,tune
b1b01b78-ec96-7fa5-b815-87babd7c1b69,train
9c0ca98a-7973-ac7d-c7e2-d2b3f2f24254,train
e5cd6600-a266-a38c-18db-c6d1f116f488,calibration
923c5d32-e0e2-5738-de42-d2dc50b57ac3,train
61f7aadd-cf31-f069-a2c2-2133ce1e6f5b,tune
7bb40519-3433-f51d-ee75-cf75298b0d71,test
7d0cdee8-e365-63d9-ecf9-ef9945465a2d,tune
67aae339-580f-d28d-2ad1-75915682b568,train
103285d2-1eff-9806-b918-5e9797f381c6,calibration
c077c3d6-9af2-49a2-fb75-26c108ef745b,train
086e5de1-7e76-3090-533b-bcaa79c21c0e,test
99008b4e-6025-31fb-fb88-0cd903792627,train
34776b05-7db6-83f6-006e-eeed4aed5151,train
0e134303-80bf-c486-f8fd-f6a50c4535c5,tune
3b53e290-e199-fa95-2624-f7b79af07a72,tune
ca1e1b1c-3ed5-472d-bac3-4664d00a88e1,train
003abaf6-bf80-a610-af05-14a300c18356,train
028719f1-ce3a-fcb9-0d01-ffea187d36ce,test
d37ac4ed-8543-92a8-5bd8-d5ec8848e829,train
87e9d1b1-dcaf-d8b2-74c9-3ae8e1c9314f,test
f19e04e9-debf-0c62-dbed-f0a6d9c30f03,train
41fed436-8c99-3aa4-fe92-a98f7694bd42,tune
79bcec4e-56f8-3471-dbc0-f407ab04dc9a,tune
c380b2f3-25fc-924c-957d-0a05670dd618,train
160c07f2-40cb-ea35-67b6-ae9a7d70c7d9,train
5bbba466-8ccf-5c37-e577-960505498fc2,calibration
503e86be-49ea-46d8-9b4f-56586f44efc1,train
eac6216f-92aa-014e-3476-4c95afdd14ca,tune
9fd6f013-e200-9de8-baf0-ce36620802bd,test
9c44edc7-8a16-152b-728c-bcb990dbe37c,train
c3b39ab7-60e6-d87d-3c0f-234f5df9be15,train
e2e778a2-6e2f-484e-276d-99eac84f98d8,train
38ff7f88-6bf3-49af-8fea-7cff61fb0a66,train
f837348b-21ab-fc0a-92e4-e6c11e1c714f,train
3936efb7-a48b-6075-bf6e-431dfff37b95,tune
3e8098a4-43a3-db29-fed4-cc6aecebbd9b,train
cb36a805-fbdc-4b19-f368-f3efc3c9884d,train
abeef5c4-426c-8f43-e901-08c58b0a3f92,train
2e826540-7d45-9be8-df79-ed2409728030,train
4383c9b6-090e-50aa-aa3b-e2bee5faff05,tune
b7a2466e-8c46-002e-482b-6d293a6f81d6,calibration
2aeafc37-04c8-792a-cee3-cd01e6e86fe1,train
bf2e4cf3-0a3b-b9d5-90fc-6f7aefd1eee2,train
d665272d-0495-5ca9-7b35-456ce73ad009,train
be14fec4-26e0-6200-a39d-703223b1b381,calibration
a19a7789-7474-6315-3a4b-1f98c57d6134,train
32d21d7d-ee12-04ec-b805-0e33001cd431,train
b399a27d-b51d-26a1-39a4-0f7465a8ffea,train
bcb7818c-96a0-695c-1039-105b7d8ac583,tune
93e6d45a-872f-56c7-580f-8e0dd893236b,train
328ca5c8-0944-631a-5a51-3dae0d8cecdf,test
4e5f5554-6481-f767-0035-65fa3968c377,train
03ee1ce1-dbdc-f756-0457-8b4c7a080498,train
09d72575-6b4e-348a-33c6-ec71cca626fa,train
8f2c83b4-8d7a-fae0-f224-36789cb2eddc,train
87ace063-ccc8-fd9f-89e6-dc0c6b0c08d3,train
845292f4-148e-f16b-1d8f-ec9697916da7,train
2b98f8cd-3233-41d5-3cea-66951e573a1c,test
a817b66b-73a9-7b40-873f-be5f2d136366,tune
65e7c085-3620-90d6-187e-44ded610a809,tune
a40404c7-c611-fcfa-9fce-4f0147747298,train
6a66aca8-bb2a-c8b1-3a78-fc23393a08d4,test
aa340a88-dbb1-150f-af50-a9b5d28091b6,train
5a2ee475-e1e9-f726-a396-f643491098a0,train
93ced208-82d3-de60-86f7-3d8a422fd645,tune
cd87a2c3-80c8-e0e7-23a4-48f3c1072f0e,train
77efb4d2-8ff1-74ef-a325-a25c51ca8f01,train
6a903b5c-54cf-3e46-8c64-b0413d8e240c,test
6f0abbfa-9e86-8fe1-23ae-7356f4d1a7d9,train
d96f8a3e-459f-bdb6-cf1f-149faefd444a,train
1882d16b-0831-4746-7bfd-35ce2e601583,train
d158cb1e-615c-a2a6-f897-050362d882cb,train
7d953805-1e6a-cdf5-0be1-fb761cb21b15,train
d575f3e4-6588-7987-233e-9e324327273c,train
fa3abb15-728d-2289-9443-6c69621405a7,train
84e11fb2-8670-4742-d5fc-998d582bb5e1,tune
0b19f2b7-6b75-d231-f23a-5a9d2872741f,train
4d785a7e-84ab-bf23-b7b7-ecdb2809c6f3,test
57d4c864-9880-c5c5-4d84-61560d83cc74,tune
47d33ea7-e421-70bd-d82d-728502f93d43,test
8dc1f217-e12d-7396-912f-8efabfdb6594,train
da0a6c38-1d77-1f5e-d1a6-f39418a29eea,train
423de65c-f193-f26d-9e78-d3861c81c268,train
df0d2c67-1595-6bee-fbc3-de605e1b5bc6,train
0a6bdd28-514e-1d6e-7e5a-953142677c27,train
daf6f144-e312-a985-7c89-5f05f14548a2,calibration
249702cd-4968-ee70-0c50-e220077e94f7,tune
5f9da562-1631-07db-3265-0d5081053b7c,train
407b9bca-0729-6ca1-dba9-d05eb33a0dc4,train
65cec141-f52b-f587-8a0c-179914627776,train
8b84246e-172a-9853-acd2-6e65d794c7a1,train
251c5818-9e9a-8952-5a46-a9ce6c1a617d,test
b4701969-9065-cc42-c7d3-50c1fb79a91f,train
2f5cf7a9-c0a8-b4a0-def5-c53745d987b6,tune
9fa50512-ba14-e876-a568-57a221749e46,train
12f4d284-11b1-ca35-03af-6f1ae7224495,tune
66f25734-6b09-3eb7-11c1-8e2384d305be,train
baf959e1-6d43-222a-6135-6a7049473fa0,train
703c5b0c-9a4d-2dee-7c37-3d715315c4d3,tune
5bae9b68-d643-4d57-e174-99159af49d6d,train
99059f04-c4a2-a576-3b50-e06c1b8522d5,tune
6fff5b86-35ae-4398-622a-5cfac9bdf769,train
16e9d43e-d45d-1208-d099-120bb554963f,train
19a90f10-72fd-e472-bda7-27aebd55e21b,train
156c2d57-9579-cb41-b082-e59bee9ef715,train
1133ef8a-53e7-4472-3be7-d7cb02e7a63b,tune
5ec6cec4-24a3-ffe0-062b-9c7b2ff4c3b8,calibration
7dc194e1-0d8f-7f2b-8cb1-16de66ba40c3,train
f04a4d2c-1f22-72ee-3b79-54b048df1e38,train
827f637a-d1f4-5346-d304-3d2d29cc6da8,calibration
4b7af8f1-3bba-1340-43b6-7d17645551e5,train
c557e396-4f9e-deb5-42a6-9ee404f3ce25,train
c0c38339-168e-eff3-6cac-0ce75c9cfc62,train
3c594e3d-1eb9-83b8-93b8-af384c75edbb,tune
6313b1ec-b079-dd6c-6ef2-b1dcbc186870,test
d0756664-4144-0924-0f19-e4a87c3f9823,test
b37d11b9-f6ed-7116-dd38-86354a820e7e,train
9ebf534c-c69f-d838-9340-ea4a534028b3,train
3992e10f-9fc8-2ca7-a4bc-cf32c16335ec,train
8cfba903-ad29-41c8-d197-7521061c2cf9,train
4611bade-98a3-69e0-6694-6c469368b40f,train
58ccc51b-09e3-861e-de5c-66b69c97b42b,tune
5dd73b8f-9300-8efd-0f51-e075785929e8,tune
4be1bb7e-aced-9215-35f1-f39c55c72b48,train
099bac21-f3ee-9af8-d1c3-dc939cede83d,train
44e400d6-ed83-85a9-9b90-737243bc3be1,train
91eb8f52-4068-d99e-5535-81a57ca03ce8,tune
2d32a499-bddd-1eae-bb5e-218d737708e5,test
916e0a5c-d5d1-7b87-5109-af7c85381e14,test
b9834c52-dc75-9fcf-761d-b35fd9b822c7,train
012a52c5-5692-8e23-ec14-d8cac6ba01d6,tune
8e136b4e-44a8-3150-98a2-4e813699ddcf,test
031475ef-8bca-4950-6baf-f64fe8cc0334,train
b83ee27c-17cb-eb33-c328-ba56a13931f5,train
1a0e14d9-44c1-ef83-11d8-3f9baebcd084,calibration
827ff33f-563e-a9f3-d17c-6840d383e41c,calibration
272ec38f-e8b6-2e0c-0c97-ecc5a65f11d4,train
b06ca040-c0a8-a34d-7664-a8a4ddd5bfd0,test
53368c21-77f5-c2ce-0a65-245d0928a2a5,train
1696c30e-d38d-bc33-3bcb-fb960ead6194,train
7fcd2d69-8645-d5d1-dffa-70805eed58d2,train
550300a2-4d3f-788b-4c7f-629ccb42a3a4,train
b0065681-0191-78e9-dc00-597e8dde3fd4,test
644cc034-570d-291b-8732-3f93de2ff844,calibration
93a97d63-cce2-c137-9472-a4d94b462691,train
fa361992-5990-b2c1-6d74-410d3074b9b4,train
97360490-7945-14b9-38a3-9a6b246ccc45,tune
7638544c-8f4d-3c7c-85c0-5eea76199e1c,tune
95c9dc6e-92af-5b49-7242-f9822d993899,train
229d2ddd-8ab7-0313-63b7-a905eeeb597f,test
cb990767-7805-28e0-143d-2b26a661bbc0,train
d906b449-036f-523c-2a35-c1649fb04943,train
f388adf6-0bf9-38df-b8a7-46dc66956819,train
2a86e9ab-7ad6-95f5-71cb-d3d0578dd272,train
e131747f-2c68-f12e-345f-2c8507316e32,train
289606dc-4b91-59f3-c111-12ec5aa78aea,calibration
a849bdb2-3538-44c5-140b-be2f1c51bee3,calibration
2077c9c2-eccc-69b5-7bba-ac90e825275f,train
1bbf58ba-ad15-ceb8-3451-7132b4793639,train
588c8cc1-1f4b-29e7-6c57-9082097c2dc5,tune
2961b0aa-4ad8-a1d0-58ea-f935c992129f,calibration
7371ab1e-562c-d82e-5c90-be91f7f62eda,train
a4fc3a40-0f3c-6aa0-bdfb-9ea329fa5c24,calibration
3a77051d-08f8-ba44-57ba-cbd35d3d13e0,train
244327af-897b-00ae-4ae7-838849f96f06,tune
ecae6bac-30d8-6dc1-c91d-ab5d1a550a95,train
0d4ac1fe-5038-1e46-9acf-1b5e4909aef8,train
ca017f2b-fae4-01db-90fa-b2bbdd8e8068,test
f71e4fcf-57a9-925d-3889-da48ab46c33c,test
75443d71-066b-0feb-f1c0-0d95238ec5ad,tune
1884d298-8f57-6ed1-698d-04273ccc3ac0,train
330a22c4-f6c9-a0df-b082-8d88051b8cd1,train
1dd0e9c9-0e44-1bb7-e0bb-46e77237dc34,train
096db7b4-2175-8d83-ed0c-5785213de228,train
00312134-37e7-12b4-cc90-ccb0810578a4,train
d4bf17c4-8abe-a429-c715-278457dbfede,calibration
67eed49b-9f52-4d9a-5be3-5ff9d9e8d235,test
5b095e19-5dee-c155-dc74-c3585ad3a7d5,train
9de8510d-db4f-8406-c29d-437c0f2b1bc8,train
79b3c0b6-9460-21d5-8649-43d837117331,train
d02a7620-86cf-5e00-702c-b50b10fa8606,train
98f78122-ed5d-fb8e-c8d5-ceaba87e1012,tune
bbee1cf2-752b-4ee4-0c4f-d8f773eb1d14,train
37af3ceb-6bde-592a-f011-5d1ff0e4acf2,test
c426a3ed-e222-ed24-be98-563fbe57407b,train
de335b57-ee0d-9fae-6e13-bf8bc2d43902,tune
37789c3b-2d39-b642-ca6d-ddc8a8197f09,train
29bb5e5e-8702-e731-2870-bbcdb8f13f58,train
1a539b9f-ea88-d40e-a5fe-2b2f92aa57d2,train
9b247102-5289-1b34-d9e0-0ab50da0bff8,train
34fa0ac3-9c42-077e-9a4c-6580d6ad3d1c,train
2a8adb70-5618-2b6b-7453-6fd2cbaeee84,test
b221e9ca-de84-45d5-b9a9-20447b524742,train
72412e00-1a92-679e-1c6c-ccaa92370c72,test
af9f2b4c-a7f1-c842-1422-7fd8b764e43f,train
b011d3dd-c742-9eaa-3c1f-746efe32579c,test
a340e6ac-2b57-4b3b-fee9-0d9c853798c1,test
a18787d2-d474-8c14-3a8c-4d0382f2ba7a,calibration
c0ce89f2-ed83-81bf-b14e-aafee7afedda,test
5659e7eb-4822-ce96-c1d8-1a9bc09b0129,train
06a168d1-1da6-fbf4-0cf7-616d5e49838c,train
7819f524-d2a0-6b93-69ce-6235eadce379,train
cddfae22-8da1-3c83-90d0-e4658364b5d9,train
aa832561-841a-6e05-9f7b-554c0158f3c5,test
8014b783-bc71-93e5-5b2c-69bda8990ca8,train
1ac6670c-8e49-b4c0-8183-fcbaca197a47,train
eefeecad-56d3-ac7f-71cb-b3c6d554a272,train
bf6b638d-d5c0-e5e3-0ccb-58a1ece51ac0,calibration
6c95a8b8-225f-3c6d-0852-754a8909b18b,tune
0d132554-66d2-ff98-7df0-75a53718c84a,train
9920e2ae-dc58-c680-90c5-35045018afff,train
d1a6d83e-2b26-93e8-0bc6-f42f5aebd213,train
c7fc7793-2bcb-9151-f7e4-b3d65ddf732f,calibration
e6d3225c-26c5-1bb3-f6cb-3079996104a2,tune
507ec9c2-ac59-ab3b-8999-e935f1eefd0b,test
00f14033-80fc-72a4-3599-3d3252cbf763,tune
4f33c9a7-d637-fb7c-45b9-71ec4a9e11cc,tune
9cd0b1c5-b8b1-5283-d164-f1c399cef1da,train
15b91e74-9578-fbf9-451f-47d0e11dbdf5,test
c819896c-b88b-4436-5d0d-13a9e0a5e3f0,train
72f58d93-85a3-b839-ffa9-6749fc37369a,train
05cf27d9-6ab0-90a1-f086-47d401947b62,calibration
e185849c-41eb-a5d9-ad9f-99af02ff313f,test
475fca97-4586-bb18-295c-e0a23e886591,test
03c04f3a-519c-8c3b-5457-ff8c421576aa,test
fdbffe20-dd38-18be-ad9e-2a2f97f5e4a1,tune
bb9c179b-cdef-b7cb-7396-94afad2ca2d0,tune
188ba117-1d9e-4a19-0760-22076878f1c1,train
184e3b3a-3a53-a83f-8785-5f19eceeeae8,test
55b257c1-f872-2aca-817d-dd96e4d04ab2,test
880e78e1-8194-90bd-2811-d162afaf85fc,calibration
a68e71b1-e26e-67d1-c1d9-5591f0d7c3e8,test
3075101d-ba7b-87bf-cd7d-929a46149066,train
6e62726b-c6e8-82b0-07a6-78602c90dd1d,train
31d29380-91fa-6f00-6816-06545a4461a1,train
69f39706-6901-af4f-bcb5-fddcf8465d7a,train
49ff1bcb-6b26-2204-53fd-da69c8799814,train
7a3cf992-6021-42f2-1b93-a4b4f488ccc3,train
e691802f-5d7b-f82f-a2ae-8451c2e215b2,train
b6181aab-6395-c4de-083d-389506ec0210,tune
a1456e54-9e76-56d5-3e30-295a4666c563,train
f351b826-d3cd-e75f-6516-2d8bb25dcc7b,tune
79d12e9d-7e19-4f02-f9f2-739c574d5170,train
9321802d-65b6-e890-551a-917685dc353e,tune
d54d3bde-3d11-946d-f471-1b781105d5e7,train
f4ab80b7-8188-af21-650e-b38dc75832f2,train
c1109f78-5a80-29d6-638c-431e987db89f,tune
506f249f-ba7f-99e0-2893-c5c3b45b0584,calibration
9d3728ec-79c5-e03d-4246-e7b413f4937a,tune
8267fca4-ccdd-dff8-3609-1c5ac5f3e994,train
c3947205-1ed9-2380-3f1c-7e706d34cdcb,train
4cbc4c43-8531-99c1-db3c-8df95271b33a,train
4c4931b0-31aa-d04b-0ebb-026f13503881,tune
5da1423b-f61c-3d32-3861-2f3d5ba3d176,train
cfef15bc-ab52-d479-15c3-e895d14849dd,train
2c6b1268-ebee-0813-0a7d-69ddf5cf79ce,train
50671d3a-c992-881c-c347-281ea729b97b,train
3762ac2e-a1d3-90a2-8952-0cfcc145bedf,test
67e474ee-2b27-374b-399f-abd0ae45a6e5,train
311da36b-ed25-780e-afc9-23208aefc3fe,train
8afaa127-61d6-2887-47f1-8d4e2bb8f1aa,train
1d1ce4bc-76ea-0a81-6541-ad5f37475c21,train
3f2f337e-33a9-58cd-8d5b-50107d212d36,tune
cb539d74-e0c1-a603-4f8c-9f7fcbbc770f,train
fd4ddbd5-0d6a-2f22-1945-b0ef50d3285c,tune
c5551fa9-9415-470e-a79d-dca75478b4aa,train
0e442894-b4dc-3b09-6814-4951f74efa31,test
74898095-ea1a-8595-f95f-b6cd63e01063,test
d0211812-d877-9b1a-ec4f-e600e5c1f992,test
932ace4d-eae9-cf12-43ed-89d57c9c20c3,tune
338bc0b0-07d2-f4dc-52e1-13aaae61a60f,train
475919f0-420b-fcba-ac24-f5ebeb33a3ee,train
a7a4bc8b-ea59-73b6-4c8a-5605f3dc0088,train
c1ec52c2-e3fa-45b6-4a93-e17a53916d7a,train
04194bc8-c33b-ffa8-b01c-baff3b456e8d,test
3ad4e42f-d18f-7a29-d2b5-5bece579f81f,tune
e6c11250-76bc-b8b2-2e59-a06d83e6f539,train
962837c1-af72-a578-27cb-5a64ab67dfe7,train
4efa23b3-6c19-01cf-98e5-18c9a7df6bc9,train
7170407c-a207-432c-1281-5f787cf7ccae,train
d647b866-b03e-8642-be0c-23c18ee1bd4d,train
9015a0a3-a560-4dcd-53c1-20aa9ddf7b38,train
d0fffb70-5cd9-f0c0-a902-1eb393e5cdb8,train
aeea4178-621d-66d7-3d61-ac7c2e60b876,tune
b16dae58-a4ad-015b-f110-ce32c0053a14,train
fdf37884-6368-8b62-9d60-c18f4fe9e467,train
30272e6b-7edc-947f-52d4-07a49c909f1a,train
04bd385d-2f01-5e74-acf6-aa1991fab125,train
81f416b7-3a35-3e7c-4d4d-b8f4b873f3aa,test
54d5356c-7639-3083-37b8-86e030e29b7a,train
5d220e68-4c1a-74cf-ba52-c0cb96a5c634,test
195f91b5-ae9c-a64f-442d-cd07120e4007,train
50c76d94-06fa-5e6f-3d13-442e9069653a,train
9070063a-e233-4bb0-294e-96279a984c71,train
fc93c3b4-b2ab-68e9-7ead-ca84aa8757e5,train
3da86ac8-440f-851a-1a6d-2ba596b9ec6f,train
8cfcac00-4701-7d4f-fe48-dc411d67ab2a,tune
fe635f15-5730-6203-2a85-8281f3ee6871,train
6a9b09e3-9d1c-310e-eb46-e51ffafce714,train
2a77fb56-f997-2d49-9364-82fc1c031955,calibration
7e4f4da8-1be7-4c7f-d0b7-e65ca5e5594b,train
4c342ddf-2d01-ba5f-f688-cbf56a666e3b,train
bd70473b-07c3-035a-5c9b-a5e23ab172d7,calibration
534c90b2-357d-a55d-23d9-fd196ec8d5d8,train
4632d363-eaf0-7102-3fdf-c0c88121de0f,calibration
653360f7-fc7a-973d-3a0e-252fb6da6e7c,tune
89acd621-9995-b74d-2202-6c9657ddc86f,train
0903eef4-a4b1-e8ea-9ea8-9801e883755b,train
e1ba3ce0-e2cc-c8cf-a95f-d91455a78d0e,tune
07ad3fe8-14e0-b160-cec7-8349688f07f5,train
a5577277-4df4-f61f-8a76-5f15da77ab22,train
970b42d0-ce09-133b-a58f-7f0256118e98,test
5fc17b0d-f385-69af-8ad8-aa9888e1778d,train
2d1230f4-7a48-ac87-537a-28952e13021e,train
f2e4d8de-a347-511e-c4b4-a0c97ef871fe,train
972f0667-e5a9-f8db-24c2-f83938e0d4f8,train
f0b6b9cd-3e5a-53a0-d994-ada9b58edf71,train
e392a948-d75e-758c-b290-c3a4e80d78a8,test
caeaa45c-1aa8-f530-ce24-496ae3c02cf3,train
b5cc290b-de6e-91b2-af03-ad76f0041c36,train
5af4d78f-c990-62ff-4c93-0b5f2f39080e,train
64ceed5b-b2e2-648f-7c4b-217fa7555170,tune
c8308be8-f822-bc31-b78b-a9ab3044def0,train
697c0282-3f49-189d-230c-c5d50d1a46fc,train
362361b5-d235-017d-2772-0d456ce8715b,train
90e264a3-65bd-86ea-b65c-55315feafd7f,test
4cbf6c99-0427-e6ee-0b95-e77a2b461b73,train
d273995d-2249-0333-9475-5680bdecafd4,tune
38a236fd-ff27-d757-3bee-31421c8fa006,test
748e380c-586c-3a80-a733-99b405202997,train
44b9408a-454d-7a18-8999-25b3c777b40b,train
f196735d-a3e4-5a66-6e86-c9d9acae987d,train
3472c3d0-8734-e4b0-af51-d6219cde345d,test
76ee01c9-1083-1df8-9028-3ea09561b235,tune
3d2db4af-f9d8-d919-f32e-e095339ededf,tune
486e1047-0410-fb7a-0f38-7bcd1403e7c0,train
e7e4034e-e144-fddf-cdd9-e51dff3ec41c,tune
fdb6b45c-b9d1-f784-88dc-1a01175ad72e,test
1fa28ae5-ac0d-9611-4b3b-d3575794eb8b,train
671e0487-4923-5210-5f72-18c8fdf9a507,train
10033311-19a9-fe2e-87b4-8cb89fd169ba,train
deb86c24-4fee-b601-6411-30d13d793884,train
5174d526-d657-83a2-1d31-2f40a30684d1,train
44f6ebb7-29c9-90bc-f1eb-0fea3edfe991,train
a7852b90-177b-9399-ff30-26167ccce9e7,train
d214a26f-5dac-ad4d-db8b-74b616170f6b,train
2962f386-9aa6-6732-a8cf-cc99deb3dd8b,train
01891195-f0bb-25b0-a55c-81e1f4e2fff7,train
a977f5b6-0637-59a8-bf78-334f7b555bf7,tune
1de7b024-d2a2-1645-f28a-25a3439f8675,tune
ee8719b6-a6c2-5597-ecfc-315583a29553,train
550c21f1-a042-0244-1706-9a2c14db08aa,train
2048de3c-6982-17df-2aa3-a33107cfd56c,train
038ad693-7d5f-83d1-22c2-f30927e22b5c,test
7a64d92c-0005-65f3-2b7e-a030ee456c27,test
43d3c20a-ce38-7dea-4b99-d58afcb0c45f,calibration
36cda5e1-58a4-6e9b-9fff-946411fe1d35,test
04de5c5d-199d-789d-a046-20c0186d0182,train
f7f613d9-d146-5923-5d66-46615cd8b423,calibration
b64d5af1-297c-4c25-a1f6-19806bc976d1,train
881a68f7-97cf-6057-82c4-6c8855d01981,tune
38c40d7a-60ab-221b-7614-692b17c5d53e,calibration
7fc1bbaa-5d13-94a2-3e12-69184e501922,train
fba18f80-60f8-940a-1427-f03d98a180fc,train
44ed1009-55e7-9f7b-4528-0804327a2de3,tune
29859bb7-9b3f-3cc0-8fc2-b65b4e9c7bd4,tune
0bd50b52-7a33-ef20-9ff5-5796b90e0c5c,tune
b9d5902b-e34f-6bc4-3512-9ea3a315f849,train
b8e0f9e8-a723-683c-6e05-bc84ffec332b,tune
48dd7af4-8759-95b5-dbe3-bed2708dc1d1,train
4871fe77-b25d-5952-9557-ce3a3ba1f718,train
60f38e0f-2642-1554-c52c-4e71d4a0c9dc,train
5476c2fb-bf18-b8df-9c44-7fd13476bcaf,test
c20630c2-cec3-28dc-2e97-eb0169a30f77,train
1577bce9-914e-57d9-747c-0a5a33a1950a,train
2fbf6f11-a1dc-ff14-5419-2b8b3e2fe352,test
8780cf7c-f77c-0fd4-e585-466bbea7609f,train
7b3d4c0c-b40a-675a-08ae-6c412f678497,train
ec9480e5-5d67-b2c5-39c6-dd5442ae7c0a,train
f9a168f4-5b5d-5ef5-245b-9dd2cb0d10f2,tune
64185ef2-cdfc-5de3-0815-ea870c3a2609,train
ee66d67a-cd57-f310-ac96-7960f619fcdb,tune
f54c95ad-4f09-4bce-8589-dee18ece7752,train
c574e188-e870-8d8f-1e97-05697dfc150b,train
7c69e7e7-ffb3-1750-1209-c4798a4d1901,tune
817d6358-7d5c-3a66-bdc3-51847dd45d90,train
cdf2c322-974b-086a-659e-a374f409904a,train
e5589236-fe60-88e3-1e21-5d5859268c12,test
262b2d9a-63c9-0b81-98ee-68fadef60905,train
5bae4366-af5a-cb61-b719-c18d0de241f8,calibration
3414702d-573a-6ebc-3b89-2f9ca8cb4ec9,train
bf80ac60-6e0c-5c6a-ba80-b1faae380780,train
d96c5927-4b98-19c5-4a7b-36f1d85d6ff9,train
71843260-b186-8e46-3a44-8f135db39cf3,train
757479d5-fcf6-c033-45ad-c4beacb41b7e,calibration
adb5e2e4-66ec-787a-feb5-91e3a7856f7c,train
4a2e9ee3-9bec-abed-e6df-84538b7e22db,test
29d86305-66f0-0c12-a473-08395cb1ac98,train
c09cc827-6bd8-f436-5b35-5e223dd7911f,train
45c37dc6-e9d7-3711-304c-7a33795c7bec,tune
91d627c4-5f78-a0df-dd3d-92af888412bf,train
2a19f414-5028-8a36-d367-91705d3d50cd,train
90c96e98-c64f-1afd-ca9a-2a79c6e12898,train
7037444c-08ec-2865-6d13-53d4ffdf61a0,train
f0bd1506-2f88-f01f-a6d4-a085c0417e4d,calibration
66c68190-a17e-0f58-7f09-816f033b28d1,tune
d942ac3e-5d26-6cbc-b346-6bb8188dfad9,train
54e7c9c5-c582-353e-bb92-fa9359f79ac3,tune
c940e3c6-accc-4282-1cf8-b8101928cfbe,train
2ab9e78a-97d7-c4f9-da7e-506d83b7b584,tune
16e90f0c-c5ea-dcad-d679-37f815cfbf69,train
edf1a18b-40c9-563b-2ad8-a83173d037f0,train
4e95833c-feb4-c005-f48f-9452f8d27b86,calibration
c96a5083-ca3c-5748-e984-52b60cc5d361,train
89b00166-73b0-176a-b0f4-02118fc40637,train
e633f82e-9b20-a908-def9-82083d89fa7a,calibration
d179121c-baf3-d3a6-6b95-0f9ad02331dc,calibration
11041056-ecc6-b984-1473-51102622213b,train
51dac530-8589-805a-8db2-727ba68b8de9,calibration
5fa3254d-4e6f-e4c5-7b37-31a2cf42f6e7,train
49d865ea-aa28-1655-931b-454c2b7a9338,tune
405eb969-2606-b3ed-6ae1-1e63fefe4399,calibration
9e317436-5f73-b8fa-49e4-26c7e7a3dc47,train
fb82e7e3-5059-d7cc-93f6-082e0f2b967e,train
d7b38d06-63b6-e3bf-4449-9157b4d2a66f,train
db09a25f-ca19-3c5d-0493-ee41af770e87,train
33689080-fffb-d45a-7150-5e763c880f58,test
c04a2c51-cb74-5bf1-fcb2-d0e6e13815f1,train
42a731d6-f38f-ef0a-d7e4-c1da706c36b6,train
d3c67ad4-82e0-6497-ede5-1fbe00249ece,calibration
19e3b5af-57ca-aa10-0e6c-0643e7cb5b7e,train
b2ada9bf-4922-b900-dc91-16635687b0de,train
c235445b-096f-7d5d-e709-8a1066d51e62,tune
9c4408c1-55b3-11fd-af0c-3d2e64c16faa,train
b5da54d5-8aee-96e3-37d3-59f45ec44044,train
d303b59a-aabf-5db1-8d81-9a5077b281ea,train
d7dc964f-4b99-c841-00d2-6337f55e929d,train
6da50702-976c-62a7-ff3d-69038d088f4c,tune
babdc417-d2f4-4df3-bdc5-c42582994184,calibration
0051b815-3db3-64b4-5a18-0eae4ac66aff,train
84693298-b6ce-60f9-8939-d11a13871b59,tune
0ec9c0bd-f34c-f9cc-04c1-f8a60ff8fd04,test
6c8a50d1-81a9-7501-5049-fef52f27b0ce,train
cc0fe43b-17a8-13da-6119-ccf42ed53c7d,train
3b688ecf-c7c4-af52-5637-04270b44c0a8,calibration
7f5aff4b-ae6e-cc95-a15b-8151d75cd558,train
1ea2fe0e-51a2-a49c-a1ee-c7bfd084f5cb,tune
02beb381-9cba-1ad6-6a2c-ff2036db49bb,train
26b1f280-405b-aff2-cd22-938a16deac2f,test
e953365e-87f0-8d7b-ed9a-891a8a928841,train
b8ac5313-68b9-6058-171b-7ed6787826e9,train
d87306ce-5480-7ea8-3716-60c0b1fab55f,calibration
32efcd98-5f0e-d439-d04d-d07461b16c17,tune
319a3d07-5085-3121-ffe7-61f211cb5493,train
cf98b4f9-0113-3d21-db75-3d3b8506dade,train
9db8739a-9749-1087-a851-5e00ced99aaa,train
4a627788-dc95-2a0d-34f2-81fcd4852b85,calibration
4a2b9314-a994-5eb3-88e0-cec07f015e43,train
cb1ede27-b498-87fa-4281-563f915f4b50,train
2b515b40-9efd-fc70-93f0-31f46d75de1d,train
c7cde6fe-a7db-b3ae-93d2-582498facc3c,train
19b963da-a141-cb9d-8ab3-abbba9161715,train
8f94e151-f2be-7a6c-dd67-32b10235d579,tune
cfd36b82-e3c2-6a83-3b77-11044668819f,train
2ae40948-2e49-52e6-5520-bd849a2f2d12,train
597edd4f-c681-2b64-4251-1a79ab264a96,train
1dafbe90-8c10-70b1-840c-e6013a93aa39,train
6c1c9443-596b-3dee-6b54-167b2cb89821,test
effb693d-6261-64fb-e648-6820cbe8aba4,tune
1b09ffcf-7aae-1cd7-4249-c0625e102790,train
1b94c3c2-1568-fcbd-76a8-f6765c07338a,tune
5d5afaab-866b-d7f4-7397-aa08cf6d1b1a,train
82937b6b-529b-eef2-ba8c-0ac670890edd,train
46e717e6-e5bf-5198-d63c-031eba428eac,train
93b3a5b8-e952-242a-0371-087adc061151,train
53e3d0d7-987c-0895-3bb8-db088f80326d,train
9eeb198b-478a-281a-6e48-f044e1afebf7,train
cf9d7ad5-224b-80fb-abee-1f11783b675f,test
4538099c-ae4a-f391-1940-bd20345fa49f,tune
8f0c2996-96c8-bdee-22fa-db030ae9576b,tune
5c319e1e-28fe-8c87-042c-d59c977d2126,train
9beed6d3-7919-23e5-89eb-ec831391f9fb,train
193dcda7-3aca-7eec-077a-4ad9720964ea,train
4b2240aa-9eec-5626-460d-e8253d97ff4b,train
b362eac6-25ab-a330-cbbc-4355e6c8760b,test
8b79bbe8-e6c9-11cb-be66-785784b1f4ef,test
967a3dd1-adc8-3d41-ac69-4e211d2e7b9a,train
30ab9225-314b-1309-8860-a8c78e86db08,calibration
9b493077-01d3-3cb5-2911-889330de6944,train
d3d5125a-c7cf-5ab9-0dbf-8dbe6bd60ad8,test
c43de62c-6648-9916-a016-2eedaa1b2642,train
f9c6faa2-de70-dda9-7a48-0ac98a93bd5a,train
7d688648-9edc-8cef-e2dc-35579f14ff72,train
6070bd79-2941-b7b9-df6e-1a3629584a16,train
fc2bb33d-3e39-3bb8-6c85-525d31d0eaad,test
f8a741f5-ca70-cf1a-8657-f52f6bb5c253,tune
473e2c9d-3ed4-d8fc-1f71-de64d7ea6b07,test
d288bd2e-9f6c-9600-486d-d40ebedf6dcf,tune
8955dde3-4880-5da3-f77f-9e961fa55f16,train
379fc46c-ad4b-08ab-93c0-65b2ca9cdbd2,train
b8198ce3-0c45-dc4c-6d85-3491f2d6a32c,train
1f096a87-5fc2-d545-bb57-0ba3d6ad2f42,tune
c3ee2795-3aa2-9183-6a6f-f5d9226d1f13,train
c90e7527-a91d-28e8-96e1-a04b6f711077,calibration
ad64db01-9df4-0dcf-a0e2-6439b15b4cc5,calibration
86ed20cc-80e4-e974-b858-891c6594aea6,train
23ad5f3a-585b-8445-80b8-4bf3b266fa97,test
f1d72e5c-4879-cfdd-d556-246871fc67bd,train
3f107369-e479-cc37-46d5-0da57be16fa8,train
ac754057-29fb-6aa6-afc0-9aa3ab0909c4,train
4019c85c-aa13-6911-2b53-94f85cd1bf0a,tune
1556beb1-d5e3-40c9-4d7b-9abec51fa26e,calibration
5e1d7c20-769b-a923-c6cb-98037055950d,train
cdc4fc00-9c88-8f94-b335-764c07d48495,train
ec8a5582-2051-49bb-10c6-82e1693b93fa,calibration
b609b9b8-5911-0c17-4df0-5505d7629750,train
f2b38569-e4a6-9808-7a6d-c63bc645405a,train
edd0757d-7008-24c1-b008-dd6c65d077f8,calibration
69255a70-8843-c3e3-8b4c-29dc5d48e8e4,train
da7303ce-85fc-6b88-93a9-e9c504fa825c,train
bc86e330-2376-7ff4-c010-85841aec84dd,test
92b7f29c-2538-3d38-f8f0-7d49d9b71ce7,tune
ff10b5c8-9735-0db7-dc4a-c57f05a4ee2a,train
58598237-cea8-bf65-a8a2-0dc4553c44c0,test
122a7699-8a4b-3863-b8f9-dfb565a59fdd,train
551e0219-44d3-a3ea-9338-c4c0f9b532bc,train
043f2aca-16fc-8aea-3111-c369836210a1,tune
15347bf9-9de2-40bc-c42c-ed9911dfef2d,test
3f83cda0-9308-66ca-19f2-f37c2e6e75d9,train
2f2b2558-0ffa-37d6-cb67-026f2120bc2d,train
da8a550d-bd93-c25e-7030-4dda06cf3078,tune
70b5ee53-d222-3707-be70-13ab9a06a459,test
a9bb7b76-83aa-0acc-cecb-115bc1d70e81,test
10f6c979-d741-3c87-9fe9-32c69059de18,train
f2066ea2-0668-fe7f-9af1-74e9a8464e3e,train
9ccdbdad-4fff-8f8b-8de4-79e428179265,test
55d804ef-ae73-28db-177b-4363140a653f,calibration
d7bc8509-bd9d-fdc8-ba40-45258a407544,train
4095049f-41a5-3187-de94-a3f61a85b4d7,tune
29b81688-334e-b738-e0e8-42a6f2c8f3e7,train
91f9b35e-d41e-f574-a16f-e805c4902792,train
8e420242-e6a5-7bf7-624a-900036983c71,tune
3ae38a83-3d73-2f18-7324-9e63c0bbed45,train
25532adb-1cb1-8476-d442-1741c0d38d20,tune
f5bbeedc-2e2d-45c1-e910-c8da21c4b8a2,train
d6f8df94-28b1-165e-da97-9ccca3c62d67,tune
2b2c70ae-4f61-de1a-d352-65452b6877de,train
f8fb6226-3daf-579a-247f-b10190a72d08,train
54f071cd-9db5-fb3b-c7d0-b36fd00594a4,train
8f332c5f-3a85-fbe5-0855-2ee6ef98c54b,train
cb3ded6d-8e0a-3917-fb91-6097b3e2a49b,train
1231e4ff-6bec-6f39-f024-900e1fd2b066,train
74d67ef9-e781-7e57-a62c-c5efa3366617,train
80fae15d-f1f1-0e75-1162-87a651ce4005,tune
95f90ca2-919e-c93b-4a9c-fcf274fee5c4,train
22315742-6748-7b36-a70e-48f6e2755607,calibration
7d4649eb-7b02-f16a-30aa-298424e354c5,train
e8feb023-5d8e-bb65-3354-76492c38597b,tune
ccfb5f07-b322-a55e-2026-a28b73c0cd3c,train
4f6aea38-1f51-e58f-5b0f-915d9f84806b,train
491c1f0a-b121-6bb8-9165-ae8fe8ded46c,train
eb63d3d8-5eab-5032-1f44-488764df28e4,train
8d47a5e4-5e48-536c-03c9-495e7af0df2b,train
22a4ac6c-e325-1bfd-eefe-fa6ea595cbd4,train
543402c4-68e7-146e-8bfa-79ebd06a12b1,tune
cce8a0a4-abab-a219-2604-b51c476712df,test
1ca7e7fa-9877-3eca-0e73-435a5dbf69ff,train
64485458-e272-c69a-7dfd-f6cd7fff13e3,tune
dfa8486f-7f59-28bf-24a5-5e09cad9be2c,train
73b36878-dfff-bc5c-928e-e848876b1124,calibration
a0068a94-2d24-5ef0-7503-94b4f69e8b94,tune
e056baa3-07db-5145-7f30-4d4191453072,train
47ab4567-58ed-7d44-b580-c7145702ac38,train
8bac9ce5-4ba2-122d-3c82-956af20da1cf,train
7ab2ceb6-50db-4717-5c07-4b321312ba65,train
0d907cce-060f-f586-297d-353525c38282,test
63c3bed9-1caf-ca74-adcf-2d0707775706,train
12cc8f89-fd13-3cc8-f454-0cf87b0a445d,train
5f46a594-501e-2d2f-8495-08ce8d368461,test
b3a36751-c3fc-def5-1c3a-97f06f9d1c66,train
f5b695b5-1620-5347-9284-6f1cbe7d4139,test
de6f5961-7576-7402-3716-9cbd5707a8da,train
c5aa5758-e241-db4f-d4ae-79c56f15c9e5,train
df38a313-eac1-e5cc-516b-009211592ed3,train
ff81316a-657e-7067-7ac9-c0dad17eb53b,train
07d5e409-9dd9-7319-f2ba-b7a51009376f,train
d1a0d4f0-9ba8-bd65-403d-1764c84e4f1a,test
2c6fb25d-2ac0-2d06-15ba-08a5692fa484,tune
d635e91e-a0dc-4db8-04c9-8e56fd72c09d,test
77d5297e-a6d6-8080-d66b-9ca28a8f2aaf,tune
e5903ce7-2918-803c-b9ac-4dcda6262886,train
1d8810d0-d5f5-e70b-d242-b0ed39cd5733,tune
0759b196-b962-6a42-06ff-50db869d04d9,train
12bc81b1-ea23-e5c0-87d3-6e731854975a,train
c3ec412f-1b06-50ae-a87e-bae774b45ad1,test
8dfc9b7e-eba4-280f-860a-b5a8b87b1a2f,train
99b150d7-4c31-d7fd-8443-29c31b8e608b,tune
e58b2378-79e8-5aa0-d9e5-8431f9333290,test
2b63e5bb-4505-e564-eb61-3a38f853bea2,train
0ec5571d-6bc3-1111-d4d1-67fd72b02a73,train
ae8e95e5-01e6-0052-773a-772fc4a4b44b,train
f6e4fe8e-1c75-5e7f-620e-ce62a81f0aed,train
bc941081-76cf-c983-a046-780d46434005,train
e1111272-c6e6-9f80-58cd-691206653b91,test
d2998c8f-6525-41d0-680c-79458e73416c,tune
d8633ad4-20f0-283b-6d63-19406eb97ae5,train
24ab11fa-b0be-7e9c-c2e5-f66d78197c5f,train
86050363-7fa4-7d32-3ed4-ff7ef50c50aa,train
305aa9fb-9543-aacf-2986-b6162a7cfa98,train
77826eb3-8f0f-f8f1-a831-0945701c0035,calibration
81fcae57-87b2-4062-f56e-42c21407c725,train
5b865d47-2abc-b87a-f4ba-c131cc33bd27,train
6f47241d-e111-235b-d4da-c4ed6bae2f39,train
4ff50dc2-649e-4f8c-e339-52ade2646c3d,train
41120ee6-1acc-a2bb-bd65-79ce7bdfdf06,test
27578c5f-4f5b-9179-8cfd-58a48550bacb,test
137b164c-b3af-7476-1beb-e4564ddfccf2,train
15264636-2b5b-3550-2f73-6c3fd6f714f8,train
0bfca1b4-528e-af9c-66ee-298e56676025,test
be645409-3732-2557-6bbe-cb2a4fdc3b9a,test
44e41c38-a0a5-3571-3ff1-48b5b93afb37,train
cb2d31be-223c-c7f1-a5d3-35081c7a01d4,calibration
4345eb91-8b8b-fa1d-2345-f8e077ff3e73,tune
74c21e8c-daba-188e-a03a-df99c07ae5c7,tune
436fc148-d23c-b089-a85d-92a9f2390e0a,train
4e4d1eec-3f7d-b994-e6d3-c4e259e874e7,tune
d4ce8188-9af2-44f0-0e51-aef1d1c723e0,test
605b916a-8f79-a5e6-f425-eaf52d41d0bf,tune
105a9452-4716-530e-3fb5-56db199fe87d,train
7197f1a1-c815-dcf8-c5a7-03e2939dcb67,train
16fcd9ea-fa19-0ba4-2a51-41079aeab489,train
a237d6ae-d2f1-bfd4-3e8b-118482929e44,train
45f1e001-249f-ac2e-d278-986df7c70716,calibration
24f778fe-b63c-c058-3424-4aeae77640d3,train
13d383b7-2735-5653-8e2c-182e9346e116,test
3392240a-3955-789a-c45c-63465768b519,train
6e9cb241-fac7-19ee-47ad-3ee6108119b8,calibration
0bb2f654-34f9-21e3-85eb-ff1bdf5900f2,tune
97258b27-ca9f-5c23-7474-1c1a5c59da00,test
18371f4e-2e5d-a4be-80bc-99c3fbd3dc03,train
9b4ca7e9-9a94-cbbe-8a21-480064a9d5e1,tune
0392ec4d-59cc-ba9b-fd57-3b7cc8c6248e,train
d4df07e2-8f84-11b4-c66c-5b05dc28c0f9,train
cd354d77-b0e1-f512-46b4-ab01a49f60fa,train
87ed6df0-756d-c67c-85a0-69fb26dbded9,train
267421ed-0f16-0b22-da60-369149115177,tune
648d2e1e-b648-2f25-df72-e1ad15229928,tune
d956f04c-c143-6bd1-99b0-32ed4e2d1f63,train
a1b293fc-254e-17a3-6315-c8aadb06cfe1,train
3ac3944e-131c-2b3e-d893-c6ef892e77ea,test
0b1f9d0d-523f-e99d-f1d9-c72bf0841055,train
e361295c-871d-ee59-679f-f7aabaff0a0c,test
d55b2394-8391-95f8-d88a-e3e9a2f27697,train
5f81900e-739f-699a-006a-59cb0d668f8c,train
f09d8953-ecc2-61c2-6ed7-00b646ceb521,test
232c4f10-f13b-114e-7e8e-f5155477c384,test
ee8c8f22-d82c-5540-46e4-0a314b46cfa9,train
5404bd70-acbb-9af9-72ac-a003cf0299a3,tune
e8a951c2-7fba-3b53-c5a2-8af05903a609,train
2425dba5-b860-d180-18f6-977237c192fd,train
98a183dd-8250-fc1a-2f77-6768199161ad,calibration
9f6d7827-215b-9209-ff68-55f9ce91dbdd,tune
91395bdc-ac37-81da-fda8-a4bfa54c2288,calibration
2d51ef23-0b48-f59e-d219-2e336aa31dd9,train
ab8e6659-8a1e-cda2-8618-b049191e9c9f,train
5f32fe07-6ebf-4467-9ee3-a33cd7cf55cd,train
a22aea32-51fa-8721-43b5-d197213fd4eb,train
50b2496d-da99-f008-1785-e7a5a18d8fdd,train
97da217a-969a-bde0-294f-4efcd829bc7e,train
bbc4eb66-4095-8075-788e-5e0e767cce8f,test
06b5d5f6-ae53-f204-a5e9-29e7c9fd640b,train
514d0d08-a3b8-fdf2-1c0c-b7a7bd3b5c57,test
0895de52-8522-4a4f-34eb-9173189147cd,train
17df398e-a520-fba5-4b35-68ca543eca93,train
c118ef62-e93d-4a32-a0a8-66c7a645025a,calibration
3a531811-dd61-2b0a-4f1c-1b0256791c42,train
f9d2a179-acb4-ed9e-7c2e-f07df72b8557,train
04801171-2be1-8ec6-69d6-b8be3b765a4d,tune
5305b7ea-5d0d-1b2c-2cff-c8eff458fb58,tune
87b5e19b-416a-0171-9be0-79d713d2c376,tune
9c4654ab-c527-85ab-ccfb-dee3cf520939,train
e48bc371-e3c8-c7ee-c0ae-23ed682aa799,test
6487cfd3-6415-d8d8-bf7d-1c34c0af16e4,train
d6de1041-97c8-4ebf-3813-66898c3c4782,train
e3ed8c93-57fa-f446-e4bd-f12899b9ad1c,test
0c3c570f-850f-d76d-d1a7-cce83e682265,tune
f440f041-1c8f-735c-b1c1-6c9b54683856,train
12439497-9529-0e34-3d4a-b7180fdd07af,test
efec2d84-aa9b-65a5-4292-0b97d4d7b61a,train
ffb7aa44-4b81-77e3-41bb-8ef64dabe5dd,tune
6b9dab3a-1303-3251-e8cb-8b76f0b2102e,train
4c762c5d-c5ec-0ac6-f24b-2f42b17a94dc,train
020a067d-eacd-f0e5-8bf1-dd66a384eae5,test
09b0a7ab-4bad-1612-6e99-cf3ce17f193f,test
0bf3e7d4-c0d4-0e8c-d217-f07321d67bc4,tune
353ad755-2a24-7168-10ce-795e8558ad8e,train
9470115b-89e6-12e9-e10c-d1e9071ccc72,train
be4717f4-4c20-ee30-5fc7-bc31502f3381,calibration
2eba86a5-7a4b-1162-b7b8-aca4d3835214,train
b1e43ae1-15f9-d1a2-6edb-03fd24101737,tune
457bd709-004d-8677-1cc2-638d7ba283d7,train
2a42bf75-6886-ba1b-94f5-cdb4d7528f77,train
5ddb1c77-390a-372e-ed5b-fe4d70a6e2ac,train
32bcb588-4d70-5a23-ecd4-4bdb02268e81,test
dcd0cef6-df3b-1f5a-e433-e5250172ec3d,train
41236c79-d62d-16b7-9207-50f38f50d6e9,train
cb7175cd-50ec-1366-877d-a7b8595319db,train
2fc8304e-a7a1-cc06-957f-53bfb64b7cf7,tune
6a5ccae1-0629-5ea9-d5aa-147e17779034,calibration
d89f5867-afb1-4f21-e4a6-9167110c745e,train
f9eb8111-4d2d-3443-8fa8-9412e74377b9,train
1e6726e6-5210-2cef-2f1c-b01b272a16ce,train
03dc9ef3-7e18-a8eb-70b6-85eb500ec790,train
f4262c42-3105-6d1f-1a29-04637ea8d934,tune
797817e7-fdd8-4ff5-8f26-d6ee8d7757b7,train
3898e2fd-4f6c-19f4-ccfb-4802a2d8bf1b,train
da7bf8de-7c0f-82e4-af10-77790cf1524d,train
36ddd82b-9fe1-4656-d73b-fc80d587f1fb,train
9ec7c52c-1f82-e950-8daa-0293501be1a1,train
7d7dee54-77ff-f715-60df-36f31426b7b5,train
0a6d1291-984f-a1ef-3f7e-1761d50879c1,test
2b452017-e00a-2e12-d773-0b533243f705,train
030ca661-1e74-6601-f19e-f7f1425577b2,train
828ceab6-cf29-1629-a8b8-06569e4a8204,test
88709dc2-18b9-3d09-e630-351d8d08c004,train
8daeaa00-40e6-8070-eb98-ae67e630f1c5,tune
66d37488-01fe-e23b-4bae-7d4c9efb6d23,train
b9380ceb-87ee-43c1-e468-a9e5f051bded,train
4713ceea-322c-b4f4-d246-e608162047ae,train
ea7b104e-3d9b-9f6b-b8f7-e6e74c6b2e4c,calibration
1b77e873-4005-06d6-097f-54a00ede01c2,train
cd495554-a625-fd64-bc87-ec8716214868,calibration
3c2cdf6d-30f2-e1ac-8803-0f6a41d8b13d,train
ae0391ef-96a5-6826-441e-711a0724e0da,train
984e8548-8670-8cc5-c970-52ee48de15e0,train
f73c2c38-c533-cac4-166b-ce28c3a3816e,train
bf95c265-8ff6-99ca-7e5d-a98f3536b5a2,test
d9ce7dfe-8b54-2f0b-cbf8-b1bd9bb40666,train
c52e121b-9de1-592e-bdbe-e24eea472098,train
e0ae0378-f548-6ecd-1e6d-ffebc5820d2a,calibration
59e48810-36eb-16c6-c36f-faf9dbdd5318,train
d32cb0ef-26d5-47d9-acaf-8117d57befd6,tune
e4b52dfc-d1ed-3557-034f-c27739390c62,calibration
1d372961-00ab-293b-614e-9aed1f4abec1,train
9f9b22ee-e6e8-ff69-5fbc-21fc45bf0273,test
585e37aa-a7e0-ba38-9b4b-1903b4facff8,tune
0af2c2a9-6ffd-0c9b-b9c8-0fb9ac3e19f9,train
1c5fbbb9-72c4-4c48-4a61-9d89d45f9a43,train
5f196849-84de-9194-376f-67d917ce0672,tune
74cb3208-c5f7-b8f5-83c2-53cf845e4cb6,tune
9c2bc808-361b-1cd6-4e45-d12f90eda89c,train
290e8baa-3404-5a42-b700-112cf0139f68,test
6b5173e2-79bf-0d3c-c1c1-b7465be1cdb2,test
bdbf9044-a275-84e7-e59a-222c54bc01f2,train
c827b787-ee86-f5c7-26e1-77e27711dbfe,train
27238c41-207f-85e0-1f78-4c6948c5f04c,calibration
94b99064-860b-505a-8f06-3af0eeb1513f,train
78c59542-c211-421a-469a-0af7a126fbf3,train
7763be7f-ead8-e161-4fa1-0b4c2893a9e6,train
f85c9753-15cf-b5a1-37ae-e1a0ff9739b4,train
b2eec84d-83fe-8b1a-b6fc-ac716fc3363c,calibration
bb97ed13-2973-7342-5cc1-2fba8c470bf1,tune
731c1121-9560-2643-d453-aaf2a39cd9ba,tune
ed3f85e8-71d8-1de1-ce3f-5dd6a68fd24b,tune
9365b6ff-b57a-c79c-63c8-0e52b4c0f7a5,train
29672a2d-398e-c718-53f3-8222a1f90b57,calibration
cfa78553-0ee6-c638-7073-c4f2c6136fc4,train
089e01b3-e4fa-75fd-5985-284297b7bb7b,train
1e1ad33b-02a8-db55-1e61-953d2f60c573,train
b92ad73a-1294-ca55-084c-0db52be5e902,train
4d23150a-7736-114c-f210-97ccc736ee48,train
184b58a7-90f6-0a2a-552c-e3b8769ad515,tune
870dcfdc-1da8-2b81-41c8-e78016107d2a,train
327a6372-c89b-f7b8-ac1b-d57561841225,train
b7cb304b-c32e-a99c-5f7f-2fe99aa405b2,tune
84bd5397-d5b0-9eec-a3d4-8c9bf3e8969e,calibration
774d8756-e42d-27d1-2a34-5446c64f2e87,calibration
10e5611a-230a-2dd6-9c6e-49f519471ec3,train
c83de9ae-a197-ed48-3b00-ed0f3cbbda22,test
76be1a05-5837-1fce-cbfc-1949b9288fd4,train
15ab33de-1b14-7d3b-9163-af296fa2966b,train
b8f56249-2cc6-0adf-a8cf-5d05370571f5,train
61ac9b28-66ab-774a-adfd-6bc5c2c28a56,train
e63717b9-6235-535f-a634-64da10bd621a,train
5cb9c2d9-ea73-59d4-c1f8-d0b6c7f5a6df,calibration
300db725-c762-cbf1-dc13-60f346940f3e,train
769b6d9a-2b68-7e8c-bcbd-eac42b3fa943,train
f961ee74-407d-4bdc-cd60-86862dbefcf4,test
2fcd05fc-b316-51c7-3f60-a3bff3d8f55e,train
242e09b1-7fe2-c9fe-0da4-8608685661ef,train
d6b1bacb-cd00-ea8e-078c-5c3f1a44e72e,train
fa5d062f-0c85-d2b7-a4be-71891c343685,train
5b73c0ff-3335-28ff-fcee-63580887c685,test
e430d740-8133-885d-1f5a-258c2bc69cc1,train
26f4b010-6a4a-ba9b-4e99-225b96698ac2,test
52d92dbd-3bec-964e-6fdf-77ea7f637826,tune
5a3f348f-1e55-0cda-d961-0e87a8b2ef2f,calibration
04664671-6857-2e36-89d6-22916e83ece6,tune
a98e7ede-03f7-2575-5931-0fe8138acb75,train
3e40bc02-8872-a08c-ba78-c8ad0c53077f,train
5516a1f9-8a0f-2b84-1993-bbbfe5c0da94,train
53138fda-a7a4-3d69-f91e-7d8f901a5308,tune
2ee5d1b2-985b-40f4-8ca9-c0052b5389d1,tune
f3882f4b-a70a-8d18-11eb-8ed9676915c4,train
f7f1e8f0-a212-d3f2-6563-42acca92de67,train
976fbd9c-ca31-f754-25e6-9b871f093ebe,train
e3ff30a7-38a1-0f3d-6320-5de17f1f9c13,train
e7bea0e6-2ecb-b8ca-f5c4-01e8052e78e8,tune
d8e6e5c2-bb3c-0e8b-3a0e-b7877296d605,train
51907963-6cd6-7e61-ac35-856db6e2e7fe,test
4ed48b70-d35f-272b-1fea-0318ee8fafbf,train
a3464157-9529-0be3-ed13-a72064919f33,calibration
de927da2-feca-436c-7841-1f68087218c3,train
a9b03d79-c786-7640-e659-7895bc7ef37e,tune
c4bbf880-05ef-4b7c-8f82-3e59b5aa8754,tune
c6e13c5b-bef5-e205-023b-e2d6f91da295,train
1be27b1d-7a3c-0db8-623d-1deb04a2f2d3,train
49eb8135-5aa4-65f1-d018-cc5b6e58e56a,train
8787e8dc-6f2f-dc55-3a89-012fd7e32af4,train
00c6c180-e99c-8399-e8bd-77ad9869d1fc,test
50b3fab9-8221-5844-16a2-d1c5734f3df1,test
aee97e02-b8e5-988c-6de9-4baf4e7dff1c,train
9059e98f-19e5-c7be-993b-a97a0e2f70b9,calibration
2cf2588a-8f02-ca4a-147a-8cacf81b363d,train
a233dc5d-feba-9362-626f-5f1825a8021d,train
f807f904-1c91-ce9c-2d1d-69461ee79352,train
2a147881-09f6-6c49-c4d6-54b1a1f1240b,tune
450db918-a812-350e-b4e2-ad135a0fb5c4,train
da2ee1f5-3aed-2525-2f98-ff61e393ae47,train
b3c6a330-5edc-a97c-3cac-b5e7677d5295,calibration
70379462-e273-cd38-6172-3ddb834dbcba,tune
939a5974-0f04-82b5-116a-6d3ef9c479f9,train
41c1c74f-74d9-a00d-2c0c-d16f90a4f8f9,train
587e90e0-9f8c-cef9-80a8-8a0a2f922aa2,train
9d43700c-05e1-6bb4-7fd3-9961391bac8c,train
ca5e747f-b3ec-a586-6c18-843e6666e87c,calibration
294f070c-9f7b-e084-bce4-d9d0252c4541,train
b8e83f3c-ec54-53fa-c0f3-aa3f4791f168,train
c2df417f-7b8e-6987-6d0e-bf133a7e6ef0,calibration
1377dd3d-f031-9ae0-c3e0-dccd4ceeea26,train
30ee8f94-1944-c0b2-2227-7d170d171996,train
4e41ba25-cf11-4316-52ce-0f9325ef414b,train
beb98c61-780c-5ed9-92ca-ceef9105a7bc,tune
67385b89-441a-b994-62cf-eb25c5fe534b,calibration
1fc984b7-7ce9-8120-e480-d536afcbf17a,train
01ec24cc-05d5-3398-e073-0bd7b5774fe6,test
47e6ea58-99c3-4225-b01f-f4d6ad7e4f16,calibration
18b1580f-7df9-61d5-8864-0f2cc320f7df,train
8e76e5a0-b1f4-664a-d3dc-abc7cabb5cb7,train
6b39f5e2-cc9b-ab46-b06f-b4985224a9c5,train
a7328af3-f2b5-3d78-6c88-563f41ccd11e,calibration
4fbc3e8f-1fb9-1a16-41cc-1bf507e3fe9f,tune
0737f0f5-053d-3cea-5f06-2f20700289c3,test
e985f816-ddcb-b987-6b1b-8cc8be8035ee,train
1e25864c-208b-79fa-58d0-e2f85186d145,tune
fcf1775e-9200-96c4-cb4f-c1b78f24bf5c,calibration
837d88c5-f43a-2734-12ee-116a29234a3a,calibration
95ab32ee-bdf7-afa7-5b8c-ebdb43238063,train
1a9b0f82-7e97-9662-7c45-c390a3e330be,test
f7f849b7-ebf0-bb2f-b1ac-9ec558acbeb8,train
af3d728d-2c16-2acd-1595-dcc382ad3013,test
60762f39-6f03-79a7-3aab-34b347fccdce,train
803c9039-c71e-0ef5-bb4b-ea6df55694cd,train
310848a4-2aee-e39c-3acf-0e672a303ac7,test
da9e8ac5-626f-e269-e4d9-8d829d7777c0,tune
368cb22e-1bec-98aa-98a7-8f7026e81a17,calibration
84ffb1ce-08e8-605f-bd7d-9cc6ec19df74,tune
37ab861b-0cac-d691-0186-3a83b4b1b8de,tune
c5d1141b-55cc-851a-fd20-908414d27111,train
60b7077f-ab52-3270-807d-3e49f69bb4e9,calibration
986220b1-36ee-1d85-0999-ba06fc5f8f67,train
38cc97ef-0cd1-daf2-4bdb-437825d5d3ec,train
85f8aa88-0785-b38e-263d-862aa5046395,calibration
54f0f9ec-f0d7-17b1-f0cb-7057403286f5,train
ceaf62a9-ca4e-33eb-a176-7191c93df518,test
eaa2bd58-5a26-5133-830e-1de38c8212d9,tune
c82ffaca-5a85-bee7-51bf-9f3c4f0f221f,tune
e06595be-4ecc-b380-3708-2e10090bc4e7,tune
35d32d37-a12e-a9ca-1cb2-5606127f46e4,train
93b0b038-1eda-1f7f-1702-918ead0fa08e,test
769bb96e-ea9d-1f35-c5d2-e82ef93d7c6b,test
9964866a-e2a5-13f5-57fb-025e90dad67d,tune
4afa9be1-2dee-6d7f-69a7-4753f9c22b06,train
39f05419-521a-bf63-fa17-2a70f6270295,train
579bac6d-a191-2e20-f3e1-c2af549db282,train
7639d71a-3e33-db81-1bfb-c4148b657d25,train
ec5eca08-47fc-1d76-09db-bc1a3ba62374,calibration
4f05bfd7-6dec-37a1-1c82-42481e7ebd2c,train
094761e0-3ac3-47b2-4296-602af35188c8,tune
764dfc82-32c6-1a37-888a-35fc232df912,train
bd880d09-b1cc-c36c-f764-c00980de5396,train
6d7f1307-9fba-77e7-760d-873ecebb0e04,train
8b0ae622-6bbf-1645-a3e3-f355123d319f,train
cc274f09-db43-8eed-7bb6-b67ce0de1105,train
5ac8e17a-3462-cbc5-8ab4-c48052b5bf3e,train
20dcce06-6cc8-79cd-1625-406af6b0ecbd,calibration
f0a81208-f9f7-abcb-9795-711d9998ef25,train
fd3617b2-1017-6a7d-f2df-5bc3d24bbb88,train
0477cc55-5999-36b7-64e5-83b8d427a5bc,train
2952197f-e665-87a0-060d-f8df7b988aff,train
98c77774-a7f4-3321-3a7d-b5deb2af852d,calibration
96a0a3cb-b41c-73ee-93f8-61181a76e32b,train
029d85b8-189d-775a-e2a1-d735a2119d03,train
e52a8fb0-5db9-7efc-4aa3-3a0580fc124e,train
e371d463-2d5f-8a02-8f25-cbc35e76e834,train
e7183ac7-8ede-744c-6988-dce5ba11def5,train
d73ec683-a2da-cbbc-c2be-40dd0b84ae75,calibration
45f5548b-ecc2-b80f-565b-75341c16e7d2,train
1c5c0189-09de-24f9-ea8e-0d5b4ed81ad2,train
4b62c369-0149-0961-638e-6b7d5ca6e1f5,test
7e9d62cf-6f1e-5949-0a8d-e6616067e143,test
ef4955a5-5be6-c26c-b3be-f300e9cb76bb,tune
74b9e8a6-cab7-d1b5-1148-302c8b0d6658,calibration
ecf84b14-7dcc-97a5-6a9f-e14f24aad523,train
2f3aeab7-26fd-290f-b402-0442f35ea45b,tune
e2e8e12b-87f5-8c2c-7af1-8d230198fab4,train
dfdcb0a9-24e9-491c-104e-d36e91328141,train
cae54b49-01c3-e6f6-ee10-96658812fbdc,test
942594fe-051d-bb49-6c14-087bcd487f1c,calibration
8b099e2b-eaae-dfa4-1116-df5c99568317,train
136aed15-1dfa-e439-5359-5f144c82bb3a,train
cf88505d-7ae0-e6df-6531-2de6736a5203,tune
e628f9f8-e85a-65f9-1148-79f13113561b,train
92d40ee0-be95-771f-48ee-02c4f47be3c5,train
ea3e14a8-bc5c-d45b-82ec-752f935d629d,train
542b18c6-59e1-07d4-61b7-b43d50943a53,calibration
02d6a4fc-ed80-65bc-d0e0-630b35c8be1f,train
7ee05ff4-4b7f-79cf-1d5b-8fb5e0b7ff4c,test
cc5b91c6-bf8b-6992-4f37-7e8440167f3c,train
c406ff71-4cd6-32fc-5621-d1b515546cb8,train
9a3de006-7d12-a51a-f6db-76f3f469692e,train
b17f8df5-931d-b9aa-afe0-2b1276c007d2,calibration
05d89229-4e75-282c-6750-8fbf155f708c,train
7d2078c0-ff34-8a3b-9d63-9f2fd1a06bf5,train
9d3fdfb7-cca8-70ac-9040-02522365cf75,test
6cc0c995-3ac7-3232-c35c-c9b2a9a57704,test
9da05f9f-61ea-aebe-7d62-0a9ab71c1353,test
06276359-dcf5-e7b1-dd72-9903f61a4734,train
8db13fb0-d108-f083-8504-a3c6f49ae288,train
bff8c46f-3fe3-fa35-c268-9ee204123b1d,test
d1d534c9-c015-d09c-33f1-61c612269655,calibration
3743ac86-4502-ef33-15cd-d6e538abf6fa,train
fcc3eb2c-0e86-b4ba-4ede-c7bba15aff04,train
a962533d-5307-34a0-fb49-c3025da718ba,tune
c7358dce-7c0a-c567-d12a-46ad371b8b66,train
bce8916b-ec17-677a-3e05-cf7797f6b275,calibration
15d0d75b-037e-61d8-0517-0b837fbf3c48,train
6edc577d-d009-81b7-9ab7-68e55fe052d8,train
9309fb29-d298-798d-fd4c-294fdc3dc785,train
c00bf22c-5e7f-4630-8a1b-77194531e0b8,train
e6505d16-a2df-f601-6e35-dc11ab43ab66,train
203578e2-58a8-50fa-5f5d-68231dcb5ee3,train
ed15867a-9a84-0eb9-7141-ae6c32c69b0e,test
776e513d-fee9-a483-1360-cd9f82a32f5a,test
b540b4c0-15e5-a223-e78d-beb88af683b9,train
9e20f69e-bbe9-5927-58c7-3f395f5df596,train
0b4e0b35-5146-491c-d194-474b3d1943da,test
5404ca1b-b974-7127-0a37-958a1a014187,test
2fefa816-2a8f-3498-3845-c5b4962afeae,train
95fc04af-f51a-81fd-00b0-4df6eb1d5ec8,train
b02cd6ef-1147-2548-76f0-8342f8e21e0d,test
b3acbca3-a2f7-bf2e-91e7-bf43435e9abd,train
5b86dd5f-5fde-d6fc-3e5e-e4f32a9a9912,test
2f5a108c-0979-4996-f955-39dad5150d03,test
bf7a1c34-4c05-a2d5-4284-dd392df35c1f,test
f53366a9-321d-32bb-4b66-fc5e1557d47c,train
6d698705-4c09-f2b3-f445-c338d5c1bd22,train
f0efb030-092a-4c92-d51e-407980ffe212,train
f257e9a7-3fba-8edc-e485-29822f29ed18,train
9e094a54-3ab2-fb4d-28f8-8a69215fe032,test
097e43f6-8799-ec92-1541-3ce3ce0cc71c,train
d40ed905-9780-a654-4840-089fa6ab0361,train
84673865-9619-d46a-e58b-7b6cad101b26,train
23e00f4f-175d-b1a0-f13b-53a903c4d61b,tune
f880d4c2-aa46-4546-d00a-334a8289ceb2,train
0dbd2d41-4b39-090f-bd51-fa5a20ce0c54,train
ace4d3aa-1cc9-d7f8-ac38-b85bb5090157,train
33ca657a-139e-c8fa-5ded-e8f970bd2b13,tune
a25309d5-5515-efd9-d5f5-2e456abe0fd0,train
ecb941b3-ffb0-cfdf-8903-cb5be1d82868,train
29a8418b-5856-d843-212f-c008fd4447f6,train
d798976a-cd50-02e2-f084-472c5775097c,calibration
0cada361-1298-f13c-aeb4-96583a960c5f,train
0ab5af55-9d25-0a8d-b750-443d17b8f8eb,train
497c713b-1c2f-5731-a0e5-99fdcfcdf22d,train
ab198500-2923-ece6-7d9b-ba286583444c,train
28f0d99b-52a8-32e2-b3e4-85298a25b2c0,test
abaeb958-f1d4-ef45-fb96-db3d24662a33,train
9d45ddc5-528d-2fe4-1e25-b7b7d11aee3e,train
960e9a2f-8dc5-e656-174b-005745b30e89,calibration
5bb7ffec-891c-6975-d1b5-2b4fd308b856,test
1387976a-3dd0-7b69-df90-d5d830939b25,train
44534f53-1a47-d894-c3b1-f113fe27a75e,train
3e8db9e4-5dbd-1fd1-750b-7fed0d5047af,train
eb946da3-ea1e-aef6-d0bf-03af20f0ffbd,test
7d731695-1617-cce4-2e57-fa5840e507a5,calibration
93c5438d-8270-d607-d320-ba47711557fd,train
2a390435-059f-748d-f578-df5b8b48f71a,tune
4076c929-517a-57fe-3dd6-f5742c017654,train
faecd389-d675-9329-5ccd-c6556fef34f5,train
1bcdedd2-964a-8795-c9fa-100569659e1f,train
9f8ebed9-817a-abac-b7fd-758340a3069c,tune
e0f18bbe-dc94-8fff-bab6-e457c6c5f19b,test
bb167214-2d1a-eb66-16ce-8c4949b6862d,calibration
c47585ae-0497-b1cb-8779-2c3027c03aa2,train
831028fa-ab4d-4ed8-62f6-2614daac557b,calibration
3ffd871b-4775-5a3b-cd47-ea6976b1389c,train
2732b1d9-a2cc-736f-33c8-007f68a13218,train
c5c82519-262f-ad27-51c7-7a5d69d9611c,train
4319c574-7d1a-7edf-1416-65bd7f11434a,train
53658d95-8f28-fc6e-3162-66f046099583,train
eeb2954f-8e9e-48fd-6707-06c520f17fa9,train
ba19b21e-4578-6eae-89e7-c596706ae7f8,train
5b9e9969-63f5-2c21-da5d-e83ed291b8cf,train
69da2883-7da1-9ba4-cbcc-e1c7ca57a592,tune
5a0d8acd-ec7f-2cfd-7bcb-f370e702f3ab,train
544cac36-f8c1-1693-f767-f20fc7264eab,train
c03b32b6-1fde-a4ef-6063-92dc63f3f339,test
2ecff570-c463-e937-15b2-efbac233c561,train
78428238-491c-ada5-40ce-1c7384a93be0,tune
7c4325a1-3c86-eace-8af4-4571bff3b3db,train
dc7ac8ae-28bb-72ba-ea81-25f51141e1fd,train
4d4dd337-ac4a-cb53-ecc8-d2c47a4e455a,train
ba7853b7-958b-b06d-fcd1-a15c27ad7df4,test
de9bb33a-6990-e762-44af-322305e5bf58,train
896c6397-10a0-8856-7765-5bb902e6f762,train
8696928c-2121-f658-aa98-74ee8e0f9ebe,train
d6a07940-1af6-f51a-9e95-7d27c0582320,train
a396227b-ddb9-5092-5a22-93576ecd7b23,train
82a3ba2d-6651-e143-9aa4-eb8dbd02d013,train
8cf78c58-6034-9268-79d9-dc93452ff08e,train
c2e1d87b-c345-315c-9797-5c515585e1c0,train
2c5e1978-fa17-4db2-86d2-5ada497a8ecd,train
4533c658-0125-53be-3ada-f8cb5bd86a74,test
a3abce9c-50ee-7333-71b3-b11a343be70e,tune
d222fc98-7128-03b5-0ee4-92e8e43c9b9c,calibration
c3358b60-eba8-b443-8fdb-f916e171464c,train
c77d5274-2256-2b3c-9606-7bdb924427f5,train
298bfab4-8cc6-4c25-0d24-f565ca802814,train
6465f864-2fbf-eb0c-65e7-29b97919f092,test
79f48efd-f566-8f34-671b-d280016cf842,test
392d00e7-c2e2-ec48-55f2-862d43c88607,train
f6bc4e71-ec9f-7eaa-f7a1-1f46a3001923,train
913f63b2-d8e3-48d0-f5b6-a636071a3760,test
7167ebd0-8064-60b4-2afd-dd730aa18f44,test
90b127e2-4d18-6d8b-34a5-a12ce0fd438b,train
f98b13ad-e5a3-6043-c813-b3698e03ba37,test
11a64021-c606-c9dc-8b5c-184e35ebc7e1,test
964f3faa-d039-eb25-e1c4-99fbded34e5a,train
bdfddb84-b146-676a-a5bb-fde9d1c3f913,train
678e5090-47a0-cc1d-2427-7fe23ea2da92,train
460db950-c13f-96bf-ad03-5abeffcab387,train
22f6bb99-3f62-06d4-7574-3e46906b3278,train
bbdd3592-fd26-b949-064c-957edf224ff5,train
36f3474a-2dba-64de-8371-9ffe95e8f527,train
f7adc060-6df8-7e06-c43e-81d437e17f10,train
9b1a7576-26d7-e4a0-681f-6c50217391a3,train
a5c6b869-889a-88de-6345-bb373db0d56b,train
e49d723f-3ae6-2f3e-2b08-695d9e46c7be,train
9cf27e1f-753b-4f2e-76d0-b66e303aba11,train
e6cec1d8-173d-1d95-bffa-fbc710c9c842,train
6f59a16d-1a9b-b271-3e6c-5517d57fb1af,train
75a4f391-ab3a-4f8c-4d4d-94cdaa807070,train
717f66f3-52c0-164c-f0c2-dc686c09fb63,train
237136b5-3cd5-a918-20f7-3aa522fdeba9,train
8e01310f-ad68-4e81-c4f7-ffb4daeaa69a,train
98589072-4fce-9e65-f847-1cb50293d7d5,train
faad32df-3c42-bd63-50ad-d748d3a3b6fe,train
ffebe1d8-cb58-ba98-c706-4960ecd2ec30,train
533a4c68-bb81-c4a8-bb86-1f6079b6bf12,train
e9404967-dfb9-072e-c945-a027f308dbf3,train
f3b19807-3a85-d6a4-7d70-082e0306a851,train
e0496827-9785-f9f3-d06b-fb1dc2455f05,calibration
b040f2e2-cc50-779d-e5e8-6f78b3b08801,train
9e5c7269-2f3c-509d-fe59-478b7e63fea8,test
514699f5-aebb-36d4-41b7-fc325500e7fa,tune
d8e9dc0e-c7fb-91ac-6661-1f3483a652c4,calibration
527294c4-8c61-af44-2877-70083ebb9c52,train
51925bd4-d2c6-19fb-a8ce-0f55b245c1c4,train
9bf72797-8865-5100-6cc8-72baca20baa6,train
2ece39ff-4361-8d25-7332-0ac87526871b,train
5c077785-f7fc-50c9-8137-bbe4afce8c9e,train
42a551e7-4062-ffdb-02f5-caa6c255bb82,tune
372ddaab-79d0-c907-732a-676afa9ebc04,test
1cd1eb23-3d68-e7ec-0466-8158175fef75,tune
8de2532b-239b-aeb1-116b-d9dc242b639f,train
55f314bc-08a1-f5ba-c78c-c6f5a0b2e48c,train
76a81ef1-9fc4-b8f4-9791-cb609f075355,train
1bed449b-7846-cd1f-6744-c279fccc8969,train
69df1053-2bfc-1cbd-a77b-f93d9536b366,train
4b5ed943-4541-f8fa-5fde-ef39b0e7e1ea,train
e71164a8-ab5d-b31c-84f0-ed73ba83cb20,train
9cad2a47-b466-9d9f-5000-6d473478de90,train
c66b4386-8a96-4e90-61f5-6a06c0d26127,calibration
5361bf4a-f678-1588-a6e1-0c994ef30bcf,train
ff8b4e2f-cc04-3a2e-d5e3-504229452761,train
267f3982-2d39-ca7c-5500-bbac1c098378,train
7f10b2b6-d643-5e1d-0642-aa1ada3dcb74,test
d5ebb211-0596-7e27-cac7-297c086ac0f0,tune
8c2dbd1e-df47-32e9-71be-d87e54ae49b4,tune
4de8e432-ac16-4be8-3729-c108091ee6d6,train
235f4766-90b7-5dbd-9bc4-77fa6b6af9eb,test
3e1ee4a8-e215-eb8f-ccd5-2ece86803907,test
a85ff67a-bf7e-e0c5-13d9-fe0745fb3be6,train
e15c2407-82bf-2c64-f298-590c833a12c0,train
9c2de6db-e630-a0b5-f9c2-e62316a7e3a8,train
882a3a4e-bc5b-74e1-a783-7c3696a50990,test
51fc6c33-0a61-1cc8-500b-7c4c053fce56,train
e3aacf99-0108-dccc-6224-e0d4b6f52c0d,train
cbb3d0eb-0ad4-0be2-5365-90f173a46fe4,train
f421b4d2-0910-1229-b67f-99836ef8612d,train
cda75392-4190-849b-f6fd-b4baed65858c,calibration
f33eb807-f4ae-3a29-e910-1c63b68d2298,train
3b149ef7-9ec7-dae0-8e09-9e3ddcbd8d5b,test
60a3f133-dced-4e9a-3c8a-98fe5682f285,tune
9feee117-2e6c-a9ec-c64d-9d3943d32ed8,train
ec411744-63ca-7ad3-2728-584800f8b011,train
be38740a-4cd4-3d85-a523-6c1d42bdc650,train
695a5c35-fcf3-fa54-5094-319db99d3cfd,calibration
cb13c4d8-8420-90df-682b-4928915bb55d,test
b4dd7c9f-0c95-e1e5-d61d-89b12ef88385,calibration
14b94ec3-56c9-bee6-8179-d6d672ec17b2,train
c9d0ed82-ee10-714e-e3a2-d08cedfce57b,train
dd989297-941f-ed98-6e15-603aeefaf713,train
6cb2be4b-f4f9-6fd0-69b4-2cde0735c712,train
1feb22a4-acfe-fd06-72ad-b72796374b7a,train
3c0c0372-32e2-2f84-550f-012f1193d283,test
64b64719-8379-7bef-6f42-25abe04d9507,test
963419e1-0a83-d135-7c4d-10362e092f7c,train
5be727f3-6e50-3bf7-d678-78961266c8cd,train
2cc9dfe7-1007-4065-69e8-d59a7ef181b9,train
39f92650-4064-92ee-0eb8-c71258eb27fb,train
3fe5c507-dd43-0b80-9e62-180426dfe57d,tune
e00c7cc5-9439-b3bf-294f-025e6b3e2204,train
2a339c7f-c3b2-71e9-bf5d-6c04ad05692a,train
60244927-69c7-435f-7d14-1a83682c9f22,train
8a060654-3cc8-e68a-6a5b-af96a854df97,tune
bfba5ac3-e65a-1880-21dd-ae94acd50985,train
ab15f9e3-2894-20f0-24fd-55a9ee03d39a,train
b470c638-dc8e-195b-ddb0-d45de73d88ae,train
51f61afd-94bc-f89b-35fa-08d5716bac7e,train
4d0c4218-caf8-11b6-e6d4-b882f1b65eb2,train
3035a8dc-bc8e-68d6-7b3e-9425a16d7f8c,test
ddc70a65-eed3-c00e-103c-03afd53958fc,train
17dfcce9-7fbd-b62d-8ad1-a5df10a97b04,test
eea065f5-a668-04ba-7ef4-bf4fec6069f1,train
48fdbda6-f0f1-d64d-7774-58e9278fc35d,calibration
758e9b2d-1d2e-625e-765c-c8f8ef929c37,tune
1dad44d4-40c4-aa09-1e75-b01d19e3271d,train
7306ce68-a6a1-18a8-87cd-acff89071c4e,train
0290af06-d2fb-3540-15e4-1a725bd51752,train
e726bdcb-06af-3d38-4112-3aaff965558d,train
c174cc99-fb7b-aa50-79c8-82d1b8f64243,train
e08390f3-399e-72f5-66bd-ff6cd4049bb0,train
8616aeed-ea98-6fbf-c79d-e63de8be9bb4,train
e84bcb9c-6062-5727-221e-2131d7aa92da,tune
bc40cccd-a69d-b1d8-f6da-afe0fc310572,train
e259bcf3-f2d8-04fc-4d55-533d859b36cd,tune
b590e005-5a4f-c999-670f-ee34650a35b1,train
df1dee85-8cab-eeaf-673b-c31890835046,train
fe03712c-9e39-fa74-7424-f0079e772aa9,test
834cbcb3-19f5-4734-515a-57f60c92a6f6,calibration
d32749b7-e720-51d5-9539-2181c48ea16f,calibration
e13149a8-cd83-a0a9-73a2-515f3d47eaf6,test
fb600365-27ae-a267-299a-c4aa70ff9308,train
35e90ba6-d234-5d00-cbe2-eae4a4ffe1d9,test
6e18367c-620d-313b-056e-18fc15ca5eee,train
2a803691-16fb-6107-3203-5a5b507fedb8,calibration
026a89c0-1535-5cfc-5710-a0b7039a2fc9,train
f7f33fb7-35ce-3b11-6025-252af7c85e99,train
c6719b29-3a1b-57e5-0f92-d511ab27b37a,test
c8a384d3-0229-1188-6efb-7ed990cef333,train
762ee416-1b0f-e94a-80ad-580ac62d2ddf,tune
995c734a-ed99-702d-3815-6a57f0305667,test
cffc4603-16ad-6d02-baf4-f1eed21c16ba,train
0f566e82-d69d-0e5e-3df8-8a63e61c1f82,tune
50038ba5-b0e3-b47e-33de-b844b27e1182,test
1d5c1fef-1f25-5919-8665-d699ad914055,tune
425b3965-47d4-1366-0966-0902cbbcd3cc,train
baa1e2b7-3ab2-6336-4117-108cfe5a7e75,train
12345285-4e6b-bc1f-1cc5-bd7bc5628519,calibration
f91ef9e6-a060-def3-176e-8c7fb92567ce,train
e6f817c1-4ba2-dec9-1d52-f04a572b3d96,tune
04c5c4ef-84ea-123e-fd23-5defb3cd8413,tune
78e835c9-1b5e-12c6-8e68-d57472d4955f,tune
90c00c47-8ddc-6c1f-f615-817a8e2db297,train
3516b78c-cde4-1368-be30-620d2b0d0c1c,train
34dc1d4d-cec8-0e5c-bb97-bd31a98508e9,train
a4759d84-762f-1779-e452-c88c2c94db99,train
72ca4427-012b-122f-11aa-4460a69b4ae9,tune
3c34125e-b38f-82ee-993e-b7c7db9af451,calibration
846c66c1-1b15-a050-7a57-372ce4c04679,train
21d51e35-b76a-be75-3761-3db08dc2352e,tune
67d292eb-955d-f54f-e4a2-08f4ff42ca9d,calibration
d3d540e1-293e-714d-6c34-d7b74752029b,train
4e782262-0855-d106-729c-d763bb144261,tune
a6a96c1e-ba66-e0b8-6914-942462d5b65d,calibration
41341e88-6dea-cdde-a0a7-a616195d6036,test
20d0b016-2890-7508-e8e1-3ffe434b5aee,tune
112bfc12-a473-f272-460f-eee3f899afe2,train
6160f6ee-dc13-61f8-953c-1d12310fbee0,train
1a9c25d1-9709-434f-9f41-f9909022201f,tune
49d5ace0-66a0-9604-969a-b3930f121d93,train
9babf5e1-5c64-11f2-2e66-3aee754729c1,train
171ed21c-ac87-3525-3c42-d8d7cef0c62a,tune
a2b02eb4-473e-e354-88a2-6a15c04d19d7,test
32d5a8a9-7844-400d-865e-7de2e93bfa2f,train
1ac3a770-9a7c-3480-0acc-e0719ca6b822,tune
9a5cf4a3-6f07-d632-0aa8-90a0d55d8409,train
bdfdb9b3-1a39-bae3-9e12-8d501e7f11ea,train
e20c02bc-08be-de53-9966-51233b4f50d1,train
db1be274-584d-d99e-2c2c-f2242b408365,train
a3fd812b-e165-8828-0e42-fac20d86eb8f,tune
e9ff126d-f43f-98e5-dc48-984d9494f65f,train
1f06d17f-1589-5b4f-2e9c-2df2b10db417,train
f8dd4c34-a332-0b46-764f-7eeeaf8b4b2e,train
fa03c562-7038-7c80-1a83-3663b8cd56b0,train
ab45e831-0ab4-9c07-1c25-77a4d2d875dc,calibration
d907ed5b-1fb0-284b-7af6-bf07fcd19850,train
e523fb0e-fe1e-af54-3524-a742388b745d,train
3a26d8f3-1c0b-aa05-df56-692bbdd68690,calibration
4a46545c-6cb2-1d75-1e8a-2a400340dca7,calibration
db7e3211-d581-fef1-f501-3e68eddd36c3,train
ab820caa-7851-f751-66b5-8be286b354ee,calibration
f71db527-0425-1c79-5376-45931d3eec2b,train
52afa4cd-bcf2-0cc1-dcc7-d5df50e8c518,test
eb731e0f-3ef5-07f0-bcc2-9bfb789547d2,train
972e2763-f70b-b18f-92bf-1efa64e5b65d,train
d776a78e-1e25-1564-6da1-156eb92ddadc,train
307b7efe-1fd7-29ba-6018-98c1dc6fca4d,train
7ae3175e-a4e8-0813-6d0d-63b6e738997d,test
1a7dbdae-f427-6b7e-b470-60040684b981,tune
baeff9d3-0b22-188d-8b55-cb334e6dc171,tune
fd632dca-2686-e8da-0724-52dc2c97ba9a,train
e0822bef-e9e6-096f-0690-0191ffb0651e,train
f954ad4c-afc9-0d77-79d7-aba4b014eabf,train
a5515482-b95c-f61c-b8b5-dd261fe0a758,train
35a13c55-a9d6-fb5c-c834-63c641f712f5,train
b0668e08-4de8-36cd-14f7-1ed78aef64b8,tune
a4b5853e-3121-2238-303f-319ffd722c94,test
5a2a68ea-bfd8-7c75-38c6-63db5cf74395,train
da03126d-872e-eec1-5ebc-f3a668778461,test
fac201a2-f5eb-0800-a6be-ba094c46112c,train
17aa63d8-9f37-db0c-562e-5a7718f33e55,train
41335d17-40c1-bcd4-e891-5d67fac009a7,test
633b8b53-f2a0-d64e-4e0d-95b73714c1b3,train
62a9ada4-2c93-93df-dc8d-a796261bc01f,test
4cacf161-642a-eb3c-68d8-696a6489523d,test
e0b0f9df-ac4c-5828-2fd2-a7d218627d67,train
75b84479-7abf-87d7-49eb-ab32351712f8,train
ab23a70b-790b-7845-3ee3-24f75611226b,calibration
88d16a9e-c71a-fa0d-3d31-a882f9094d10,calibration
a85098db-8b90-33fd-8d28-b5a022377439,train
87c31a6a-5edf-3f18-25c6-688276fc66ba,train
a5816f2c-79ac-28e0-a0d0-46fd64e5b4a0,train
8dd10e9c-0c97-ed22-96f3-6cbcb883f148,tune
9822b70f-de66-4a42-cb84-da692579fae5,train
3b046a54-f713-1289-4c43-858762f48493,train
95b23d16-503d-c2d3-6caf-a8289935e0cf,train
48edef8f-06ea-db9d-4b35-6bdc4845b644,calibration
061b4e2f-bee3-a731-2547-b8ad0984c6fb,train
0485ae97-8f9b-1d12-21ed-3946b17bd750,tune
e5b7fedd-c619-9ccf-b20e-ef2a9b801514,train
1f12c803-a253-ed5d-caa7-33a286d8109b,train
d1b9cbe2-1601-bad4-5308-a990a2643f30,train
2931ebd4-1478-12db-8b9f-8e42b52fefa7,test
b592f4af-71e0-3ca1-bab2-443e51b0cbe0,train
4b61418a-72f4-d86d-0baf-f6d9bffc8e8e,train
b8f1a144-62c4-20b1-2322-aaafd0ac66f0,train
3eee04db-aa38-4574-42d3-a4906bf3bbc9,train
0ae0f89d-69dc-02b9-43a9-b5e10c907c40,train
965fcf6d-db1e-1d75-1a49-a684d9406fc5,train
dfe602b4-3998-e47c-9649-aa0c1744bb8e,tune
e83fbeee-4460-7aad-6308-944b680ed3cf,train
3b7d99e5-3488-f6ca-e341-40ba055ccf66,train
2ac02adf-8e6d-1398-eeb8-61ce6c23a47b,train
478f4f24-095d-d06b-a3b6-a766dbe8ad5b,test
b6bbff27-705d-4abe-3282-d08d7b2b0bfa,calibration
577e1626-7534-100d-9a05-e2ffcffeaefb,train
674adc74-4431-d418-fb78-bf7911bd3dbf,train
6246f3e5-97ae-7e9d-409d-b23f0324b1db,tune
072a6aa1-c14a-d89e-9fdb-638873ac3d4a,train
b323c027-d3b8-7fe4-f5b1-afcc4f469f38,train
0bf385c0-6c6a-7d19-1dfc-e48cf2d49c77,train
bb8ec50f-d6bb-95ae-9df0-2480a055c2de,tune
6c93eaf0-db57-1bf9-16f5-830f0fa8bef7,train
a1f73b94-a0b5-e386-bd5e-427a7719dc7f,train
04c84512-d93c-5a2f-197c-62742fad0a84,train
1e36f327-058e-1b4a-4d10-49a832cc27c7,train
31119fcb-999e-78f3-68ae-6f9c3ac2658c,train
fbdd0152-02a1-ea8d-2096-15218136a98b,tune
ddfe53db-d9df-40eb-545b-07c91ea64d27,train
e8eb5edf-d485-9c13-3a69-aa884e1d377b,train
36d53c54-7889-7a35-883e-338beb4b2a20,test
ad57a807-ec75-8c46-450f-79140fee598b,test
186546a0-a887-4154-eda7-cea0e92ff29b,calibration
37b4af55-a141-e9fd-7439-796f5d7e0ba8,train
881c8f68-f1c4-b627-f2f6-3952c8c9148f,tune
1278828b-06cc-8009-c88c-74062ea6c005,train
2d06c501-f868-e40c-f8da-47cb36d67cbf,train
20496746-35dc-6f4c-b3a6-ca9f1ac3c366,train
33d3e1d8-8bfd-edbb-b662-d969e1c66f56,train
30fad6f8-8b67-be93-4551-846ee865b0fc,train
65ea61a6-ca02-295f-62d6-6458e3e23726,tune
0e11f219-7144-38ef-d899-547999e244e6,train
6cd28465-5229-3c1f-f3a6-526b899bdfeb,train
c29c8d3e-3d5c-a8c5-2b9f-c979e00e07c0,calibration
286e5e75-91d6-e158-292b-61b7a5fe0005,train
de832d95-34b1-0e45-7fbb-ce7dad89eeee,train
8bfcd321-c412-04ce-7228-2f6eb2761bf4,test
c31a5869-224a-5d88-dc2f-377c40d41857,test
44f193c3-d8b5-f65a-2959-db29b9312117,train
9def66e0-57fe-4edb-cfdd-e101f84f4e74,train
aee4ea7a-23e3-2f25-518b-4b3a009d443c,train
a7fd724c-8f2a-df0c-73e0-c558e0498d95,tune
5f705fc1-9281-109d-4dca-36131871849e,calibration
04cd33db-ff3a-8a60-000c-8a222d204c07,calibration
1c2ffcd7-b6e5-ef40-856a-1984c164f2bf,train
cecca959-3484-d806-7a8b-0046cb66604d,train
a6e3021e-0cd2-d81f-e814-6acacbfc8d21,train
ed5428da-e44c-02ed-9ccf-ee27a6b82e5d,train
53833c0b-ce22-0162-56c8-08ea438453fc,calibration
ae06e1cd-302a-873a-d7c3-937d530942a6,train
4a5a2ee1-aa59-f250-e76f-38972237c37b,train
a9865d07-5207-1c85-f969-83553066cc5a,train
d7550b1f-e21c-d68f-8a55-b704b50d52ef,train
968a9563-9d77-6244-3da5-725fe5715f33,tune
b5ef0d2e-2b53-731c-a8bc-91a63f394090,train
b3efa5dd-e8fd-8c14-0e1d-79627021c4bc,test
b1171b46-3625-ca71-ad6f-823543aca314,train
cf3b304f-df12-15b1-765f-860b3ccb7b48,calibration
5a9712b6-0e7d-d19d-2ea8-177287bec0a6,train
a3a550f9-8bcc-3aec-9ebf-940428f7cdbf,train
fb690534-89d2-8eb0-04f3-570f57e3cb56,tune
a8424c42-3cf9-8d8b-412c-1ff8263e21e0,train
a0f2a1a2-6eb6-a6c8-ce92-c4e773efb141,train
9fc5bb31-befa-93a0-dff3-ef18ace364fb,train
9df90dad-8803-c046-7e22-c3acce9d3cbf,train
df83d36b-6eda-ee35-707c-aa683c3cd308,test
d0bb4caa-9c2f-2234-6c78-54d5c159cb80,test
1e9be3fb-3683-ca36-07d3-cb193621daae,test
bc8badfe-e5c2-8799-24af-136b3c1965b7,calibration
d3bb6e6b-b96f-7ff8-b404-0bfd9c09f19a,calibration
27380127-6299-18f4-a996-1005f3a6db73,train
fead5d4c-44e5-9f27-ec2d-135a7d41e7bf,train
834fae21-0b0a-0ffb-f30e-b18ad46495cc,train
4ed77a79-1704-aced-1934-2859b8382003,train
8b4386d0-bd9f-8188-8fc5-8f1ddd8c1e38,test
1737dddc-ee75-0066-468d-248c617db458,test
9f0f980f-6244-876a-c5d0-4743a3fe2452,calibration
a284348f-9ea2-ea62-1065-d0d90753d0d0,train
f514e728-2d03-4b6b-06a7-1b8964d396dd,train
1724df27-e9de-486f-18d9-03a3480f7605,train
bd80fae9-a468-129b-6228-4e4197e71cb5,test
8cb75acd-8e2f-0899-00e4-54eaf359a990,test
72f6933a-7110-d8ba-52fb-abe412d002f7,test
57091de2-82ed-1c5b-8c91-0c7b11c9c442,train
5eb40f66-f5a7-7d1f-6317-e385aa113af9,test
fa390c64-4fca-73f2-fc6e-c5543eb9ed1c,train
5d02993c-9ebf-3a1e-bc8a-323cebef6bb7,tune
69c0c345-5001-bf54-1297-7f1f461e266c,calibration
6b7900e1-633e-7b94-5e80-bbc8186d4177,train
312893e3-2c28-d170-f9e4-84420a9cc3a8,train
770e3220-0fa4-7cab-a81c-de68d0a79093,train
239abd6a-9638-d43e-04e0-b0ba80cd1b74,train
7c4d9c03-f4d4-78e8-7583-c3caf58f0af0,train
2e603349-8802-54fd-1ab5-32503a3c4f95,train
e8a764c6-0de6-a9e7-5d0f-30d300b36114,calibration
87f981b8-7851-5324-45b8-a8b175de304b,train
e20e88ce-38ae-6a53-6f6c-d91c73f6e434,train
bd69b6ee-e564-87a0-7a0e-3448c75849d1,train
633b5b81-bf3a-8260-7f59-b2a506817c76,train
2cc52925-00e2-d04e-afd9-6810bbe0ce4c,train
625a25c9-b2d8-bd68-4d8e-99683431ca62,tune
1aebfd7c-4459-a792-9f03-d6a58686a687,train
ff51a235-9deb-adac-44ed-84b3e21ba12f,train
1253a89c-ecd1-d76b-c36f-3d1fd0971971,train
f7a1f4ff-b403-7338-2be5-b7bd9e6d13a0,train
bfce2737-2ef9-9a83-41d5-ea0ae0c7c66a,train
7813838a-86f2-59e5-23a7-6179ded270d0,calibration
50cbc632-b58e-2dd5-a522-f1658fd6931b,train
110495c4-e2cd-cc8a-6660-729c7e4096f2,tune
47498a9b-89b2-1e3c-6cd1-ed029642c832,tune
2b74c82f-7a24-015d-4335-12525b971339,test
84616ae5-959f-fe4b-1231-3cfa652c7054,train
e4ff28ed-dff0-f1e2-a09e-f86d2a803d03,train
6cda001b-a273-2206-c8ac-eff005917eef,test
39ae9824-f9f7-571a-9c20-9752f8c0d835,train
a57b8439-7d78-9cf1-1c00-b5609b50228f,tune
10b77bf3-ac76-1b23-46b9-beaaa7f7d1ee,train
27d84e0c-599d-524f-e0ca-19ba6bfc47ee,train
d3a7e9bc-b00f-7573-fcd7-1501c27d029e,train
85b3c8b7-164f-a4e2-f58f-ca008a8f58fa,test
fbeea25e-5cf2-99a3-d9aa-850b44fcfefe,test
c6d3c5aa-ee4e-706b-0fb3-09d926e9dc95,test
f6947423-e1a1-0744-e479-c4525dbe7c79,tune
fcc44245-d97b-2376-af65-a83ad4d6157e,train
81af9ce4-f129-c9b8-9143-0b8c36d8f787,train
062ef5c8-47bc-a839-ec64-766ba5d2598e,train
9e457b57-77d0-50fc-7f97-662f19b60bfc,test
110b3001-e769-62b0-8da0-3933779f3f51,tune
d038a080-5e0f-37aa-ad23-be42db35b9d3,train
99ff26ee-09a6-d684-2e50-16686af9da8b,train
2de4ad84-f221-bfc7-ce46-9231e1c01bd1,train
df13dfd4-be71-a7d0-632e-32ef5e6af687,train
9842beb6-a635-ee05-23c1-c140d40822c5,train
0d2d3a9a-41ee-67c7-8538-292024ee0726,train
9520a89e-adf4-83d5-ca82-0422141057f2,tune
64fa4ff3-3dc8-fcd9-cbed-17522d01aaaf,train
b36423bb-fb43-7e60-fe66-70afc0ae22c5,test
e90e95c3-5443-3280-7164-27771ccb2c11,test
37fab5af-32ea-7173-3d8b-5505f04d7d61,test
73f71387-ff36-6755-c3ac-057e63e97117,train
feb0957d-d4f3-177b-d7a9-939a940bbd2e,train
2127b8ad-6394-fb71-7bcb-d607a9c8f47b,tune
cb34fab4-0ae7-dcc9-483e-e2da10e67733,tune
fa4eac45-b06d-9ee2-e032-98fb73216181,train
093263b7-3640-7def-1c17-d1e4f8b5c06b,train
7eb2d6a0-72ed-74e3-1364-8deaa1a90b9e,tune
94c78682-4d49-6a0d-101f-234390e46443,train
e385ba2c-b041-8f1b-f7aa-02d676e1a12c,train
1b81b0c6-0afe-8c68-43de-9b5d6b36bbd3,train
f1a21cd0-cad7-32b4-be1d-17e2b97e9dd0,train
75a3df31-14c7-2b36-b0e0-23093023ac4b,train
3f053104-138b-7636-5d5d-3531a1d25a18,train
2f7e07a5-9118-b718-35ed-64fbafedc184,train
07d7febe-f508-bcea-fa28-b93b18f14b56,test
03e30af8-a56e-55b6-2993-340f5468cea5,tune
e866c6cf-0f16-f2c9-ed2e-c8f137c6501b,calibration
512d9cf8-84c3-5a9b-4149-6e0a64b2e79a,train
6e9361d2-3225-d367-ac19-915bbf6b0583,tune
7ff34cf6-dcc9-067a-ae75-fbf7369c9e2e,train
3ffb399d-b7ce-28a8-7a04-78a573d5dd9d,test
c61cd1ea-b02d-960a-184e-6c8b530ddff6,train
6895dcba-22fd-bc1f-8145-17a2329786d8,train
be5a3dc2-8d8b-f11b-d760-e4a88d40d71a,train
d0142d9b-249c-0018-c30a-aa738c5832fd,tune
1d02bfce-d04a-f805-5ba0-d7727399b21e,train
09879d5b-47bb-10bb-c35c-da024a3830ce,test
ac3b325b-a44b-98ab-6362-ea7a4506cd66,tune
3a3f946f-38c2-e996-d023-be3d0ded84a1,train
4005022e-df9f-d040-a49f-4ff03e5da39a,train
f5d2afa3-f8c9-389a-18a8-73b296767bb3,train
1e1650f5-8259-20d5-ec6e-b3f191e34d24,test
40990043-c3f3-6079-9514-e8c9716f3d99,test
3d215181-ab3c-8949-673d-f2c2b90c0e29,train
37b5d40f-20b6-30bb-4eea-34b467b5c641,train
7049689e-710a-1553-9c00-1c2e0a470e73,train
4f083bd0-1348-4827-f4ba-7227cc0ff37a,tune
86dfb0f8-44c3-3a19-04a0-d059c5d035ba,test
fb9443f7-4608-a001-86ff-e7894957c3c4,train
9f9e5e78-5b10-8855-36ca-814624f6a5f2,train
18d8908c-d2de-b9aa-1062-17aeef2a4040,train
8f63940a-e623-5422-73f1-1b3cec35ecb3,test
621380d8-d571-cdab-0143-314235d8ab95,train
48f55a07-99e5-a430-71c7-19f8f3d92dde,train
5f9d3f8d-f740-9ca8-e0ee-658ade961764,train
dbb16e9c-6b00-24a3-57a7-4f3493f394ff,train
4ea0e760-bfc0-f8ae-b971-9b97ffb2fecb,train
17828576-000a-6783-fbf7-bbcc24e10d5e,train
5d6a6aea-5460-df2e-ac8e-3dee8fc6c7cd,tune
3c03e83e-2e60-28ee-f651-d1504381a9a2,train
20298f81-fa1c-52ae-7054-8d8e5777d02d,train
613b621b-e9bd-7f86-36d1-52a151572c15,calibration
9fdde639-bb99-24a4-575a-6bd64d6ad850,train
08622335-99ca-5a9d-3788-9a4d2fd55c78,train
3ef7eaf6-6d57-f929-33f5-80bb3afa0fe2,train
c53e911d-63d0-b4a4-442b-1baece87c4cf,train
2c8ab7d7-795a-cc7a-de85-a98cdf88c443,train
d29b2ad4-9885-375a-44f4-f7d2b802fd25,test
558a0db0-50af-1c52-7dfd-8538a3a4cff8,train
ed7b8a8e-5dde-f570-f5cc-88615fb3f675,tune
c57f92d2-5e41-71ee-deca-1f2f3b40c83b,train
30c7f25a-a5a5-db61-934b-17841df5cb55,train
04a6b238-f183-46ba-9908-af3d51e3e9e5,train
0ce3d0a8-39eb-1d7e-4b1a-d7bd54611f3b,calibration
39416e28-7589-f437-3c88-8cc7a103aa39,train
4396c84c-03d4-857c-4bfd-1db51d2ac144,train
19408454-9efa-7e7a-f7e2-4ba67a136d41,train
35d53850-4151-8b41-c693-81a13b84130b,train
e34f1725-98ab-462a-4230-423562472283,train
3376cf36-340c-299a-5e0b-1b556b2a319e,train
e7cd118b-3ec5-8e0c-dd16-337d2c0224dd,train
d835975c-e3c3-29f6-a265-3efd8486f4c4,train
94aea374-a54a-375c-b2f1-25894a87229f,test
c711f608-b783-dfb7-7452-c05a7da315ad,train
62774aed-6c49-1153-64ba-2765f90289d0,tune
9ea960d6-f294-625e-9581-94e9eaadb226,train
c6ed9676-39cc-daf2-53cc-20e1ef478099,test
9fdd8711-b846-3c4b-094c-83c68a3623ba,train
8c24f1ac-4847-5c2d-30ae-535e7b38f65d,train
4b22cbd6-4c0a-b10e-beac-836e0a39ab40,calibration
af0a2b79-2fdf-c598-0325-c6138f01cef2,train
2148d953-0197-b805-4427-c0d880b9a102,train
082c471f-09d6-b389-8ab3-c30a8ce48d2e,calibration
cafd957f-6f66-d83c-3ac6-c6ec28011680,calibration
d92997f1-a142-9294-a9bb-0525ee38e433,calibration
5e00b6e6-53d2-5c1a-8fa5-f634c1fcf402,train
7330011c-b33f-561a-2ff2-e1f213aef05e,train
5d329dd4-b5d1-9b3e-eecc-054ef8d37730,tune
63d22c4d-2fa8-da43-ff8e-1a52241abb0f,train
cf340815-6c9e-6112-47b9-1c2965334199,train
7f5ef008-ed96-3c02-b65a-ff847881b8e5,train
32f5c0bd-cbcf-2630-6ea5-15536dc85dc3,train
81264113-78c3-dfa9-8de5-618850d8762c,train
d6d181d7-1673-46c2-79d6-77ab533acf92,tune
a063a5f6-5d71-133f-ca45-bef8d1200285,test
a0d522d3-d8ea-002f-aeab-225239a9c006,calibration
3ecb7a16-4193-91ea-3c1b-ca27ac2b4ffd,test
f398b7f6-56d7-6023-e32c-da21861a3a10,train
f75c5cf9-77f8-0f3a-294f-dfee402e7772,train
573bc697-f146-81e2-8012-6a7a8cd628bf,test
d6f060f9-bd26-1a68-81dd-449fe8b66a50,train
9778dc01-8742-6b00-625e-19fd23968a82,tune
3bd553cf-17ce-99d7-2e65-ace4b9d8e7c3,train
73c2e79c-6ea8-5d8f-1fd9-28e08989669e,tune
9ec59eee-1817-36ef-0db6-f1e8c9c77745,calibration
51d6a352-55da-26bc-f4ff-d25649e7e821,train
4160fd61-c3aa-bfa3-6dd0-7f6e9d5ea345,test
4ab11bbe-ef97-126f-adbd-2887ed0c1b67,train
9a85bb60-d8ee-57f6-4019-ab95c0047990,train
69af4894-c1b0-cec2-7ff9-dd696ebaa1d7,train
156218a9-ea33-cbfe-7e50-09100085f025,test
51147f93-2df0-0119-dd5f-6eaacd4460cd,train
be4a0a83-4c13-cf87-f634-bf54bd588375,train
33236874-7421-35be-c9ff-c160c79fbb4e,train
db58bcab-93a8-e7dc-d341-837507af1e24,calibration
d422ab0a-817d-5627-47de-d7fa2151d7b4,train
01749067-6702-1093-d451-bc4ad1d11946,train
bacbd361-b818-26d6-ae33-821f71164f8d,calibration
79b9fe93-9e79-1317-e188-aa0ba2f81546,train
e6ef5fcc-7c4b-bcb8-50bc-56733cd989b8,test
eacd1e84-9e17-5fc6-3573-62093682bf2e,tune
f1a13112-373c-a5f5-b407-d8e6f7b8501f,calibration
1b0474fc-fb68-693a-eeb7-247520dfaf1e,tune
85b3bcdc-6a8f-7eb3-c172-b031d947f5f0,train
364fe038-9821-c98f-b281-d5b7dbb73b78,train
2bbddd94-b4e2-f8fd-b2af-82eb1fad72b2,test
6b035bf8-a56a-1d40-1d76-ec4c1fed47e3,train
40f01270-b029-ce0f-0f65-322342b3fa87,train
47334817-53b4-4dad-3315-1bbd3b19767c,train
77d70a3d-a25f-b3d6-8b6a-8c6dd46a568f,test
114fb993-a794-9580-99a7-fbb37a3ab9b2,test
927e44da-f26a-8776-4f73-b1089cfc8db7,test
28ccb7c8-f588-7adf-f038-e8df017bc7f4,tune
6ec8ed96-48d1-e9be-c2d4-69c868a13b11,test
71320ccf-2e2d-29e6-4b99-ab76a6dbff29,test
4aceb6ca-dbf4-3bc9-093e-7a935b8a03a4,train
f121fac9-44f5-c8b5-5295-7b90587377f4,test
23725d40-339b-3417-c1b6-d5dd907c1b50,train
8d4af19f-b982-9fa8-52a5-46b7eaa6e1cb,train
8dba80bc-3b49-9ec3-6035-fb32d7e361d7,train
2d0ebf06-c457-0369-b29d-a956c451e781,train
de851c6a-0dca-1552-483f-32a0fcef3356,test
73c81d0e-593c-e486-0135-9e53c8b2ae21,tune
a84c1716-c4b1-c7fa-aa1d-6151effa406e,test
bf962286-b51b-9042-d97e-ba116038daaf,calibration
3874876e-5db1-3617-e8e5-c0674482465d,train
1cb7049e-dce4-48f4-a49b-4cbcc0625e8c,train
57bd9e3a-905a-d0d7-f650-951544830f60,tune
e952ce28-290d-0de0-7016-c700be0201ab,train
3d7d5d29-31a5-f9ab-5802-14803dd90273,train
941e71c7-9357-e202-9ef9-5367affd7542,train
591950d7-3e7d-bbc6-6753-b0db1ca59a26,train
a2d86164-9c05-dd01-2140-0819e9c6e14a,train
9d41a54e-c51e-4ae4-f5e1-bcce0001ef11,tune
0fdee52a-f3fa-670f-1b25-d1a72724a31f,train
99b915d6-372c-45f4-50f9-2b33473d7d0e,train
8c491110-771e-1116-58b7-df21b5953f97,train
18d96e9f-d8e2-e51e-9fef-264d13e43425,calibration
e486a70c-6bb8-72fe-f7f6-3ee5041f8925,train
3bc13079-f6b9-9b0f-e64c-d0e53eecd198,train
5de37ac0-1ad7-03ed-f623-ae7d1e6848ac,train
2f833a66-13ae-7f84-a1b1-809689dd2cbf,calibration
a666504c-373c-4335-7f37-96cec66a6596,tune
699a9a11-637f-542d-f802-6b2847a48b8e,train
7d62ea69-239c-7187-6507-6a6a7da303bd,test
a56a8a62-3dab-ce02-83bc-6d4bf7325d72,tune
4801de2b-1dee-a666-cae5-91b03438b3f4,train
a4c2a0e9-de65-eb47-c27a-c5ebe8421090,train
020ac65f-8e8f-e45c-5585-8854478d390a,train
8d0799fe-674d-62df-ffbb-1050abb45d2e,test
28d8e491-2be5-4561-bc70-112450ed7ec1,train
18052dbc-fb54-1392-fe50-eaa31b73a010,calibration
94cc99b5-d879-e5de-eca1-c7bb0baa93b6,train
c171ca5a-0189-c6e0-16ea-6972cc90b8ee,train
f4d73bc8-7199-61e2-ed29-fe2be96a914b,test
ae2866a2-8f5a-a37f-98ec-0d601d240c03,train
cbadfbc4-85b8-bf1c-179b-fe036cdb35eb,train
275f3247-d08d-4707-2dfd-e1be7dc82638,train
6361b163-9066-f8ae-341f-85cb15be15b4,train
1bf3f394-9678-4c40-0a56-6d34f78f53d0,train
4402ab1b-4c21-d1c3-b837-afc333f6e44c,train
b946dd40-029f-6e5a-841d-d7815ae921c0,test
5eb6f59e-2f60-2113-be0d-3d894a3fe4b1,calibration
3a4eed54-aca2-2315-7cf4-894d36a37e7e,train
6275df68-bf67-b463-2aca-44e7df28d1b7,test
f5acb75f-252d-b697-f02a-18f750af049a,train
02bd5fdf-34fa-c57e-1fbc-f90273dcf21a,train
605e410d-cb6a-7f4c-8500-23275cbc14d0,calibration
5da06732-f425-2558-1be8-f219e2a2bd6d,train
3e0b6fb2-311f-01f5-bc35-07946ecb40c8,calibration
9c701fae-f2e5-83eb-1aec-b41a610509c6,test
f3114aba-0669-006a-5d79-75ed9286cb1f,train
cdd7c90f-0abf-6f53-82aa-1ce4b8859de4,calibration
9aea8e52-db4b-9d01-0160-02eb93997276,train
70dabbd0-ceae-b660-a069-4c2ecfd22867,tune
74246c25-e007-fd99-2b87-382c668a5bb2,train
d11d3fab-9433-d405-6c8a-6cbc6deafcf6,train
18af790c-3303-94ed-46d2-92816c7337e4,tune
0e1b6c44-5856-30a8-6a3f-a2cb6e29acb2,train
576b4816-720b-4c04-fc50-31a95ca7dc72,calibration
1052e630-b87f-cd9f-df23-86f9fc0d246b,train
add8e26b-3fee-dfd1-ad2a-1f1b53dfec56,calibration
5900c202-6b0a-fdcc-4fd6-92dd1e1b1d4c,calibration
9d4384b7-d4d4-4aae-46ac-877bd36b4d8d,train
0b71fa8d-cca6-25f0-24b6-c06e829e9ef8,train
976c3bc5-ce4e-f556-80fe-c172fb7ed114,train
b3be76c2-fea6-b872-d774-307ffcc34cf1,calibration
205d2543-2cb4-2b4b-cacf-f15d18c6aee6,test
812f5a1e-e4dd-3f4f-3000-152acb464d1f,train
9b42a935-6312-3a1a-58e3-cd2042dfdb90,train
6212a995-3c14-6d6d-be14-27c80bd9189d,test
4fccc217-59d2-c932-dd0c-eb5b38f2d567,train
e646b171-df35-4360-0230-30b6b6b13bb8,train
08dfb9a8-1720-561a-54ae-38d7f67d780c,train
2ff77f33-bb7d-990b-94e8-0a934fe1e873,train
d5253897-4a85-c565-1bcc-7b0ca221acbd,train
8a2e294f-a831-3a8c-64dc-f2aceaa6a413,train
e87116fb-8ef5-ffcb-54ed-37f5833760dd,test
74bdb95b-7dd3-7302-4e8f-bbf8a651df26,test
19eca4a4-b2e9-be49-5e4c-fe07cd40902e,train
aa0b40a2-133c-b3c7-f83b-d99a7a41b7b3,train
e30c5cd2-8abe-9565-0e18-88f7e3f48092,train
fe942c42-d7c5-ca5f-1a12-09cde6cc04ef,tune
2c5e9471-0bd6-e79a-64dc-1a7663b4730d,test
d9f6d06b-3093-b6b5-3e4e-d19bd64ae0e3,calibration
efd3f8b2-47be-d5f1-8685-18b83eef44d7,calibration
82e603f1-14c4-28d5-e42f-a24bab102201,tune
d150a5bd-0b11-4ff5-6aec-fb2ec43ecd6b,test
4a5aee35-8639-7d9c-6f62-d480865665c9,train
2d9dc0fa-2a6b-6b80-dd5f-93b9aff68793,train
f2850b8c-bcca-d576-8db4-d99a99015a47,test
818be3d7-33e9-42df-0a4c-1f59b0da7096,train
c4e85a90-943a-c100-7a2b-d6733bd112d4,calibration
889ac41b-a6fc-c47e-2416-8f628aa230a0,train
35e40d92-273a-bd22-afcb-822d99285cae,train
80fdc214-4b24-7c9f-6eb2-cdafa840533b,train
8ca3fda5-21ac-c812-2d1d-d240c03b7f79,train
aa01bbaa-c9a7-d2ca-0139-c3cd4d10fb6e,test
8f8c0e80-91a5-3ef2-6375-ef1801ff2709,train
6eb0adf2-2f08-a2f5-dbde-107e51b5095e,train
f35a36cc-67ab-7730-0c75-e44aa2d9c8e7,train
dfbefd56-9498-e5db-d816-ba61b8dd2d6a,train
fda92788-90aa-082b-0595-1d862b6c7610,test
7638cdca-2357-18f6-2aa3-f653af91f8af,tune
822f2540-8532-4813-535f-f0736181de7a,calibration
efa4363b-afb3-d67a-9f7d-9403714b12e2,calibration
306fcabc-f34c-5605-4184-386876f232c9,train
73014a29-5c6d-1ac3-b588-8bfc84df30e7,train
38f57651-fa56-48ff-dbcc-a7bc3c5262fd,train
b8e36236-1ed8-b36d-6079-2c7bce0602ac,tune
ef0d5362-c766-a560-793d-42b839956c3a,test
60b1ff55-5647-ae67-9f00-ed068e110e2a,train
3171af1a-8903-0658-b8d8-70a499afb423,train
7b155081-dd52-44c1-e561-3e7c5ea927bd,train
f059722d-f004-5339-6375-327e865e5705,train
4cab0e92-e83e-2e63-a698-1607bd2cdc12,train
89555ef6-7948-d95c-a814-5b413a75970c,tune
ee6f9c79-7574-c929-6a64-f07ab7d9f64b,tune
1cc00874-7572-43be-6609-bc8e0834aac6,test
8970de68-e5d7-6a72-0de1-dc2d058f7f22,train
3b399055-eff4-ffae-7e41-c3c2309671e7,test
a89abd96-a0a3-7f52-af95-e655a8b50570,calibration
0aab7a2b-409f-8727-697d-87f78382c51b,train
5d106f8d-37b4-65d7-0501-a99c0ffd8193,test
34384e00-084f-a3a2-c160-777413ee54be,train
65311817-809d-28c9-ae7a-6b740289982a,test
e13e7ab8-880c-1afb-ca92-1c534b00e403,tune
e7dcbbcf-f406-ab0c-c25c-3c679d74c406,test
79ae60d9-b967-eec1-6d90-a8177357c946,test
48cdff7c-152a-4cec-6028-397450ab7dc8,calibration
b162b9d4-951f-dca1-f188-edbf27b4b608,train
073b5544-7ecd-a5ab-2fa1-205848204d01,train
3511e27a-30f1-83a0-082c-c7a3445339ec,train
70fe5f22-45c3-21bd-8047-63971a5e0c22,train
c03c306c-2b9c-b21e-1712-b8ff1723d18d,calibration
cd13c5ab-f0d2-4917-90c8-ee8ca90f8c39,tune
bed6165a-8794-266e-902f-3440672ac48d,tune
7a3f8f42-196f-3619-2d4d-54de9dd07bf2,train
91875449-7600-658d-713e-1fe050dc3d4b,calibration
8101e1e9-b576-dce5-3997-db7cc36e7845,calibration
6518c9b6-23dd-78bc-2b22-a06ae893bd8c,train
c04f6aaa-2be4-8576-9484-83647f5e2d4c,train
941dcae3-9b50-9ae4-a664-2c4bb398747e,tune
55e68454-205f-be11-afe2-95daff258f2c,train
b4ccfa93-9c74-2046-82a8-3639531e99e5,train
1c0ed73c-e6ad-5c3f-adee-febdd77a3b6c,train
ca2a33ba-c88c-69f4-2793-42fa7187ef48,train
181685b5-eaaa-4af4-ef45-3fe4e385a305,tune
28503435-417a-16d6-95e3-a52f87c81c22,train
c5bf919e-917c-a754-4c04-d969c5b814e7,tune
167e15fe-99ed-5e23-f0dc-925b98fc79f7,test
3bdcc65d-40f7-fc22-0c19-1c68ecd9aec0,train
895263aa-055f-2b10-e8d1-03778c49eac1,train
655f2745-fb84-e52e-ab7b-b3de2b2f5437,train
00fec778-d121-b52e-4cf4-a0a487cc7364,calibration
b75189ac-7abd-e922-e67b-fdbed67479c7,train
9be2256a-3a98-55de-3e1d-1da0c4accbfc,train
10f15885-24bc-2199-bd82-60a03b9f140f,train
62fe0584-ebb0-4fe0-fe10-2016865f0b11,train
5c79dcb2-2467-1b10-3931-46edb1b11ce4,train
d2ca1888-6282-118d-41e6-0cd7f194e6dc,train
f56f7bd7-119f-8bc6-8338-947ce22a0545,test
7f13fc1b-3f1e-b56f-b496-3c0a78a21c29,test
d964ac41-b61f-445f-7a75-400b6f3cc411,calibration
cb394d3e-dbce-5c88-9230-0436b5f4d003,test
dccd2264-21b4-e07b-9352-5d9f8b41f69b,train
e1dc1a19-54a1-9a08-a8ec-991a23a9771f,train
243863ad-7a62-52e5-7bf9-521b532865d2,test
b2b0fecb-d0ea-cea3-8ae6-29dab410a9d9,train
12d75800-9f06-6bb6-7f69-60f2580d01e6,train
bab77ab1-d3f3-1f0e-9dd0-539f26a9559e,tune
2a1ba966-4b80-588d-7cc5-8ddd6ef6d775,train
efb77af2-d8de-7459-5ccc-ebf24e4ed22d,train
667fe987-3b0d-991a-5b31-7192b1e8454d,tune
73ab8b27-f3d2-04d7-6322-3dc435e75b12,train
cf54fb58-ff38-d6e4-e1a4-0215b897d2af,train
efab69d6-63a4-bde8-a05b-87957084c331,train
3a08a8a7-0f8d-29fe-eb47-fbe3cda37920,tune
729b80bd-1fcb-6a57-ff82-71f8458d9acd,calibration
68d307e2-f4b1-9b9b-459f-276317a8681a,train
2ead4857-ee96-cbeb-52d4-3388257a966d,train
06c6ff17-6a9f-5628-8e6d-ec1f9b09f85f,train
0b3ec68a-ac32-f5ec-7f36-21127c3e5067,tune
2071c303-c3a8-a2d1-940a-80a565c2ba5d,tune
e16f9d4e-db3e-5061-7227-eca342c064dc,train
011c7778-8a6f-10d3-c0a9-44f526bd2870,tune
219362d5-43a3-9c67-d311-a7ca1b9a942a,train
964a5d29-ea54-5073-8085-5253fd3da941,test
0a7efe8d-5fbb-45d3-b1e9-d62c54141170,tune
762694cb-28b4-31f0-7de7-4be9330cd406,train
e48e5289-92da-f921-1dc5-79cf25dd3e31,test
27311738-ebe0-d3ae-570b-eddde5e3cca0,train
b1bcc6f1-bcc4-94d4-b202-289fe9a746dc,train
01be6035-2c00-a906-b6d4-74dee0558d6d,test
f6127f88-9ec1-2cd3-1f57-4406ec8ef398,test
8cead938-5f04-6bc9-bee5-762f6f27248c,tune
7760312e-f4f4-394a-e436-c4e7eecb35e9,tune
a3862488-0803-9be9-ef23-0023f8cce02b,train
5c5afa02-b336-5d6a-225d-4cff65060a29,tune
bbcc8fbd-40cf-70c2-5a37-9b875f3c62c1,train
15971c99-e77a-e460-2d87-e8f38aa68b9f,train
cb390742-41d5-e0e7-824b-b5855726d492,train
4974593b-1cf4-64b2-6f8e-74f1dbdd152f,train
6657e24a-ea07-1292-4234-7b6317a949f2,train
e696f808-f062-2d8b-1373-3584f243e25a,train
d32568d2-b624-07f7-151e-3563c7224716,train
2aa0d3c2-f49f-f611-c268-90b8158a64a6,train
4c2900d2-f207-4b63-4820-1a652fd3108a,tune
8f07b826-c533-eed6-04bc-8fd5bbef316d,train
ddb7f199-2c5d-2466-10c4-41667259f123,train
fed54ad1-d496-1dbd-463b-4ec2f38c911b,train
d295eac6-4f5f-b7e1-8877-71ade661b2bc,tune
e239c74a-d2af-34db-c3fd-070e1f123cb8,train
3b4ce797-4c15-2d3e-cc20-25c01afd437d,train
0562bcfa-6907-1624-123c-34492c2f8a27,calibration
57f07be9-bf0d-20fd-0208-9e2b605bb894,test
a8e17265-33ff-4146-6c77-dce6e2f6ea19,train
4421e698-bcef-1a2f-4fc6-3079894a37db,train
b91dec34-8624-67ba-171a-3cba6e1ed9f0,train
aabcb26d-118d-382b-ea7c-95f5e8613f27,train
d8084afb-52b5-72b5-70ee-93bea2a33ffe,tune
0199ae87-1ae6-a466-00b7-c7f9c0117b61,train
cc7ad633-8237-0f8b-3486-5ea44d2a0517,train
52f44b6e-5748-223b-a061-131b67f7eee5,train
e3c7d3bb-723f-0dd2-3a4a-6a51a126b93b,train
87371308-5946-c5b1-e876-e13f56c58fc0,train
048ce0a5-f90a-30cf-6263-0635decd46f9,train
cac53f0a-494b-b60a-07b0-964f756e248c,train
74127c71-2475-9d3d-1e2a-cfc17b31d0db,train
c6ff50a4-c2eb-3947-a0b1-9b616af1d03b,train
53a16556-4af8-ee9e-a35a-d3edb600e35c,train
99c99068-f9b9-48ff-2ef2-08690124f7ee,calibration
f95868ed-c232-dd3d-85ae-a929d97bcfe1,train
111ccd3d-78f5-1a31-3477-836370bd80b0,train
2ea36980-23fc-1652-0fb9-602d11d4b389,calibration
e597822f-998d-60f5-25db-ccf9c76c0c11,calibration
a9fe412e-77c2-eae1-d36f-5bae23f053c0,tune
35b65036-3080-7781-cb83-f34327202aa3,test
8f74f08b-57e2-4a01-d5ca-beb58e5b6e46,train
70509e9f-93a4-5cf2-c779-529c81f6c029,train
6c67c550-5a03-8a7c-b746-5bfd44b9610f,train
67ba1ef2-c4fa-d41d-521e-6e5bea943c9b,train
336615fa-e92b-2ae4-2e89-9641241b21e7,tune
c5a298cc-b869-5ded-407f-09ea4e3af01e,train
7cad230f-53a3-0aab-d5c1-9e6d8e10591d,train
b2ebf9e6-0cee-3617-2fce-25560b43a86d,train
855f6dc3-3ad7-7e9f-5c3b-285641d7b4b7,train
7ea6192d-847f-9e6d-7555-19a438eacb41,test
ca80d31d-a1fd-2110-a496-a8b7fc2de12a,calibration
0b28427a-3854-6bcb-4868-7faaeb60d7d2,train
0ca20bc4-7f16-f292-5396-87d861407be9,calibration
d4de1b32-d7cc-a239-1cae-19710ba266ce,train
7e314ea4-ce96-ce26-11e3-5535ca71a064,train
fc870cd6-7483-b049-8edc-cb8add119777,train
64d4c970-f385-3ffe-566a-fcde4a12c578,train
2a34acc4-6fff-e54b-4be0-6e051a22852e,test
9e8671cc-65f7-798c-cedb-f8a3d45b7f3e,train
5d1b022b-61d1-2531-d3ee-c6c5e96604e7,test
9d37111a-dce1-9641-3f63-acbebb940fb9,test
e4346c17-f1fb-7c47-994b-02e24f58458c,train
98cf3d91-a488-2a17-bc22-f020ba1b467b,calibration
5e6be629-b120-326f-18c5-40cf83978d59,test
94096d94-74fc-60d8-6ef7-839f38e55378,train
42bd834a-aa66-2f8d-4fc1-cbac2b256010,train
d7e85af2-0ab8-677b-d061-73194a34d38b,calibration
8315addf-2efb-01d0-1223-d856ec572ceb,train
11f6c00d-5d4f-7e96-eadd-f87a200d338c,train
f68c643d-4ecb-8e96-3124-fb4d0b626fdd,tune
9c2c7a65-4413-f114-2992-15541e2333fb,test
6a5fd386-5f81-8e01-de09-c62e1d33457a,test
9ae411b4-5b46-069c-7c50-4eee516c59b3,train
43254a20-628d-df92-c863-5c3e73517583,train
a431ac82-c3d4-8952-3dc2-41de7d47ea55,train
1c3744c1-59a3-76c1-6a86-abd030e6e2ca,test
4108842c-2774-c506-ddd9-d0ee753903f5,tune
57703b6a-d048-0361-a3d4-9b4af5948fa1,train
08c9ae47-1a27-0916-6d0c-01fffc8fcc16,train
5a0f1071-2f98-01eb-6e87-007cfbe062b5,test
c3eae749-f62b-b724-9e87-33718749a7b0,train
b7148b2d-9572-157d-e896-0679748bb979,calibration
22ec06d1-3628-a84a-b67a-1248559af05d,train
4c4eb78f-5f6e-ca04-b97d-5e13a932d905,tune
308fe5ec-8a74-b933-5323-2100c2689aaa,calibration
958123bb-b71a-3fd3-28db-3edde4315d7b,train
d043c10f-ee4a-048b-eec0-eefe1871d88d,train
75971466-6bc6-33d8-948f-45a0bc813eda,tune
f1a8cd5d-83c2-7279-0879-3cc1e2897aef,train
f645ecca-617f-8576-3314-6f38f406941a,train
cf365cc1-9b79-2772-408d-d6097b676ab7,train
a3e901c1-54cb-2c9e-9a71-0b6ad53215b1,tune
adc8bf34-f0ab-7ede-a0d6-bc4af686db15,train
333b8579-f3e0-95fe-826e-a17c7565c0fc,test
3a6fc948-88d8-82c0-5ed0-be2b40c93226,calibration
1b5dbafe-6c1b-e299-a867-80e987759d75,test
1824591c-bdf1-5f4d-c385-3b8656bedb42,tune
5620a479-9fc9-b4a5-ee9f-f8dab3817993,calibration
1506e1e8-bd37-b810-3a73-1012fb1268b9,train
6b844696-3498-224c-5e84-4b4b31d27dae,calibration
7ebb9a78-f314-680d-1259-4635b4c6c98a,train
f3f74db3-1d0d-030a-514e-7dc0c99497ce,train
2acd43d7-af93-738d-9bb1-215df7ab66b4,train
d232033d-fcd4-9ee2-8eab-a58f3af89fe6,train
e347543e-0dcc-b4a7-6d15-0162c8c08612,test
1888dc28-3a2a-b613-c155-84c1c77f1aef,train
e70ae8de-cbf5-02e9-e8eb-5d41198554ed,tune
f694958d-17a4-07b0-869a-f8f607aea402,tune
012ed272-13e3-eefd-ac9a-b5a296dfaa7a,train
201f395f-2470-84d8-0368-ecfd91bf999f,train
310d634e-0a9d-6823-a6d9-27034e5808f0,test
2da7342c-58cc-74ac-ddcb-0d7e25497713,train
af465041-1791-12c5-0164-86b72e7cf7fa,train
d09bb82c-f51c-f29d-daf6-e9956ddd558a,train
4c2e8a8f-a6ec-844f-0645-c4edbd379964,train
8e552fa4-20df-bdaa-dfa3-3d434817549c,test
a7c2abed-632d-ce43-6667-c0ceb9d23573,test
b8c4ef73-db20-a9d2-2281-c5e772b23703,train
8c0b8eb9-f826-5de3-842a-929e28c69391,train
900dcba2-0275-d0b0-585a-19e1871b82be,test
b2494301-1276-d3ea-01ef-77429f131c5c,train
24ff64d4-3526-d045-adde-f231a7f0a022,train
cab4acf8-2aa1-0694-4cf6-300275ad0855,train
cba84c65-d535-b9f5-df35-5d4b68859f3a,train
e91fc2cc-4a48-bd4e-e4b4-66d2f97c2b25,tune
2f9be755-f542-7af5-3c2c-26e5fe01afa1,train
ef52fef4-be89-8ed6-e425-bd4b64ca48f3,train
f4a34824-efb6-fd61-0064-fae179218660,train
f669d44e-5d5b-e2d0-62c5-99b0d90e0fb5,test
84b59728-70e3-7bba-b49c-042d1a1eaa45,train
785f866a-a6fe-40e2-5c0d-7c84b3040724,train
4ce92305-d8f1-1ac8-41c5-0260418fbbd6,tune
c819b003-ebf4-e911-d39c-40242397ea5b,tune
5781e13d-8484-6a3c-5082-3b3feeb39a69,train
959d3c48-a438-48af-8c14-83bd222d2c9c,train
feed6339-3fbe-770b-85eb-adbe31b86334,train
a36abb4f-26e4-d22d-f488-b57c685fb145,train
913cf8cb-8455-aee5-bbc2-ec1e9fe2bc91,train
8ccfe634-89a1-52a0-c35a-538fee99ef07,tune
d0ef08c4-788c-1a08-b9c0-f4ec87e0cc66,train
27c5a76d-2494-ac15-9883-d186947f90c4,train
1d1392ab-9e74-9d4f-dece-54c567949cb1,train
e76cd6e1-86a2-fe00-e9bc-41bed9a91400,train
6d5ff7bb-e00a-d30a-7f40-ed1d86a84125,tune
961cd9de-63a7-8063-51f2-ecfcd511f572,train
cc0d8545-f9fe-6c53-5110-d70a52b445b2,train
e2b730f7-18db-4da9-8299-1aac763bec77,tune
440381ab-0638-9398-15c5-063519761a6f,train
12966165-925b-c385-b224-d1a741d0ea6b,train
84c6ee7d-7d6e-15e2-78a2-88f16a7f14e5,train
c3db37e4-3f2d-aec8-2417-eba6099fe04f,train
20478f73-55ff-2964-e94b-7deb504fc6de,calibration
8ef523f8-0457-3381-c0ac-3f23d831a16e,train
533ce702-dcb3-9cca-07e6-8e737a2cc8f7,train
cf2981da-1801-01b8-85f4-5cb62ea35b1d,train
c0e96e19-dbeb-5431-de3f-7a9395ec871b,calibration
ea8842b3-8ad0-1ec5-2690-36b4bbc5d97f,calibration
e5381b24-ffc3-98f9-fef4-e3f6b6408301,tune
307f4e9f-a9f3-b862-74bc-bf96ca54e841,tune
852daab8-f1dd-153a-345c-9f57098e6ffd,tune
69eac7dd-faf7-c175-a952-ac8c60a997cc,calibration
f057b702-a04f-c3ca-1213-436eb46a0495,train
0afd3ef3-13c5-a0aa-91eb-49a6fcc81ecc,test
34f80623-4be5-dd5b-228c-01ffe3e99774,train
9918c21f-bb26-700d-4b67-329807cfe9cc,train
671d932f-7e2c-67f0-210b-1f2423777ef1,train
e6dfec0d-4f31-ff2f-960a-b0088d4982b6,tune
e2db244d-d699-09c7-8fff-4ffe97bc363f,train
88212137-ebac-deda-027a-82aadf9c5b59,test
0c5dae52-c558-9a83-3be0-630b489bb0b0,train
1a744991-e55c-5ec8-109e-3cfb90e024b3,test
ac20c0e3-fc56-a8ad-052b-bb570515b8de,test
85d64dee-8f08-6ceb-e89d-b61ffa1b9025,calibration
fe27ecf0-d633-ee12-1424-9bb349336655,tune
c9a8c81d-738a-46a3-b465-3c30eae70ab3,tune
c32a3960-428c-e6f5-8839-1e96881730c6,train
01e22456-a584-55b0-e4fc-5a0958984e60,train
daea4789-24e4-7fdd-b055-036651e7f97b,train
55b20ef9-0ed6-9831-1344-1fd48c55589e,test
f4d141f8-be05-12b9-a13e-02ffce20fc37,train
2aca57c7-8fcf-2f9c-f593-2ac9248924c0,test
f4124f47-db56-8568-a27d-1dd616913285,train
f775ac3a-573b-977a-e997-90aa0b4f03d6,train
26fd4fd8-9709-be36-a7f7-3b73d9481640,train
21959d2b-859d-9b8d-8210-7bc9e758e01d,train
97b099a6-32cb-6f7d-2ccd-9c91fc0a9488,test
4ef4895e-efcc-a671-ad07-1b39b5a47941,train
4ddeeeba-3486-b91e-3f87-2af2de430a06,test
83d78e45-ef0a-a9f1-00e1-3f714d0c5c02,test
a6f1e9e6-2065-3b9c-5a65-6333cf2f4c5f,train
68bae699-b053-665e-3ad5-1cc1e661f3fa,train
3f436f0f-913c-902f-995c-633c60ad85e7,calibration
40237539-642b-d4de-6a73-bd3436101e5a,test
65f799b0-775c-1a12-3966-66aee6cf9148,train
baa71b37-96d3-7f9f-5cee-61f9fd9c33cf,train
2e9ae24a-f25f-d026-e69c-6231690bc4da,train
20546605-6816-10fd-deae-cc367fe735ab,train
f2c479f2-c406-7cc7-1fd0-a41598440858,train
b2c3ee3c-69c6-ae0a-35a4-9995cd2b0490,train
9079e47c-a00b-4cf3-a300-b41ecf516ee1,train
44a06633-65ed-516e-2b2b-b41b5c0928b4,train
f6145f81-5ae6-b395-59ae-afcd445ce80d,train
2152a4a3-6205-0b6c-ba6a-63f3a4b2ac85,train
77dada18-e441-e203-5e78-846e4eef0d3a,train
2c472d8c-c40b-0cf0-7322-169f5a357cd4,test
46e5d3a9-4b44-f842-a0a5-f95aad34ace1,train
d0631b6b-3030-4138-1995-7adf70ec1b77,train
61ba0ada-45bf-f2ff-4545-118067e0069b,test
34638d3e-43fd-8365-f902-e4eb72a35e6c,train
26ccb51b-a3da-c2de-516d-73ab93098bd0,test
0438a134-1c3d-b1b9-0221-164369a20284,train
0d010ec8-be1a-6685-90f5-27d4379ac5f1,train
d55ea72e-ded7-33a1-931e-c3b77aca19de,train
fe20561a-741c-be1e-428c-f3d37bce341b,train
47a5387c-f3ed-2004-4c42-5d8c20c5d88d,tune
a5bc63f7-5b03-d842-dbba-e59aceece90e,test
666e6678-65ef-43f0-87bb-dce69cc35a9a,train
f2481d86-0d99-8430-7287-a98376015140,train
e2bac1a1-d8fc-e994-44a7-9bb394170a49,test
0e376325-e108-ad48-3e73-7a92fd2abc63,train
34f6bca2-0c2b-cd6b-74cc-f209337f95ee,train
1ccce4d3-df79-afa6-cf6c-4fc64e364b76,train
ccab9e44-d832-220b-6896-f558df3c1492,train
a3310307-2d46-e6d0-8dff-5abd10df0ca2,test
f4a88270-dce2-1b99-7081-a7df122bb79a,train
061088ca-e2a8-75b4-9002-f410fe288539,train
5dea47aa-bccc-ecf8-f316-2d8f153ebfa3,train
fbb738b0-cbb2-ec32-133f-c722e2c2973d,train
111db6ec-e6d1-3f00-ed81-b0c16309f34d,train
ec2372b9-d834-5d58-18fe-031517cf2c85,train
1d25461e-cecb-afa7-14f1-ca10b0f1a49f,train
3cfd131d-7934-5a01-15e5-b62d90919436,calibration
c05d04a3-109e-2bed-2142-3f2132137a9d,train
b7f5e661-951c-57c2-feae-336a6340ded1,train
a62aa2d5-603d-7096-d725-a6b3ada797df,train
2b6b3eea-589d-61c5-7394-4e0b867a390a,train
95f07928-9e2a-ce67-2ba5-f4657b5f2151,train
cc43c185-b433-fcd6-bbe3-71461dd1c17a,calibration
feb25cff-c38b-3e08-3595-4a229bed773b,calibration
a4a7dc59-4122-e105-dcd1-1926a00c0e89,tune
b94e3cdc-b957-9a55-a181-4746404b2e3c,calibration
25968bb3-48e8-8706-90fe-47e6da39d122,train
35f92236-7ab7-0409-fc14-181675eed457,train
518a93ff-3d4d-b4f9-769f-fa6d56efd3dd,train
b7bd4c0a-a914-22dc-a3fd-0c0a48c8aaf3,train
0fab74e6-3d18-e0f0-78ce-44de5388a79a,train
9c1fa11d-bff6-ca3f-0ec2-a2c094b20fa4,train
dfd271e1-a2d1-dfad-8287-962966ae8585,train
2b4d56c6-5a94-21ce-37d3-325333cb336d,test
4d3b16b9-e315-4405-8736-1dc34d958999,tune
522a76c8-f450-92cd-aa2b-f16d39068315,train
ca260ec5-5c6e-e1ef-3d99-24cdb0868f77,test
b3a9b57f-4d5e-5045-cd03-365c1f1f50bc,test
8fab1441-4e08-78ab-75f5-b61990f0342c,train
71661639-115f-e840-0d84-dd907f0119a7,train
eb41db9e-839f-09de-f1f2-a733e45c3a83,train
85a6a0a5-509d-c109-881d-9f2b554771dc,calibration
47edb67d-5208-9efd-c613-5ce474ef2245,train
e45d233d-96c5-0467-16f5-052e42667b2b,train
bfb46fda-3665-47fb-3c4a-d9e4987abeae,test
2309c436-e2ad-ea38-594a-ede5caf52619,train
a43897f4-7d3c-be1e-0797-15b8a7c088a4,tune
5786bd80-41ed-8037-6d89-80c9c0a197fc,train
34f82939-cf5d-2827-4a68-3bbcb28d0446,train
a25c2e61-5cfb-a591-ca1d-f52b14c2f2f5,train
07b7b0e2-509b-86f3-15f8-83727df3981a,train
3e51a74b-5220-379a-541a-d4d2190b7e9c,train
b5265cd8-8551-9f56-c674-c4a80b268826,train
8e06b53d-5621-54d4-b0fb-8875627f1bc6,train
ae98d30c-e245-77f1-cee7-cc2fc205a32e,tune
aed08972-6432-4e16-2489-eaa05b9f666b,train
7582bb3d-0b47-60e9-bf74-6ca30270d68b,train
e3a0cb51-4bbe-3921-857c-88cec885bf66,train
9050b06e-e880-f1a8-2044-c92ff997af75,train
97ce1e66-ef0d-26f5-5dab-294811376d62,train
64ce80fb-f845-c04b-fa1c-0cc62e92b27a,train
3208f9aa-541c-06f6-4874-4c64687a3d74,train
87318c76-5f63-02d3-6d1b-1f5f55b8629a,train
b52acbb3-90bb-75f4-3845-1454235b4709,train
64f19a1f-af17-93c4-cbb1-8e321629d7cc,train
d4c54fdb-0c69-7881-9551-373504638849,train
3b8a5090-4a81-8864-cf39-22cee5a60e11,calibration
d1ae235e-d94c-3db0-ac05-73558ad41496,train
fbe6d02d-8ab7-1df5-edaa-b986c64058bd,train
a04f70a9-a026-030a-7af1-8c80af2ac462,train
ea1d95d0-19bb-d0b7-b4a2-aa8e5435bab8,train
c2ff135c-4b94-c7f3-55c1-78752ebd4c50,tune
3953f344-0456-2b6a-5546-444bac3ec4be,train
8b97af44-874c-803b-c0a4-ebdda7441553,calibration
fb5431ff-ebf1-5cc4-c818-c3cfd8aec37a,train
e330bf46-67af-d260-3144-61f0df6c2aba,train
6bc35266-d4a4-83c4-85ae-9293332a4a3b,train
3acac073-ca9d-feb3-c64b-af72d460b08a,test
9df34c92-ede6-f556-969d-2a233021d815,train
f5f89ad3-33ae-b482-05da-a1de280f69ab,train
159287c9-a86f-8d85-2673-31d82c12a53f,test
9d8fbd5e-29c9-029e-3bb5-9fc9767e9bad,train
c95ef779-9212-b4cc-b0c2-3131b13ac3c2,train
999b7194-da10-340a-59e6-896d705c3a49,test
81f81333-8d80-009e-473e-d94dc7bcade1,train
bfe369f6-5c8f-5cfc-3a51-bac2ad5535b0,train
bf082425-83be-8a9a-4f7f-abecba89f276,test
870e2f90-d6e5-2094-a68a-501097c9e1a2,test
7ccab598-4cf7-bd1f-2122-48a9a32c1017,test
b11af621-7b60-211e-6f57-b6d1e00ee106,train
fd7a8238-e95c-e441-a87c-f720e43a2d43,test
d296fd7f-6904-37c5-ee35-3171e08f83fc,test
91ec64ca-3d02-6fde-0921-b1bf4d1c667e,train
02c46c2b-e29b-b5bd-373b-d49f21f51c13,train
4bd5fceb-1345-1ebb-3eab-eb6ae1657f5f,train
668ed9f6-eb15-fa9d-9668-48cdb99a3a6d,train
558564c2-fabc-b02a-0a35-ab01cef0b189,tune
b5fea0f1-a482-558c-7193-d4b727f88d26,train
8311956b-f901-d5a1-ab44-0cc60196901e,train
29564f23-f680-e83b-0f26-0fc9159b4695,tune
5cd7c2bf-6800-03dc-2ed4-9888d65fc314,train
3ead037b-f143-6c41-323d-f8ffd122d17e,train
de7d8978-9dd0-4956-a64f-f089ac393e21,train
dd4e0eec-073b-0696-47a8-e83833b3078a,test
05986912-70b6-1e5b-f582-6bf4de1cb9e3,train
f3e941ea-127f-8098-1900-1d6c66d0759e,tune
2e9e7b96-a35e-64a0-e848-c78170a3e1e9,train
b881c206-db78-3e43-eccc-2b561744256c,train
83063570-2608-5236-4718-b54c8a56cc23,train
d5ca0577-6049-ba68-f122-a0081f15124f,train
b67c1ede-45f4-9252-3894-921d84d333cc,calibration
6e164ada-92bd-766d-6309-3328d9955b6f,tune
14412795-605d-5a23-53b2-ae16c0774733,test
66dfe020-3f93-ac20-a71e-30b3f531e5dc,train
b7820381-e90c-b913-9b35-12f176c44d7b,train
ad7f7d4d-e9a7-5ae6-9f3d-207bf4dd1207,train
662f2dc6-df8d-1763-dc03-f50d823491b2,tune
bc17ad86-7235-6115-c809-3196c64efb74,train
971d81b4-4c50-fab8-9035-6eba32c28802,train
b79c4838-f9eb-130e-1a66-384771e62529,train
1f07a9c0-d78a-f170-42eb-c3ee2c9e28e0,test
fe09dcdd-1904-56ad-ab1b-a4709d047c69,calibration
926ecc8d-18bf-2d1b-827a-4d294ae014e2,test
d4ab8cc4-3fd9-2963-2b11-e2ecf9567575,train
d0196d57-ed13-2448-2502-7e157904c2be,train
f2be3833-9d62-2eeb-b899-4033cfe8390b,train
623f2054-17a3-b41b-92e5-6ecade55d26b,train
831400b3-e247-0205-ec37-05316f11fff4,train
233448c2-a226-36e0-6687-c29d230d163b,train
73448b68-18c7-cf49-e7c7-994154836d91,train
39e40a11-3870-d6ea-2f06-8aaeebe6d230,train
8de9f44d-179a-4ff2-706e-9205e45197bc,test
95e76ea0-593d-4860-51b0-31177395bb9a,train
75c50f3c-a472-5c08-e333-a1ea47ff1e03,train
4bf4ec3f-61f2-bf4b-1230-5cd6e9c3fa7d,train
0d558ad6-08ca-3a3c-98d6-38af02e658ab,test
82ac0ff7-42d0-a88c-4af1-9ba2ae65e2d9,train
e183025c-26a4-a5a5-2321-6230e01027c0,train
09cc58f7-d6e4-e808-2375-ac39da56a0dd,tune
48eb6986-a581-7443-ec51-083fc4ebacd7,train
dadfd7a5-852b-dfe6-1357-4637f9f1c403,train
80a69767-55c4-1543-88af-02bc918945c1,calibration
9b80fbf0-bafa-37b7-1339-9d29732938c7,train
cbff93fa-a1d0-a710-becd-6e6eec2ba4f5,test
7eccfa47-036b-2284-34b6-ba73cec7cb24,test
9109c668-5f9f-3217-d517-9544e1d34e7a,tune
5f025b00-43a3-6a57-ab58-fba137a4fbe7,train
6c6b49fe-d91d-b199-ff74-dcf303c825cd,train
0192552e-58ea-847d-09bb-33dbce25d088,tune
a892a308-54e6-08a8-eb07-56a57b98b11d,test
9497c676-9e18-146b-fe7c-a394384549ea,train
b8826fd6-6645-7443-2029-543254275b5a,train
adb987d2-835b-cef1-c2fe-10c60a1fbdde,train
c15efdd6-27bb-dbad-94a9-7b342729aab3,calibration
60ed2746-ef3e-02f4-1ac2-ff04caae3565,test
bb33cd75-a861-40dd-b110-2a011ec0f681,train
561b03b4-7eb0-65ec-d714-0457a8ed284c,calibration
126f6078-b291-0035-3196-11f20f04514d,test
9c10af10-5e95-5a88-a0ca-352d0cb3a3cf,test
7988c157-9e6b-be5f-599f-172c8ed44f89,train
8981ff56-a607-2754-d389-adf2f5f24757,train
11bb1b16-26b8-db5c-6b3a-dff2ee31d83e,train
1288c0c5-767f-d20c-b357-17c1a2438180,calibration
cf430dca-15b9-5ac4-a735-69c0db5bef30,train
de6a9cc1-9ab8-3dc4-6c8b-fe8c78daf4e2,tune
6ea26096-a877-9bed-9acf-295ac3b63519,train
f4fcb4a0-a74e-14da-b43f-65721944ed29,tune
5fc83a4c-acb8-d4c0-850d-536992d108dd,train
b0747704-9a56-0e85-89f1-0bbcb6256cbc,calibration
244c6001-e04b-4480-9ad5-4368a10e5dc5,tune
f7571dec-e693-db1b-4e9c-095d7933e95b,calibration
f1a60fba-1642-3106-6ed0-fa002fb81df1,train
c43e72d3-fbca-c088-fad1-c33f6442ea7d,train
153891de-af6b-f9ec-1385-6585d6a9f158,train
7328bbac-ce71-284c-5eb8-2b4f14da86bb,train
ea5b7b8b-e26b-d884-84d2-09b05eccb5ef,train
57e32f78-4b41-60d4-de49-a6684106a303,train
3de8e9f0-351e-fb9b-5c0b-2d390a40d81b,calibration
d5399ef7-fcca-6491-e03b-6283a5cd91ad,calibration
929b3ae6-8098-5bbe-6c77-568288fc6b17,train
7dfaf687-5abf-a17c-527f-650c97aefe0c,tune
921aa8cd-4b61-a774-27bd-dd2b83e81071,train
a9871f69-bb0e-0e0e-bb73-4153d19d388b,calibration
126d24be-a5be-8571-92cf-25d6005179a0,train
3983492d-5f19-4ebd-7606-0e256adfc00e,train
9880897a-b30a-006e-1498-16cac8141291,test
0404638f-7349-8e72-26e7-afcb31789d95,train
671554c2-ae0b-00f5-29ba-89c69b13b8b5,train
cd40de1b-c48b-8618-7a54-3b9d8a75bacc,train
2c6d2f26-dec6-f3f3-8f4d-f11d26c5679f,train
9abbb1b3-9680-4f3e-0010-0c54bd524999,calibration
a73c9c43-aa88-6f35-dd2c-7b5a7651ee4d,tune
030ced45-f2e1-31b1-2b8c-4ebf5977bb86,train
62dff8fc-768d-e16c-66d1-d2ff31e80144,train
7547b573-9d3c-342c-968b-6e457fd4b8a6,tune
713952f0-c82b-1dd7-4580-3d4cab9c36ca,test
d4301b64-3324-4d23-cfd5-3ec9c52638c5,tune
875fee53-8790-3204-51c6-33386d851607,tune
60361bce-2fd0-b12d-014f-852825c5e62a,train
3de08177-40fb-abf9-c68a-4a52fb74c7a6,calibration
a53b546d-11e3-14a7-ab79-53e1c99d5506,train
a19aa554-6ec8-0e30-89a8-57d3715ec676,train
04f938d1-3c9d-3b40-c1c4-24760000312d,train
dd1f9758-7c9d-19d4-e35d-a3d7a2ae1f2a,train
04f529a9-f452-c841-d473-e926b589460d,tune
4a6b5bc8-39da-50b8-4137-340fdbe2d941,train
5dbf3a63-b6b1-e731-335f-d567f335b57d,train
fb4e6651-b39e-62fd-460f-89bf612a9819,train
9bcc768a-3aa5-54e7-b4da-b5302cc53f6e,train
827fe3c5-4b9d-5b89-b031-def3fa060948,tune
df79ce45-2ffa-a8f8-7745-2e31e4c2900f,tune
c6d37f19-3719-1257-fabc-1292c97e6a1e,train
328d82bc-6f96-1f87-5261-a1059dd3f833,train
fd0e02e3-fd0a-32bb-6538-770c64be6862,train
708b77c3-55b2-8e56-148b-918bf79f7767,test
de4f5661-e54b-472d-efbf-5a67cfb12cf8,test
bda084d9-ac52-9c6e-828b-ae289cfc7d11,train
52cb685a-a16d-a84d-6324-d9ebf0fe6191,train
a9a46e0a-fb31-90cf-376d-0af40710c337,train
95845b8e-8f98-57c5-d5ec-934f55180dd9,tune
6c59e3e2-7a69-453b-3c95-4be949da8230,tune
30978f77-efad-1353-a5cb-acae9e9bf752,train
65f5e1c6-8029-d6ab-9c43-a34cd616a029,train
14915ab2-04ad-73e7-86fe-b4c60b60f0e4,test
2f24e900-e939-4f93-b65d-b1d991acf8d6,calibration
79b22a72-d5f6-0241-cbba-ccdd8d0b7e7a,train
4e065331-6bb8-065a-6333-58461ebe21b1,test
433e219d-cbe5-d103-fd74-de861633a0d8,train
611b84ed-c0e0-9890-c0c7-80f19d05df72,test
d3cf7f51-73ba-323d-ef82-2dba003006b4,test
440abb21-d51d-f316-36ad-dcbe29d41815,test
77f7d179-7cca-9d92-0c5e-509e1d29d142,train
8406e0de-0f10-5dc3-cfe7-f8c3dd977325,test
91a49362-7124-2075-af42-cd6502aedac9,train
eec1f262-5f07-6965-3395-9a8a426fcd21,calibration
c0c056d7-6a65-468d-a298-12e179f22c0b,train
938cbe3b-a3f8-eefd-750b-b469249cf4b0,train
4b14691b-e029-0a71-1a05-2d2d1308665f,train
332f7152-1c60-638d-04b1-ef141424ebbb,train
26e1938a-13fc-120c-57c9-e94a988abb5e,train
4cd9fc1a-462a-246b-0ee7-898772466f96,calibration
fa3fa1a8-991d-6282-0906-c24973889f51,train
ddca7dab-d693-0806-72e4-153263212152,train
ce9bb1f6-012b-6e01-2545-b83075382719,train
efb1394e-4123-67d5-9765-fd7656af448e,train
ed334279-92dc-8336-8efc-fba2b5337d9b,train
3d842811-d75a-8170-ad4f-c4f0946252dd,test
8c4a7d9c-558b-d882-5eba-1a9149a8e810,test
efca31d8-2fa6-d478-80b2-b540c7c6ae4b,train
7dfa70cf-f561-6eac-8a46-24a9abc89863,test
e2ffa9fa-342b-f734-06f4-e883fe8c02d8,test
cc86d496-03d2-01f3-71e4-46267593b74a,tune
b6166405-dcc0-0196-7eaf-81c4b5a21090,train
684ff1e9-1a44-e823-2390-e25f08ce8141,calibration
75161ce0-c3ee-77db-65ca-741f4c4db170,calibration
7f252ef9-afdc-c48d-f911-99131d1f0163,train
1b5342c7-d9bf-79ac-0300-33b01ef156ea,train
5b11e32a-6af1-5755-d010-4f8c560e12ca,train
ded5b3a9-53aa-18f0-4d27-72cfabf5462d,test
709eb823-413c-da78-a940-923aee5089e3,calibration
91f0ecf2-6ac6-a08f-eee2-b95e59810b84,tune
076657b5-1406-3b69-6a99-3331a5361ca3,tune
ae41a99f-1e17-f42e-632b-ed4fcf98c623,train
bd1ba9bb-d2b8-fc2e-c370-28f86d371550,train
97bc5272-b20d-5f02-7aaa-474f1cf4987e,tune
e6bc58cb-c17e-74de-6de0-0ff6b75837b3,tune
17a5706f-3af6-c78d-7073-3760c4ea4974,train
1af23beb-7437-4f91-da5b-e426ff0393fe,train
d0684458-5d58-02fa-ecb6-44aefbaa83b3,train
ee2d663c-079d-15a0-f107-2a5d9f6a2418,calibration
bc8ebd97-acbd-7eeb-8ed6-0caf7c9416a1,train
2d7593de-10e8-3375-3dc5-44bd39683fc7,tune
96ae6268-37e8-7d1c-39d6-efa48e843ef6,train
fa977cc5-f7a4-6b38-3541-52926f7a038c,train
527da8cb-ccad-c53c-4a91-b1171829fa04,train
ec54870d-d4a8-e236-5311-625ae2b4ebed,train
89f1aafa-29d2-d257-a1c1-5fea72a81be4,calibration
36228739-f75f-14ee-5897-03ca119a14fb,tune
194eb944-0165-c634-d4ae-e4ef103e7258,calibration
f48962b4-3a39-206a-6935-0da0d0c3fb3f,test
89e8b579-2b44-d8df-3f4f-88da03a99ccb,train
b1af6f94-38f7-ac6d-9d1f-80babe20a5a9,test
47217407-32fb-2aee-dc20-b3bd57ad1956,train
a95750e4-33aa-5bd8-3cf7-b5641f8faef6,calibration
e7db7804-bce5-c484-9f09-c985a0b17d9b,train
6f492e6a-c30e-4d0e-3ad6-033e97eea6ea,train
b083e52f-973d-9ff3-dd00-40fc2ee3295d,test
3e7688df-e4d2-19cc-7927-28cb857da8c8,train
ae5e216f-f051-395d-2531-8ad797701790,train
236efe6e-1cf4-8cd3-1909-43959020a19b,train
7d3de06b-bfc3-c000-73e1-6ed20c3aed87,train
8f031bfe-bd6b-926f-70c5-4488e62ed105,train
4c0b9e03-6ab4-b817-85d1-652bee32fc71,tune
bd6db7fa-9f1d-7c02-8539-8e5b0db13914,tune
714abcfc-8b94-8766-0e5b-9ee701324925,calibration
84055bfb-ce47-dddd-02c9-09aa146e032b,test
b773fb7d-582c-c5c0-0f71-b858f02cba52,train
72577017-5371-a338-98bd-722986320522,train
a8643c9b-eba3-4e19-e94d-c13d333990e0,train
ffff41b6-4b70-4c4f-0a76-b9fc6d8566ee,test
f313f1fb-dff0-4ab1-8816-af54cd9ecba8,train
9e18aad9-aca7-ca88-80d3-4fc65b699cc3,train
2346f923-52d8-6eaa-b653-9762a3019d2a,calibration
07cb023e-6098-d311-7bed-5e2a34fd3eae,train
f3944926-eb61-3742-7bbd-303e8c17db07,train
a7997780-9173-2db1-e960-91b417a1ba9d,train
0b526b82-0ea5-b4b6-aaed-3461c37992a4,train
ecc1f70a-29c4-860a-9345-94bd96e157f3,calibration
ac952b1b-c57c-4458-2f31-b9d2ac50d6d0,train
c11b76d8-2a22-66c1-9a95-b5617d265f33,train
a092c1ef-75c7-d6d5-e401-f160484a9864,train
b69d77c2-cf60-8a99-fe1e-13b22469d80f,calibration
0ee9e849-503e-1430-a4c5-66b5b58b02bf,calibration
cf5aeb24-bd16-0f6d-6316-5def23748008,train
bc644115-2f2a-3c6b-ddcb-70b6b23a1896,train
464d46a3-ab0c-396e-5f02-1788e7c48a4e,train
15ea9616-6de2-5c57-d31f-231a83c3b26b,train
8cced59c-bbf9-c1c7-0908-2e95b8225149,train
54a29fb8-28c1-44e7-d237-bbf693809546,calibration
820c7d32-81ca-a4a8-abc1-5d25c59a4f7c,train
3599ad07-34e5-03d8-7d69-6db02dbc85b3,train
d4bcf21c-4156-abb3-ad1d-278249249b33,train
399e2bf3-8758-2e37-121e-769f9effea73,train
c3a5ec99-8b96-a731-92d0-c63e7d559393,tune
b61323bc-c144-545c-d008-fe80d365e52c,train
682ad283-e02b-13b8-bcd5-730210e9ad95,calibration
28275d4d-c2aa-5685-ec13-0247f09d98b9,train
dca1b008-7bba-4429-a157-d0cc5aa34602,tune
b4b31dc5-c336-a2b9-ccbb-7fbde9a23d0d,train
605ed32f-a94e-f86e-952d-9e8748ea0cf0,tune
238a93de-1796-81be-fdef-9ae658340dcc,tune
91c3f0ea-adf9-862c-3093-9da6e3fa4601,train
6a267f44-ec5c-6379-8b14-3014e31165c0,train
0fde2f24-0305-6301-a2ad-2b139474a758,tune
80e3049d-246c-111f-fc74-8d5704ff1d45,calibration
afb2471a-876d-7a47-3ac7-b066253ab6df,calibration
b54626f5-4423-9139-4db4-520adc825aba,test
21dd5d62-76ed-dd2a-5056-041634edc010,tune
171975fd-e60e-19a0-9363-94dc31f701fc,train
a69f1920-a105-0133-1e72-878273efbb36,train
71392258-1c51-367e-542d-df6ccd804c58,calibration
ee3111e2-8337-96c0-ca55-44b2255e63b9,train
6ffd1998-2798-42b9-93b3-72d88e93887f,test
0daea466-1ba0-b642-746b-86af480c3383,train
3cf12e81-c2d3-3f94-2d30-882305ea8da5,calibration
e78b40e0-62fa-ff7d-9d84-60a7bf69642b,calibration
b0af5431-de2c-7e23-32e9-5b65633dfa1b,test
2cf1ac40-a764-ce4c-f8f4-06cdb08197ec,train
03428f2c-4328-fc44-6bbe-41cb67ecaeff,test
851a5acd-cb62-bfaa-63d1-1d625a87e7a9,train
147f575f-9b17-9c87-32e1-584db9e06c64,tune
1967ca39-6612-597a-4dfb-d7600ef9ae1d,test
07788035-2313-9d7b-74f6-3ef0e38ad08c,tune
19e95064-3b2b-7cad-d53d-8ba9d3beb9d5,tune
48fdf359-9b75-8893-9e9a-3d8612aa83fc,calibration
c6b42f7e-b38c-79a9-bfe0-6343d430fd8e,train
0384add2-6f21-fb63-7025-72ad65b32bcf,tune
1310fc8a-4dd7-2a38-1b56-6c89512871fb,tune
3a81acbf-dec5-717b-dafc-a6922b54859a,calibration
3742fc01-48dc-a325-07fa-f1f63c1c07fa,tune
c9c625a9-f4e3-2315-b3e6-227171ac74ac,train
92234450-aaea-b472-85c5-d6b9eb698cb1,test
65c9aa77-0092-9d03-8b0b-3d48e29a50cb,tune
233fd711-b2c1-0d36-0830-65080b1b1d9b,train
551c9ae1-a3e5-8d4b-d494-40981fb25cfa,train
f8c95520-71dd-2284-d3a9-b3e0b1c3ec98,train
1f7dd63b-8fe2-624b-a603-fd273ce587a7,train
c36d6cac-dada-793b-ac77-380f7916442f,train
1e8b1bec-5069-6d5c-dcff-09d6de50e44e,train
986c3343-3e2f-fff8-7da0-eb476e5d9283,calibration
14dc7fa9-3996-8535-aca5-271c224aae92,calibration
